order_id,customer_id,order_date,total_amount,payment_method,shipping_region,status,total_amount
1,892,2024-09-30 22:48:39.689924,0.0,Debit Card,West,Shipped,1642.44
2,830,2025-01-02 22:48:39.689930,0.0,Credit Card,North,Shipped,1549.87
3,793,2025-07-16 22:48:39.689931,0.0,Debit Card,West,Processing,1224.5900000000001
4,697,2024-11-06 22:48:39.689932,0.0,PayPal,South,Processing,1248.97
5,525,2025-03-08 22:48:39.689933,0.0,Credit Card,South,Shipped,2571.27
6,105,2024-11-08 22:48:39.689934,0.0,Bank Transfer,West,Delivered,2523.59
7,477,2025-06-03 22:48:39.689935,0.0,Bank Transfer,North,Shipped,1847.23
8,217,2025-06-24 22:48:39.689936,0.0,PayPal,West,Delivered,2936.64
9,759,2025-04-01 22:48:39.689937,0.0,PayPal,East,Processing,1031.01
10,632,2024-10-24 22:48:39.689938,0.0,Credit Card,East,Delivered,1926.3000000000002
11,62,2025-02-10 22:48:39.689938,0.0,Credit Card,West,Delivered,195.24
12,140,2025-04-01 22:48:39.689939,0.0,Credit Card,East,Processing,1802.72
13,263,2024-12-20 22:48:39.689940,0.0,Credit Card,East,Cancelled,161.32
14,52,2025-01-27 22:48:39.689941,0.0,Credit Card,East,Delivered,209.79000000000002
15,622,2024-10-06 22:48:39.689942,0.0,PayPal,South,Processing,1016.01
16,322,2025-03-03 22:48:39.689942,0.0,Bank Transfer,South,Delivered,3086.1400000000003
17,972,2025-04-30 22:48:39.689943,0.0,Debit Card,West,Delivered,1387.94
18,656,2025-05-03 22:48:39.689944,0.0,Bank Transfer,South,Processing,2347.2000000000003
19,3,2024-07-31 22:48:39.689945,0.0,Credit Card,West,Delivered,1606.62
20,975,2024-08-13 22:48:39.689946,0.0,Credit Card,North,Processing,1119.58
21,327,2025-05-11 22:48:39.689946,0.0,Bank Transfer,South,Delivered,1550.36
22,843,2025-07-07 22:48:39.689947,0.0,PayPal,East,Processing,240.84
23,95,2024-08-06 22:48:39.689948,0.0,Debit Card,North,Processing,1629.81
24,161,2025-04-01 22:48:39.689948,0.0,PayPal,South,Delivered,2211.58
25,570,2025-06-22 22:48:39.689950,0.0,Debit Card,East,Delivered,2072.18
26,847,2024-08-15 22:48:39.689951,0.0,Credit Card,South,Processing,655.46
27,742,2025-05-26 22:48:39.689952,0.0,Credit Card,North,Shipped,907.5799999999999
28,909,2025-03-01 22:48:39.689952,0.0,Debit Card,South,Delivered,864.3199999999999
29,302,2025-03-14 22:48:39.689953,0.0,Credit Card,South,Shipped,2271.2400000000002
30,619,2024-11-19 22:48:39.689954,0.0,Credit Card,East,Delivered,4523.1900000000005
31,783,2025-07-18 22:48:39.689955,0.0,PayPal,East,Delivered,71.97
32,470,2025-06-28 22:48:39.689955,0.0,Credit Card,South,Processing,1133.56
33,493,2025-02-10 22:48:39.689956,0.0,PayPal,South,Processing,310.51
34,190,2025-06-22 22:48:39.689957,0.0,Credit Card,South,Delivered,1309.87
35,837,2024-09-10 22:48:39.689958,0.0,Bank Transfer,East,Shipped,3131.4
36,652,2024-09-18 22:48:39.689958,0.0,Debit Card,West,Processing,1048.75
37,69,2024-11-05 22:48:39.689959,0.0,Credit Card,West,Delivered,3870.46
38,304,2024-09-20 22:48:39.689960,0.0,Debit Card,West,Delivered,377.98
39,404,2025-01-19 22:48:39.689961,0.0,Bank Transfer,East,Delivered,1268.3
40,879,2024-11-12 22:48:39.689962,0.0,PayPal,North,Processing,2486.93
41,521,2025-07-14 22:48:39.689962,0.0,Debit Card,North,Shipped,1671.17
42,616,2025-05-30 22:48:39.689963,0.0,PayPal,West,Shipped,1240.17
43,875,2024-12-08 22:48:39.689964,0.0,Bank Transfer,East,Delivered,44.19
44,414,2025-02-11 22:48:39.689965,0.0,Debit Card,North,Processing,3636.75
45,379,2024-09-15 22:48:39.689965,0.0,Bank Transfer,North,Processing,1863.92
46,354,2024-10-07 22:48:39.689966,0.0,Debit Card,South,Delivered,2434.24
47,743,2025-01-26 22:48:39.689967,0.0,Bank Transfer,East,Processing,404.58
48,407,2025-07-05 22:48:39.689968,0.0,Debit Card,North,Delivered,2291.24
49,990,2025-01-14 22:48:39.689968,0.0,Debit Card,West,Shipped,3593.6400000000003
50,625,2025-05-19 22:48:39.689969,0.0,Debit Card,East,Delivered,2099.6800000000003
51,89,2025-01-28 22:48:39.689970,0.0,Debit Card,West,Delivered,702.96
52,27,2025-02-16 22:48:39.689970,0.0,Debit Card,North,Processing,2023.83
53,984,2024-12-20 22:48:39.689971,0.0,Bank Transfer,South,Shipped,590.34
54,382,2024-12-08 22:48:39.689972,0.0,Credit Card,South,Delivered,1585.52
55,506,2025-03-30 22:48:39.689973,0.0,PayPal,East,Delivered,2063.79
56,987,2024-10-28 22:48:39.689973,0.0,Bank Transfer,South,Shipped,2081.8599999999997
57,380,2024-11-16 22:48:39.689974,0.0,PayPal,West,Shipped,522.87
58,785,2025-03-15 22:48:39.689975,0.0,Credit Card,South,Delivered,1230.2
59,465,2025-06-05 22:48:39.689976,0.0,Credit Card,North,Shipped,2058.51
60,495,2024-10-02 22:48:39.689976,0.0,PayPal,West,Processing,3069.51
61,854,2025-02-25 22:48:39.689977,0.0,Credit Card,South,Delivered,782.64
62,995,2024-11-10 22:48:39.689978,0.0,Bank Transfer,North,Delivered,1709.0
63,79,2025-04-07 22:48:39.689979,0.0,Bank Transfer,West,Delivered,336.86
64,510,2025-04-08 22:48:39.689980,0.0,Credit Card,North,Delivered,1804.96
65,83,2024-10-09 22:48:39.689980,0.0,PayPal,West,Cancelled,613.96
66,336,2025-01-17 22:48:39.689981,0.0,Debit Card,West,Delivered,912.5600000000001
67,699,2025-03-03 22:48:39.689982,0.0,Credit Card,West,Shipped,1935.84
68,754,2024-11-01 22:48:39.689982,0.0,Bank Transfer,East,Delivered,1137.45
69,226,2025-02-17 22:48:39.689983,0.0,PayPal,West,Processing,735.37
70,791,2024-12-13 22:48:39.689984,0.0,Bank Transfer,West,Delivered,4276.09
71,974,2024-12-31 22:48:39.689985,0.0,Debit Card,South,Delivered,1176.28
72,334,2024-10-26 22:48:39.689986,0.0,Credit Card,South,Delivered,605.99
73,522,2024-09-24 22:48:39.689986,0.0,Debit Card,North,Delivered,566.97
74,663,2024-09-29 22:48:39.689987,0.0,PayPal,East,Delivered,2529.62
75,190,2025-06-16 22:48:39.689988,0.0,Bank Transfer,South,Delivered,2464.35
76,565,2025-01-04 22:48:39.689989,0.0,Bank Transfer,East,Delivered,2649.72
77,595,2024-08-20 22:48:39.689989,0.0,PayPal,West,Processing,4282.66
78,117,2025-06-05 22:48:39.689990,0.0,Bank Transfer,South,Delivered,1832.8600000000001
79,281,2025-04-21 22:48:39.689991,0.0,Credit Card,West,Shipped,206.54
80,44,2025-02-01 22:48:39.689992,0.0,Credit Card,North,Delivered,370.38
81,746,2024-09-17 22:48:39.689992,0.0,Debit Card,West,Cancelled,809.16
82,744,2024-10-30 22:48:39.689993,0.0,PayPal,East,Shipped,2360.39
83,775,2024-12-17 22:48:39.689994,0.0,PayPal,South,Cancelled,2158.67
84,374,2024-09-15 22:48:39.689995,0.0,Bank Transfer,North,Processing,1377.64
85,745,2024-12-18 22:48:39.689996,0.0,Credit Card,West,Processing,1973.6
86,205,2025-02-06 22:48:39.689996,0.0,Bank Transfer,East,Shipped,1964.7800000000002
87,386,2024-12-29 22:48:39.689997,0.0,Bank Transfer,South,Delivered,1250.24
88,882,2024-08-05 22:48:39.689998,0.0,Bank Transfer,West,Shipped,242.26
89,752,2025-03-29 22:48:39.689999,0.0,Debit Card,South,Shipped,1492.53
90,629,2025-03-24 22:48:39.689999,0.0,Debit Card,East,Delivered,1211.52
91,635,2025-05-01 22:48:39.690000,0.0,Credit Card,East,Shipped,1496.7800000000002
92,51,2024-08-03 22:48:39.690001,0.0,Credit Card,East,Delivered,1148.18
93,578,2024-11-11 22:48:39.690001,0.0,PayPal,East,Shipped,2101.7200000000003
94,484,2025-06-18 22:48:39.690002,0.0,Bank Transfer,South,Delivered,1351.8200000000002
95,948,2024-09-09 22:48:39.690003,0.0,PayPal,East,Shipped,2215.47
96,84,2025-02-26 22:48:39.690004,0.0,Credit Card,West,Delivered,3013.1800000000003
97,495,2025-07-19 22:48:39.690005,0.0,Bank Transfer,South,Delivered,2471.44
98,727,2024-09-17 22:48:39.690005,0.0,Debit Card,West,Processing,222.7
99,538,2025-06-21 22:48:39.690006,0.0,PayPal,East,Delivered,393.65999999999997
100,793,2024-09-21 22:48:39.690007,0.0,Debit Card,North,Shipped,1764.1399999999999
101,487,2024-10-17 22:48:39.690007,0.0,Bank Transfer,South,Delivered,413.62
102,555,2025-06-29 22:48:39.690008,0.0,Debit Card,South,Cancelled,2841.9500000000003
103,352,2025-02-28 22:48:39.690009,0.0,Bank Transfer,East,Delivered,450.64
104,466,2024-08-27 22:48:39.690010,0.0,Bank Transfer,North,Delivered,508.46
105,49,2025-06-16 22:48:39.690010,0.0,Credit Card,South,Delivered,923.73
106,335,2025-01-15 22:48:39.690011,0.0,PayPal,South,Shipped,490.04999999999995
107,868,2025-07-17 22:48:39.690012,0.0,Credit Card,South,Delivered,3779.5699999999997
108,368,2024-11-22 22:48:39.690013,0.0,Bank Transfer,South,Processing,3069.05
109,35,2024-12-03 22:48:39.690013,0.0,Credit Card,West,Delivered,539.26
110,595,2024-11-30 22:48:39.690014,0.0,Credit Card,South,Delivered,1665.96
111,547,2025-04-14 22:48:39.690015,0.0,Credit Card,North,Delivered,2897.66
112,991,2024-12-11 22:48:39.690016,0.0,Debit Card,East,Shipped,796.27
113,723,2025-03-07 22:48:39.690017,0.0,Debit Card,North,Delivered,914.04
114,550,2024-12-20 22:48:39.690017,0.0,PayPal,South,Delivered,494.8
115,135,2024-11-10 22:48:39.690018,0.0,PayPal,West,Cancelled,2931.01
116,195,2025-06-13 22:48:39.690019,0.0,Debit Card,West,Delivered,773.5500000000001
117,86,2025-02-11 22:48:39.690019,0.0,Credit Card,South,Delivered,1561.55
118,925,2025-01-29 22:48:39.690020,0.0,PayPal,South,Delivered,1201.4
119,572,2025-04-27 22:48:39.690021,0.0,Debit Card,West,Delivered,571.22
120,408,2024-07-31 22:48:39.690022,0.0,PayPal,North,Delivered,1725.77
121,446,2025-03-02 22:48:39.690022,0.0,Credit Card,West,Processing,1772.58
122,99,2024-08-14 22:48:39.690023,0.0,Bank Transfer,East,Processing,717.24
123,428,2024-10-04 22:48:39.690024,0.0,Debit Card,East,Delivered,1640.57
124,929,2024-08-31 22:48:39.690025,0.0,Credit Card,South,Delivered,2342.3
125,913,2024-08-30 22:48:39.690025,0.0,Debit Card,North,Processing,428.66999999999996
126,736,2024-09-17 22:48:39.690026,0.0,PayPal,South,Delivered,254.31
127,539,2024-12-30 22:48:39.690027,0.0,Bank Transfer,West,Cancelled,1953.2399999999998
128,66,2024-09-18 22:48:39.690028,0.0,Bank Transfer,South,Delivered,1587.85
129,462,2024-11-03 22:48:39.690028,0.0,Bank Transfer,North,Shipped,545.97
130,152,2024-08-11 22:48:39.690029,0.0,PayPal,East,Delivered,2017.6000000000001
131,49,2025-04-15 22:48:39.690030,0.0,Bank Transfer,North,Delivered,2062.29
132,303,2024-07-31 22:48:39.690031,0.0,Bank Transfer,East,Processing,1843.5
133,716,2024-10-09 22:48:39.690032,0.0,Credit Card,North,Delivered,657.2399999999999
134,849,2025-02-28 22:48:39.690032,0.0,Debit Card,East,Shipped,1150.68
135,218,2024-11-22 22:48:39.690033,0.0,Credit Card,South,Delivered,877.0
136,564,2024-11-16 22:48:39.690034,0.0,PayPal,East,Delivered,522.87
137,550,2024-09-06 22:48:39.690035,0.0,Bank Transfer,East,Shipped,922.52
138,908,2024-10-31 22:48:39.690035,0.0,Bank Transfer,West,Delivered,2354.48
139,129,2024-10-10 22:48:39.690036,0.0,Bank Transfer,West,Shipped,1285.87
140,827,2024-12-22 22:48:39.690037,0.0,PayPal,West,Delivered,1471.6
141,196,2025-06-08 22:48:39.690037,0.0,Debit Card,East,Shipped,1382.49
142,815,2024-10-12 22:48:39.690038,0.0,Credit Card,West,Delivered,791.6999999999999
143,591,2024-08-19 22:48:39.690039,0.0,PayPal,South,Shipped,348.18
144,404,2024-10-31 22:48:39.690040,0.0,Credit Card,North,Processing,2497.0
145,282,2025-03-19 22:48:39.690040,0.0,Debit Card,East,Cancelled,1564.06
146,1000,2025-04-20 22:48:39.690041,0.0,Bank Transfer,South,Shipped,1998.27
147,829,2025-02-06 22:48:39.690042,0.0,Credit Card,West,Delivered,1965.79
148,345,2025-03-18 22:48:39.690043,0.0,Credit Card,South,Shipped,2086.95
149,448,2025-05-10 22:48:39.690043,0.0,Bank Transfer,East,Shipped,163.35
150,78,2024-08-25 22:48:39.690044,0.0,PayPal,North,Processing,2019.07
151,970,2025-04-15 22:48:39.690045,0.0,Bank Transfer,West,Shipped,10.68
152,924,2024-08-31 22:48:39.690046,0.0,PayPal,East,Processing,1204.23
153,252,2024-09-24 22:48:39.690047,0.0,Debit Card,North,Delivered,1394.58
154,712,2025-01-05 22:48:39.690047,0.0,Debit Card,West,Processing,67.89
155,932,2025-07-07 22:48:39.690048,0.0,PayPal,West,Processing,2853.9700000000003
156,984,2024-09-07 22:48:39.690049,0.0,Debit Card,North,Delivered,3571.52
157,24,2024-08-17 22:48:39.690050,0.0,Credit Card,East,Delivered,841.07
158,412,2025-01-24 22:48:39.690050,0.0,Bank Transfer,South,Shipped,1096.7
159,842,2025-05-22 22:48:39.690051,0.0,Bank Transfer,West,Shipped,217.86
160,158,2024-09-07 22:48:39.690052,0.0,Credit Card,South,Shipped,1063.49
161,281,2024-07-29 22:48:39.690053,0.0,PayPal,West,Processing,2693.0
162,280,2025-02-19 22:48:39.690053,0.0,Credit Card,West,Delivered,66.56
163,779,2025-03-24 22:48:39.690054,0.0,Debit Card,East,Shipped,2805.55
164,307,2025-01-06 22:48:39.690055,0.0,Bank Transfer,North,Processing,29.46
165,929,2024-12-01 22:48:39.690056,0.0,Credit Card,South,Delivered,2601.3
166,18,2024-08-25 22:48:39.690056,0.0,Debit Card,North,Processing,2974.0099999999998
167,686,2024-11-03 22:48:39.690057,0.0,Bank Transfer,North,Shipped,903.16
168,275,2025-02-26 22:48:39.690058,0.0,Debit Card,East,Delivered,563.96
169,548,2024-12-04 22:48:39.690059,0.0,Bank Transfer,South,Shipped,236.88
170,390,2025-01-01 22:48:39.690059,0.0,Debit Card,North,Delivered,382.9
171,652,2025-06-14 22:48:39.690060,0.0,Credit Card,East,Delivered,1821.81
172,931,2025-03-25 22:48:39.690061,0.0,PayPal,East,Delivered,1600.67
173,121,2025-02-08 22:48:39.690061,0.0,Debit Card,North,Delivered,315.06
174,729,2025-01-26 22:48:39.690062,0.0,PayPal,East,Delivered,1716.73
175,525,2024-12-17 22:48:39.690063,0.0,PayPal,South,Delivered,1373.81
176,926,2025-07-19 22:48:39.690064,0.0,Credit Card,South,Shipped,1255.1399999999999
177,418,2024-12-26 22:48:39.690064,0.0,Bank Transfer,West,Delivered,1833.3
178,777,2025-07-04 22:48:39.690065,0.0,Credit Card,East,Processing,325.79
179,787,2024-12-25 22:48:39.690066,0.0,Credit Card,East,Processing,3268.0899999999997
180,405,2025-01-15 22:48:39.690067,0.0,Debit Card,East,Delivered,3815.69
181,719,2024-10-10 22:48:39.690067,0.0,Bank Transfer,West,Delivered,1823.5700000000002
182,216,2025-02-20 22:48:39.690068,0.0,Debit Card,North,Shipped,1379.05
183,797,2024-11-17 22:48:39.690069,0.0,Debit Card,East,Delivered,1818.08
184,346,2024-10-11 22:48:39.690070,0.0,PayPal,South,Delivered,987.8199999999999
185,506,2024-11-16 22:48:39.690070,0.0,Debit Card,North,Delivered,2311.1800000000003
186,175,2025-05-23 22:48:39.690071,0.0,Debit Card,East,Delivered,1633.1
187,548,2024-09-29 22:48:39.690072,0.0,Bank Transfer,North,Shipped,1884.91
188,63,2024-10-06 22:48:39.690073,0.0,Debit Card,East,Shipped,2408.6800000000003
189,393,2025-02-08 22:48:39.690073,0.0,Bank Transfer,North,Delivered,1703.1
190,291,2025-05-04 22:48:39.690074,0.0,Credit Card,South,Delivered,667.61
191,324,2025-07-03 22:48:39.690075,0.0,Bank Transfer,West,Delivered,2294.86
192,825,2025-06-19 22:48:39.690076,0.0,Bank Transfer,West,Shipped,2574.0299999999997
193,142,2025-07-13 22:48:39.690076,0.0,Bank Transfer,West,Delivered,1182.82
194,713,2025-04-06 22:48:39.690077,0.0,Debit Card,North,Processing,1213.2
195,310,2025-03-30 22:48:39.690078,0.0,PayPal,South,Delivered,497.43
196,905,2024-09-17 22:48:39.690079,0.0,PayPal,East,Shipped,168.63
197,645,2025-06-27 22:48:39.690079,0.0,PayPal,South,Shipped,1880.95
198,536,2025-06-07 22:48:39.690080,0.0,Debit Card,East,Delivered,3459.09
199,541,2025-02-19 22:48:39.690081,0.0,Debit Card,South,Processing,198.29
200,529,2024-07-27 22:48:39.690082,0.0,Bank Transfer,East,Shipped,1307.68
201,378,2024-12-30 22:48:39.690083,0.0,Debit Card,West,Delivered,3400.54
202,185,2024-09-16 22:48:39.690083,0.0,PayPal,West,Shipped,323.5
203,375,2024-08-27 22:48:39.690084,0.0,Debit Card,East,Processing,1368.5099999999998
204,477,2025-04-27 22:48:39.690085,0.0,Bank Transfer,West,Delivered,1927.33
205,574,2025-02-12 22:48:39.690086,0.0,Debit Card,North,Delivered,2335.15
206,511,2025-03-30 22:48:39.690086,0.0,Debit Card,East,Cancelled,1928.52
207,846,2024-08-25 22:48:39.690087,0.0,PayPal,North,Delivered,2199.0699999999997
208,751,2025-01-04 22:48:39.690088,0.0,PayPal,West,Shipped,19.58
209,127,2025-06-22 22:48:39.690088,0.0,Bank Transfer,South,Shipped,1784.8500000000001
210,140,2024-11-12 22:48:39.690089,0.0,Bank Transfer,West,Processing,916.55
211,472,2024-08-09 22:48:39.690090,0.0,PayPal,North,Processing,2773.78
212,130,2025-06-19 22:48:39.690091,0.0,Bank Transfer,West,Delivered,487.28
213,387,2025-05-26 22:48:39.690092,0.0,Credit Card,North,Shipped,1286.04
214,426,2024-12-20 22:48:39.690092,0.0,PayPal,East,Shipped,1714.3400000000001
215,552,2025-03-03 22:48:39.690093,0.0,PayPal,East,Cancelled,738.3299999999999
216,532,2024-08-16 22:48:39.690094,0.0,PayPal,South,Delivered,2445.61
217,351,2024-10-19 22:48:39.690094,0.0,Debit Card,South,Delivered,807.38
218,316,2024-11-25 22:48:39.690095,0.0,Bank Transfer,South,Shipped,2744.6800000000003
219,805,2025-04-26 22:48:39.690096,0.0,Bank Transfer,West,Delivered,2480.06
220,672,2024-12-23 22:48:39.690097,0.0,Debit Card,West,Delivered,2543.47
221,648,2025-05-24 22:48:39.690097,0.0,Bank Transfer,West,Processing,1179.12
222,746,2025-04-05 22:48:39.690098,0.0,Credit Card,East,Delivered,547.3499999999999
223,671,2024-08-16 22:48:39.690099,0.0,Debit Card,North,Delivered,365.58
224,297,2025-01-12 22:48:39.690100,0.0,Debit Card,East,Delivered,1435.71
225,224,2024-07-23 22:48:39.690100,0.0,Bank Transfer,West,Delivered,548.71
226,333,2024-08-08 22:48:39.690101,0.0,Credit Card,West,Processing,2390.04
227,210,2024-12-11 22:48:39.690102,0.0,Credit Card,South,Cancelled,366.5
228,986,2025-04-30 22:48:39.690103,0.0,PayPal,West,Shipped,960.98
229,22,2025-07-05 22:48:39.690103,0.0,Bank Transfer,South,Shipped,1281.88
230,402,2025-05-16 22:48:39.690104,0.0,PayPal,West,Delivered,1406.15
231,955,2024-07-31 22:48:39.690105,0.0,PayPal,North,Shipped,1277.84
232,422,2025-06-01 22:48:39.690106,0.0,Credit Card,South,Delivered,1373.8799999999999
233,484,2025-02-16 22:48:39.690106,0.0,Bank Transfer,South,Shipped,3393.14
234,414,2025-02-12 22:48:39.690107,0.0,Debit Card,West,Processing,374.75
235,822,2024-12-08 22:48:39.690108,0.0,Debit Card,North,Shipped,1955.1399999999999
236,450,2024-09-30 22:48:39.690109,0.0,Credit Card,North,Delivered,174.29
237,898,2025-04-08 22:48:39.690109,0.0,Credit Card,North,Delivered,1375.9
238,624,2024-08-28 22:48:39.690110,0.0,Credit Card,South,Delivered,4316.11
239,933,2024-11-06 22:48:39.690111,0.0,Debit Card,South,Shipped,879.42
240,299,2024-10-10 22:48:39.690112,0.0,PayPal,North,Delivered,1272.6200000000001
241,38,2025-03-09 22:48:39.690112,0.0,PayPal,South,Delivered,2803.21
242,616,2025-01-28 22:48:39.690113,0.0,Debit Card,South,Shipped,2214.65
243,335,2024-11-29 22:48:39.690114,0.0,PayPal,South,Delivered,932.37
244,940,2025-05-28 22:48:39.690115,0.0,PayPal,East,Shipped,769.35
245,160,2024-07-23 22:48:39.690115,0.0,Bank Transfer,East,Processing,2359.41
246,696,2024-12-21 22:48:39.690116,0.0,PayPal,East,Delivered,1555.6
247,800,2024-08-01 22:48:39.690117,0.0,Bank Transfer,North,Cancelled,1315.23
248,459,2025-07-02 22:48:39.690117,0.0,Credit Card,West,Shipped,314.06
249,724,2024-07-30 22:48:39.690118,0.0,Debit Card,South,Delivered,322.24
250,538,2025-02-19 22:48:39.690119,0.0,PayPal,South,Processing,2291.3599999999997
251,751,2025-04-29 22:48:39.690120,0.0,PayPal,North,Delivered,1825.32
252,627,2024-09-19 22:48:39.690120,0.0,Debit Card,North,Delivered,655.77
253,57,2025-03-11 22:48:39.690121,0.0,Bank Transfer,South,Shipped,803.54
254,426,2025-05-26 22:48:39.690122,0.0,Credit Card,South,Shipped,714.78
255,195,2025-03-21 22:48:39.690123,0.0,Credit Card,South,Delivered,703.78
256,874,2024-12-29 22:48:39.690123,0.0,Debit Card,East,Delivered,1721.63
257,970,2024-09-17 22:48:39.690124,0.0,Credit Card,East,Shipped,1474.14
258,381,2025-02-12 22:48:39.690125,0.0,Debit Card,South,Delivered,226.12
259,911,2025-04-05 22:48:39.690126,0.0,Credit Card,North,Delivered,1112.8400000000001
260,995,2025-03-22 22:48:39.690127,0.0,PayPal,South,Shipped,3755.5099999999998
261,885,2024-12-11 22:48:39.690127,0.0,PayPal,North,Processing,3162.8
262,954,2024-08-25 22:48:39.690128,0.0,Credit Card,North,Delivered,1390.1399999999999
263,750,2025-01-24 22:48:39.690129,0.0,Bank Transfer,West,Delivered,895.25
264,96,2025-03-26 22:48:39.690129,0.0,PayPal,West,Shipped,1786.38
265,597,2024-11-14 22:48:39.690130,0.0,PayPal,South,Shipped,1828.54
266,626,2024-12-20 22:48:39.690131,0.0,Debit Card,North,Shipped,3592.13
267,700,2025-05-05 22:48:39.690132,0.0,Bank Transfer,East,Processing,3219.87
268,293,2024-10-25 22:48:39.690132,0.0,Credit Card,South,Delivered,3034.3
269,803,2024-10-13 22:48:39.690133,0.0,Credit Card,North,Shipped,2802.81
270,82,2025-04-01 22:48:39.690134,0.0,Bank Transfer,South,Delivered,373.28
271,661,2024-09-26 22:48:39.690135,0.0,Bank Transfer,South,Delivered,1300.5100000000002
272,761,2025-03-02 22:48:39.690136,0.0,Credit Card,South,Cancelled,1839.7800000000002
273,917,2025-07-05 22:48:39.690136,0.0,Debit Card,North,Delivered,98.4
274,354,2025-02-28 22:48:39.690137,0.0,Credit Card,North,Shipped,2122.15
275,853,2024-10-10 22:48:39.690138,0.0,Debit Card,East,Delivered,1778.5
276,599,2024-11-06 22:48:39.690139,0.0,Bank Transfer,West,Delivered,2525.7
277,668,2024-09-02 22:48:39.690139,0.0,PayPal,North,Processing,1380.34
278,329,2024-10-02 22:48:39.690140,0.0,Bank Transfer,East,Processing,1383.21
279,11,2024-09-02 22:48:39.690141,0.0,PayPal,West,Delivered,455.9
280,766,2024-12-09 22:48:39.690142,0.0,PayPal,South,Delivered,1687.75
281,15,2025-01-25 22:48:39.690142,0.0,Debit Card,North,Shipped,1116.23
282,738,2025-06-30 22:48:39.690143,0.0,PayPal,North,Delivered,366.5
283,1000,2024-08-30 22:48:39.690144,0.0,PayPal,East,Shipped,1159.56
284,53,2025-06-22 22:48:39.690145,0.0,Bank Transfer,West,Shipped,773.77
285,751,2025-01-01 22:48:39.690145,0.0,PayPal,East,Shipped,2638.85
286,538,2025-04-30 22:48:39.690146,0.0,Bank Transfer,West,Delivered,543.06
287,394,2024-10-15 22:48:39.690147,0.0,Debit Card,West,Delivered,1168.6399999999999
288,221,2025-06-09 22:48:39.690148,0.0,Debit Card,North,Shipped,113.14
289,949,2025-04-11 22:48:39.690148,0.0,Bank Transfer,North,Delivered,1577.08
290,332,2025-01-08 22:48:39.690149,0.0,PayPal,North,Delivered,2218.46
291,393,2025-06-28 22:48:39.690150,0.0,Credit Card,East,Delivered,2112.97
292,904,2025-04-06 22:48:39.690151,0.0,Debit Card,North,Delivered,1684.6100000000001
293,995,2025-02-14 22:48:39.690151,0.0,Debit Card,North,Shipped,2874.4
294,726,2025-02-28 22:48:39.690152,0.0,PayPal,North,Delivered,2422.85
295,8,2025-04-15 22:48:39.690153,0.0,PayPal,West,Cancelled,3037.67
296,998,2025-02-22 22:48:39.690154,0.0,Credit Card,North,Cancelled,1278.37
297,814,2025-05-14 22:48:39.690154,0.0,PayPal,South,Processing,2576.8
298,53,2025-06-10 22:48:39.690155,0.0,Debit Card,South,Delivered,3491.84
299,643,2024-11-03 22:48:39.690156,0.0,PayPal,West,Shipped,959.6400000000001
300,877,2025-05-25 22:48:39.690157,0.0,PayPal,South,Delivered,3928.8
301,808,2025-01-26 22:48:39.690157,0.0,Credit Card,North,Delivered,1114.43
302,506,2024-11-24 22:48:39.690158,0.0,PayPal,North,Delivered,794.54
303,187,2024-07-26 22:48:39.690159,0.0,PayPal,North,Delivered,515.7
304,97,2024-12-25 22:48:39.690160,0.0,PayPal,West,Processing,2343.44
305,489,2025-04-10 22:48:39.690160,0.0,Debit Card,North,Processing,2340.95
306,385,2025-01-28 22:48:39.690161,0.0,Credit Card,East,Processing,729.59
307,681,2024-12-24 22:48:39.690162,0.0,Debit Card,South,Delivered,859.89
308,3,2025-06-17 22:48:39.690163,0.0,Bank Transfer,North,Shipped,359.88
309,252,2025-05-08 22:48:39.690163,0.0,Bank Transfer,East,Delivered,1409.77
310,857,2025-07-13 22:48:39.690164,0.0,Bank Transfer,South,Processing,124.25
311,512,2024-12-03 22:48:39.690165,0.0,Bank Transfer,North,Delivered,3771.59
312,143,2024-07-29 22:48:39.690166,0.0,Debit Card,South,Delivered,2519.04
313,846,2025-04-29 22:48:39.690167,0.0,Debit Card,North,Shipped,3931.88
314,962,2025-05-02 22:48:39.690167,0.0,Credit Card,North,Delivered,1060.6200000000001
315,993,2025-02-08 22:48:39.690168,0.0,Debit Card,North,Delivered,1595.97
316,621,2025-01-02 22:48:39.690169,0.0,Debit Card,West,Shipped,1238.88
317,663,2024-12-20 22:48:39.690170,0.0,Credit Card,South,Shipped,1631.31
318,602,2024-08-26 22:48:39.690170,0.0,Credit Card,West,Delivered,690.79
319,197,2024-10-19 22:48:39.690171,0.0,Bank Transfer,East,Shipped,1798.7900000000002
320,97,2024-11-10 22:48:39.690172,0.0,PayPal,South,Delivered,1596.27
321,670,2024-09-11 22:48:39.690173,0.0,Debit Card,North,Cancelled,1692.67
322,511,2024-12-12 22:48:39.690173,0.0,Debit Card,South,Shipped,2021.6599999999999
323,757,2024-08-05 22:48:39.690174,0.0,Credit Card,North,Shipped,1180.58
324,223,2024-08-16 22:48:39.690175,0.0,Debit Card,South,Delivered,1695.6100000000001
325,131,2024-07-24 22:48:39.690176,0.0,Debit Card,South,Delivered,342.64
326,851,2025-06-13 22:48:39.690176,0.0,Debit Card,North,Shipped,3638.42
327,90,2025-05-08 22:48:39.690177,0.0,Credit Card,East,Processing,323.9
328,274,2025-06-23 22:48:39.690178,0.0,Bank Transfer,West,Delivered,596.9000000000001
329,191,2024-08-13 22:48:39.690179,0.0,PayPal,East,Shipped,359.88
330,403,2024-10-10 22:48:39.690179,0.0,Credit Card,West,Cancelled,2692.68
331,323,2024-12-15 22:48:39.690180,0.0,Debit Card,North,Delivered,1313.92
332,175,2025-02-16 22:48:39.690181,0.0,Bank Transfer,South,Delivered,359.21999999999997
333,394,2025-01-09 22:48:39.690182,0.0,PayPal,South,Shipped,459.47
334,500,2024-09-29 22:48:39.690182,0.0,Bank Transfer,West,Delivered,2377.24
335,432,2024-08-30 22:48:39.690183,0.0,Credit Card,North,Delivered,2811.6000000000004
336,595,2024-09-30 22:48:39.690184,0.0,Debit Card,East,Delivered,1572.6
337,947,2024-08-23 22:48:39.690185,0.0,Debit Card,West,Delivered,1169.06
338,937,2024-09-03 22:48:39.690185,0.0,Credit Card,West,Shipped,942.84
339,193,2025-04-20 22:48:39.690186,0.0,Credit Card,North,Delivered,1431.22
340,185,2025-01-09 22:48:39.690187,0.0,Bank Transfer,East,Processing,1821.71
341,314,2024-07-30 22:48:39.690188,0.0,PayPal,North,Shipped,1215.2
342,29,2025-05-30 22:48:39.690188,0.0,PayPal,East,Cancelled,102.56
343,263,2024-09-16 22:48:39.690189,0.0,Debit Card,East,Delivered,3561.1800000000003
344,528,2024-12-14 22:48:39.690190,0.0,Credit Card,East,Processing,1935.5100000000002
345,904,2025-06-29 22:48:39.690190,0.0,Debit Card,South,Delivered,1186.63
346,439,2024-10-11 22:48:39.690191,0.0,PayPal,South,Delivered,1122.82
347,172,2025-05-01 22:48:39.690192,0.0,Bank Transfer,South,Processing,564.22
348,29,2025-05-14 22:48:39.690193,0.0,Credit Card,West,Shipped,114.97
349,112,2024-09-12 22:48:39.690193,0.0,Bank Transfer,West,Shipped,344.90999999999997
350,190,2025-06-29 22:48:39.690194,0.0,Credit Card,South,Processing,621.54
351,252,2025-04-25 22:48:39.690195,0.0,Credit Card,East,Shipped,509.05999999999995
352,595,2024-08-06 22:48:39.690196,0.0,Credit Card,North,Processing,2424.63
353,393,2025-03-29 22:48:39.690196,0.0,Bank Transfer,East,Delivered,1415.42
354,704,2025-02-02 22:48:39.690197,0.0,Credit Card,South,Cancelled,243.42
355,14,2025-03-15 22:48:39.690198,0.0,Bank Transfer,West,Delivered,1912.9
356,312,2025-02-28 22:48:39.690199,0.0,Bank Transfer,South,Shipped,1676.72
357,96,2024-08-18 22:48:39.690200,0.0,Credit Card,East,Delivered,1396.77
358,71,2025-03-28 22:48:39.690200,0.0,PayPal,West,Delivered,1534.12
359,621,2025-07-02 22:48:39.690201,0.0,Debit Card,North,Shipped,1465.81
360,525,2024-12-26 22:48:39.690202,0.0,PayPal,South,Delivered,2172.23
361,517,2024-08-10 22:48:39.690203,0.0,Credit Card,West,Delivered,2042.8899999999999
362,855,2025-01-11 22:48:39.690203,0.0,PayPal,West,Delivered,1653.4499999999998
363,21,2025-03-29 22:48:39.690204,0.0,Credit Card,South,Processing,631.52
364,428,2025-03-24 22:48:39.690205,0.0,Bank Transfer,South,Processing,1611.4
365,229,2025-03-03 22:48:39.690206,0.0,PayPal,West,Processing,1547.58
366,618,2025-05-19 22:48:39.690206,0.0,Bank Transfer,South,Delivered,800.68
367,147,2024-08-18 22:48:39.690207,0.0,Debit Card,East,Delivered,1421.53
368,595,2024-11-05 22:48:39.690208,0.0,Debit Card,South,Delivered,4706.85
369,284,2025-04-14 22:48:39.690209,0.0,Debit Card,East,Delivered,3033.54
370,525,2025-03-25 22:48:39.690209,0.0,Bank Transfer,North,Processing,2840.04
371,386,2024-08-08 22:48:39.690210,0.0,Credit Card,West,Processing,284.06
372,666,2025-04-21 22:48:39.690211,0.0,Credit Card,South,Delivered,2509.58
373,20,2024-12-11 22:48:39.690212,0.0,Bank Transfer,North,Shipped,3932.43
374,166,2024-08-12 22:48:39.690212,0.0,Bank Transfer,West,Shipped,2603.24
375,439,2024-11-23 22:48:39.690213,0.0,PayPal,East,Shipped,2047.8400000000001
376,877,2025-01-19 22:48:39.690214,0.0,Bank Transfer,West,Shipped,285.61
377,556,2025-03-08 22:48:39.690215,0.0,PayPal,East,Delivered,1441.69
378,266,2024-12-28 22:48:39.690215,0.0,Debit Card,East,Delivered,2093.7
379,879,2025-02-21 22:48:39.690216,0.0,PayPal,West,Delivered,28.24
380,919,2025-03-07 22:48:39.690217,0.0,Bank Transfer,West,Processing,456.15
381,692,2025-03-28 22:48:39.690218,0.0,Credit Card,West,Delivered,230.16
382,663,2025-04-24 22:48:39.690218,0.0,Bank Transfer,North,Shipped,473.76
383,563,2025-05-02 22:48:39.690219,0.0,Credit Card,West,Delivered,604.46
384,739,2024-10-27 22:48:39.690220,0.0,Credit Card,South,Processing,1046.48
385,398,2025-03-04 22:48:39.690221,0.0,Credit Card,East,Delivered,1507.86
386,139,2025-07-15 22:48:39.690221,0.0,Credit Card,East,Shipped,2611.79
387,99,2024-10-27 22:48:39.690222,0.0,PayPal,South,Delivered,170.56
388,521,2024-12-05 22:48:39.690223,0.0,PayPal,West,Delivered,3236.73
389,963,2024-11-16 22:48:39.690223,0.0,Debit Card,East,Delivered,1860.62
390,881,2025-02-16 22:48:39.690224,0.0,Bank Transfer,South,Shipped,512.97
391,330,2024-12-27 22:48:39.690225,0.0,Credit Card,South,Delivered,347.67
392,975,2025-01-30 22:48:39.690226,0.0,Bank Transfer,East,Processing,696.22
393,992,2025-06-05 22:48:39.690226,0.0,Bank Transfer,East,Delivered,1625.0400000000002
394,640,2025-03-26 22:48:39.690227,0.0,Credit Card,South,Processing,506.01000000000005
395,464,2025-01-14 22:48:39.690228,0.0,Credit Card,North,Delivered,1213.74
396,703,2025-04-01 22:48:39.690229,0.0,Credit Card,East,Delivered,1129.74
397,942,2025-04-18 22:48:39.690229,0.0,Credit Card,West,Processing,1521.56
398,424,2025-04-04 22:48:39.690230,0.0,PayPal,West,Shipped,559.92
399,908,2025-01-14 22:48:39.690231,0.0,Debit Card,East,Delivered,1152.26
400,981,2025-03-14 22:48:39.690231,0.0,PayPal,East,Processing,2374.25
401,845,2024-09-12 22:48:39.690232,0.0,PayPal,East,Delivered,1960.6499999999996
402,137,2025-01-14 22:48:39.690233,0.0,Bank Transfer,South,Delivered,1733.43
403,697,2025-06-08 22:48:39.690234,0.0,Bank Transfer,West,Shipped,470.9
404,107,2024-12-10 22:48:39.690234,0.0,Debit Card,West,Delivered,2129.0
405,549,2024-08-25 22:48:39.690235,0.0,PayPal,West,Processing,860.68
406,753,2025-03-24 22:48:39.690236,0.0,PayPal,South,Processing,1020.28
407,810,2024-08-03 22:48:39.690237,0.0,PayPal,South,Shipped,462.1
408,572,2024-08-01 22:48:39.690237,0.0,Credit Card,West,Delivered,2651.35
409,447,2024-11-22 22:48:39.690238,0.0,PayPal,West,Processing,1609.06
410,918,2024-10-11 22:48:39.690239,0.0,Bank Transfer,East,Processing,874.8000000000001
411,998,2025-02-18 22:48:39.690240,0.0,Credit Card,North,Delivered,1791.46
412,792,2025-05-07 22:48:39.690240,0.0,Bank Transfer,West,Processing,2499.54
413,754,2024-10-26 22:48:39.690241,0.0,PayPal,East,Delivered,2737.05
414,661,2024-12-08 22:48:39.690242,0.0,Credit Card,North,Cancelled,2124.69
415,9,2024-09-28 22:48:39.690243,0.0,Bank Transfer,North,Shipped,1117.22
416,616,2024-10-18 22:48:39.690243,0.0,PayPal,West,Shipped,2157.2799999999997
417,507,2025-07-11 22:48:39.690244,0.0,PayPal,South,Delivered,1424.51
418,677,2024-10-29 22:48:39.690245,0.0,Credit Card,North,Shipped,1046.19
419,284,2024-12-27 22:48:39.690246,0.0,Debit Card,East,Delivered,759.21
420,95,2024-10-05 22:48:39.690246,0.0,Bank Transfer,North,Processing,1798.5900000000001
421,233,2024-10-21 22:48:39.690247,0.0,PayPal,South,Shipped,506.65
422,662,2025-05-14 22:48:39.690248,0.0,Credit Card,East,Shipped,1085.28
423,245,2025-02-03 22:48:39.690248,0.0,PayPal,East,Shipped,3299.38
424,711,2024-08-06 22:48:39.690249,0.0,Credit Card,East,Delivered,2017.99
425,113,2025-01-02 22:48:39.690250,0.0,Bank Transfer,North,Delivered,2776.9
426,154,2025-06-20 22:48:39.690251,0.0,Debit Card,North,Delivered,247.94
427,57,2025-01-29 22:48:39.690251,0.0,Debit Card,South,Processing,839.2
428,833,2024-12-02 22:48:39.690252,0.0,Credit Card,South,Delivered,808.46
429,298,2024-11-14 22:48:39.690253,0.0,PayPal,West,Delivered,1365.73
430,402,2025-02-07 22:48:39.690254,0.0,Bank Transfer,North,Cancelled,1470.3899999999999
431,71,2024-09-14 22:48:39.690254,0.0,PayPal,West,Delivered,186.09
432,237,2024-11-16 22:48:39.690255,0.0,Debit Card,East,Shipped,2964.3799999999997
433,172,2025-06-03 22:48:39.690256,0.0,Bank Transfer,East,Delivered,488.3
434,386,2024-11-16 22:48:39.690257,0.0,Debit Card,East,Delivered,404.64
435,840,2024-12-15 22:48:39.690257,0.0,Debit Card,East,Cancelled,1343.25
436,467,2024-11-11 22:48:39.690258,0.0,Bank Transfer,East,Processing,1423.02
437,644,2025-02-21 22:48:39.690259,0.0,Bank Transfer,South,Processing,2470.76
438,548,2025-02-14 22:48:39.690259,0.0,Debit Card,West,Delivered,1420.96
439,311,2025-04-01 22:48:39.690260,0.0,Credit Card,East,Delivered,15.1
440,942,2024-08-29 22:48:39.690261,0.0,PayPal,West,Cancelled,2914.12
441,878,2025-05-03 22:48:39.690262,0.0,Credit Card,South,Processing,1755.83
442,883,2025-02-01 22:48:39.690262,0.0,Bank Transfer,North,Shipped,756.88
443,462,2025-03-11 22:48:39.690263,0.0,Bank Transfer,North,Cancelled,2435.03
444,401,2024-08-13 22:48:39.690264,0.0,PayPal,East,Delivered,623.17
445,190,2025-03-05 22:48:39.690265,0.0,Credit Card,West,Shipped,245.71
446,114,2025-05-24 22:48:39.690266,0.0,Bank Transfer,West,Delivered,1482.4499999999998
447,705,2024-12-12 22:48:39.690266,0.0,Credit Card,West,Processing,4453.29
448,761,2024-07-22 22:48:39.690267,0.0,Debit Card,South,Shipped,1900.1399999999999
449,758,2024-11-24 22:48:39.690268,0.0,PayPal,South,Delivered,1334.58
450,582,2025-05-09 22:48:39.690269,0.0,PayPal,West,Delivered,2429.75
451,358,2024-08-23 22:48:39.690269,0.0,Credit Card,West,Shipped,3085.0299999999997
452,410,2024-10-05 22:48:39.690270,0.0,Credit Card,North,Delivered,3348.98
453,973,2024-09-02 22:48:39.690271,0.0,Bank Transfer,North,Processing,1752.6
454,724,2025-01-23 22:48:39.690272,0.0,PayPal,East,Processing,403.14
455,632,2025-04-08 22:48:39.690272,0.0,Debit Card,East,Shipped,585.77
456,906,2025-04-27 22:48:39.690273,0.0,Credit Card,South,Delivered,763.98
457,875,2024-07-22 22:48:39.690274,0.0,Debit Card,South,Processing,1000.76
458,896,2025-01-30 22:48:39.690275,0.0,Credit Card,East,Processing,299.0
459,634,2024-08-18 22:48:39.690275,0.0,Debit Card,East,Delivered,2447.1499999999996
460,892,2024-07-23 22:48:39.690276,0.0,Debit Card,East,Processing,1191.55
461,712,2024-08-27 22:48:39.690277,0.0,Bank Transfer,West,Shipped,3821.02
462,685,2025-03-21 22:48:39.690277,0.0,PayPal,West,Delivered,3273.14
463,830,2025-05-27 22:48:39.690278,0.0,Credit Card,North,Delivered,3341.8
464,314,2025-06-28 22:48:39.690279,0.0,Credit Card,East,Processing,241.53000000000003
465,862,2025-04-17 22:48:39.690280,0.0,PayPal,East,Delivered,2133.76
466,403,2024-09-28 22:48:39.690281,0.0,PayPal,West,Shipped,3407.35
467,247,2024-09-07 22:48:39.690281,0.0,Credit Card,North,Delivered,1423.04
468,217,2024-09-22 22:48:39.690282,0.0,Debit Card,South,Delivered,339.18
469,608,2025-03-21 22:48:39.690283,0.0,Credit Card,West,Processing,904.74
470,533,2024-10-12 22:48:39.690284,0.0,PayPal,West,Processing,1997.6100000000001
471,165,2024-08-17 22:48:39.690284,0.0,Credit Card,East,Shipped,1286.83
472,443,2024-10-08 22:48:39.690285,0.0,Credit Card,West,Processing,1462.92
473,84,2025-03-29 22:48:39.690286,0.0,PayPal,East,Delivered,2014.0699999999997
474,44,2024-08-13 22:48:39.690287,0.0,Debit Card,South,Delivered,1622.5900000000001
475,826,2024-10-30 22:48:39.690287,0.0,Credit Card,West,Delivered,1080.04
476,110,2025-03-22 22:48:39.690288,0.0,PayPal,West,Delivered,1183.08
477,44,2025-03-18 22:48:39.690289,0.0,Bank Transfer,North,Delivered,1435.22
478,431,2025-01-03 22:48:39.690290,0.0,Debit Card,South,Delivered,590.79
479,489,2024-12-05 22:48:39.690290,0.0,Credit Card,South,Shipped,141.62
480,272,2025-05-05 22:48:39.690291,0.0,PayPal,North,Delivered,1268.54
481,397,2024-11-20 22:48:39.690292,0.0,Debit Card,East,Delivered,2455.99
482,981,2025-05-31 22:48:39.690293,0.0,Credit Card,South,Delivered,2293.79
483,880,2025-04-30 22:48:39.690293,0.0,PayPal,West,Delivered,3364.33
484,495,2024-12-23 22:48:39.690294,0.0,Debit Card,North,Shipped,1162.75
485,157,2024-08-08 22:48:39.690295,0.0,Debit Card,West,Delivered,771.96
486,163,2024-07-28 22:48:39.690296,0.0,Bank Transfer,South,Delivered,2536.42
487,528,2024-10-05 22:48:39.690296,0.0,Credit Card,East,Cancelled,3271.7200000000003
488,952,2025-02-08 22:48:39.690297,0.0,Bank Transfer,South,Delivered,1744.8899999999999
489,898,2024-07-29 22:48:39.690298,0.0,Credit Card,West,Processing,585.54
490,868,2024-11-26 22:48:39.690299,0.0,Credit Card,West,Delivered,1355.3600000000001
491,811,2024-11-13 22:48:39.690300,0.0,PayPal,West,Shipped,1705.79
492,222,2024-11-16 22:48:39.690300,0.0,PayPal,North,Delivered,115.5
493,751,2024-09-21 22:48:39.690301,0.0,Bank Transfer,South,Delivered,423.84
494,560,2024-10-09 22:48:39.690302,0.0,Debit Card,South,Delivered,932.38
495,21,2025-03-13 22:48:39.690303,0.0,PayPal,South,Delivered,2504.27
496,763,2025-07-10 22:48:39.690303,0.0,PayPal,South,Delivered,128.06
497,515,2024-11-11 22:48:39.690304,0.0,Debit Card,North,Processing,3657.43
498,114,2025-02-23 22:48:39.690305,0.0,PayPal,South,Processing,1612.17
499,879,2025-01-17 22:48:39.690306,0.0,Credit Card,North,Shipped,286.17
500,236,2024-12-19 22:48:39.690306,0.0,Debit Card,South,Shipped,1571.03
501,959,2025-05-11 22:48:39.690307,0.0,Bank Transfer,East,Cancelled,1703.12
502,652,2024-12-16 22:48:39.690308,0.0,Bank Transfer,South,Delivered,1368.99
503,652,2024-07-26 22:48:39.690309,0.0,PayPal,East,Delivered,1769.78
504,527,2025-02-04 22:48:39.690309,0.0,Credit Card,North,Shipped,935.5799999999999
505,478,2025-05-05 22:48:39.690310,0.0,Bank Transfer,North,Delivered,563.06
506,905,2024-11-01 22:48:39.690311,0.0,Bank Transfer,West,Shipped,1682.97
507,549,2025-02-24 22:48:39.690312,0.0,Credit Card,East,Processing,2221.86
508,480,2025-05-07 22:48:39.690312,0.0,Bank Transfer,East,Delivered,1511.08
509,499,2024-11-12 22:48:39.690313,0.0,Bank Transfer,East,Delivered,5.86
510,499,2024-10-04 22:48:39.690314,0.0,Bank Transfer,West,Delivered,2256.73
511,380,2024-12-07 22:48:39.690315,0.0,Debit Card,West,Processing,1508.23
512,272,2025-02-11 22:48:39.690315,0.0,Credit Card,East,Cancelled,831.5
513,249,2024-11-15 22:48:39.690316,0.0,Credit Card,North,Delivered,2409.0
514,822,2025-07-18 22:48:39.690317,0.0,Debit Card,East,Shipped,1639.66
515,788,2024-08-02 22:48:39.690317,0.0,Debit Card,South,Cancelled,341.88
516,927,2025-03-26 22:48:39.690318,0.0,Debit Card,West,Processing,3024.96
517,377,2025-02-09 22:48:39.690319,0.0,Bank Transfer,West,Processing,1149.4299999999998
518,139,2024-07-29 22:48:39.690320,0.0,Credit Card,West,Shipped,3205.62
519,464,2024-08-19 22:48:39.690321,0.0,PayPal,North,Delivered,2067.44
520,545,2025-04-23 22:48:39.690321,0.0,Credit Card,North,Shipped,1319.08
521,727,2024-08-09 22:48:39.690322,0.0,Bank Transfer,North,Shipped,938.54
522,248,2025-06-04 22:48:39.690323,0.0,Debit Card,West,Delivered,712.8
523,117,2024-12-14 22:48:39.690324,0.0,PayPal,South,Delivered,506.28999999999996
524,170,2024-07-30 22:48:39.690324,0.0,Credit Card,East,Delivered,2168.63
525,359,2024-09-24 22:48:39.690325,0.0,PayPal,East,Shipped,1050.33
526,583,2024-12-25 22:48:39.690326,0.0,Credit Card,East,Processing,1276.0
527,919,2024-07-30 22:48:39.690327,0.0,PayPal,East,Delivered,1530.02
528,698,2025-07-14 22:48:39.690327,0.0,Debit Card,East,Shipped,2033.99
529,320,2025-01-30 22:48:39.690328,0.0,Bank Transfer,West,Delivered,978.84
530,171,2025-03-09 22:48:39.690329,0.0,PayPal,East,Delivered,82.41
531,927,2025-02-23 22:48:39.690330,0.0,Credit Card,North,Delivered,2082.23
532,394,2025-06-30 22:48:39.690330,0.0,Debit Card,South,Cancelled,1486.36
533,469,2025-04-24 22:48:39.690331,0.0,Debit Card,North,Processing,419.86
534,738,2025-03-27 22:48:39.690332,0.0,Debit Card,East,Delivered,242.56
535,498,2025-01-16 22:48:39.690333,0.0,Debit Card,North,Cancelled,1593.9
536,747,2025-02-15 22:48:39.690333,0.0,PayPal,West,Shipped,1629.7600000000002
537,409,2025-06-28 22:48:39.690334,0.0,Debit Card,East,Shipped,1119.87
538,539,2024-07-25 22:48:39.690335,0.0,Bank Transfer,West,Shipped,3810.56
539,529,2025-02-11 22:48:39.690336,0.0,Credit Card,North,Delivered,1579.9499999999998
540,450,2025-07-14 22:48:39.690336,0.0,Credit Card,East,Shipped,1042.48
541,169,2024-08-16 22:48:39.690337,0.0,PayPal,South,Processing,2024.54
542,975,2025-01-07 22:48:39.690338,0.0,Debit Card,North,Processing,306.76
543,533,2025-03-08 22:48:39.690339,0.0,Bank Transfer,East,Delivered,829.58
544,275,2024-11-07 22:48:39.690339,0.0,Credit Card,West,Delivered,2347.87
545,477,2025-03-13 22:48:39.690340,0.0,Debit Card,North,Shipped,2046.4100000000003
546,85,2024-10-05 22:48:39.690341,0.0,Debit Card,North,Shipped,620.5
547,778,2024-12-07 22:48:39.690342,0.0,PayPal,North,Shipped,1615.24
548,212,2025-01-15 22:48:39.690342,0.0,Credit Card,North,Shipped,710.4300000000001
549,726,2025-05-23 22:48:39.690343,0.0,Credit Card,East,Processing,2507.74
550,446,2024-12-23 22:48:39.690344,0.0,PayPal,West,Delivered,650.4599999999999
551,757,2024-12-07 22:48:39.690344,0.0,PayPal,North,Processing,1942.17
552,714,2025-05-23 22:48:39.690345,0.0,Credit Card,East,Delivered,2237.55
553,861,2025-07-10 22:48:39.690346,0.0,PayPal,North,Shipped,3348.31
554,356,2025-05-14 22:48:39.690347,0.0,PayPal,East,Delivered,239.48
555,473,2025-05-12 22:48:39.690347,0.0,Credit Card,East,Processing,678.46
556,23,2024-11-02 22:48:39.690348,0.0,Bank Transfer,East,Cancelled,1072.17
557,468,2025-01-20 22:48:39.690349,0.0,PayPal,East,Shipped,1573.76
558,15,2024-12-02 22:48:39.690350,0.0,Debit Card,South,Delivered,1657.25
559,914,2025-06-29 22:48:39.690350,0.0,PayPal,North,Delivered,2839.29
560,809,2024-09-02 22:48:39.690351,0.0,PayPal,North,Processing,1093.5
561,808,2024-10-26 22:48:39.690352,0.0,Credit Card,North,Delivered,1813.0600000000002
562,932,2025-06-28 22:48:39.690353,0.0,Bank Transfer,South,Processing,2269.0600000000004
563,775,2024-07-23 22:48:39.690353,0.0,Credit Card,West,Processing,2048.16
564,693,2025-07-09 22:48:39.690354,0.0,Debit Card,West,Delivered,3630.94
565,903,2025-05-21 22:48:39.690355,0.0,Credit Card,East,Delivered,575.06
566,602,2025-01-30 22:48:39.690356,0.0,Bank Transfer,North,Shipped,1269.24
567,538,2025-06-13 22:48:39.690356,0.0,Credit Card,North,Processing,841.6
568,505,2025-02-04 22:48:39.690357,0.0,Debit Card,West,Delivered,383.78000000000003
569,746,2025-02-11 22:48:39.690358,0.0,PayPal,North,Processing,512.97
570,316,2025-02-15 22:48:39.690359,0.0,Debit Card,South,Shipped,2126.4700000000003
571,33,2025-04-12 22:48:39.690359,0.0,Bank Transfer,South,Delivered,1666.13
572,361,2024-11-01 22:48:39.690360,0.0,Debit Card,North,Processing,978.18
573,944,2024-10-19 22:48:39.690361,0.0,Debit Card,East,Delivered,783.36
574,723,2024-09-28 22:48:39.690362,0.0,PayPal,West,Shipped,699.48
575,584,2024-11-10 22:48:39.690362,0.0,Debit Card,West,Processing,199.18
576,542,2025-06-04 22:48:39.690363,0.0,Credit Card,South,Delivered,1787.8000000000002
577,794,2025-05-21 22:48:39.690364,0.0,PayPal,North,Delivered,151.96
578,625,2025-07-04 22:48:39.690364,0.0,Debit Card,South,Delivered,2343.65
579,580,2024-08-01 22:48:39.690365,0.0,Bank Transfer,North,Processing,1333.5
580,832,2025-06-18 22:48:39.690366,0.0,Debit Card,North,Delivered,1168.43
581,227,2025-03-11 22:48:39.690367,0.0,PayPal,North,Delivered,125.94
582,270,2024-08-20 22:48:39.690367,0.0,Bank Transfer,East,Delivered,2591.36
583,108,2024-12-24 22:48:39.690368,0.0,Debit Card,West,Shipped,3188.27
584,180,2025-01-16 22:48:39.690369,0.0,Bank Transfer,North,Shipped,1008.7900000000001
585,117,2025-05-29 22:48:39.690370,0.0,PayPal,East,Delivered,2294.9700000000003
586,229,2025-01-15 22:48:39.690371,0.0,PayPal,North,Processing,1457.79
587,39,2025-06-05 22:48:39.690371,0.0,PayPal,North,Shipped,1357.38
588,603,2025-03-01 22:48:39.690372,0.0,Credit Card,East,Processing,1420.02
589,29,2024-09-18 22:48:39.690373,0.0,Bank Transfer,West,Processing,1865.48
590,642,2024-09-27 22:48:39.690374,0.0,PayPal,East,Delivered,701.51
591,439,2024-11-04 22:48:39.690374,0.0,Bank Transfer,West,Delivered,3319.2200000000003
592,444,2024-11-28 22:48:39.690375,0.0,Credit Card,West,Delivered,1381.3799999999999
593,223,2024-12-28 22:48:39.690376,0.0,Bank Transfer,West,Cancelled,1285.65
594,327,2024-10-16 22:48:39.690377,0.0,Credit Card,West,Processing,1098.92
595,833,2025-02-05 22:48:39.690378,0.0,Debit Card,South,Shipped,2150.8
596,707,2024-08-15 22:48:39.690378,0.0,Credit Card,South,Delivered,479.46
597,83,2025-03-17 22:48:39.690379,0.0,Credit Card,South,Delivered,621.54
598,208,2024-11-16 22:48:39.690380,0.0,Credit Card,South,Processing,1285.92
599,842,2025-04-18 22:48:39.690380,0.0,Debit Card,North,Delivered,2251.0699999999997
600,231,2024-12-19 22:48:39.690381,0.0,Debit Card,West,Processing,1830.2799999999997
601,765,2024-12-18 22:48:39.690382,0.0,Debit Card,South,Shipped,2529.17
602,396,2025-01-30 22:48:39.690383,0.0,PayPal,East,Delivered,1847.5
603,697,2025-05-18 22:48:39.690383,0.0,Credit Card,East,Processing,723.52
604,847,2025-07-11 22:48:39.690384,0.0,Debit Card,South,Shipped,662.02
605,96,2024-11-29 22:48:39.690385,0.0,Bank Transfer,West,Delivered,945.98
606,18,2024-12-22 22:48:39.690386,0.0,Debit Card,West,Delivered,2189.2
607,715,2024-12-15 22:48:39.690386,0.0,Credit Card,North,Delivered,2381.25
608,227,2025-05-10 22:48:39.690387,0.0,Bank Transfer,West,Processing,2415.19
609,218,2024-12-15 22:48:39.690388,0.0,PayPal,South,Delivered,3354.83
610,645,2024-11-05 22:48:39.690389,0.0,Debit Card,East,Delivered,1045.69
611,284,2024-12-10 22:48:39.690389,0.0,Credit Card,West,Processing,1640.29
612,215,2025-04-15 22:48:39.690390,0.0,Bank Transfer,East,Delivered,1054.58
613,531,2025-02-09 22:48:39.690391,0.0,Debit Card,East,Processing,487.28
614,632,2024-08-22 22:48:39.690391,0.0,Debit Card,East,Delivered,2790.59
615,226,2024-08-22 22:48:39.690392,0.0,PayPal,North,Processing,832.2800000000001
616,864,2025-01-30 22:48:39.690393,0.0,Bank Transfer,North,Delivered,763.8199999999999
617,903,2025-02-24 22:48:39.690394,0.0,Bank Transfer,West,Shipped,115.5
618,219,2025-03-21 22:48:39.690395,0.0,Debit Card,West,Shipped,1888.02
619,145,2025-01-04 22:48:39.690395,0.0,Bank Transfer,North,Processing,1725.8400000000001
620,800,2025-04-07 22:48:39.690396,0.0,Credit Card,North,Delivered,2051.77
621,529,2025-05-17 22:48:39.690397,0.0,PayPal,West,Delivered,3274.26
622,790,2025-04-18 22:48:39.690397,0.0,Debit Card,North,Shipped,2289.8
623,777,2025-03-22 22:48:39.690398,0.0,Bank Transfer,North,Processing,2221.5099999999998
624,778,2024-10-04 22:48:39.690399,0.0,Bank Transfer,North,Delivered,264.08
625,24,2024-08-06 22:48:39.690400,0.0,Credit Card,North,Processing,844.31
626,439,2024-09-21 22:48:39.690400,0.0,Bank Transfer,North,Delivered,2147.2799999999997
627,550,2025-01-11 22:48:39.690401,0.0,Credit Card,South,Shipped,1737.6799999999998
628,27,2024-12-04 22:48:39.690402,0.0,Debit Card,North,Delivered,3343.46
629,589,2025-01-06 22:48:39.690403,0.0,Credit Card,South,Shipped,365.58
630,433,2025-06-16 22:48:39.690403,0.0,Debit Card,West,Shipped,1102.77
631,839,2025-04-03 22:48:39.690404,0.0,Credit Card,South,Shipped,1871.1899999999998
632,543,2024-08-11 22:48:39.690405,0.0,Bank Transfer,South,Processing,622.38
633,377,2024-11-28 22:48:39.690406,0.0,Debit Card,North,Delivered,687.34
634,958,2025-03-15 22:48:39.690406,0.0,Debit Card,South,Delivered,1013.44
635,318,2024-07-31 22:48:39.690407,0.0,Credit Card,South,Delivered,3174.7699999999995
636,362,2024-12-03 22:48:39.690408,0.0,Credit Card,South,Delivered,1332.02
637,378,2025-07-03 22:48:39.690409,0.0,Credit Card,North,Cancelled,3124.79
638,541,2025-03-21 22:48:39.690409,0.0,Bank Transfer,North,Cancelled,2390.6
639,291,2024-09-18 22:48:39.690410,0.0,Credit Card,West,Delivered,2787.39
640,832,2024-07-28 22:48:39.690411,0.0,Credit Card,West,Shipped,344.29
641,823,2024-11-02 22:48:39.690412,0.0,Credit Card,East,Processing,132.04
642,401,2025-02-03 22:48:39.690412,0.0,Debit Card,East,Shipped,470.9
643,338,2025-03-11 22:48:39.690413,0.0,Credit Card,North,Delivered,1817.88
644,237,2025-03-30 22:48:39.690414,0.0,Debit Card,North,Delivered,948.06
645,37,2024-09-06 22:48:39.690415,0.0,Bank Transfer,East,Shipped,513.0
646,354,2025-04-19 22:48:39.690415,0.0,PayPal,South,Delivered,1474.6699999999998
647,591,2024-09-02 22:48:39.690416,0.0,Credit Card,North,Shipped,1820.71
648,37,2024-10-09 22:48:39.690417,0.0,Credit Card,South,Shipped,5605.5
649,633,2025-03-07 22:48:39.690418,0.0,Credit Card,South,Cancelled,1359.76
650,755,2025-06-26 22:48:39.690418,0.0,Debit Card,East,Shipped,2745.31
651,310,2024-11-07 22:48:39.690419,0.0,PayPal,East,Delivered,347.18
652,133,2024-11-06 22:48:39.690420,0.0,Debit Card,West,Delivered,44.730000000000004
653,682,2024-10-23 22:48:39.690421,0.0,PayPal,West,Processing,1791.89
654,889,2025-02-02 22:48:39.690421,0.0,Bank Transfer,South,Delivered,1440.3600000000001
655,910,2024-08-03 22:48:39.690422,0.0,Credit Card,South,Shipped,1485.9299999999998
656,715,2024-11-27 22:48:39.690423,0.0,PayPal,South,Delivered,471.15
657,695,2024-10-07 22:48:39.690424,0.0,Credit Card,West,Delivered,913.05
658,429,2024-09-15 22:48:39.690424,0.0,Credit Card,West,Shipped,617.5899999999999
659,608,2024-08-22 22:48:39.690425,0.0,Credit Card,West,Delivered,106.47
660,6,2024-12-06 22:48:39.690426,0.0,Bank Transfer,South,Delivered,2852.6400000000003
661,14,2025-02-05 22:48:39.690427,0.0,Bank Transfer,East,Delivered,1925.9499999999998
662,572,2024-09-04 22:48:39.690427,0.0,Credit Card,East,Cancelled,1578.54
663,157,2024-11-09 22:48:39.690428,0.0,Debit Card,South,Delivered,705.83
664,311,2024-11-11 22:48:39.690429,0.0,Debit Card,North,Delivered,1982.73
665,959,2025-01-30 22:48:39.690430,0.0,Credit Card,South,Shipped,943.74
666,313,2025-02-07 22:48:39.690430,0.0,PayPal,West,Delivered,2565.36
667,236,2024-12-26 22:48:39.690431,0.0,PayPal,West,Processing,2560.8599999999997
668,201,2025-07-18 22:48:39.690432,0.0,Bank Transfer,South,Shipped,696.12
669,704,2025-06-10 22:48:39.690433,0.0,Credit Card,South,Shipped,501.15999999999997
670,244,2025-01-26 22:48:39.690433,0.0,Debit Card,East,Delivered,123.18
671,758,2024-11-08 22:48:39.690434,0.0,Credit Card,West,Cancelled,1118.6399999999999
672,149,2024-10-26 22:48:39.690435,0.0,Credit Card,North,Shipped,3683.7
673,876,2025-01-18 22:48:39.690436,0.0,Credit Card,South,Delivered,2916.2400000000002
674,968,2025-01-26 22:48:39.690436,0.0,Bank Transfer,West,Delivered,3382.22
675,548,2025-03-10 22:48:39.690437,0.0,Credit Card,West,Delivered,2614.0499999999997
676,563,2024-09-14 22:48:39.690438,0.0,Debit Card,North,Shipped,257.59
677,441,2024-11-04 22:48:39.690439,0.0,Bank Transfer,North,Processing,1878.89
678,651,2024-11-21 22:48:39.690439,0.0,Bank Transfer,South,Delivered,83.1
679,485,2024-12-05 22:48:39.690440,0.0,Debit Card,West,Delivered,2588.77
680,878,2025-01-04 22:48:39.690441,0.0,Credit Card,South,Shipped,1588.71
681,515,2025-03-04 22:48:39.690442,0.0,Credit Card,West,Delivered,1805.02
682,807,2025-07-03 22:48:39.690442,0.0,Debit Card,North,Delivered,2958.08
683,588,2025-06-14 22:48:39.690443,0.0,Bank Transfer,North,Delivered,18.06
684,228,2024-08-12 22:48:39.690444,0.0,Bank Transfer,North,Shipped,325.85
685,683,2024-08-06 22:48:39.690445,0.0,Credit Card,East,Processing,269.42
686,51,2025-07-06 22:48:39.690445,0.0,Bank Transfer,South,Delivered,1693.08
687,458,2025-03-15 22:48:39.690446,0.0,PayPal,West,Processing,472.78
688,279,2025-01-05 22:48:39.690447,0.0,Bank Transfer,North,Shipped,2195.64
689,576,2025-05-07 22:48:39.690447,0.0,Bank Transfer,North,Delivered,2025.5500000000002
690,632,2024-11-13 22:48:39.690448,0.0,Debit Card,West,Shipped,1298.3
691,531,2024-12-01 22:48:39.690449,0.0,PayPal,West,Delivered,1546.26
692,909,2025-01-30 22:48:39.690450,0.0,PayPal,North,Processing,1840.3600000000001
693,416,2025-07-02 22:48:39.690450,0.0,PayPal,South,Delivered,1172.73
694,346,2025-05-08 22:48:39.690451,0.0,PayPal,East,Delivered,2931.9300000000003
695,399,2025-06-30 22:48:39.690452,0.0,PayPal,East,Delivered,343.43
696,985,2025-04-13 22:48:39.690453,0.0,Debit Card,East,Delivered,3319.83
697,763,2024-09-07 22:48:39.690453,0.0,Debit Card,West,Processing,528.5999999999999
698,702,2025-06-13 22:48:39.690454,0.0,Bank Transfer,East,Delivered,1549.84
699,951,2024-09-13 22:48:39.690455,0.0,Debit Card,North,Processing,1559.17
700,48,2025-05-19 22:48:39.690456,0.0,PayPal,North,Shipped,2837.21
701,759,2024-10-24 22:48:39.690456,0.0,Bank Transfer,South,Delivered,859.2
702,590,2024-11-05 22:48:39.690457,0.0,PayPal,North,Cancelled,2633.46
703,843,2024-12-02 22:48:39.690458,0.0,PayPal,East,Processing,1050.1599999999999
704,57,2024-11-26 22:48:39.690459,0.0,Bank Transfer,West,Delivered,1006.46
705,745,2024-11-18 22:48:39.690459,0.0,PayPal,North,Processing,2522.4700000000003
706,169,2025-05-03 22:48:39.690460,0.0,PayPal,North,Shipped,1457.03
707,593,2025-03-25 22:48:39.690461,0.0,Bank Transfer,South,Cancelled,1046.91
708,851,2025-05-20 22:48:39.690462,0.0,Bank Transfer,East,Delivered,1792.1
709,542,2025-06-03 22:48:39.690462,0.0,Bank Transfer,East,Processing,1665.55
710,285,2025-04-19 22:48:39.690463,0.0,Credit Card,North,Processing,3373.29
711,837,2024-10-15 22:48:39.690464,0.0,Credit Card,South,Processing,1945.43
712,735,2024-09-29 22:48:39.690465,0.0,Bank Transfer,West,Processing,680.68
713,377,2025-01-10 22:48:39.690465,0.0,Bank Transfer,West,Delivered,1863.33
714,725,2024-11-22 22:48:39.690466,0.0,Debit Card,West,Cancelled,1291.9399999999998
715,381,2024-10-11 22:48:39.690467,0.0,Credit Card,South,Cancelled,519.18
716,471,2024-11-08 22:48:39.690467,0.0,Debit Card,North,Shipped,314.77
717,18,2024-11-07 22:48:39.690468,0.0,PayPal,East,Delivered,2740.7999999999997
718,237,2025-04-10 22:48:39.690469,0.0,Bank Transfer,East,Shipped,1840.6100000000001
719,360,2024-10-01 22:48:39.690470,0.0,Bank Transfer,East,Shipped,193.32
720,555,2025-01-19 22:48:39.690470,0.0,Debit Card,South,Cancelled,134.31
721,188,2024-10-23 22:48:39.690471,0.0,Bank Transfer,South,Delivered,841.6
722,954,2025-01-17 22:48:39.690472,0.0,Debit Card,East,Shipped,1193.27
723,831,2025-03-23 22:48:39.690473,0.0,Credit Card,South,Delivered,451.43999999999994
724,26,2024-12-08 22:48:39.690473,0.0,PayPal,East,Shipped,1422.81
725,975,2025-07-11 22:48:39.690474,0.0,Bank Transfer,South,Cancelled,1576.8600000000001
726,91,2025-07-16 22:48:39.690475,0.0,Debit Card,South,Delivered,386.26
727,685,2024-09-12 22:48:39.690476,0.0,Bank Transfer,North,Processing,1030.29
728,368,2024-11-10 22:48:39.690476,0.0,Debit Card,West,Delivered,197.61
729,945,2024-10-23 22:48:39.690477,0.0,PayPal,East,Cancelled,3043.58
730,159,2025-05-03 22:48:39.690478,0.0,PayPal,North,Delivered,19.74
731,545,2024-07-26 22:48:39.690479,0.0,PayPal,East,Delivered,974.13
732,278,2024-12-12 22:48:39.690479,0.0,Debit Card,South,Delivered,1186.32
733,418,2025-07-09 22:48:39.690480,0.0,Debit Card,North,Delivered,1530.81
734,197,2024-08-08 22:48:39.690481,0.0,Credit Card,East,Shipped,855.16
735,414,2024-11-23 22:48:39.690482,0.0,PayPal,South,Processing,2922.2200000000003
736,371,2025-06-14 22:48:39.690482,0.0,Credit Card,North,Delivered,912.55
737,200,2025-03-18 22:48:39.690483,0.0,PayPal,West,Delivered,1266.78
738,958,2025-05-21 22:48:39.690484,0.0,Bank Transfer,North,Delivered,2083.53
739,996,2025-01-29 22:48:39.690485,0.0,Debit Card,West,Shipped,2363.42
740,513,2024-08-31 22:48:39.690485,0.0,Credit Card,North,Delivered,2028.26
741,874,2025-06-20 22:48:39.690486,0.0,Bank Transfer,North,Shipped,1804.38
742,498,2025-06-15 22:48:39.690487,0.0,Bank Transfer,East,Shipped,2203.0499999999997
743,861,2024-08-03 22:48:39.690488,0.0,Debit Card,South,Processing,4712.54
744,276,2025-05-10 22:48:39.690488,0.0,Credit Card,North,Delivered,1054.71
745,178,2025-02-18 22:48:39.690489,0.0,PayPal,East,Delivered,3166.5
746,643,2025-03-25 22:48:39.690490,0.0,Credit Card,West,Delivered,2430.3
747,130,2024-10-15 22:48:39.690490,0.0,PayPal,East,Shipped,860.44
748,643,2024-07-29 22:48:39.690491,0.0,Credit Card,East,Delivered,1442.99
749,412,2024-09-17 22:48:39.690492,0.0,PayPal,West,Delivered,3348.16
750,228,2024-09-30 22:48:39.690493,0.0,Debit Card,North,Delivered,648.34
751,999,2024-11-02 22:48:39.690494,0.0,Credit Card,East,Shipped,1517.95
752,708,2025-04-24 22:48:39.690494,0.0,PayPal,North,Shipped,2847.93
753,79,2025-05-25 22:48:39.690495,0.0,Debit Card,South,Shipped,956.56
754,138,2024-08-20 22:48:39.690496,0.0,Credit Card,South,Shipped,2927.17
755,457,2025-02-28 22:48:39.690497,0.0,Debit Card,West,Shipped,1341.94
756,270,2024-09-15 22:48:39.690497,0.0,Credit Card,East,Delivered,1466.68
757,439,2025-01-22 22:48:39.690498,0.0,Debit Card,West,Delivered,344.07
758,8,2025-01-23 22:48:39.690499,0.0,Bank Transfer,South,Shipped,1033.4
759,388,2024-09-15 22:48:39.690500,0.0,Bank Transfer,North,Cancelled,29.82
760,788,2024-12-03 22:48:39.690500,0.0,PayPal,East,Shipped,2884.79
761,375,2025-01-25 22:48:39.690501,0.0,Debit Card,North,Processing,772.9499999999999
762,132,2024-10-13 22:48:39.690502,0.0,PayPal,North,Shipped,1477.0
763,898,2024-07-31 22:48:39.690503,0.0,Credit Card,West,Shipped,335.96
764,449,2025-07-19 22:48:39.690503,0.0,PayPal,West,Delivered,498.61
765,689,2024-08-20 22:48:39.690504,0.0,PayPal,South,Processing,1276.21
766,742,2025-03-05 22:48:39.690505,0.0,Credit Card,South,Delivered,1086.48
767,17,2024-09-24 22:48:39.690505,0.0,Debit Card,North,Shipped,300.33000000000004
768,983,2025-02-04 22:48:39.690506,0.0,PayPal,East,Delivered,264.46
769,544,2025-03-13 22:48:39.690507,0.0,Credit Card,East,Delivered,2228.49
770,716,2025-06-26 22:48:39.690508,0.0,Debit Card,South,Delivered,921.3000000000001
771,73,2025-02-27 22:48:39.690508,0.0,Bank Transfer,East,Shipped,3824.57
772,752,2024-11-14 22:48:39.690509,0.0,Credit Card,South,Cancelled,952.9100000000001
773,24,2024-10-09 22:48:39.690510,0.0,Debit Card,South,Shipped,2170.32
774,370,2025-01-05 22:48:39.690511,0.0,PayPal,West,Delivered,2995.31
775,846,2025-04-18 22:48:39.690511,0.0,Bank Transfer,West,Shipped,1801.74
776,371,2025-04-05 22:48:39.690512,0.0,PayPal,West,Delivered,1833.42
777,765,2025-04-18 22:48:39.690513,0.0,PayPal,North,Shipped,2520.89
778,782,2025-02-07 22:48:39.690514,0.0,Bank Transfer,North,Delivered,1644.27
779,317,2024-09-01 22:48:39.690514,0.0,Bank Transfer,East,Shipped,16.06
780,99,2025-01-15 22:48:39.690515,0.0,Debit Card,East,Delivered,2001.87
781,666,2024-12-02 22:48:39.690516,0.0,Credit Card,South,Delivered,793.88
782,42,2024-09-24 22:48:39.690517,0.0,Debit Card,East,Shipped,1719.69
783,978,2024-09-16 22:48:39.690517,0.0,Debit Card,South,Delivered,1842.98
784,961,2025-01-11 22:48:39.690518,0.0,Bank Transfer,East,Processing,2761.21
785,505,2024-08-14 22:48:39.690519,0.0,Debit Card,West,Shipped,938.29
786,692,2025-06-03 22:48:39.690519,0.0,Bank Transfer,East,Processing,3359.24
787,293,2024-08-22 22:48:39.690520,0.0,Debit Card,West,Delivered,2129.59
788,464,2024-12-28 22:48:39.690521,0.0,Credit Card,North,Processing,2263.91
789,1,2025-01-21 22:48:39.690522,0.0,PayPal,East,Processing,2869.8
790,427,2024-11-23 22:48:39.690522,0.0,Debit Card,West,Delivered,1395.99
791,116,2024-08-02 22:48:39.690523,0.0,Credit Card,South,Shipped,306.3
792,982,2025-07-09 22:48:39.690524,0.0,Credit Card,West,Processing,2169.35
793,376,2024-08-02 22:48:39.690525,0.0,Credit Card,East,Delivered,1127.11
794,35,2025-02-08 22:48:39.690525,0.0,PayPal,North,Delivered,2816.59
795,988,2025-02-19 22:48:39.690526,0.0,Credit Card,West,Delivered,1409.66
796,114,2025-06-02 22:48:39.690527,0.0,Debit Card,North,Shipped,1550.87
797,65,2025-04-25 22:48:39.690528,0.0,Bank Transfer,North,Delivered,1338.8500000000001
798,465,2025-03-06 22:48:39.690528,0.0,Bank Transfer,South,Delivered,723.52
799,158,2024-10-21 22:48:39.690529,0.0,PayPal,East,Shipped,588.13
800,877,2025-01-26 22:48:39.690530,0.0,PayPal,South,Shipped,1844.44
801,265,2024-10-27 22:48:39.690531,0.0,Debit Card,West,Shipped,940.48
802,896,2024-10-18 22:48:39.690531,0.0,Debit Card,East,Processing,1245.0
803,342,2025-04-28 22:48:39.690532,0.0,PayPal,North,Processing,2669.3500000000004
804,569,2025-06-28 22:48:39.690533,0.0,Bank Transfer,South,Delivered,1170.9
805,516,2024-09-15 22:48:39.690534,0.0,Debit Card,West,Shipped,1107.21
806,932,2025-02-22 22:48:39.690534,0.0,PayPal,South,Delivered,59.11
807,571,2024-11-11 22:48:39.690535,0.0,PayPal,South,Delivered,331.01
808,618,2025-03-14 22:48:39.690536,0.0,Debit Card,North,Delivered,1778.69
809,471,2025-06-16 22:48:39.690537,0.0,Bank Transfer,South,Shipped,1390.3400000000001
810,548,2025-02-01 22:48:39.690537,0.0,Bank Transfer,West,Delivered,2009.71
811,3,2024-11-15 22:48:39.690538,0.0,PayPal,East,Processing,1409.9
812,232,2024-10-27 22:48:39.690539,0.0,Bank Transfer,North,Delivered,3612.19
813,969,2025-04-11 22:48:39.690540,0.0,Credit Card,North,Shipped,3663.5
814,846,2025-06-03 22:48:39.690540,0.0,Bank Transfer,East,Processing,334.45
815,930,2025-05-02 22:48:39.690541,0.0,Credit Card,East,Delivered,910.3799999999999
816,63,2024-09-10 22:48:39.690542,0.0,Credit Card,East,Shipped,371.7
817,344,2025-05-29 22:48:39.690543,0.0,PayPal,South,Processing,1060.08
818,286,2025-05-15 22:48:39.690543,0.0,Credit Card,North,Delivered,248.88
819,841,2025-06-04 22:48:39.690544,0.0,Bank Transfer,North,Delivered,1899.02
820,743,2024-11-07 22:48:39.690545,0.0,Bank Transfer,East,Delivered,1440.8999999999999
821,136,2025-02-28 22:48:39.690545,0.0,Credit Card,North,Delivered,2752.56
822,636,2025-06-24 22:48:39.690546,0.0,Bank Transfer,East,Delivered,1923.67
823,125,2025-02-27 22:48:39.690547,0.0,PayPal,West,Shipped,2220.92
824,680,2024-09-07 22:48:39.690548,0.0,PayPal,West,Delivered,518.44
825,530,2024-09-18 22:48:39.690548,0.0,Credit Card,North,Delivered,3330.33
826,131,2025-05-19 22:48:39.690549,0.0,Credit Card,West,Delivered,250.81
827,262,2025-03-12 22:48:39.690550,0.0,Credit Card,North,Delivered,1561.06
828,13,2024-12-04 22:48:39.690551,0.0,Credit Card,North,Delivered,2989.5699999999997
829,702,2025-07-03 22:48:39.690551,0.0,Debit Card,West,Delivered,623.1899999999999
830,590,2024-08-12 22:48:39.690552,0.0,Credit Card,West,Processing,399.66
831,808,2025-02-18 22:48:39.690553,0.0,PayPal,South,Processing,1213.3
832,448,2025-02-12 22:48:39.690554,0.0,Credit Card,South,Shipped,1350.18
833,372,2025-03-27 22:48:39.690554,0.0,Debit Card,East,Delivered,500.5
834,751,2025-03-08 22:48:39.690555,0.0,Debit Card,North,Shipped,2460.85
835,98,2024-10-23 22:48:39.690556,0.0,Debit Card,South,Delivered,281.13
836,454,2024-07-30 22:48:39.690557,0.0,Credit Card,North,Delivered,2227.1800000000003
837,815,2025-04-11 22:48:39.690557,0.0,Debit Card,South,Delivered,456.90999999999997
838,900,2025-02-24 22:48:39.690558,0.0,Credit Card,South,Shipped,279.0
839,842,2025-03-25 22:48:39.690559,0.0,PayPal,South,Delivered,1713.95
840,841,2024-12-21 22:48:39.690559,0.0,Bank Transfer,West,Delivered,518.12
841,245,2025-06-21 22:48:39.690560,0.0,Debit Card,South,Delivered,3111.66
842,10,2025-03-04 22:48:39.690561,0.0,Bank Transfer,North,Shipped,2454.64
843,803,2024-10-09 22:48:39.690562,0.0,Bank Transfer,West,Delivered,793.88
844,560,2025-02-07 22:48:39.690562,0.0,Bank Transfer,North,Shipped,2927.38
845,659,2025-05-01 22:48:39.690563,0.0,Bank Transfer,West,Shipped,1509.5
846,360,2025-04-20 22:48:39.690564,0.0,Credit Card,West,Delivered,2068.23
847,446,2025-02-09 22:48:39.690564,0.0,PayPal,South,Processing,2327.8
848,705,2025-03-27 22:48:39.690565,0.0,Credit Card,South,Delivered,209.79000000000002
849,724,2024-11-20 22:48:39.690566,0.0,Bank Transfer,South,Shipped,3810.9
850,599,2025-01-12 22:48:39.690567,0.0,PayPal,West,Delivered,1735.82
851,659,2024-09-23 22:48:39.690567,0.0,Credit Card,West,Delivered,3019.5
852,324,2025-01-19 22:48:39.690568,0.0,Debit Card,East,Delivered,1492.56
853,379,2025-05-31 22:48:39.690569,0.0,Bank Transfer,West,Shipped,1765.98
854,282,2024-07-25 22:48:39.690570,0.0,Credit Card,East,Shipped,900.34
855,564,2024-12-10 22:48:39.690571,0.0,Credit Card,West,Shipped,1073.83
856,102,2024-08-03 22:48:39.690571,0.0,PayPal,South,Processing,2120.21
857,387,2025-04-22 22:48:39.690572,0.0,Debit Card,South,Shipped,580.86
858,270,2025-02-05 22:48:39.690573,0.0,Bank Transfer,North,Delivered,1945.67
859,149,2025-07-01 22:48:39.690573,0.0,Debit Card,South,Delivered,685.3199999999999
860,208,2024-11-29 22:48:39.690574,0.0,Debit Card,South,Shipped,2203.19
861,210,2025-01-03 22:48:39.690575,0.0,Credit Card,North,Shipped,2034.17
862,905,2025-03-27 22:48:39.690576,0.0,Bank Transfer,North,Delivered,1002.44
863,364,2024-12-02 22:48:39.690577,0.0,Debit Card,North,Delivered,42.15
864,187,2024-10-24 22:48:39.690577,0.0,PayPal,East,Processing,1750.63
865,117,2024-09-20 22:48:39.690578,0.0,PayPal,South,Delivered,1506.1399999999999
866,702,2025-01-06 22:48:39.690579,0.0,Bank Transfer,East,Delivered,2567.0299999999997
867,53,2025-03-15 22:48:39.690579,0.0,Bank Transfer,West,Processing,1199.46
868,713,2025-01-24 22:48:39.690580,0.0,PayPal,East,Processing,258.91
869,995,2024-09-09 22:48:39.690581,0.0,PayPal,South,Shipped,3008.9399999999996
870,19,2024-11-09 22:48:39.690582,0.0,PayPal,West,Delivered,2855.3199999999997
871,205,2025-02-18 22:48:39.690582,0.0,Bank Transfer,East,Delivered,1391.48
872,763,2025-07-02 22:48:39.690583,0.0,PayPal,South,Delivered,2869.78
873,781,2024-07-29 22:48:39.690584,0.0,Debit Card,East,Delivered,1167.95
874,880,2024-09-24 22:48:39.690585,0.0,Debit Card,South,Processing,2345.06
875,404,2025-01-17 22:48:39.690585,0.0,Credit Card,West,Delivered,2364.66
876,651,2025-06-14 22:48:39.690586,0.0,Debit Card,North,Delivered,1200.0
877,364,2024-11-21 22:48:39.690587,0.0,Credit Card,North,Shipped,2395.55
878,785,2024-08-03 22:48:39.690588,0.0,Debit Card,South,Shipped,359.88
879,376,2024-08-05 22:48:39.690588,0.0,Credit Card,South,Delivered,1402.04
880,579,2025-06-08 22:48:39.690589,0.0,Debit Card,North,Delivered,1781.65
881,297,2024-12-06 22:48:39.690590,0.0,Debit Card,East,Delivered,888.12
882,698,2025-04-17 22:48:39.690590,0.0,Credit Card,North,Delivered,1370.74
883,290,2025-02-18 22:48:39.690591,0.0,Bank Transfer,South,Delivered,2512.01
884,937,2025-03-10 22:48:39.690592,0.0,Bank Transfer,South,Delivered,1524.2800000000002
885,862,2024-11-26 22:48:39.690593,0.0,Bank Transfer,South,Processing,1579.1100000000001
886,185,2025-07-21 22:48:39.690593,0.0,Bank Transfer,East,Processing,2006.01
887,298,2025-01-07 22:48:39.690594,0.0,Bank Transfer,South,Shipped,2332.97
888,57,2025-03-24 22:48:39.690595,0.0,Bank Transfer,West,Shipped,2723.63
889,940,2024-11-10 22:48:39.690596,0.0,Debit Card,West,Cancelled,1786.97
890,496,2025-02-17 22:48:39.690596,0.0,Credit Card,South,Shipped,1964.26
891,730,2024-09-03 22:48:39.690597,0.0,PayPal,South,Shipped,865.22
892,495,2025-01-21 22:48:39.690598,0.0,Credit Card,West,Delivered,1565.8
893,347,2025-04-23 22:48:39.690599,0.0,Bank Transfer,North,Processing,2878.38
894,565,2024-11-05 22:48:39.690600,0.0,PayPal,South,Shipped,1172.49
895,34,2025-05-17 22:48:39.690600,0.0,Bank Transfer,North,Delivered,231.76999999999998
896,876,2024-07-22 22:48:39.690601,0.0,PayPal,South,Cancelled,1142.08
897,192,2024-12-25 22:48:39.690602,0.0,Debit Card,West,Processing,93.72
898,198,2024-09-15 22:48:39.690603,0.0,Debit Card,East,Processing,1163.93
899,879,2024-10-29 22:48:39.690603,0.0,Credit Card,North,Processing,487.28
900,679,2025-01-23 22:48:39.690604,0.0,Debit Card,East,Delivered,427.58
901,440,2025-05-24 22:48:39.690605,0.0,Debit Card,North,Delivered,756.98
902,89,2025-07-01 22:48:39.690606,0.0,Credit Card,West,Shipped,1436.49
903,843,2025-05-09 22:48:39.690606,0.0,Credit Card,South,Delivered,421.34000000000003
904,252,2025-01-12 22:48:39.690607,0.0,Credit Card,East,Delivered,2486.4300000000003
905,239,2024-08-05 22:48:39.690608,0.0,Debit Card,East,Delivered,1184.1499999999999
906,496,2024-09-03 22:48:39.690608,0.0,Debit Card,North,Cancelled,1914.06
907,816,2024-11-27 22:48:39.690609,0.0,Bank Transfer,North,Delivered,1090.27
908,568,2024-09-04 22:48:39.690610,0.0,Bank Transfer,South,Shipped,225.21
909,644,2024-12-11 22:48:39.690611,0.0,Bank Transfer,South,Shipped,904.74
910,162,2025-02-19 22:48:39.690611,0.0,Bank Transfer,West,Shipped,1668.9
911,577,2024-10-18 22:48:39.690612,0.0,Credit Card,North,Processing,1915.92
912,770,2025-03-18 22:48:39.690613,0.0,PayPal,North,Shipped,1765.79
913,164,2024-08-10 22:48:39.690614,0.0,Debit Card,North,Shipped,1410.52
914,831,2025-06-18 22:48:39.690614,0.0,Credit Card,East,Delivered,926.76
915,173,2025-03-22 22:48:39.690615,0.0,Bank Transfer,West,Shipped,2170.59
916,471,2024-10-10 22:48:39.690616,0.0,Bank Transfer,East,Delivered,678.51
917,596,2025-01-04 22:48:39.690617,0.0,PayPal,East,Shipped,1611.62
918,622,2024-08-12 22:48:39.690617,0.0,Bank Transfer,South,Delivered,3391.9300000000003
919,956,2025-06-28 22:48:39.690618,0.0,Bank Transfer,North,Shipped,1706.48
920,828,2024-10-10 22:48:39.690619,0.0,PayPal,East,Shipped,35.49
921,562,2025-01-19 22:48:39.690620,0.0,Bank Transfer,South,Shipped,2913.46
922,709,2024-11-04 22:48:39.690620,0.0,Debit Card,West,Delivered,569.06
923,270,2024-08-19 22:48:39.690621,0.0,PayPal,North,Delivered,629.0699999999999
924,92,2025-01-12 22:48:39.690622,0.0,PayPal,East,Delivered,261.33000000000004
925,14,2025-02-21 22:48:39.690622,0.0,PayPal,West,Shipped,2302.92
926,156,2024-09-03 22:48:39.690623,0.0,PayPal,West,Delivered,1611.68
927,902,2025-01-14 22:48:39.690624,0.0,PayPal,West,Delivered,2000.84
928,772,2024-08-18 22:48:39.690625,0.0,PayPal,South,Delivered,2220.66
929,177,2025-07-04 22:48:39.690625,0.0,PayPal,South,Delivered,2466.11
930,756,2025-02-22 22:48:39.690626,0.0,Debit Card,West,Shipped,1273.04
931,291,2025-07-02 22:48:39.690627,0.0,Credit Card,West,Shipped,1929.17
932,463,2025-05-03 22:48:39.690628,0.0,Credit Card,South,Shipped,1953.64
933,564,2025-06-11 22:48:39.690628,0.0,PayPal,North,Shipped,1075.62
934,77,2025-04-23 22:48:39.690629,0.0,Debit Card,West,Delivered,2529.2
935,867,2025-04-24 22:48:39.690630,0.0,Debit Card,South,Delivered,616.8
936,144,2024-08-27 22:48:39.690630,0.0,PayPal,South,Cancelled,1914.6
937,7,2025-01-29 22:48:39.690631,0.0,Credit Card,East,Delivered,2449.38
938,844,2025-03-02 22:48:39.690632,0.0,Debit Card,North,Delivered,2557.5
939,151,2025-06-07 22:48:39.690633,0.0,Bank Transfer,West,Shipped,459.47
940,781,2025-04-27 22:48:39.690633,0.0,Credit Card,East,Delivered,2537.36
941,897,2024-11-04 22:48:39.690634,0.0,Debit Card,East,Delivered,1690.86
942,737,2025-04-04 22:48:39.690635,0.0,Credit Card,South,Shipped,2019.2
943,457,2025-03-25 22:48:39.690636,0.0,Debit Card,North,Delivered,1454.03
944,365,2025-05-07 22:48:39.690636,0.0,Bank Transfer,West,Delivered,703.88
945,290,2024-12-23 22:48:39.690637,0.0,PayPal,South,Shipped,2684.91
946,936,2025-02-22 22:48:39.690638,0.0,Credit Card,South,Delivered,1206.77
947,745,2024-10-25 22:48:39.690639,0.0,Bank Transfer,South,Delivered,259.0
948,186,2025-04-11 22:48:39.690639,0.0,Credit Card,East,Delivered,1868.5
949,391,2025-02-18 22:48:39.690640,0.0,PayPal,North,Delivered,1437.25
950,510,2025-03-11 22:48:39.690641,0.0,Bank Transfer,North,Delivered,1607.6599999999999
951,240,2025-02-07 22:48:39.690642,0.0,PayPal,North,Processing,1036.42
952,587,2025-06-17 22:48:39.690642,0.0,Debit Card,North,Processing,875.93
953,477,2025-05-13 22:48:39.690643,0.0,Debit Card,West,Shipped,148.73
954,171,2024-12-15 22:48:39.690644,0.0,Bank Transfer,East,Shipped,604.75
955,482,2025-01-08 22:48:39.690644,0.0,PayPal,East,Delivered,710.38
956,154,2025-06-28 22:48:39.690645,0.0,Bank Transfer,North,Delivered,1261.4299999999998
957,702,2025-07-09 22:48:39.690646,0.0,Debit Card,South,Delivered,364.9
958,992,2024-10-05 22:48:39.690647,0.0,PayPal,North,Delivered,1372.1499999999999
959,974,2025-01-18 22:48:39.690647,0.0,Debit Card,West,Processing,1927.44
960,121,2025-02-06 22:48:39.690648,0.0,PayPal,West,Shipped,1082.01
961,972,2025-03-21 22:48:39.690649,0.0,PayPal,West,Processing,614.6800000000001
962,952,2025-07-08 22:48:39.690649,0.0,Debit Card,West,Delivered,1972.56
963,593,2025-05-25 22:48:39.690650,0.0,Debit Card,North,Shipped,1875.29
964,551,2025-03-31 22:48:39.690651,0.0,Debit Card,North,Shipped,1335.6599999999999
965,616,2024-10-17 22:48:39.690652,0.0,Debit Card,West,Shipped,3240.35
966,529,2024-10-29 22:48:39.690653,0.0,PayPal,North,Cancelled,1281.91
967,418,2024-10-07 22:48:39.690653,0.0,Bank Transfer,West,Cancelled,1122.24
968,903,2024-12-14 22:48:39.690654,0.0,Credit Card,West,Delivered,1497.75
969,847,2025-05-31 22:48:39.690655,0.0,PayPal,North,Delivered,2435.1
970,133,2025-01-31 22:48:39.690656,0.0,Debit Card,North,Delivered,491.15999999999997
971,623,2025-07-21 22:48:39.690656,0.0,PayPal,North,Shipped,72.62
972,973,2025-06-25 22:48:39.690657,0.0,Bank Transfer,South,Shipped,751.6800000000001
973,418,2024-08-18 22:48:39.690658,0.0,Bank Transfer,West,Delivered,856.1700000000001
974,371,2024-09-12 22:48:39.690659,0.0,Credit Card,West,Shipped,1175.34
975,128,2024-12-22 22:48:39.690659,0.0,PayPal,West,Delivered,1357.02
976,7,2025-02-28 22:48:39.690660,0.0,Bank Transfer,East,Delivered,1204.27
977,746,2024-09-14 22:48:39.690661,0.0,Debit Card,South,Delivered,342.04
978,41,2024-12-21 22:48:39.690662,0.0,PayPal,South,Delivered,2805.59
979,412,2024-08-11 22:48:39.690663,0.0,Debit Card,West,Shipped,1914.3
980,262,2025-02-13 22:48:39.690663,0.0,PayPal,West,Delivered,539.8199999999999
981,507,2024-12-17 22:48:39.690664,0.0,PayPal,South,Shipped,494.17999999999995
982,141,2024-11-21 22:48:39.690665,0.0,Credit Card,East,Delivered,347.73
983,636,2025-05-12 22:48:39.690665,0.0,Debit Card,East,Shipped,1684.2500000000002
984,945,2025-05-09 22:48:39.690666,0.0,Credit Card,North,Processing,3584.11
985,297,2024-08-25 22:48:39.690667,0.0,Bank Transfer,South,Delivered,1009.8000000000001
986,154,2024-12-04 22:48:39.690668,0.0,Credit Card,West,Shipped,3368.4799999999996
987,274,2024-09-17 22:48:39.690668,0.0,Bank Transfer,South,Shipped,1401.41
988,814,2024-09-06 22:48:39.690669,0.0,PayPal,East,Processing,874.8199999999999
989,921,2024-12-17 22:48:39.690670,0.0,Bank Transfer,South,Shipped,2637.8500000000004
990,745,2025-03-20 22:48:39.690671,0.0,PayPal,West,Shipped,361.62
991,629,2024-10-04 22:48:39.690671,0.0,Bank Transfer,South,Processing,209.3
992,626,2024-12-19 22:48:39.690672,0.0,Credit Card,North,Processing,3271.6
993,103,2025-06-14 22:48:39.690673,0.0,Bank Transfer,West,Processing,1993.6399999999999
994,11,2024-12-29 22:48:39.690674,0.0,Bank Transfer,East,Shipped,258.09
995,454,2025-05-30 22:48:39.690674,0.0,PayPal,South,Shipped,3066.81
996,147,2024-09-13 22:48:39.690675,0.0,PayPal,East,Processing,235.72
997,314,2024-12-06 22:48:39.690676,0.0,Debit Card,East,Shipped,557.58
998,909,2025-04-05 22:48:39.690676,0.0,Bank Transfer,North,Processing,2192.6499999999996
999,730,2024-08-17 22:48:39.690677,0.0,Bank Transfer,North,Delivered,1868.72
1000,436,2025-02-25 22:48:39.690678,0.0,Credit Card,East,Delivered,994.06
1001,213,2024-09-17 22:48:39.690679,0.0,Credit Card,West,Processing,1252.67
1002,829,2025-04-09 22:48:39.690679,0.0,Debit Card,North,Processing,871.5
1003,607,2025-02-02 22:48:39.690680,0.0,Credit Card,East,Shipped,1515.08
1004,125,2024-10-24 22:48:39.690681,0.0,Credit Card,South,Shipped,402.75
1005,876,2025-06-24 22:48:39.690682,0.0,PayPal,North,Shipped,2413.84
1006,762,2025-01-08 22:48:39.690682,0.0,Debit Card,North,Delivered,3085.23
1007,345,2025-01-09 22:48:39.690683,0.0,Bank Transfer,East,Processing,1698.51
1008,552,2024-11-04 22:48:39.690684,0.0,Bank Transfer,North,Delivered,2386.76
1009,793,2024-09-09 22:48:39.690685,0.0,PayPal,West,Delivered,2698.16
1010,847,2025-06-21 22:48:39.690685,0.0,Debit Card,South,Delivered,562.4200000000001
1011,149,2024-10-20 22:48:39.690686,0.0,Debit Card,East,Processing,1159.13
1012,924,2025-01-01 22:48:39.690687,0.0,Credit Card,East,Shipped,959.56
1013,948,2025-05-23 22:48:39.690688,0.0,Credit Card,North,Shipped,2952.24
1014,970,2025-04-22 22:48:39.690688,0.0,Debit Card,East,Processing,1646.59
1015,233,2025-07-20 22:48:39.690689,0.0,Credit Card,East,Delivered,566.58
1016,211,2024-09-05 22:48:39.690690,0.0,Bank Transfer,West,Delivered,3298.0499999999997
1017,654,2024-11-27 22:48:39.690691,0.0,Debit Card,East,Delivered,1316.46
1018,873,2025-01-11 22:48:39.690691,0.0,Debit Card,West,Delivered,958.52
1019,985,2024-08-21 22:48:39.690692,0.0,PayPal,North,Processing,1317.3600000000001
1020,290,2024-10-12 22:48:39.690693,0.0,Bank Transfer,East,Cancelled,1455.3700000000001
1021,631,2025-02-10 22:48:39.690693,0.0,Debit Card,West,Shipped,2838.56
1022,970,2025-02-13 22:48:39.690694,0.0,Credit Card,East,Delivered,2945.94
1023,511,2025-01-31 22:48:39.690695,0.0,Debit Card,South,Shipped,1106.56
1024,539,2024-09-17 22:48:39.690696,0.0,PayPal,South,Shipped,1095.21
1025,163,2024-08-08 22:48:39.690697,0.0,PayPal,East,Delivered,1415.68
1026,757,2025-05-26 22:48:39.690697,0.0,Bank Transfer,North,Delivered,527.34
1027,656,2024-12-26 22:48:39.690698,0.0,Bank Transfer,North,Processing,2601.9
1028,530,2024-08-29 22:48:39.690699,0.0,Bank Transfer,North,Shipped,2942.29
1029,358,2024-10-17 22:48:39.690700,0.0,PayPal,East,Shipped,2287.9300000000003
1030,313,2025-02-23 22:48:39.690700,0.0,Debit Card,West,Cancelled,1403.1599999999999
1031,413,2024-08-23 22:48:39.690701,0.0,Debit Card,West,Delivered,711.99
1032,660,2024-11-06 22:48:39.690702,0.0,PayPal,North,Processing,1545.29
1033,470,2025-07-01 22:48:39.690703,0.0,Bank Transfer,East,Shipped,3256.27
1034,127,2024-11-15 22:48:39.690703,0.0,Debit Card,South,Delivered,815.72
1035,828,2025-06-17 22:48:39.690704,0.0,Credit Card,East,Delivered,1924.7800000000002
1036,487,2024-12-27 22:48:39.690705,0.0,Bank Transfer,West,Shipped,2223.99
1037,356,2025-03-14 22:48:39.690706,0.0,PayPal,East,Cancelled,67.89
1038,450,2025-04-11 22:48:39.690706,0.0,Debit Card,South,Shipped,2221.05
1039,605,2024-12-27 22:48:39.690707,0.0,Debit Card,West,Processing,832.98
1040,532,2025-04-24 22:48:39.690708,0.0,PayPal,North,Delivered,2882.51
1041,283,2024-12-13 22:48:39.690708,0.0,Bank Transfer,East,Delivered,3027.6400000000003
1042,438,2025-01-04 22:48:39.690709,0.0,Credit Card,East,Cancelled,1348.26
1043,96,2025-06-13 22:48:39.690710,0.0,Bank Transfer,South,Shipped,3775.34
1044,642,2024-09-05 22:48:39.690711,0.0,Debit Card,South,Processing,1813.4
1045,300,2024-10-14 22:48:39.690711,0.0,PayPal,West,Cancelled,1248.9299999999998
1046,690,2025-02-16 22:48:39.690712,0.0,Debit Card,East,Shipped,272.5
1047,120,2025-05-22 22:48:39.690713,0.0,Bank Transfer,West,Delivered,1127.7
1048,400,2025-01-14 22:48:39.690713,0.0,Bank Transfer,West,Processing,1009.24
1049,38,2024-09-11 22:48:39.690714,0.0,Bank Transfer,East,Shipped,273.72
1050,127,2024-12-04 22:48:39.690715,0.0,PayPal,South,Delivered,2026.1799999999998
1051,543,2025-07-07 22:48:39.690716,0.0,Credit Card,South,Shipped,1499.26
1052,552,2025-05-23 22:48:39.690716,0.0,PayPal,East,Processing,455.9
1053,719,2024-10-26 22:48:39.690717,0.0,PayPal,West,Shipped,417.48
1054,671,2025-02-20 22:48:39.690718,0.0,Bank Transfer,West,Shipped,635.95
1055,18,2025-03-09 22:48:39.690719,0.0,Bank Transfer,North,Processing,1438.94
1056,246,2025-05-20 22:48:39.690719,0.0,Bank Transfer,North,Delivered,1924.4099999999999
1057,214,2024-09-27 22:48:39.690720,0.0,PayPal,South,Delivered,2225.06
1058,35,2024-07-27 22:48:39.690721,0.0,Bank Transfer,East,Shipped,2313.19
1059,708,2025-05-01 22:48:39.690721,0.0,Debit Card,West,Delivered,3229.5299999999997
1060,777,2025-06-07 22:48:39.690722,0.0,Debit Card,East,Processing,1411.4099999999999
1061,741,2025-03-19 22:48:39.690723,0.0,Debit Card,East,Processing,420.78
1062,530,2025-03-14 22:48:39.690724,0.0,PayPal,East,Delivered,1164.31
1063,176,2025-01-12 22:48:39.690724,0.0,Credit Card,North,Delivered,2162.7
1064,498,2025-03-10 22:48:39.690725,0.0,Credit Card,South,Delivered,170.87
1065,841,2024-12-19 22:48:39.690726,0.0,Bank Transfer,East,Delivered,187.5
1066,651,2024-08-10 22:48:39.690726,0.0,Bank Transfer,North,Processing,491.32
1067,78,2024-08-22 22:48:39.690727,0.0,Credit Card,North,Shipped,2389.4100000000003
1068,800,2024-10-11 22:48:39.690728,0.0,Credit Card,East,Delivered,171.26
1069,246,2024-09-14 22:48:39.690729,0.0,Credit Card,West,Delivered,2301.02
1070,908,2024-12-30 22:48:39.690729,0.0,Credit Card,North,Shipped,1909.74
1071,321,2025-03-05 22:48:39.690730,0.0,Debit Card,West,Shipped,5172.72
1072,256,2025-02-06 22:48:39.690731,0.0,Credit Card,South,Delivered,197.61
1073,612,2024-08-27 22:48:39.690732,0.0,PayPal,West,Shipped,1001.84
1074,658,2025-04-08 22:48:39.690732,0.0,Bank Transfer,South,Delivered,1740.08
1075,349,2024-11-23 22:48:39.690733,0.0,PayPal,South,Delivered,924.4399999999999
1076,689,2025-03-28 22:48:39.690734,0.0,Debit Card,South,Delivered,2119.67
1077,979,2025-05-20 22:48:39.690735,0.0,Bank Transfer,North,Shipped,1700.73
1078,221,2024-11-13 22:48:39.690735,0.0,Debit Card,East,Processing,2525.76
1079,261,2025-04-29 22:48:39.690736,0.0,Credit Card,East,Processing,1186.0
1080,544,2024-12-09 22:48:39.690737,0.0,Debit Card,West,Shipped,860.61
1081,105,2024-09-25 22:48:39.690738,0.0,Bank Transfer,West,Delivered,2055.39
1082,199,2024-11-27 22:48:39.690738,0.0,PayPal,West,Shipped,689.35
1083,134,2024-10-17 22:48:39.690739,0.0,PayPal,North,Shipped,505.62
1084,104,2025-06-05 22:48:39.690740,0.0,Credit Card,North,Processing,2763.66
1085,577,2025-04-07 22:48:39.690740,0.0,Bank Transfer,West,Delivered,874.1299999999999
1086,240,2025-06-26 22:48:39.690741,0.0,Credit Card,East,Processing,1545.12
1087,277,2024-12-11 22:48:39.690742,0.0,Credit Card,South,Cancelled,1777.52
1088,629,2024-10-08 22:48:39.690743,0.0,Bank Transfer,West,Processing,269.42
1089,236,2025-07-05 22:48:39.690743,0.0,Debit Card,North,Delivered,236.79000000000002
1090,820,2024-11-12 22:48:39.690744,0.0,Credit Card,South,Shipped,1290.1399999999999
1091,938,2025-07-21 22:48:39.690745,0.0,Bank Transfer,West,Processing,310.25
1092,278,2025-06-12 22:48:39.690746,0.0,PayPal,North,Delivered,1879.2599999999998
1093,429,2025-07-16 22:48:39.690747,0.0,PayPal,South,Delivered,3125.0299999999997
1094,733,2025-02-23 22:48:39.690747,0.0,Bank Transfer,West,Shipped,1867.1
1095,782,2024-12-30 22:48:39.690748,0.0,PayPal,South,Processing,2670.96
1096,968,2025-01-27 22:48:39.690749,0.0,Credit Card,West,Shipped,990.96
1097,538,2024-12-31 22:48:39.690749,0.0,Bank Transfer,West,Shipped,1468.61
1098,323,2024-09-12 22:48:39.690750,0.0,PayPal,North,Shipped,1737.33
1099,529,2024-12-09 22:48:39.690751,0.0,PayPal,West,Shipped,2788.1499999999996
1100,609,2024-10-27 22:48:39.690752,0.0,Bank Transfer,East,Delivered,38.5
1101,196,2025-04-27 22:48:39.690752,0.0,Debit Card,South,Delivered,829.1800000000001
1102,521,2025-04-01 22:48:39.690753,0.0,Bank Transfer,East,Delivered,2694.13
1103,119,2024-08-26 22:48:39.690754,0.0,Bank Transfer,East,Processing,2734.71
1104,623,2025-06-24 22:48:39.690755,0.0,Bank Transfer,West,Processing,2838.07
1105,987,2025-03-04 22:48:39.690755,0.0,Debit Card,North,Delivered,292.77
1106,549,2024-11-02 22:48:39.690756,0.0,Debit Card,West,Processing,1549.85
1107,386,2024-12-15 22:48:39.690757,0.0,Debit Card,West,Delivered,657.6800000000001
1108,648,2024-10-31 22:48:39.690758,0.0,Bank Transfer,East,Shipped,1312.3200000000002
1109,529,2024-08-25 22:48:39.690758,0.0,Debit Card,South,Shipped,153.38
1110,44,2024-09-13 22:48:39.690759,0.0,Debit Card,East,Delivered,4222.57
1111,95,2025-06-19 22:48:39.690760,0.0,Debit Card,West,Delivered,862.2
1112,87,2025-05-28 22:48:39.690761,0.0,Credit Card,East,Delivered,940.5999999999999
1113,862,2025-02-16 22:48:39.690761,0.0,Debit Card,South,Processing,1451.05
1114,840,2025-06-09 22:48:39.690762,0.0,Debit Card,North,Shipped,795.89
1115,85,2025-03-26 22:48:39.690763,0.0,Debit Card,South,Processing,1174.6299999999999
1116,504,2024-10-12 22:48:39.690764,0.0,PayPal,East,Processing,1622.44
1117,5,2024-08-20 22:48:39.690764,0.0,Credit Card,East,Delivered,719.86
1118,620,2025-04-02 22:48:39.690765,0.0,Credit Card,North,Delivered,1717.29
1119,212,2024-11-12 22:48:39.690766,0.0,Bank Transfer,South,Shipped,254.23
1120,132,2024-10-13 22:48:39.690766,0.0,Debit Card,South,Delivered,2759.42
1121,110,2025-05-07 22:48:39.690767,0.0,Bank Transfer,East,Shipped,2650.69
1122,750,2024-10-02 22:48:39.690768,0.0,Debit Card,West,Delivered,673.18
1123,106,2025-01-30 22:48:39.690769,0.0,Debit Card,South,Delivered,3213.89
1124,880,2025-04-22 22:48:39.690770,0.0,Debit Card,East,Shipped,2842.7400000000002
1125,936,2024-12-10 22:48:39.690770,0.0,Bank Transfer,East,Processing,1684.58
1126,591,2024-09-18 22:48:39.690771,0.0,PayPal,South,Processing,2213.69
1127,46,2024-12-16 22:48:39.690772,0.0,PayPal,West,Shipped,1147.87
1128,351,2024-12-31 22:48:39.690773,0.0,PayPal,West,Shipped,1400.8
1129,485,2025-05-18 22:48:39.690773,0.0,Bank Transfer,North,Delivered,1309.35
1130,806,2025-06-12 22:48:39.690774,0.0,Bank Transfer,North,Shipped,928.35
1131,103,2025-02-25 22:48:39.690775,0.0,Bank Transfer,East,Shipped,130.58
1132,152,2024-11-17 22:48:39.690776,0.0,Credit Card,East,Delivered,1088.44
1133,569,2024-09-28 22:48:39.690776,0.0,PayPal,North,Delivered,1609.94
1134,563,2025-01-05 22:48:39.690777,0.0,Bank Transfer,East,Shipped,1566.8400000000001
1135,844,2025-02-10 22:48:39.690778,0.0,Credit Card,South,Processing,1529.8400000000001
1136,328,2025-04-22 22:48:39.690779,0.0,Credit Card,South,Delivered,2722.5299999999997
1137,835,2025-05-06 22:48:39.690779,0.0,Debit Card,North,Cancelled,1658.73
1138,922,2024-08-28 22:48:39.690780,0.0,Debit Card,West,Shipped,677.7
1139,886,2025-04-17 22:48:39.690781,0.0,Debit Card,West,Delivered,1180.29
1140,101,2025-03-03 22:48:39.690782,0.0,PayPal,East,Shipped,318.12
1141,44,2025-02-24 22:48:39.690782,0.0,Credit Card,East,Processing,2291.16
1142,592,2025-05-14 22:48:39.690783,0.0,Credit Card,South,Delivered,1799.5400000000002
1143,204,2024-10-22 22:48:39.690784,0.0,Credit Card,West,Shipped,798.64
1144,330,2024-12-02 22:48:39.690785,0.0,PayPal,West,Processing,2102.1
1145,105,2025-01-01 22:48:39.690785,0.0,Debit Card,East,Delivered,2608.63
1146,944,2025-01-02 22:48:39.690786,0.0,Debit Card,West,Processing,236.39
1147,43,2025-02-27 22:48:39.690787,0.0,PayPal,South,Delivered,1665.03
1148,842,2024-09-26 22:48:39.690788,0.0,PayPal,East,Shipped,1437.17
1149,967,2025-07-06 22:48:39.690788,0.0,Bank Transfer,East,Delivered,2128.36
1150,257,2025-03-14 22:48:39.690789,0.0,Bank Transfer,East,Delivered,1078.04
1151,473,2024-08-12 22:48:39.690790,0.0,PayPal,North,Shipped,1064.38
1152,878,2024-12-13 22:48:39.690791,0.0,Credit Card,South,Delivered,2020.04
1153,486,2025-01-29 22:48:39.690791,0.0,PayPal,East,Processing,3395.13
1154,698,2025-04-12 22:48:39.690792,0.0,PayPal,South,Delivered,714.78
1155,841,2024-10-08 22:48:39.690793,0.0,Credit Card,South,Delivered,2928.3599999999997
1156,820,2025-01-12 22:48:39.690794,0.0,Bank Transfer,North,Delivered,1334.49
1157,732,2024-08-02 22:48:39.690794,0.0,Debit Card,West,Shipped,438.33
1158,175,2024-10-29 22:48:39.690795,0.0,PayPal,East,Shipped,1361.1999999999998
1159,722,2025-03-03 22:48:39.690796,0.0,Credit Card,East,Shipped,491.90000000000003
1160,598,2025-01-31 22:48:39.690797,0.0,PayPal,West,Shipped,3888.4700000000003
1161,816,2024-08-18 22:48:39.690797,0.0,Credit Card,South,Delivered,2634.31
1162,505,2025-06-06 22:48:39.690798,0.0,Credit Card,West,Delivered,1386.3000000000002
1163,64,2025-04-18 22:48:39.690799,0.0,PayPal,East,Shipped,1785.52
1164,213,2025-05-28 22:48:39.690800,0.0,Bank Transfer,North,Delivered,1187.6299999999999
1165,988,2025-03-15 22:48:39.690800,0.0,Debit Card,West,Shipped,1967.72
1166,380,2025-01-19 22:48:39.690801,0.0,Credit Card,South,Delivered,1444.88
1167,823,2025-06-30 22:48:39.690802,0.0,PayPal,North,Shipped,133.38
1168,50,2025-01-08 22:48:39.690803,0.0,Credit Card,East,Shipped,1557.49
1169,475,2025-03-06 22:48:39.690803,0.0,Credit Card,South,Delivered,325.85
1170,318,2024-08-24 22:48:39.690804,0.0,Debit Card,North,Shipped,2273.1099999999997
1171,723,2025-06-05 22:48:39.690805,0.0,Bank Transfer,East,Delivered,2815.48
1172,829,2025-02-23 22:48:39.690805,0.0,Credit Card,East,Delivered,1907.0500000000002
1173,421,2025-07-15 22:48:39.690806,0.0,Bank Transfer,North,Delivered,1383.08
1174,584,2024-08-09 22:48:39.690807,0.0,Bank Transfer,East,Shipped,2646.77
1175,96,2024-10-04 22:48:39.690808,0.0,Credit Card,East,Processing,22.65
1176,813,2024-10-05 22:48:39.690808,0.0,PayPal,West,Delivered,349.74
1177,739,2025-05-16 22:48:39.690809,0.0,PayPal,West,Delivered,1101.57
1178,210,2024-12-13 22:48:39.690810,0.0,PayPal,West,Processing,814.5899999999999
1179,878,2024-12-27 22:48:39.690811,0.0,Debit Card,East,Delivered,1261.1999999999998
1180,798,2025-03-18 22:48:39.690811,0.0,Credit Card,West,Processing,176.49
1181,959,2024-10-03 22:48:39.690812,0.0,Credit Card,South,Delivered,1293.51
1182,932,2025-05-01 22:48:39.690813,0.0,PayPal,North,Shipped,3448.71
1183,259,2025-01-03 22:48:39.690814,0.0,Credit Card,North,Shipped,285.61
1184,355,2024-09-15 22:48:39.690814,0.0,Credit Card,West,Shipped,2617.36
1185,705,2025-01-08 22:48:39.690815,0.0,Debit Card,North,Delivered,2436.91
1186,564,2025-03-14 22:48:39.690816,0.0,Bank Transfer,East,Delivered,2357.47
1187,239,2025-01-20 22:48:39.690817,0.0,Debit Card,North,Processing,1550.23
1188,799,2025-01-19 22:48:39.690817,0.0,Bank Transfer,North,Processing,256.71
1189,441,2024-10-18 22:48:39.690818,0.0,Debit Card,West,Processing,1780.13
1190,904,2025-02-15 22:48:39.690819,0.0,PayPal,East,Shipped,436.45
1191,42,2024-12-08 22:48:39.690820,0.0,Credit Card,West,Shipped,2196.56
1192,416,2024-11-18 22:48:39.690820,0.0,Bank Transfer,North,Processing,2004.9199999999998
1193,341,2025-07-11 22:48:39.690821,0.0,Debit Card,West,Shipped,1873.4900000000002
1194,4,2025-04-03 22:48:39.690822,0.0,PayPal,North,Delivered,429.84000000000003
1195,858,2025-05-20 22:48:39.690822,0.0,Debit Card,North,Delivered,899.1299999999999
1196,131,2025-04-09 22:48:39.690823,0.0,PayPal,West,Processing,970.42
1197,970,2024-10-05 22:48:39.690824,0.0,Debit Card,South,Shipped,2127.94
1198,248,2024-10-19 22:48:39.690825,0.0,PayPal,West,Processing,1358.51
1199,497,2025-04-22 22:48:39.690825,0.0,Bank Transfer,West,Processing,794.18
1200,976,2025-07-11 22:48:39.690826,0.0,PayPal,West,Processing,2602.56
1201,205,2024-09-20 22:48:39.690827,0.0,PayPal,North,Delivered,1325.1
1202,259,2025-04-29 22:48:39.690827,0.0,PayPal,North,Delivered,1273.62
1203,323,2024-12-03 22:48:39.690828,0.0,Bank Transfer,East,Delivered,1164.4099999999999
1204,990,2024-08-01 22:48:39.690829,0.0,Debit Card,South,Shipped,1378.51
1205,642,2025-07-13 22:48:39.690830,0.0,PayPal,West,Delivered,1484.4
1206,375,2025-04-18 22:48:39.690830,0.0,Credit Card,North,Shipped,4016.29
1207,435,2025-05-02 22:48:39.690831,0.0,Credit Card,North,Delivered,577.54
1208,184,2024-11-07 22:48:39.690832,0.0,Credit Card,West,Delivered,370.08
1209,346,2025-01-23 22:48:39.690833,0.0,PayPal,West,Shipped,1212.9499999999998
1210,220,2024-12-01 22:48:39.690833,0.0,Credit Card,South,Shipped,1556.42
1211,12,2025-03-14 22:48:39.690834,0.0,Debit Card,South,Delivered,1053.1799999999998
1212,238,2024-10-04 22:48:39.690835,0.0,PayPal,South,Delivered,430.34
1213,702,2024-11-16 22:48:39.690836,0.0,Debit Card,West,Delivered,744.5999999999999
1214,310,2024-09-19 22:48:39.690836,0.0,Bank Transfer,East,Delivered,1726.4699999999998
1215,159,2025-02-04 22:48:39.690837,0.0,Debit Card,West,Delivered,1464.0400000000002
1216,527,2025-05-12 22:48:39.690838,0.0,PayPal,West,Shipped,3713.23
1217,184,2025-04-11 22:48:39.690838,0.0,Credit Card,North,Processing,2285.94
1218,308,2024-10-19 22:48:39.690839,0.0,Bank Transfer,East,Cancelled,497.51
1219,346,2024-09-12 22:48:39.690840,0.0,Credit Card,North,Delivered,2130.17
1220,940,2024-09-18 22:48:39.690841,0.0,Bank Transfer,South,Delivered,2721.46
1221,232,2024-07-28 22:48:39.690841,0.0,PayPal,East,Delivered,573.88
1222,155,2024-08-05 22:48:39.690842,0.0,PayPal,South,Processing,1717.23
1223,683,2025-01-20 22:48:39.690843,0.0,Bank Transfer,South,Delivered,2085.2599999999998
1224,479,2025-04-07 22:48:39.690844,0.0,Debit Card,South,Delivered,1342.54
1225,900,2025-03-23 22:48:39.690844,0.0,Credit Card,North,Shipped,630.27
1226,345,2025-04-10 22:48:39.690845,0.0,Bank Transfer,East,Processing,505.53999999999996
1227,975,2025-06-21 22:48:39.690846,0.0,PayPal,North,Processing,1223.19
1228,782,2025-04-24 22:48:39.690847,0.0,Bank Transfer,West,Shipped,3118.13
1229,152,2024-11-02 22:48:39.690847,0.0,Credit Card,West,Cancelled,2496.49
1230,852,2024-10-14 22:48:39.690848,0.0,Credit Card,South,Shipped,3154.97
1231,52,2024-11-01 22:48:39.690849,0.0,Credit Card,East,Delivered,1858.2600000000002
1232,312,2025-01-24 22:48:39.690850,0.0,PayPal,West,Shipped,1117.84
1233,471,2025-05-10 22:48:39.690850,0.0,PayPal,East,Delivered,2660.49
1234,436,2025-02-22 22:48:39.690851,0.0,Bank Transfer,West,Shipped,1630.73
1235,841,2025-05-25 22:48:39.690852,0.0,Bank Transfer,East,Delivered,1673.33
1236,587,2025-03-23 22:48:39.690852,0.0,Credit Card,North,Delivered,4559.66
1237,57,2025-01-08 22:48:39.690853,0.0,PayPal,West,Shipped,359.88
1238,949,2025-04-08 22:48:39.690854,0.0,Debit Card,South,Shipped,159.06
1239,125,2025-06-05 22:48:39.690855,0.0,PayPal,East,Cancelled,912.5
1240,293,2025-01-13 22:48:39.690855,0.0,PayPal,South,Delivered,629.54
1241,412,2024-08-06 22:48:39.690856,0.0,Debit Card,East,Shipped,1240.12
1242,388,2024-08-01 22:48:39.690857,0.0,Credit Card,East,Delivered,281.15999999999997
1243,557,2025-04-06 22:48:39.690857,0.0,Bank Transfer,North,Delivered,1432.58
1244,272,2025-05-03 22:48:39.690858,0.0,Credit Card,West,Processing,4437.21
1245,675,2024-11-24 22:48:39.690859,0.0,Credit Card,East,Processing,84.3
1246,203,2025-05-18 22:48:39.690860,0.0,Bank Transfer,East,Delivered,2250.35
1247,351,2024-12-16 22:48:39.690860,0.0,PayPal,West,Delivered,1615.53
1248,689,2025-03-02 22:48:39.690861,0.0,Debit Card,West,Processing,2793.0
1249,665,2025-06-25 22:48:39.690862,0.0,Credit Card,West,Processing,3236.45
1250,541,2024-08-29 22:48:39.690863,0.0,Credit Card,East,Shipped,571.29
1251,954,2025-05-04 22:48:39.690864,0.0,Debit Card,West,Delivered,1045.6200000000001
1252,159,2025-02-20 22:48:39.690864,0.0,Debit Card,North,Processing,29.369999999999997
1253,756,2024-10-29 22:48:39.690865,0.0,PayPal,East,Delivered,5.34
1254,993,2024-07-27 22:48:39.690866,0.0,Bank Transfer,North,Shipped,1415.71
1255,37,2024-12-26 22:48:39.690867,0.0,PayPal,North,Processing,4002.5600000000004
1256,207,2024-10-11 22:48:39.690867,0.0,Bank Transfer,South,Delivered,2298.56
1257,990,2025-01-28 22:48:39.690868,0.0,Credit Card,North,Delivered,2738.8900000000003
1258,801,2025-02-13 22:48:39.690869,0.0,PayPal,East,Delivered,2571.44
1259,932,2025-03-24 22:48:39.690870,0.0,Credit Card,North,Delivered,866.06
1260,488,2024-12-16 22:48:39.690871,0.0,Bank Transfer,South,Delivered,608.3100000000001
1261,889,2024-09-30 22:48:39.690871,0.0,PayPal,West,Delivered,2096.45
1262,543,2024-09-23 22:48:39.690872,0.0,Debit Card,North,Delivered,1230.58
1263,788,2025-06-28 22:48:39.690873,0.0,Credit Card,West,Delivered,198.63
1264,404,2024-12-09 22:48:39.690873,0.0,PayPal,North,Shipped,1847.42
1265,946,2025-04-14 22:48:39.690874,0.0,Bank Transfer,North,Delivered,1118.6399999999999
1266,919,2025-05-26 22:48:39.690875,0.0,Debit Card,West,Shipped,1182.71
1267,796,2025-02-18 22:48:39.690876,0.0,Bank Transfer,East,Processing,1594.4
1268,298,2025-05-29 22:48:39.690877,0.0,PayPal,North,Delivered,1332.96
1269,554,2025-02-16 22:48:39.690877,0.0,Debit Card,West,Processing,3063.76
1270,666,2025-04-27 22:48:39.690878,0.0,PayPal,East,Cancelled,2010.34
1271,73,2024-09-29 22:48:39.690879,0.0,Credit Card,South,Delivered,1547.96
1272,125,2024-12-11 22:48:39.690879,0.0,Credit Card,South,Shipped,1225.1100000000001
1273,446,2024-10-08 22:48:39.690880,0.0,Bank Transfer,North,Shipped,1042.24
1274,418,2025-06-01 22:48:39.690881,0.0,Debit Card,West,Shipped,1385.69
1275,847,2025-03-27 22:48:39.690882,0.0,Bank Transfer,South,Delivered,1893.83
1276,445,2024-09-01 22:48:39.690882,0.0,Credit Card,South,Shipped,1947.81
1277,486,2024-12-29 22:48:39.690883,0.0,PayPal,East,Processing,515.3199999999999
1278,554,2024-12-01 22:48:39.690884,0.0,Debit Card,North,Shipped,1209.57
1279,261,2024-10-22 22:48:39.690885,0.0,PayPal,North,Processing,1732.2600000000002
1280,121,2025-03-14 22:48:39.690885,0.0,PayPal,West,Delivered,989.6
1281,29,2024-11-02 22:48:39.690886,0.0,Bank Transfer,South,Delivered,1490.72
1282,206,2025-02-14 22:48:39.690887,0.0,Credit Card,West,Delivered,653.71
1283,261,2025-02-25 22:48:39.690888,0.0,Debit Card,North,Processing,819.7
1284,890,2025-03-18 22:48:39.690888,0.0,PayPal,South,Delivered,1623.8200000000002
1285,388,2024-12-10 22:48:39.690889,0.0,PayPal,South,Delivered,1117.99
1286,281,2024-07-30 22:48:39.690890,0.0,Bank Transfer,East,Delivered,1496.04
1287,103,2024-12-05 22:48:39.690891,0.0,PayPal,South,Processing,1649.9500000000003
1288,846,2024-10-22 22:48:39.690891,0.0,PayPal,North,Cancelled,1377.8899999999999
1289,140,2025-03-18 22:48:39.690892,0.0,Credit Card,South,Shipped,2598.38
1290,850,2024-11-10 22:48:39.690893,0.0,PayPal,North,Delivered,1282.74
1291,699,2025-03-17 22:48:39.690894,0.0,Credit Card,North,Delivered,733.6
1292,113,2024-10-04 22:48:39.690894,0.0,Credit Card,South,Delivered,1386.9
1293,221,2024-07-24 22:48:39.690895,0.0,Bank Transfer,South,Shipped,1806.7800000000002
1294,252,2024-10-04 22:48:39.690896,0.0,Credit Card,North,Processing,1741.68
1295,777,2024-10-12 22:48:39.690896,0.0,Bank Transfer,South,Shipped,865.02
1296,212,2024-12-10 22:48:39.690897,0.0,Bank Transfer,East,Delivered,1527.09
1297,327,2025-02-22 22:48:39.690898,0.0,Debit Card,North,Shipped,509.62999999999994
1298,381,2025-05-20 22:48:39.690899,0.0,Bank Transfer,East,Shipped,1034.5
1299,754,2024-08-23 22:48:39.690899,0.0,PayPal,East,Processing,3252.4
1300,105,2025-02-07 22:48:39.690900,0.0,Bank Transfer,North,Delivered,2322.52
1301,793,2024-08-11 22:48:39.690901,0.0,Credit Card,West,Shipped,1861.23
1302,498,2024-10-19 22:48:39.690902,0.0,Credit Card,North,Shipped,1528.8700000000001
1303,953,2024-10-17 22:48:39.690902,0.0,Credit Card,North,Delivered,1979.47
1304,922,2025-02-20 22:48:39.690903,0.0,Credit Card,East,Shipped,1105.15
1305,54,2025-07-12 22:48:39.690904,0.0,Credit Card,West,Cancelled,1624.57
1306,318,2025-05-29 22:48:39.690905,0.0,PayPal,East,Delivered,1287.42
1307,977,2025-03-07 22:48:39.690905,0.0,Bank Transfer,West,Shipped,2068.9900000000002
1308,19,2024-09-02 22:48:39.690906,0.0,Credit Card,East,Cancelled,351.84000000000003
1309,212,2025-04-29 22:48:39.690907,0.0,PayPal,West,Delivered,1229.5500000000002
1310,26,2024-09-12 22:48:39.690907,0.0,Credit Card,North,Cancelled,1548.44
1311,999,2024-10-07 22:48:39.690908,0.0,Debit Card,North,Delivered,2681.25
1312,385,2024-09-23 22:48:39.690909,0.0,Debit Card,North,Processing,875.9
1313,356,2025-04-23 22:48:39.690910,0.0,Debit Card,North,Delivered,957.72
1314,287,2024-10-30 22:48:39.690910,0.0,PayPal,West,Shipped,258.8
1315,682,2025-01-29 22:48:39.690911,0.0,Credit Card,West,Delivered,928.0
1316,527,2024-10-23 22:48:39.690912,0.0,Debit Card,West,Shipped,626.1400000000001
1317,904,2025-06-09 22:48:39.690913,0.0,Credit Card,South,Delivered,1924.9
1318,29,2025-05-20 22:48:39.690916,0.0,Credit Card,North,Shipped,1498.97
1319,286,2025-01-13 22:48:39.690917,0.0,Credit Card,West,Delivered,2026.23
1320,298,2025-02-07 22:48:39.690917,0.0,Bank Transfer,North,Shipped,2186.43
1321,785,2025-03-19 22:48:39.690918,0.0,Credit Card,East,Delivered,2030.1100000000001
1322,977,2024-08-20 22:48:39.690919,0.0,PayPal,East,Delivered,2015.06
1323,524,2025-06-27 22:48:39.690920,0.0,PayPal,East,Shipped,318.38
1324,53,2024-12-18 22:48:39.690920,0.0,Debit Card,East,Shipped,904.8199999999999
1325,313,2024-10-04 22:48:39.690921,0.0,PayPal,North,Delivered,1542.83
1326,705,2025-05-21 22:48:39.690922,0.0,Bank Transfer,South,Shipped,1324.69
1327,394,2024-10-12 22:48:39.690923,0.0,Debit Card,East,Shipped,2334.86
1328,173,2024-10-17 22:48:39.690923,0.0,Bank Transfer,West,Shipped,9.79
1329,192,2025-02-22 22:48:39.690924,0.0,Debit Card,South,Delivered,636.88
1330,521,2025-02-17 22:48:39.690925,0.0,Debit Card,North,Cancelled,960.76
1331,397,2025-05-30 22:48:39.690926,0.0,Bank Transfer,North,Cancelled,859.16
1332,783,2025-02-06 22:48:39.690926,0.0,Debit Card,East,Processing,98.4
1333,225,2025-04-18 22:48:39.690927,0.0,Bank Transfer,North,Delivered,1861.69
1334,924,2025-06-08 22:48:39.690928,0.0,Credit Card,West,Delivered,1138.4299999999998
1335,316,2024-12-30 22:48:39.690929,0.0,Credit Card,East,Delivered,1464.71
1336,999,2024-11-05 22:48:39.690929,0.0,Debit Card,West,Shipped,1833.23
1337,475,2025-07-07 22:48:39.690930,0.0,Bank Transfer,West,Processing,2614.9500000000003
1338,782,2024-08-11 22:48:39.690931,0.0,Credit Card,North,Processing,1764.22
1339,55,2025-03-11 22:48:39.690931,0.0,Debit Card,West,Processing,815.46
1340,611,2025-07-03 22:48:39.690932,0.0,Credit Card,East,Shipped,1787.02
1341,210,2025-01-04 22:48:39.690933,0.0,Credit Card,North,Delivered,1960.27
1342,397,2025-04-20 22:48:39.690934,0.0,Bank Transfer,North,Delivered,972.1
1343,279,2024-08-09 22:48:39.690934,0.0,Bank Transfer,North,Processing,2267.2400000000002
1344,769,2025-07-17 22:48:39.690935,0.0,Bank Transfer,North,Shipped,1957.0500000000002
1345,215,2025-03-06 22:48:39.690936,0.0,PayPal,North,Delivered,651.7
1346,464,2025-05-21 22:48:39.690937,0.0,Bank Transfer,North,Processing,2644.0099999999998
1347,899,2025-03-21 22:48:39.690937,0.0,Debit Card,North,Shipped,286.68
1348,886,2024-11-12 22:48:39.690938,0.0,Bank Transfer,West,Delivered,1239.1100000000001
1349,412,2024-12-11 22:48:39.690939,0.0,Credit Card,North,Processing,1230.48
1350,717,2025-06-19 22:48:39.690940,0.0,Credit Card,South,Delivered,234.51
1351,50,2024-07-26 22:48:39.690940,0.0,PayPal,South,Processing,130.46
1352,863,2024-09-20 22:48:39.690941,0.0,Bank Transfer,North,Delivered,346.03
1353,341,2024-09-29 22:48:39.690942,0.0,Credit Card,North,Delivered,2837.7000000000003
1354,152,2025-06-30 22:48:39.690943,0.0,PayPal,East,Delivered,2821.83
1355,641,2024-11-03 22:48:39.690943,0.0,Bank Transfer,West,Shipped,3025.66
1356,51,2025-06-20 22:48:39.690944,0.0,Bank Transfer,South,Delivered,802.5699999999999
1357,510,2025-05-21 22:48:39.690945,0.0,PayPal,North,Processing,145.62
1358,626,2025-01-09 22:48:39.690946,0.0,Credit Card,South,Delivered,1136.7
1359,181,2024-08-15 22:48:39.690946,0.0,Bank Transfer,West,Delivered,1133.5300000000002
1360,573,2025-06-12 22:48:39.690947,0.0,Debit Card,West,Delivered,2308.65
1361,667,2025-04-24 22:48:39.690948,0.0,Debit Card,South,Shipped,1772.1
1362,762,2025-01-05 22:48:39.690948,0.0,Bank Transfer,West,Shipped,1468.26
1363,494,2025-03-10 22:48:39.690949,0.0,Debit Card,South,Processing,1695.09
1364,539,2025-04-24 22:48:39.690950,0.0,Credit Card,West,Shipped,781.37
1365,439,2025-07-21 22:48:39.690951,0.0,PayPal,East,Shipped,572.34
1366,719,2025-04-19 22:48:39.690951,0.0,PayPal,West,Delivered,2207.24
1367,414,2024-10-04 22:48:39.690952,0.0,Credit Card,South,Delivered,1479.83
1368,643,2024-09-16 22:48:39.690953,0.0,PayPal,North,Shipped,2234.76
1369,38,2025-07-15 22:48:39.690954,0.0,Credit Card,North,Shipped,172.05
1370,604,2025-02-25 22:48:39.690954,0.0,Credit Card,East,Delivered,41.35
1371,931,2024-10-07 22:48:39.690955,0.0,Debit Card,West,Delivered,1320.08
1372,537,2024-12-31 22:48:39.690956,0.0,Bank Transfer,North,Delivered,4818.09
1373,605,2024-10-21 22:48:39.690957,0.0,PayPal,West,Processing,1187.9700000000003
1374,512,2025-07-20 22:48:39.690957,0.0,Bank Transfer,East,Delivered,400.94
1375,202,2025-03-08 22:48:39.690958,0.0,Credit Card,North,Delivered,939.86
1376,355,2024-10-25 22:48:39.690959,0.0,PayPal,West,Shipped,1831.48
1377,282,2024-08-29 22:48:39.690960,0.0,PayPal,West,Shipped,2543.71
1378,122,2025-03-15 22:48:39.690960,0.0,Bank Transfer,West,Shipped,889.1399999999999
1379,540,2024-12-15 22:48:39.690961,0.0,Bank Transfer,North,Shipped,1069.65
1380,317,2025-04-02 22:48:39.690962,0.0,Debit Card,South,Processing,516.46
1381,653,2025-02-14 22:48:39.690963,0.0,Debit Card,West,Delivered,726.54
1382,263,2024-11-16 22:48:39.690963,0.0,PayPal,North,Delivered,1375.44
1383,586,2025-06-06 22:48:39.690964,0.0,Bank Transfer,West,Delivered,1198.2
1384,97,2024-12-23 22:48:39.690965,0.0,Debit Card,East,Delivered,789.05
1385,131,2024-11-25 22:48:39.690966,0.0,PayPal,East,Processing,540.6299999999999
1386,563,2024-11-05 22:48:39.690966,0.0,Credit Card,West,Shipped,771.0
1387,955,2024-09-30 22:48:39.690967,0.0,Bank Transfer,West,Shipped,1418.3799999999999
1388,945,2024-09-10 22:48:39.690968,0.0,Bank Transfer,East,Shipped,2001.57
1389,446,2024-09-06 22:48:39.690969,0.0,PayPal,East,Delivered,648.06
1390,745,2025-04-27 22:48:39.690969,0.0,Credit Card,East,Delivered,3235.73
1391,972,2024-07-25 22:48:39.690970,0.0,Debit Card,North,Shipped,2651.36
1392,578,2024-11-06 22:48:39.690971,0.0,Bank Transfer,East,Delivered,2151.8599999999997
1393,20,2025-06-26 22:48:39.690972,0.0,Bank Transfer,West,Delivered,1084.6299999999999
1394,996,2025-07-08 22:48:39.690972,0.0,PayPal,West,Shipped,3562.59
1395,799,2025-02-21 22:48:39.690973,0.0,PayPal,West,Delivered,195.69
1396,614,2024-10-05 22:48:39.690974,0.0,PayPal,South,Shipped,3227.2
1397,597,2025-02-12 22:48:39.690975,0.0,PayPal,North,Delivered,287.2
1398,580,2025-03-19 22:48:39.690975,0.0,PayPal,West,Delivered,2161.21
1399,172,2024-10-08 22:48:39.690976,0.0,Bank Transfer,East,Processing,361.57
1400,147,2024-11-13 22:48:39.690977,0.0,Debit Card,North,Delivered,865.6
1401,783,2025-06-19 22:48:39.690978,0.0,Debit Card,East,Delivered,432.62
1402,938,2024-11-13 22:48:39.690978,0.0,PayPal,South,Shipped,1457.79
1403,58,2025-04-07 22:48:39.690979,0.0,Credit Card,East,Delivered,1917.0500000000002
1404,345,2025-03-30 22:48:39.690980,0.0,Credit Card,West,Delivered,1950.6999999999998
1405,575,2025-06-06 22:48:39.690981,0.0,Credit Card,East,Delivered,1804.4899999999998
1406,511,2025-01-23 22:48:39.690981,0.0,Bank Transfer,West,Shipped,3477.5
1407,719,2025-03-01 22:48:39.690982,0.0,Debit Card,East,Delivered,1101.77
1408,415,2024-08-02 22:48:39.690983,0.0,Credit Card,North,Delivered,1158.58
1409,823,2024-09-29 22:48:39.690984,0.0,Bank Transfer,North,Cancelled,3342.2599999999998
1410,192,2025-07-06 22:48:39.690984,0.0,Debit Card,North,Delivered,959.52
1411,967,2024-09-24 22:48:39.690985,0.0,Credit Card,South,Delivered,3012.1899999999996
1412,571,2025-04-29 22:48:39.690986,0.0,Credit Card,South,Shipped,309.84000000000003
1413,456,2025-06-09 22:48:39.690987,0.0,Bank Transfer,East,Delivered,875.9
1414,361,2024-12-29 22:48:39.690987,0.0,Credit Card,North,Shipped,1189.02
1415,464,2025-02-26 22:48:39.690988,0.0,Debit Card,East,Shipped,887.43
1416,501,2025-02-17 22:48:39.690989,0.0,PayPal,North,Delivered,301.48
1417,459,2024-10-03 22:48:39.690990,0.0,Credit Card,North,Delivered,580.86
1418,501,2025-01-03 22:48:39.690990,0.0,Credit Card,West,Shipped,2370.78
1419,602,2024-07-22 22:48:39.690991,0.0,Bank Transfer,South,Shipped,98.4
1420,387,2025-02-06 22:48:39.690992,0.0,Credit Card,East,Shipped,1796.07
1421,496,2024-12-02 22:48:39.690993,0.0,Debit Card,North,Cancelled,526.92
1422,116,2024-09-25 22:48:39.690993,0.0,Debit Card,North,Shipped,1118.6399999999999
1423,65,2025-04-28 22:48:39.690994,0.0,PayPal,West,Shipped,2960.09
1424,343,2025-02-26 22:48:39.690995,0.0,Debit Card,West,Delivered,1408.6
1425,361,2025-06-21 22:48:39.690995,0.0,PayPal,East,Delivered,2049.38
1426,27,2024-10-23 22:48:39.690996,0.0,Credit Card,East,Processing,844.22
1427,821,2024-08-28 22:48:39.690997,0.0,PayPal,South,Delivered,744.78
1428,253,2024-12-20 22:48:39.690998,0.0,PayPal,South,Processing,90.21000000000001
1429,500,2024-08-18 22:48:39.690998,0.0,Debit Card,West,Delivered,2493.27
1430,536,2024-08-25 22:48:39.690999,0.0,Credit Card,East,Delivered,1694.7
1431,976,2025-04-22 22:48:39.691000,0.0,Bank Transfer,North,Shipped,2409.7000000000003
1432,997,2025-05-20 22:48:39.691001,0.0,PayPal,South,Shipped,1813.81
1433,715,2025-05-21 22:48:39.691001,0.0,PayPal,East,Cancelled,1667.8600000000001
1434,475,2024-08-24 22:48:39.691002,0.0,Bank Transfer,East,Cancelled,559.92
1435,21,2025-03-07 22:48:39.691003,0.0,Debit Card,West,Cancelled,538.12
1436,80,2024-09-05 22:48:39.691004,0.0,Credit Card,South,Cancelled,2741.56
1437,305,2024-11-22 22:48:39.691004,0.0,Credit Card,South,Shipped,977.27
1438,801,2024-08-19 22:48:39.691005,0.0,Credit Card,West,Delivered,105.83
1439,524,2025-05-08 22:48:39.691006,0.0,PayPal,East,Shipped,687.26
1440,450,2024-10-17 22:48:39.691007,0.0,Debit Card,North,Processing,1465.9
1441,970,2025-02-19 22:48:39.691007,0.0,Credit Card,East,Delivered,1898.52
1442,787,2024-08-22 22:48:39.691008,0.0,PayPal,North,Processing,3086.32
1443,43,2025-06-15 22:48:39.691009,0.0,PayPal,West,Shipped,2157.9
1444,520,2025-01-21 22:48:39.691009,0.0,Debit Card,East,Shipped,3387.95
1445,965,2025-04-20 22:48:39.691010,0.0,Credit Card,West,Processing,732.9699999999999
1446,556,2025-04-16 22:48:39.691011,0.0,PayPal,East,Processing,1646.31
1447,84,2025-06-21 22:48:39.691012,0.0,Bank Transfer,South,Shipped,440.33
1448,532,2025-05-19 22:48:39.691012,0.0,Bank Transfer,East,Processing,1993.71
1449,693,2025-05-03 22:48:39.691013,0.0,Credit Card,East,Processing,218.23
1450,906,2025-06-09 22:48:39.691014,0.0,Bank Transfer,West,Shipped,738.25
1451,39,2024-09-16 22:48:39.691014,0.0,Bank Transfer,East,Delivered,358.15
1452,805,2024-08-04 22:48:39.691015,0.0,Debit Card,South,Delivered,844.9
1453,649,2024-08-20 22:48:39.691016,0.0,PayPal,North,Delivered,3173.1400000000003
1454,894,2025-01-25 22:48:39.691017,0.0,Credit Card,West,Delivered,2826.31
1455,287,2025-04-30 22:48:39.691017,0.0,Bank Transfer,East,Delivered,811.3
1456,186,2025-06-27 22:48:39.691018,0.0,Credit Card,North,Delivered,195.69
1457,563,2024-07-31 22:48:39.691019,0.0,Debit Card,East,Shipped,1800.4199999999998
1458,117,2025-02-12 22:48:39.691020,0.0,Bank Transfer,East,Shipped,1878.35
1459,125,2024-09-10 22:48:39.691020,0.0,Debit Card,West,Delivered,2499.46
1460,104,2024-12-12 22:48:39.691021,0.0,Debit Card,North,Processing,262.96
1461,1,2024-11-28 22:48:39.691022,0.0,PayPal,West,Delivered,541.8199999999999
1462,944,2024-11-28 22:48:39.691023,0.0,Credit Card,East,Delivered,2322.42
1463,662,2024-12-13 22:48:39.691023,0.0,Debit Card,West,Shipped,1983.12
1464,601,2025-01-26 22:48:39.691024,0.0,Credit Card,West,Shipped,1209.42
1465,135,2025-03-06 22:48:39.691025,0.0,Credit Card,West,Delivered,1341.44
1466,900,2024-11-08 22:48:39.691026,0.0,PayPal,North,Delivered,686.9200000000001
1467,133,2025-05-29 22:48:39.691026,0.0,Debit Card,East,Shipped,1420.87
1468,659,2024-08-14 22:48:39.691027,0.0,Credit Card,North,Processing,2171.77
1469,300,2025-05-03 22:48:39.691028,0.0,Debit Card,West,Shipped,1247.72
1470,85,2024-08-27 22:48:39.691029,0.0,Bank Transfer,West,Delivered,263.03
1471,185,2025-01-03 22:48:39.691029,0.0,Credit Card,North,Shipped,2438.41
1472,770,2024-07-27 22:48:39.691030,0.0,PayPal,East,Shipped,1437.71
1473,392,2025-05-20 22:48:39.691031,0.0,PayPal,East,Cancelled,631.9
1474,95,2025-06-26 22:48:39.691032,0.0,Bank Transfer,South,Shipped,2648.71
1475,158,2024-09-30 22:48:39.691032,0.0,PayPal,South,Processing,1815.28
1476,284,2025-07-05 22:48:39.691033,0.0,PayPal,East,Delivered,700.8799999999999
1477,561,2025-05-28 22:48:39.691034,0.0,Credit Card,South,Shipped,1222.71
1478,199,2025-02-18 22:48:39.691035,0.0,PayPal,East,Delivered,833.1700000000001
1479,348,2025-02-25 22:48:39.691035,0.0,PayPal,North,Processing,698.9
1480,558,2025-05-22 22:48:39.691036,0.0,Bank Transfer,West,Processing,429.84000000000003
1481,672,2024-08-09 22:48:39.691037,0.0,PayPal,South,Processing,432.8
1482,328,2024-10-11 22:48:39.691038,0.0,Bank Transfer,North,Shipped,1331.2800000000002
1483,422,2025-06-12 22:48:39.691039,0.0,Bank Transfer,North,Delivered,1239.23
1484,834,2024-08-31 22:48:39.691039,0.0,Bank Transfer,North,Delivered,1290.59
1485,42,2025-07-06 22:48:39.691040,0.0,PayPal,West,Shipped,1018.6600000000001
1486,790,2024-11-22 22:48:39.691041,0.0,Bank Transfer,North,Delivered,2354.65
1487,48,2024-09-09 22:48:39.691042,0.0,Bank Transfer,West,Processing,170.69
1488,773,2025-03-13 22:48:39.691042,0.0,Debit Card,North,Shipped,1755.78
1489,665,2025-01-10 22:48:39.691043,0.0,Bank Transfer,West,Delivered,917.93
1490,151,2025-02-28 22:48:39.691044,0.0,PayPal,South,Shipped,3142.35
1491,496,2025-04-27 22:48:39.691045,0.0,Credit Card,South,Shipped,1923.6399999999999
1492,503,2025-04-07 22:48:39.691045,0.0,Credit Card,West,Processing,1614.05
1493,663,2024-10-29 22:48:39.691046,0.0,Debit Card,South,Processing,2591.71
1494,156,2024-08-27 22:48:39.691047,0.0,Credit Card,North,Shipped,1929.9299999999998
1495,577,2025-01-22 22:48:39.691048,0.0,PayPal,South,Delivered,1309.35
1496,290,2025-02-13 22:48:39.691048,0.0,Credit Card,South,Delivered,2677.0
1497,678,2025-03-31 22:48:39.691049,0.0,Debit Card,South,Delivered,2428.61
1498,9,2024-11-10 22:48:39.691050,0.0,Debit Card,East,Shipped,1317.29
1499,399,2024-09-17 22:48:39.691051,0.0,Bank Transfer,South,Shipped,2061.44
1500,852,2025-05-25 22:48:39.691051,0.0,PayPal,East,Delivered,666.88
1501,685,2024-08-11 22:48:39.691052,0.0,PayPal,East,Delivered,2915.2799999999997
1502,334,2024-12-12 22:48:39.691053,0.0,Credit Card,South,Shipped,507.64
1503,327,2024-11-15 22:48:39.691054,0.0,Debit Card,West,Shipped,802.4
1504,905,2025-03-27 22:48:39.691054,0.0,Credit Card,West,Shipped,355.65
1505,993,2024-09-27 22:48:39.691055,0.0,PayPal,West,Shipped,2797.5499999999997
1506,440,2025-03-06 22:48:39.691056,0.0,PayPal,South,Shipped,1482.61
1507,966,2025-03-13 22:48:39.691056,0.0,Bank Transfer,North,Shipped,2360.51
1508,10,2025-07-18 22:48:39.691057,0.0,Bank Transfer,North,Cancelled,1232.08
1509,854,2024-10-27 22:48:39.691058,0.0,Credit Card,North,Delivered,694.58
1510,613,2024-09-21 22:48:39.691059,0.0,PayPal,West,Delivered,882.45
1511,836,2024-08-22 22:48:39.691059,0.0,Bank Transfer,East,Delivered,157.39000000000001
1512,846,2024-12-01 22:48:39.691060,0.0,Credit Card,West,Delivered,1569.2200000000003
1513,903,2025-01-12 22:48:39.691061,0.0,Debit Card,West,Delivered,255.04
1514,683,2025-05-16 22:48:39.691061,0.0,Credit Card,South,Delivered,1736.5900000000001
1515,704,2025-01-14 22:48:39.691062,0.0,Credit Card,North,Delivered,1306.56
1516,26,2024-12-22 22:48:39.691063,0.0,Debit Card,South,Shipped,340.48
1517,189,2024-11-21 22:48:39.691064,0.0,Debit Card,East,Delivered,1975.02
1518,6,2025-01-25 22:48:39.691064,0.0,Bank Transfer,East,Shipped,832.66
1519,798,2024-12-28 22:48:39.691065,0.0,Bank Transfer,East,Delivered,927.4
1520,320,2024-12-29 22:48:39.691066,0.0,PayPal,North,Shipped,2595.3
1521,831,2025-01-08 22:48:39.691067,0.0,PayPal,South,Delivered,212.08
1522,813,2025-01-08 22:48:39.691067,0.0,Debit Card,West,Shipped,494.54999999999995
1523,240,2025-04-20 22:48:39.691068,0.0,Debit Card,North,Delivered,1770.01
1524,396,2025-01-28 22:48:39.691069,0.0,PayPal,West,Delivered,1328.51
1525,160,2025-02-09 22:48:39.691069,0.0,Bank Transfer,East,Processing,1200.65
1526,3,2025-06-30 22:48:39.691070,0.0,Credit Card,North,Cancelled,363.27
1527,157,2024-08-07 22:48:39.691071,0.0,PayPal,North,Delivered,693.31
1528,884,2025-02-04 22:48:39.691072,0.0,Debit Card,West,Delivered,1080.0
1529,318,2025-05-29 22:48:39.691073,0.0,Credit Card,West,Shipped,2396.55
1530,940,2025-05-09 22:48:39.691073,0.0,PayPal,East,Processing,2377.67
1531,565,2024-08-25 22:48:39.691074,0.0,Bank Transfer,North,Shipped,82.12
1532,648,2025-04-03 22:48:39.691075,0.0,Credit Card,West,Processing,2430.34
1533,730,2025-06-20 22:48:39.691075,0.0,Bank Transfer,North,Cancelled,2570.24
1534,633,2025-03-02 22:48:39.691076,0.0,Bank Transfer,East,Shipped,2436.08
1535,55,2024-09-18 22:48:39.691077,0.0,PayPal,North,Shipped,1634.9099999999999
1536,732,2024-09-16 22:48:39.691077,0.0,PayPal,West,Delivered,1873.11
1537,604,2025-06-12 22:48:39.691078,0.0,Bank Transfer,East,Shipped,3436.7799999999997
1538,120,2024-12-07 22:48:39.691079,0.0,Bank Transfer,East,Delivered,1267.6
1539,897,2024-12-01 22:48:39.691080,0.0,Bank Transfer,North,Shipped,755.27
1540,900,2025-07-14 22:48:39.691080,0.0,Debit Card,North,Processing,1059.8999999999999
1541,599,2024-10-08 22:48:39.691081,0.0,PayPal,North,Processing,2351.63
1542,810,2024-11-13 22:48:39.691082,0.0,Bank Transfer,South,Delivered,1133.42
1543,898,2024-10-27 22:48:39.691083,0.0,Bank Transfer,North,Shipped,3983.07
1544,472,2025-07-13 22:48:39.691083,0.0,Bank Transfer,West,Shipped,875.4
1545,653,2025-04-25 22:48:39.691084,0.0,Debit Card,East,Processing,2113.04
1546,3,2025-02-13 22:48:39.691085,0.0,Credit Card,South,Processing,1988.36
1547,88,2025-06-06 22:48:39.691086,0.0,Bank Transfer,South,Delivered,2609.85
1548,110,2025-05-23 22:48:39.691086,0.0,Credit Card,West,Processing,1413.4499999999998
1549,306,2025-06-07 22:48:39.691087,0.0,PayPal,South,Delivered,2829.12
1550,46,2024-12-05 22:48:39.691088,0.0,Bank Transfer,North,Processing,1780.54
1551,47,2024-10-28 22:48:39.691088,0.0,PayPal,South,Shipped,3174.71
1552,944,2025-02-06 22:48:39.691089,0.0,Credit Card,South,Processing,1010.9699999999999
1553,923,2025-03-29 22:48:39.691090,0.0,Debit Card,North,Shipped,1715.94
1554,677,2025-05-08 22:48:39.691091,0.0,Debit Card,East,Shipped,1600.25
1555,94,2025-02-12 22:48:39.691091,0.0,Debit Card,West,Cancelled,733.37
1556,407,2025-05-29 22:48:39.691092,0.0,Bank Transfer,North,Shipped,874.64
1557,845,2025-05-08 22:48:39.691093,0.0,Credit Card,East,Delivered,1038.94
1558,33,2025-01-03 22:48:39.691094,0.0,Bank Transfer,South,Processing,3414.5299999999997
1559,319,2024-10-13 22:48:39.691094,0.0,Bank Transfer,South,Shipped,2913.2200000000003
1560,53,2025-04-05 22:48:39.691095,0.0,Bank Transfer,East,Delivered,1944.43
1561,712,2025-06-27 22:48:39.691096,0.0,PayPal,South,Delivered,2159.36
1562,938,2025-04-15 22:48:39.691097,0.0,Bank Transfer,North,Processing,372.6
1563,637,2025-03-16 22:48:39.691097,0.0,Credit Card,South,Delivered,960.98
1564,102,2025-07-18 22:48:39.691098,0.0,PayPal,West,Delivered,1192.8500000000001
1565,548,2025-07-06 22:48:39.691099,0.0,Debit Card,South,Cancelled,1571.67
1566,572,2024-09-10 22:48:39.691099,0.0,PayPal,South,Delivered,1804.37
1567,952,2025-01-31 22:48:39.691100,0.0,PayPal,East,Shipped,1357.44
1568,708,2024-08-23 22:48:39.691101,0.0,Credit Card,South,Shipped,1589.31
1569,794,2025-05-13 22:48:39.691102,0.0,Debit Card,North,Delivered,78.93
1570,484,2024-10-16 22:48:39.691102,0.0,Bank Transfer,South,Processing,69.93
1571,51,2024-12-23 22:48:39.691103,0.0,Credit Card,South,Delivered,177.32999999999998
1572,476,2024-08-15 22:48:39.691104,0.0,Debit Card,North,Shipped,1171.69
1573,562,2024-11-28 22:48:39.691105,0.0,Bank Transfer,North,Delivered,396.27
1574,233,2025-04-02 22:48:39.691105,0.0,PayPal,East,Delivered,417.12
1575,887,2024-08-14 22:48:39.691106,0.0,Bank Transfer,South,Shipped,2402.5
1576,293,2024-12-31 22:48:39.691107,0.0,PayPal,West,Delivered,2845.0
1577,280,2025-04-17 22:48:39.691108,0.0,Credit Card,North,Delivered,2011.26
1578,401,2025-03-05 22:48:39.691108,0.0,Credit Card,South,Delivered,3171.4
1579,285,2025-03-10 22:48:39.691109,0.0,Credit Card,South,Processing,1447.8400000000001
1580,88,2025-03-24 22:48:39.691110,0.0,Debit Card,West,Cancelled,2317.4300000000003
1581,333,2024-07-26 22:48:39.691110,0.0,Bank Transfer,North,Cancelled,1516.66
1582,165,2024-11-25 22:48:39.691111,0.0,Bank Transfer,North,Cancelled,1567.1000000000001
1583,655,2024-10-20 22:48:39.691112,0.0,PayPal,East,Delivered,2872.79
1584,458,2025-03-27 22:48:39.691113,0.0,Credit Card,North,Delivered,1735.8300000000002
1585,934,2025-02-07 22:48:39.691113,0.0,Credit Card,West,Shipped,1428.93
1586,825,2025-01-07 22:48:39.691114,0.0,Bank Transfer,West,Shipped,3576.36
1587,704,2025-04-02 22:48:39.691115,0.0,Debit Card,West,Processing,3259.8
1588,809,2024-10-03 22:48:39.691116,0.0,Debit Card,South,Cancelled,1566.4099999999999
1589,669,2025-04-01 22:48:39.691116,0.0,Credit Card,East,Shipped,2126.9700000000003
1590,592,2025-06-28 22:48:39.691117,0.0,Credit Card,South,Shipped,2794.44
1591,543,2025-06-24 22:48:39.691118,0.0,Bank Transfer,South,Shipped,595.61
1592,458,2025-01-26 22:48:39.691119,0.0,Credit Card,West,Delivered,695.46
1593,364,2024-08-09 22:48:39.691120,0.0,Credit Card,West,Shipped,991.83
1594,770,2025-01-09 22:48:39.691120,0.0,Bank Transfer,East,Delivered,911.53
1595,990,2025-05-08 22:48:39.691121,0.0,Credit Card,East,Delivered,3016.6099999999997
1596,152,2025-02-15 22:48:39.691122,0.0,Debit Card,West,Delivered,1714.77
1597,496,2024-12-06 22:48:39.691123,0.0,PayPal,South,Processing,445.09
1598,387,2024-09-10 22:48:39.691123,0.0,PayPal,North,Shipped,2273.25
1599,419,2024-10-14 22:48:39.691124,0.0,Bank Transfer,South,Shipped,167.57999999999998
1600,947,2025-05-24 22:48:39.691125,0.0,Debit Card,East,Delivered,4211.51
1601,45,2025-03-20 22:48:39.691125,0.0,Credit Card,East,Shipped,400.94
1602,57,2025-04-12 22:48:39.691126,0.0,PayPal,East,Shipped,1469.13
1603,211,2025-01-05 22:48:39.691127,0.0,PayPal,West,Processing,1638.48
1604,143,2024-12-04 22:48:39.691128,0.0,Credit Card,North,Shipped,690.99
1605,592,2024-09-06 22:48:39.691129,0.0,Debit Card,West,Shipped,993.3299999999999
1606,179,2025-05-26 22:48:39.691129,0.0,PayPal,North,Delivered,525.8299999999999
1607,580,2025-05-04 22:48:39.691130,0.0,Bank Transfer,West,Delivered,1133.92
1608,738,2025-04-04 22:48:39.691131,0.0,Credit Card,East,Shipped,1996.1599999999999
1609,543,2025-06-19 22:48:39.691131,0.0,Credit Card,North,Delivered,1111.1399999999999
1610,982,2025-02-05 22:48:39.691132,0.0,Bank Transfer,South,Delivered,1259.4299999999998
1611,646,2025-03-24 22:48:39.691133,0.0,Bank Transfer,East,Shipped,261.16
1612,267,2024-11-11 22:48:39.691134,0.0,Bank Transfer,West,Shipped,437.95
1613,62,2024-08-24 22:48:39.691134,0.0,Bank Transfer,North,Delivered,1088.49
1614,244,2024-10-12 22:48:39.691135,0.0,Credit Card,East,Cancelled,1843.9699999999998
1615,855,2025-02-27 22:48:39.691136,0.0,Bank Transfer,East,Processing,577.34
1616,543,2025-06-11 22:48:39.691137,0.0,Debit Card,North,Delivered,455.62
1617,456,2024-10-29 22:48:39.691137,0.0,Credit Card,North,Delivered,255.76
1618,913,2024-10-27 22:48:39.691138,0.0,Credit Card,West,Processing,1413.7
1619,154,2025-04-02 22:48:39.691139,0.0,Debit Card,West,Delivered,766.47
1620,627,2025-07-09 22:48:39.691140,0.0,Credit Card,North,Shipped,337.04
1621,625,2024-09-24 22:48:39.691140,0.0,PayPal,West,Shipped,1515.87
1622,481,2025-04-22 22:48:39.691141,0.0,Debit Card,South,Shipped,2009.31
1623,821,2024-12-22 22:48:39.691142,0.0,PayPal,North,Delivered,2400.54
1624,383,2024-11-06 22:48:39.691143,0.0,PayPal,East,Shipped,658.81
1625,774,2025-01-30 22:48:39.691144,0.0,Debit Card,North,Processing,114.97
1626,79,2024-12-23 22:48:39.691144,0.0,Debit Card,South,Cancelled,412.06
1627,211,2024-11-06 22:48:39.691145,0.0,PayPal,West,Shipped,994.86
1628,536,2024-10-28 22:48:39.691146,0.0,Credit Card,East,Processing,710.37
1629,551,2024-10-31 22:48:39.691147,0.0,Credit Card,East,Delivered,427.58
1630,776,2025-02-06 22:48:39.691147,0.0,Bank Transfer,South,Shipped,2227.4799999999996
1631,122,2024-12-18 22:48:39.691148,0.0,Bank Transfer,West,Shipped,713.66
1632,639,2025-05-30 22:48:39.691149,0.0,Debit Card,South,Delivered,2409.54
1633,294,2024-12-06 22:48:39.691150,0.0,Credit Card,South,Delivered,1080.96
1634,328,2025-04-21 22:48:39.691150,0.0,Debit Card,East,Shipped,940.9100000000001
1635,770,2025-04-29 22:48:39.691151,0.0,Debit Card,West,Delivered,2267.84
1636,353,2025-04-30 22:48:39.691152,0.0,Bank Transfer,East,Shipped,1466.8799999999999
1637,72,2024-12-11 22:48:39.691153,0.0,Bank Transfer,North,Shipped,341.98
1638,93,2025-03-07 22:48:39.691153,0.0,Credit Card,South,Delivered,314.36
1639,211,2024-09-03 22:48:39.691154,0.0,Credit Card,South,Delivered,852.1800000000001
1640,749,2025-07-03 22:48:39.691155,0.0,Credit Card,West,Shipped,2090.83
1641,604,2024-11-19 22:48:39.691155,0.0,Debit Card,South,Processing,514.89
1642,66,2025-01-06 22:48:39.691156,0.0,Bank Transfer,South,Shipped,459.45000000000005
1643,258,2024-12-04 22:48:39.691157,0.0,Debit Card,East,Processing,1622.35
1644,233,2025-04-27 22:48:39.691158,0.0,PayPal,North,Delivered,293.08
1645,698,2025-02-06 22:48:39.691158,0.0,Credit Card,East,Delivered,1941.6000000000001
1646,409,2025-03-19 22:48:39.691159,0.0,PayPal,North,Delivered,970.46
1647,940,2025-06-20 22:48:39.691160,0.0,Debit Card,West,Delivered,1919.4199999999998
1648,562,2024-08-18 22:48:39.691160,0.0,Debit Card,North,Delivered,1779.79
1649,594,2024-12-20 22:48:39.691161,0.0,Credit Card,North,Shipped,728.75
1650,523,2024-07-31 22:48:39.691162,0.0,Bank Transfer,North,Shipped,1655.35
1651,749,2025-06-13 22:48:39.691163,0.0,Debit Card,West,Processing,114.97
1652,793,2025-01-06 22:48:39.691163,0.0,Bank Transfer,West,Delivered,455.62
1653,436,2024-08-31 22:48:39.691164,0.0,Bank Transfer,South,Shipped,1941.0099999999998
1654,4,2025-06-09 22:48:39.691165,0.0,Debit Card,South,Delivered,2516.54
1655,407,2024-10-23 22:48:39.691166,0.0,Debit Card,North,Processing,1547.71
1656,298,2025-04-15 22:48:39.691166,0.0,PayPal,North,Delivered,746.2
1657,522,2024-10-05 22:48:39.691167,0.0,Credit Card,West,Delivered,1679.98
1658,817,2025-02-02 22:48:39.691172,0.0,Bank Transfer,West,Delivered,552.68
1659,165,2025-07-21 22:48:39.691172,0.0,PayPal,North,Delivered,2752.93
1660,141,2025-02-22 22:48:39.691173,0.0,Bank Transfer,South,Shipped,1321.73
1661,744,2025-02-16 22:48:39.691174,0.0,Debit Card,North,Shipped,1985.1299999999999
1662,718,2025-05-02 22:48:39.691175,0.0,Credit Card,East,Delivered,1801.26
1663,619,2024-08-21 22:48:39.691176,0.0,PayPal,North,Shipped,279.32
1664,52,2025-03-10 22:48:39.691176,0.0,PayPal,South,Delivered,1357.08
1665,205,2025-05-17 22:48:39.691177,0.0,Bank Transfer,South,Shipped,735.39
1666,282,2024-10-16 22:48:39.691178,0.0,PayPal,North,Delivered,582.74
1667,60,2024-12-26 22:48:39.691178,0.0,Bank Transfer,South,Delivered,1954.7
1668,808,2024-11-11 22:48:39.691179,0.0,Credit Card,South,Delivered,473.44
1669,848,2024-12-02 22:48:39.691180,0.0,Debit Card,North,Processing,2887.94
1670,691,2024-08-31 22:48:39.691181,0.0,Debit Card,West,Shipped,153.84
1671,128,2025-05-14 22:48:39.691182,0.0,Bank Transfer,West,Delivered,1118.6399999999999
1672,159,2025-06-09 22:48:39.691182,0.0,Credit Card,South,Delivered,1414.34
1673,249,2025-06-19 22:48:39.691183,0.0,PayPal,South,Shipped,2099.37
1674,492,2024-09-27 22:48:39.691184,0.0,Credit Card,South,Delivered,3191.5099999999998
1675,786,2024-08-26 22:48:39.691185,0.0,Credit Card,North,Shipped,1351.41
1676,309,2025-03-18 22:48:39.691185,0.0,PayPal,South,Shipped,399.41999999999996
1677,70,2024-07-31 22:48:39.691186,0.0,PayPal,South,Delivered,2160.68
1678,140,2024-09-15 22:48:39.691187,0.0,Credit Card,South,Shipped,1853.56
1679,85,2025-01-30 22:48:39.691188,0.0,Credit Card,East,Shipped,2563.64
1680,949,2024-07-29 22:48:39.691188,0.0,Bank Transfer,West,Shipped,2425.0
1681,82,2025-01-27 22:48:39.691189,0.0,Bank Transfer,West,Shipped,3354.7799999999997
1682,469,2025-07-17 22:48:39.691190,0.0,Bank Transfer,West,Shipped,69.78
1683,98,2024-08-04 22:48:39.691191,0.0,Bank Transfer,West,Delivered,768.12
1684,588,2025-03-21 22:48:39.691191,0.0,Credit Card,South,Processing,1406.13
1685,78,2025-03-13 22:48:39.691192,0.0,Credit Card,East,Delivered,115.89
1686,701,2025-02-25 22:48:39.691193,0.0,Bank Transfer,East,Shipped,748.4399999999999
1687,823,2025-02-26 22:48:39.691194,0.0,PayPal,West,Shipped,1672.29
1688,250,2025-05-28 22:48:39.691194,0.0,Bank Transfer,East,Delivered,1106.78
1689,412,2024-10-06 22:48:39.691195,0.0,PayPal,North,Delivered,697.8299999999999
1690,823,2025-03-23 22:48:39.691196,0.0,PayPal,South,Delivered,3491.27
1691,823,2024-08-14 22:48:39.691197,0.0,Bank Transfer,South,Processing,786.5999999999999
1692,489,2024-10-17 22:48:39.691197,0.0,Debit Card,West,Delivered,1370.99
1693,431,2025-05-11 22:48:39.691198,0.0,Debit Card,South,Shipped,1528.15
1694,23,2025-03-20 22:48:39.691199,0.0,Debit Card,South,Shipped,1522.4899999999998
1695,828,2025-05-03 22:48:39.691200,0.0,Bank Transfer,South,Processing,496.4
1696,33,2024-11-06 22:48:39.691200,0.0,Debit Card,East,Shipped,1163.6299999999999
1697,985,2025-03-17 22:48:39.691201,0.0,Debit Card,East,Delivered,1849.35
1698,145,2025-05-01 22:48:39.691202,0.0,Credit Card,North,Shipped,1519.1
1699,482,2024-12-15 22:48:39.691203,0.0,Bank Transfer,South,Processing,327.73
1700,808,2024-12-19 22:48:39.691203,0.0,Credit Card,South,Delivered,1094.46
1701,921,2025-03-25 22:48:39.691204,0.0,PayPal,East,Delivered,1103.57
1702,600,2024-10-27 22:48:39.691205,0.0,PayPal,North,Cancelled,1695.9099999999999
1703,905,2024-12-24 22:48:39.691206,0.0,PayPal,North,Delivered,1085.52
1704,614,2024-11-16 22:48:39.691206,0.0,Credit Card,North,Delivered,3085.27
1705,808,2024-10-18 22:48:39.691207,0.0,Bank Transfer,North,Processing,1039.71
1706,113,2025-01-07 22:48:39.691208,0.0,Debit Card,East,Delivered,2482.5299999999997
1707,298,2024-08-24 22:48:39.691208,0.0,Debit Card,North,Delivered,1479.54
1708,734,2025-07-11 22:48:39.691209,0.0,PayPal,South,Shipped,1823.1899999999998
1709,849,2024-12-22 22:48:39.691210,0.0,PayPal,East,Processing,1666.71
1710,831,2025-04-25 22:48:39.691211,0.0,Credit Card,South,Delivered,1707.1299999999999
1711,83,2024-10-24 22:48:39.691211,0.0,PayPal,South,Shipped,2936.74
1712,352,2025-01-19 22:48:39.691212,0.0,Bank Transfer,South,Shipped,737.12
1713,585,2025-06-21 22:48:39.691213,0.0,PayPal,South,Shipped,1067.87
1714,53,2024-11-02 22:48:39.691214,0.0,Bank Transfer,East,Processing,130.58
1715,793,2024-10-04 22:48:39.691214,0.0,Bank Transfer,West,Shipped,2323.24
1716,792,2025-03-24 22:48:39.691215,0.0,Debit Card,East,Delivered,2286.94
1717,916,2024-09-18 22:48:39.691216,0.0,PayPal,South,Delivered,1821.1599999999999
1718,106,2025-07-21 22:48:39.691217,0.0,Debit Card,East,Cancelled,1476.8200000000002
1719,615,2024-08-06 22:48:39.691217,0.0,Credit Card,South,Delivered,2109.12
1720,744,2024-12-02 22:48:39.691218,0.0,Credit Card,North,Delivered,818.0799999999999
1721,370,2025-06-01 22:48:39.691219,0.0,PayPal,West,Delivered,1946.45
1722,474,2025-03-22 22:48:39.691220,0.0,Debit Card,East,Delivered,136.07999999999998
1723,555,2024-11-03 22:48:39.691220,0.0,PayPal,West,Shipped,1362.54
1724,624,2025-05-23 22:48:39.691221,0.0,Bank Transfer,South,Delivered,484.02
1725,840,2024-12-31 22:48:39.691222,0.0,Credit Card,South,Delivered,872.77
1726,209,2024-08-24 22:48:39.691223,0.0,Credit Card,South,Delivered,44.77
1727,970,2024-08-10 22:48:39.691223,0.0,Bank Transfer,North,Processing,625.55
1728,848,2024-08-13 22:48:39.691224,0.0,Debit Card,North,Delivered,2071.83
1729,378,2025-02-07 22:48:39.691225,0.0,Bank Transfer,East,Shipped,1591.8200000000002
1730,981,2025-01-13 22:48:39.691226,0.0,Bank Transfer,North,Delivered,2191.77
1731,798,2025-04-12 22:48:39.691226,0.0,Credit Card,West,Shipped,1439.1200000000001
1732,369,2024-11-26 22:48:39.691227,0.0,Credit Card,West,Shipped,1760.56
1733,39,2024-10-08 22:48:39.691228,0.0,Debit Card,South,Shipped,726.82
1734,160,2025-03-29 22:48:39.691228,0.0,Credit Card,North,Shipped,3300.5199999999995
1735,252,2024-12-11 22:48:39.691229,0.0,Debit Card,East,Delivered,20.11
1736,365,2025-02-07 22:48:39.691230,0.0,Credit Card,West,Processing,1103.95
1737,711,2024-11-03 22:48:39.691231,0.0,Debit Card,West,Processing,1831.58
1738,772,2024-08-11 22:48:39.691231,0.0,Debit Card,West,Shipped,1317.47
1739,239,2024-12-02 22:48:39.691232,0.0,Bank Transfer,South,Delivered,538.95
1740,123,2024-11-23 22:48:39.691233,0.0,Debit Card,North,Delivered,1915.17
1741,191,2024-11-02 22:48:39.691234,0.0,Credit Card,West,Shipped,341.98
1742,514,2024-09-09 22:48:39.691234,0.0,PayPal,North,Delivered,29.82
1743,56,2024-12-31 22:48:39.691235,0.0,Credit Card,North,Delivered,451.02
1744,887,2025-02-01 22:48:39.691236,0.0,Debit Card,West,Delivered,2335.4500000000003
1745,283,2025-06-06 22:48:39.691237,0.0,Bank Transfer,South,Shipped,2606.65
1746,730,2025-02-11 22:48:39.691237,0.0,Credit Card,East,Delivered,1207.6
1747,518,2025-02-08 22:48:39.691238,0.0,PayPal,South,Delivered,1115.76
1748,883,2025-05-22 22:48:39.691239,0.0,Credit Card,East,Delivered,2226.1
1749,82,2024-09-14 22:48:39.691240,0.0,Bank Transfer,South,Delivered,1367.6999999999998
1750,568,2024-10-09 22:48:39.691240,0.0,PayPal,East,Delivered,738.22
1751,495,2025-06-07 22:48:39.691241,0.0,PayPal,North,Delivered,2175.11
1752,318,2024-10-01 22:48:39.691242,0.0,Debit Card,South,Shipped,1596.6799999999998
1753,254,2024-08-20 22:48:39.691243,0.0,PayPal,South,Processing,1373.46
1754,892,2025-04-02 22:48:39.691243,0.0,Credit Card,South,Delivered,3129.8
1755,250,2024-10-29 22:48:39.691244,0.0,Debit Card,North,Shipped,1041.04
1756,568,2025-05-19 22:48:39.691245,0.0,Debit Card,West,Delivered,2117.9700000000003
1757,95,2024-10-13 22:48:39.691246,0.0,Debit Card,East,Processing,24.15
1758,122,2025-04-12 22:48:39.691246,0.0,Credit Card,North,Shipped,1857.0
1759,534,2025-05-21 22:48:39.691247,0.0,Credit Card,West,Delivered,2773.78
1760,133,2025-05-02 22:48:39.691248,0.0,Credit Card,East,Shipped,2339.15
1761,487,2025-01-18 22:48:39.691249,0.0,Debit Card,South,Shipped,471.20000000000005
1762,461,2024-11-05 22:48:39.691249,0.0,PayPal,West,Delivered,818.68
1763,470,2025-01-28 22:48:39.691250,0.0,Bank Transfer,North,Processing,3069.82
1764,789,2024-08-29 22:48:39.691251,0.0,PayPal,West,Processing,1054.65
1765,71,2025-06-22 22:48:39.691252,0.0,PayPal,East,Delivered,242.26
1766,831,2025-05-26 22:48:39.691253,0.0,Bank Transfer,East,Delivered,1689.4
1767,960,2025-03-07 22:48:39.691253,0.0,PayPal,North,Shipped,2215.33
1768,753,2025-07-11 22:48:39.691254,0.0,Bank Transfer,South,Shipped,83.52
1769,126,2025-01-19 22:48:39.691255,0.0,Bank Transfer,West,Shipped,2086.7799999999997
1770,196,2025-02-06 22:48:39.691255,0.0,Bank Transfer,South,Delivered,1065.08
1771,734,2025-05-16 22:48:39.691256,0.0,Debit Card,East,Delivered,113.06
1772,11,2025-01-10 22:48:39.691257,0.0,Bank Transfer,West,Delivered,1004.4300000000001
1773,226,2025-04-01 22:48:39.691258,0.0,PayPal,North,Delivered,1402.9
1774,708,2024-11-17 22:48:39.691259,0.0,Bank Transfer,West,Processing,1207.82
1775,375,2025-04-30 22:48:39.691259,0.0,PayPal,South,Shipped,709.17
1776,791,2025-04-17 22:48:39.691260,0.0,Bank Transfer,South,Processing,1195.75
1777,488,2025-05-18 22:48:39.691261,0.0,Credit Card,West,Delivered,1037.01
1778,855,2024-09-20 22:48:39.691261,0.0,PayPal,South,Processing,2978.37
1779,527,2025-02-08 22:48:39.691262,0.0,Bank Transfer,West,Shipped,2729.59
1780,339,2024-10-14 22:48:39.691263,0.0,PayPal,East,Shipped,588.0899999999999
1781,523,2025-01-28 22:48:39.691264,0.0,Credit Card,North,Delivered,509.8
1782,492,2024-11-22 22:48:39.691264,0.0,Debit Card,North,Processing,1334.84
1783,394,2025-03-16 22:48:39.691265,0.0,Bank Transfer,North,Delivered,1582.9099999999999
1784,61,2025-05-06 22:48:39.691266,0.0,Credit Card,West,Processing,2788.33
1785,18,2025-03-24 22:48:39.691267,0.0,Bank Transfer,South,Shipped,424.14
1786,753,2024-08-31 22:48:39.691267,0.0,Credit Card,North,Delivered,516.18
1787,379,2024-09-02 22:48:39.691268,0.0,Credit Card,West,Delivered,2012.9099999999999
1788,686,2025-02-21 22:48:39.691269,0.0,Credit Card,West,Cancelled,783.5899999999999
1789,430,2024-07-28 22:48:39.691270,0.0,Bank Transfer,North,Shipped,1076.2
1790,430,2025-05-19 22:48:39.691270,0.0,Bank Transfer,East,Delivered,1271.54
1791,229,2025-05-10 22:48:39.691271,0.0,Credit Card,East,Delivered,1844.5900000000001
1792,259,2024-07-24 22:48:39.691272,0.0,Debit Card,West,Delivered,1086.1399999999999
1793,860,2025-03-25 22:48:39.691273,0.0,Debit Card,West,Shipped,1297.8600000000001
1794,238,2025-05-29 22:48:39.691273,0.0,Debit Card,West,Shipped,1400.6599999999999
1795,275,2025-03-28 22:48:39.691274,0.0,Credit Card,North,Processing,1780.42
1796,536,2025-07-14 22:48:39.691275,0.0,PayPal,East,Shipped,483.55
1797,581,2025-06-16 22:48:39.691276,0.0,Debit Card,East,Delivered,2566.4599999999996
1798,154,2025-01-16 22:48:39.691276,0.0,Credit Card,West,Delivered,1099.25
1799,34,2025-03-16 22:48:39.691277,0.0,Credit Card,East,Processing,788.5600000000001
1800,758,2024-10-29 22:48:39.691278,0.0,PayPal,East,Shipped,3390.96
1801,273,2025-04-09 22:48:39.691279,0.0,Bank Transfer,North,Processing,1918.79
1802,64,2025-05-17 22:48:39.691279,0.0,Credit Card,East,Delivered,1361.02
1803,180,2024-12-05 22:48:39.691280,0.0,Credit Card,East,Shipped,2769.47
1804,392,2024-12-31 22:48:39.691281,0.0,Bank Transfer,South,Processing,1008.22
1805,389,2025-04-26 22:48:39.691281,0.0,Bank Transfer,East,Shipped,770.13
1806,187,2024-08-21 22:48:39.691282,0.0,Credit Card,South,Shipped,183.25
1807,77,2024-11-02 22:48:39.691283,0.0,Debit Card,South,Delivered,1621.9099999999999
1808,417,2025-01-12 22:48:39.691284,0.0,Debit Card,North,Shipped,1917.61
1809,876,2025-07-10 22:48:39.691284,0.0,PayPal,North,Delivered,463.38
1810,841,2024-09-09 22:48:39.691285,0.0,Bank Transfer,South,Processing,1540.91
1811,936,2025-02-22 22:48:39.691286,0.0,PayPal,North,Shipped,366.5
1812,884,2024-10-10 22:48:39.691287,0.0,PayPal,North,Delivered,674.6800000000001
1813,908,2024-11-27 22:48:39.691287,0.0,Credit Card,North,Shipped,1759.97
1814,370,2025-03-15 22:48:39.691288,0.0,Debit Card,South,Cancelled,2100.91
1815,512,2025-02-21 22:48:39.691289,0.0,Credit Card,West,Processing,48.54
1816,323,2024-10-15 22:48:39.691290,0.0,PayPal,East,Shipped,2559.7
1817,838,2025-04-12 22:48:39.691290,0.0,Debit Card,North,Processing,2229.33
1818,824,2024-08-01 22:48:39.691291,0.0,Debit Card,South,Delivered,711.09
1819,202,2025-03-17 22:48:39.691292,0.0,Debit Card,East,Shipped,3557.9500000000003
1820,64,2025-03-25 22:48:39.691293,0.0,Bank Transfer,East,Delivered,1393.5500000000002
1821,459,2024-11-09 22:48:39.691293,0.0,PayPal,West,Delivered,752.4300000000001
1822,553,2024-08-01 22:48:39.691294,0.0,Debit Card,East,Delivered,3265.9300000000003
1823,910,2024-09-28 22:48:39.691295,0.0,Bank Transfer,East,Delivered,578.1800000000001
1824,380,2024-09-26 22:48:39.691296,0.0,Debit Card,South,Shipped,2690.09
1825,351,2025-05-13 22:48:39.691297,0.0,Credit Card,North,Shipped,639.87
1826,499,2025-01-06 22:48:39.691297,0.0,Debit Card,East,Shipped,65.87
1827,974,2024-08-22 22:48:39.691298,0.0,Credit Card,North,Delivered,551.12
1828,170,2025-05-31 22:48:39.691299,0.0,Debit Card,South,Delivered,219.72
1829,583,2024-12-04 22:48:39.691299,0.0,Credit Card,West,Delivered,1990.09
1830,83,2024-12-03 22:48:39.691300,0.0,Credit Card,North,Delivered,1547.73
1831,407,2024-07-28 22:48:39.691301,0.0,Bank Transfer,South,Shipped,1809.58
1832,270,2025-05-01 22:48:39.691302,0.0,Debit Card,West,Delivered,990.3399999999999
1833,402,2025-04-07 22:48:39.691303,0.0,Credit Card,South,Delivered,1656.1200000000001
1834,261,2024-08-07 22:48:39.691303,0.0,Credit Card,South,Shipped,1706.03
1835,963,2024-08-08 22:48:39.691304,0.0,Bank Transfer,West,Delivered,420.7
1836,585,2025-02-13 22:48:39.691305,0.0,PayPal,South,Shipped,3517.0899999999997
1837,569,2025-01-15 22:48:39.691306,0.0,Bank Transfer,North,Processing,905.95
1838,801,2025-01-04 22:48:39.691306,0.0,Bank Transfer,North,Shipped,3421.0
1839,267,2025-07-09 22:48:39.691307,0.0,Debit Card,West,Delivered,133.12
1840,81,2024-10-02 22:48:39.691308,0.0,Credit Card,South,Processing,1752.58
1841,637,2024-07-26 22:48:39.691309,0.0,Credit Card,South,Processing,621.3
1842,234,2025-04-01 22:48:39.691309,0.0,PayPal,North,Processing,1598.87
1843,471,2024-07-23 22:48:39.691310,0.0,Bank Transfer,North,Processing,1428.85
1844,160,2024-10-11 22:48:39.691311,0.0,Bank Transfer,East,Delivered,1817.75
1845,105,2024-09-28 22:48:39.691311,0.0,PayPal,South,Shipped,3347.41
1846,701,2025-06-07 22:48:39.691312,0.0,Debit Card,South,Delivered,539.9200000000001
1847,737,2024-11-16 22:48:39.691313,0.0,PayPal,North,Delivered,851.68
1848,863,2025-03-05 22:48:39.691314,0.0,PayPal,South,Delivered,2178.43
1849,241,2025-05-19 22:48:39.691314,0.0,PayPal,South,Processing,3500.07
1850,8,2024-11-26 22:48:39.691315,0.0,Credit Card,West,Processing,2047.31
1851,500,2024-08-11 22:48:39.691316,0.0,Bank Transfer,North,Delivered,1251.15
1852,574,2025-06-28 22:48:39.691316,0.0,Debit Card,West,Delivered,531.6
1853,127,2025-06-25 22:48:39.691317,0.0,Bank Transfer,West,Shipped,1131.16
1854,98,2024-11-29 22:48:39.691318,0.0,Bank Transfer,North,Processing,1121.06
1855,573,2024-08-17 22:48:39.691319,0.0,Bank Transfer,South,Delivered,2386.15
1856,310,2024-07-28 22:48:39.691319,0.0,Bank Transfer,East,Delivered,2034.83
1857,339,2024-09-24 22:48:39.691320,0.0,PayPal,West,Shipped,1666.4499999999998
1858,440,2025-02-03 22:48:39.691321,0.0,Debit Card,West,Delivered,2842.76
1859,557,2025-07-06 22:48:39.691322,0.0,PayPal,East,Cancelled,28.46
1860,24,2025-04-27 22:48:39.691323,0.0,Debit Card,East,Delivered,542.58
1861,640,2024-12-27 22:48:39.691323,0.0,Credit Card,East,Delivered,2398.65
1862,958,2025-04-01 22:48:39.691324,0.0,Bank Transfer,West,Shipped,1765.93
1863,304,2025-04-10 22:48:39.691325,0.0,Credit Card,South,Shipped,738.22
1864,237,2025-02-24 22:48:39.691326,0.0,Debit Card,North,Delivered,742.14
1865,79,2024-11-08 22:48:39.691326,0.0,Debit Card,East,Delivered,470.64
1866,46,2024-10-28 22:48:39.691327,0.0,Bank Transfer,South,Shipped,607.81
1867,103,2024-10-16 22:48:39.691328,0.0,PayPal,East,Shipped,1267.1
1868,534,2025-03-26 22:48:39.691329,0.0,Debit Card,West,Delivered,1508.6200000000001
1869,782,2024-12-16 22:48:39.691329,0.0,Bank Transfer,South,Delivered,1592.3500000000001
1870,10,2025-04-12 22:48:39.691330,0.0,PayPal,South,Delivered,744.11
1871,114,2024-11-17 22:48:39.691331,0.0,Bank Transfer,East,Delivered,3550.89
1872,448,2024-10-15 22:48:39.691331,0.0,PayPal,South,Processing,1530.33
1873,333,2025-06-16 22:48:39.691332,0.0,Debit Card,West,Delivered,1698.56
1874,585,2025-01-06 22:48:39.691333,0.0,Debit Card,North,Delivered,1754.6399999999999
1875,289,2024-08-04 22:48:39.691334,0.0,PayPal,South,Shipped,145.62
1876,211,2024-12-17 22:48:39.691334,0.0,Debit Card,West,Delivered,1218.72
1877,540,2025-04-23 22:48:39.691335,0.0,Debit Card,West,Cancelled,516.86
1878,995,2024-09-30 22:48:39.691336,0.0,Debit Card,West,Cancelled,1310.34
1879,93,2025-02-06 22:48:39.691337,0.0,PayPal,West,Cancelled,1017.79
1880,943,2025-03-04 22:48:39.691337,0.0,Credit Card,South,Processing,516.18
1881,414,2025-07-06 22:48:39.691338,0.0,Debit Card,East,Shipped,750.8399999999999
1882,382,2025-04-15 22:48:39.691339,0.0,Bank Transfer,East,Delivered,967.81
1883,480,2024-12-23 22:48:39.691340,0.0,Credit Card,West,Processing,773.81
1884,964,2025-01-23 22:48:39.691340,0.0,Bank Transfer,North,Processing,1827.84
1885,734,2025-03-29 22:48:39.691341,0.0,Debit Card,South,Delivered,1904.94
1886,382,2024-09-15 22:48:39.691342,0.0,Credit Card,East,Shipped,226.28
1887,439,2024-08-11 22:48:39.691343,0.0,Debit Card,East,Processing,1909.94
1888,945,2024-08-30 22:48:39.691343,0.0,Bank Transfer,South,Delivered,1031.01
1889,580,2025-04-10 22:48:39.691344,0.0,PayPal,South,Shipped,953.58
1890,824,2024-10-13 22:48:39.691345,0.0,Credit Card,West,Processing,1351.12
1891,259,2025-05-10 22:48:39.691346,0.0,Bank Transfer,North,Processing,2145.3
1892,896,2025-03-09 22:48:39.691346,0.0,Credit Card,West,Delivered,3654.48
1893,840,2025-02-11 22:48:39.691347,0.0,PayPal,North,Processing,1437.83
1894,642,2024-11-06 22:48:39.691348,0.0,Bank Transfer,South,Cancelled,2136.04
1895,748,2024-11-07 22:48:39.691349,0.0,Debit Card,South,Processing,1095.21
1896,808,2025-01-20 22:48:39.691349,0.0,Debit Card,West,Delivered,1474.68
1897,131,2025-07-14 22:48:39.691350,0.0,Bank Transfer,East,Delivered,795.3800000000001
1898,798,2024-09-18 22:48:39.691351,0.0,Debit Card,East,Processing,220.38
1899,258,2024-09-04 22:48:39.691352,0.0,Credit Card,West,Delivered,1513.18
1900,889,2024-12-20 22:48:39.691352,0.0,Debit Card,West,Processing,1074.4499999999998
1901,33,2024-11-04 22:48:39.691353,0.0,Debit Card,West,Delivered,137.43
1902,545,2025-03-09 22:48:39.691354,0.0,PayPal,North,Processing,993.9300000000001
1903,338,2024-10-16 22:48:39.691354,0.0,Credit Card,South,Shipped,3284.58
1904,298,2024-10-30 22:48:39.691355,0.0,Debit Card,South,Delivered,479.7
1905,507,2025-07-11 22:48:39.691356,0.0,Credit Card,North,Delivered,1599.42
1906,794,2025-05-02 22:48:39.691357,0.0,PayPal,North,Delivered,376.03000000000003
1907,150,2025-06-23 22:48:39.691358,0.0,Bank Transfer,South,Processing,163.89000000000001
1908,817,2024-10-01 22:48:39.691358,0.0,Credit Card,North,Shipped,3179.3199999999997
1909,137,2025-01-15 22:48:39.691359,0.0,Credit Card,North,Processing,1350.2
1910,347,2024-08-31 22:48:39.691360,0.0,Credit Card,East,Processing,997.6099999999999
1911,534,2024-12-23 22:48:39.691361,0.0,Credit Card,North,Shipped,1680.07
1912,927,2024-11-22 22:48:39.691361,0.0,Bank Transfer,South,Shipped,3032.5099999999998
1913,790,2025-02-20 22:48:39.691362,0.0,Credit Card,North,Processing,403.24
1914,225,2024-12-11 22:48:39.691363,0.0,Bank Transfer,West,Delivered,52.72
1915,327,2024-10-10 22:48:39.691364,0.0,PayPal,South,Delivered,485.18
1916,914,2024-10-17 22:48:39.691364,0.0,Debit Card,West,Delivered,2589.0
1917,694,2025-02-14 22:48:39.691365,0.0,Debit Card,East,Processing,2505.55
1918,685,2025-05-22 22:48:39.691366,0.0,Credit Card,West,Processing,2224.2
1919,782,2025-06-22 22:48:39.691366,0.0,Debit Card,South,Shipped,310.25
1920,296,2025-06-18 22:48:39.691367,0.0,PayPal,East,Processing,1116.49
1921,93,2025-03-08 22:48:39.691368,0.0,Credit Card,South,Delivered,2972.21
1922,794,2024-07-31 22:48:39.691369,0.0,Bank Transfer,East,Delivered,1179.48
1923,311,2025-04-15 22:48:39.691369,0.0,Credit Card,East,Shipped,3812.84
1924,328,2025-03-25 22:48:39.691370,0.0,PayPal,East,Shipped,3255.2999999999997
1925,742,2025-01-24 22:48:39.691371,0.0,Debit Card,South,Cancelled,1293.1599999999999
1926,511,2024-11-01 22:48:39.691372,0.0,PayPal,East,Processing,1711.94
1927,77,2024-08-04 22:48:39.691372,0.0,Bank Transfer,West,Processing,514.89
1928,730,2024-12-29 22:48:39.691373,0.0,Bank Transfer,South,Shipped,489.6
1929,369,2025-02-18 22:48:39.691374,0.0,Debit Card,West,Delivered,496.4
1930,23,2024-09-03 22:48:39.691374,0.0,PayPal,East,Shipped,1084.76
1931,558,2025-07-21 22:48:39.691375,0.0,PayPal,West,Shipped,1856.03
1932,549,2025-06-01 22:48:39.691376,0.0,PayPal,South,Delivered,1539.5
1933,936,2024-10-14 22:48:39.691377,0.0,PayPal,South,Shipped,1519.8000000000002
1934,64,2024-12-08 22:48:39.691377,0.0,Credit Card,East,Processing,1901.4099999999999
1935,536,2025-06-06 22:48:39.691378,0.0,Bank Transfer,North,Shipped,1711.4900000000002
1936,933,2025-04-19 22:48:39.691379,0.0,PayPal,East,Delivered,2638.9
1937,468,2025-05-26 22:48:39.691380,0.0,Bank Transfer,South,Processing,2355.69
1938,326,2025-06-25 22:48:39.691380,0.0,Bank Transfer,East,Cancelled,1161.54
1939,462,2024-09-09 22:48:39.691381,0.0,Debit Card,North,Delivered,885.76
1940,513,2024-10-02 22:48:39.691382,0.0,Credit Card,South,Delivered,906.22
1941,201,2024-08-07 22:48:39.691382,0.0,Bank Transfer,North,Shipped,1144.88
1942,1,2025-01-15 22:48:39.691383,0.0,Debit Card,South,Processing,2129.77
1943,479,2024-08-23 22:48:39.691384,0.0,Bank Transfer,East,Delivered,2052.84
1944,674,2024-12-21 22:48:39.691385,0.0,Bank Transfer,North,Shipped,921.3000000000001
1945,920,2024-09-11 22:48:39.691385,0.0,Bank Transfer,East,Shipped,505.84
1946,224,2025-05-18 22:48:39.691386,0.0,Bank Transfer,South,Shipped,3338.29
1947,265,2025-02-19 22:48:39.691387,0.0,PayPal,West,Processing,2922.09
1948,76,2025-01-07 22:48:39.691388,0.0,Debit Card,South,Processing,2949.54
1949,687,2025-07-16 22:48:39.691389,0.0,Bank Transfer,North,Delivered,2199.7799999999997
1950,726,2025-05-16 22:48:39.691389,0.0,PayPal,West,Shipped,1684.21
1951,385,2025-03-12 22:48:39.691390,0.0,Debit Card,West,Delivered,1642.2099999999998
1952,810,2025-03-31 22:48:39.691391,0.0,Credit Card,South,Delivered,2155.7200000000003
1953,849,2024-09-17 22:48:39.691392,0.0,Bank Transfer,West,Shipped,1421.9
1954,320,2025-04-04 22:48:39.691392,0.0,PayPal,East,Processing,1650.9099999999999
1955,1000,2025-06-01 22:48:39.691393,0.0,Credit Card,South,Delivered,1345.8
1956,633,2024-09-29 22:48:39.691394,0.0,Bank Transfer,West,Delivered,2513.6400000000003
1957,12,2025-04-28 22:48:39.691395,0.0,Debit Card,South,Delivered,1433.15
1958,336,2024-08-12 22:48:39.691395,0.0,Credit Card,South,Processing,271.15999999999997
1959,633,2025-07-16 22:48:39.691396,0.0,Credit Card,West,Shipped,1891.08
1960,971,2025-03-03 22:48:39.691397,0.0,Bank Transfer,North,Delivered,354.52
1961,961,2024-12-02 22:48:39.691397,0.0,Debit Card,North,Cancelled,174.81
1962,680,2024-11-13 22:48:39.691398,0.0,PayPal,South,Processing,3449.28
1963,639,2024-09-07 22:48:39.691399,0.0,PayPal,West,Processing,1379.45
1964,140,2025-03-04 22:48:39.691400,0.0,PayPal,South,Delivered,740.75
1965,350,2025-06-04 22:48:39.691400,0.0,Debit Card,North,Delivered,1131.07
1966,390,2025-04-01 22:48:39.691401,0.0,Credit Card,West,Processing,939.03
1967,787,2025-06-22 22:48:39.691402,0.0,PayPal,East,Delivered,855.36
1968,325,2025-04-18 22:48:39.691403,0.0,Bank Transfer,South,Processing,2829.98
1969,944,2025-05-13 22:48:39.691403,0.0,Debit Card,East,Processing,3210.84
1970,132,2025-03-29 22:48:39.691404,0.0,Credit Card,North,Delivered,2102.3399999999997
1971,729,2025-03-18 22:48:39.691405,0.0,Credit Card,East,Delivered,387.94
1972,335,2024-08-01 22:48:39.691406,0.0,Credit Card,North,Processing,470.9
1973,368,2024-09-06 22:48:39.691406,0.0,Credit Card,East,Shipped,728.47
1974,694,2024-08-11 22:48:39.691407,0.0,PayPal,East,Delivered,2375.94
1975,762,2025-06-10 22:48:39.691408,0.0,Bank Transfer,South,Delivered,193.32
1976,399,2024-10-20 22:48:39.691409,0.0,Debit Card,West,Delivered,233.81
1977,319,2025-04-15 22:48:39.691409,0.0,Credit Card,West,Delivered,1888.33
1978,288,2025-03-26 22:48:39.691410,0.0,Credit Card,South,Shipped,4610.33
1979,15,2024-10-28 22:48:39.691411,0.0,Debit Card,West,Processing,1453.9399999999998
1980,54,2025-03-03 22:48:39.691412,0.0,Credit Card,South,Shipped,2700.42
1981,771,2025-05-25 22:48:39.691412,0.0,Credit Card,North,Delivered,1056.72
1982,915,2025-06-25 22:48:39.691413,0.0,PayPal,West,Delivered,1308.73
1983,838,2025-07-01 22:48:39.691414,0.0,Bank Transfer,North,Shipped,1262.4
1984,801,2024-12-30 22:48:39.691415,0.0,Debit Card,North,Processing,279.9
1985,897,2024-08-08 22:48:39.691415,0.0,Credit Card,East,Shipped,99.91
1986,14,2025-03-25 22:48:39.691416,0.0,Bank Transfer,North,Delivered,1764.06
1987,673,2024-12-28 22:48:39.691417,0.0,Debit Card,East,Delivered,353.54
1988,610,2024-11-24 22:48:39.691418,0.0,Debit Card,North,Delivered,2604.16
1989,506,2025-05-06 22:48:39.691418,0.0,Credit Card,North,Delivered,1530.0
1990,288,2025-03-26 22:48:39.691419,0.0,Debit Card,East,Delivered,1341.15
1991,957,2024-12-15 22:48:39.691420,0.0,PayPal,West,Shipped,1348.9299999999998
1992,989,2025-03-29 22:48:39.691420,0.0,PayPal,North,Shipped,1184.81
1993,444,2025-03-06 22:48:39.691421,0.0,Debit Card,East,Shipped,366.12
1994,243,2025-06-05 22:48:39.691422,0.0,Credit Card,East,Shipped,752.24
1995,829,2024-09-21 22:48:39.691422,0.0,PayPal,East,Processing,1391.6799999999998
1996,940,2025-04-10 22:48:39.691423,0.0,PayPal,North,Processing,2638.8399999999997
1997,566,2024-09-30 22:48:39.691424,0.0,Bank Transfer,South,Delivered,4319.44
1998,703,2025-04-11 22:48:39.691426,0.0,Debit Card,South,Processing,2097.26
1999,102,2024-10-22 22:48:39.691427,0.0,PayPal,North,Processing,2920.96
2000,520,2024-10-18 22:48:39.691427,0.0,Credit Card,West,Shipped,2235.75
2001,465,2025-05-16 22:48:39.691428,0.0,PayPal,South,Shipped,2303.4900000000002
2002,601,2024-11-28 22:48:39.691429,0.0,Debit Card,North,Processing,3112.69
2003,328,2024-10-14 22:48:39.691429,0.0,Credit Card,North,Processing,1819.43
2004,927,2025-03-07 22:48:39.691430,0.0,Credit Card,West,Shipped,465.4
2005,618,2025-03-13 22:48:39.691431,0.0,Bank Transfer,East,Shipped,1177.6200000000001
2006,349,2024-09-08 22:48:39.691432,0.0,Debit Card,North,Cancelled,2722.19
2007,795,2025-06-20 22:48:39.691432,0.0,Debit Card,East,Processing,420.73
2008,611,2024-08-17 22:48:39.691433,0.0,Bank Transfer,East,Processing,401.27000000000004
2009,596,2025-06-23 22:48:39.691434,0.0,Debit Card,East,Delivered,2015.48
2010,740,2025-07-08 22:48:39.691434,0.0,Bank Transfer,West,Processing,2009.31
2011,641,2025-02-02 22:48:39.691435,0.0,Debit Card,East,Shipped,2142.16
2012,945,2024-11-04 22:48:39.691436,0.0,Credit Card,West,Delivered,1345.51
2013,417,2024-11-18 22:48:39.691437,0.0,Credit Card,South,Shipped,2598.87
2014,81,2025-05-06 22:48:39.691437,0.0,Debit Card,South,Shipped,3199.27
2015,604,2024-10-06 22:48:39.691438,0.0,PayPal,North,Delivered,2542.71
2016,611,2025-06-16 22:48:39.691439,0.0,PayPal,East,Delivered,1493.69
2017,755,2025-05-31 22:48:39.691440,0.0,Credit Card,North,Delivered,1382.88
2018,878,2025-07-13 22:48:39.691441,0.0,PayPal,North,Delivered,2591.98
2019,471,2024-07-27 22:48:39.691442,0.0,Debit Card,North,Shipped,1208.3000000000002
2020,384,2024-08-02 22:48:39.691442,0.0,Debit Card,South,Delivered,347.18
2021,608,2025-05-13 22:48:39.691443,0.0,Bank Transfer,West,Shipped,171.02
2022,391,2025-02-22 22:48:39.691444,0.0,PayPal,West,Delivered,1962.23
2023,611,2024-08-23 22:48:39.691445,0.0,Debit Card,East,Delivered,2198.64
2024,341,2024-08-28 22:48:39.691445,0.0,Bank Transfer,South,Shipped,778.4
2025,306,2024-08-13 22:48:39.691446,0.0,PayPal,West,Processing,1087.53
2026,745,2024-07-27 22:48:39.691447,0.0,Credit Card,North,Delivered,1761.9699999999998
2027,103,2025-04-21 22:48:39.691448,0.0,PayPal,East,Delivered,1452.82
2028,982,2024-10-06 22:48:39.691448,0.0,PayPal,West,Shipped,3564.4799999999996
2029,999,2024-12-03 22:48:39.691449,0.0,Debit Card,North,Delivered,415.68
2030,449,2025-02-25 22:48:39.691450,0.0,Debit Card,North,Cancelled,2225.46
2031,233,2025-07-05 22:48:39.691451,0.0,Debit Card,South,Delivered,586.9
2032,425,2025-01-28 22:48:39.691451,0.0,Debit Card,East,Cancelled,1736.2299999999998
2033,594,2024-10-25 22:48:39.691452,0.0,Bank Transfer,West,Processing,629.54
2034,539,2024-11-10 22:48:39.691453,0.0,Bank Transfer,South,Shipped,479.83000000000004
2035,648,2025-06-03 22:48:39.691454,0.0,Bank Transfer,West,Delivered,333.57
2036,650,2025-01-26 22:48:39.691454,0.0,PayPal,East,Delivered,211.59
2037,145,2025-04-30 22:48:39.691455,0.0,PayPal,South,Delivered,1077.6
2038,819,2024-08-16 22:48:39.691456,0.0,Debit Card,South,Delivered,830.3199999999999
2039,887,2024-10-07 22:48:39.691456,0.0,PayPal,North,Shipped,492.07000000000005
2040,240,2025-01-14 22:48:39.691457,0.0,Credit Card,West,Shipped,2424.69
2041,528,2025-01-27 22:48:39.691458,0.0,Bank Transfer,North,Shipped,1908.5
2042,267,2024-08-11 22:48:39.691459,0.0,Bank Transfer,South,Cancelled,2602.91
2043,79,2024-12-05 22:48:39.691460,0.0,Debit Card,North,Delivered,2675.76
2044,840,2025-03-02 22:48:39.691460,0.0,Credit Card,East,Processing,2160.75
2045,59,2025-02-12 22:48:39.691461,0.0,PayPal,West,Shipped,250.31
2046,839,2024-08-15 22:48:39.691462,0.0,PayPal,North,Delivered,1413.06
2047,58,2025-02-21 22:48:39.691462,0.0,Bank Transfer,West,Shipped,1432.29
2048,761,2024-11-24 22:48:39.691463,0.0,PayPal,East,Delivered,1018.0
2049,645,2024-12-01 22:48:39.691464,0.0,PayPal,South,Delivered,2110.2599999999998
2050,834,2024-08-12 22:48:39.691465,0.0,PayPal,West,Shipped,3840.28
2051,117,2025-04-22 22:48:39.691466,0.0,Bank Transfer,South,Processing,1794.71
2052,110,2024-11-06 22:48:39.691466,0.0,Credit Card,West,Delivered,2063.74
2053,790,2025-05-09 22:48:39.691467,0.0,Bank Transfer,East,Delivered,641.3
2054,50,2024-11-04 22:48:39.691468,0.0,Debit Card,North,Processing,3621.5699999999997
2055,796,2024-11-30 22:48:39.691468,0.0,Bank Transfer,South,Shipped,1305.43
2056,46,2024-07-27 22:48:39.691469,0.0,Bank Transfer,South,Cancelled,1173.22
2057,646,2025-06-22 22:48:39.691470,0.0,Debit Card,West,Shipped,1646.3799999999999
2058,41,2025-02-24 22:48:39.691471,0.0,PayPal,East,Shipped,2156.58
2059,208,2024-10-28 22:48:39.691471,0.0,Bank Transfer,East,Shipped,1101.76
2060,947,2024-09-30 22:48:39.691472,0.0,Bank Transfer,South,Processing,1597.3700000000001
2061,388,2024-12-10 22:48:39.691473,0.0,Bank Transfer,East,Shipped,3195.74
2062,269,2025-06-24 22:48:39.691474,0.0,PayPal,North,Delivered,3131.75
2063,947,2025-04-26 22:48:39.691474,0.0,Credit Card,West,Delivered,2628.25
2064,997,2024-09-28 22:48:39.691475,0.0,PayPal,West,Delivered,387.3
2065,677,2025-03-05 22:48:39.691476,0.0,Bank Transfer,North,Delivered,1573.83
2066,867,2025-06-21 22:48:39.691477,0.0,PayPal,North,Shipped,2342.0299999999997
2067,623,2024-11-01 22:48:39.691477,0.0,PayPal,West,Delivered,603.01
2068,517,2025-05-03 22:48:39.691478,0.0,Bank Transfer,North,Cancelled,1724.5700000000002
2069,786,2025-04-12 22:48:39.691479,0.0,Credit Card,West,Delivered,1543.37
2070,771,2025-04-09 22:48:39.691480,0.0,PayPal,South,Processing,1200.77
2071,386,2025-05-20 22:48:39.691480,0.0,PayPal,South,Shipped,2110.51
2072,848,2024-11-23 22:48:39.691481,0.0,Credit Card,North,Processing,2536.3
2073,126,2024-11-30 22:48:39.691482,0.0,Bank Transfer,North,Shipped,1328.43
2074,527,2024-10-24 22:48:39.691482,0.0,Debit Card,East,Delivered,3245.54
2075,593,2024-12-03 22:48:39.691483,0.0,PayPal,East,Processing,2661.41
2076,200,2025-02-01 22:48:39.691484,0.0,Bank Transfer,South,Shipped,798.29
2077,187,2025-02-24 22:48:39.691485,0.0,Debit Card,North,Delivered,2242.1800000000003
2078,292,2024-12-13 22:48:39.691486,0.0,Credit Card,East,Delivered,1725.1599999999999
2079,368,2025-01-03 22:48:39.691486,0.0,PayPal,South,Delivered,542.55
2080,425,2024-12-07 22:48:39.691487,0.0,Bank Transfer,West,Delivered,506.65
2081,558,2025-03-12 22:48:39.691488,0.0,Bank Transfer,South,Delivered,1519.14
2082,697,2024-11-10 22:48:39.691488,0.0,PayPal,North,Delivered,1040.17
2083,26,2025-05-12 22:48:39.691489,0.0,Debit Card,East,Delivered,1468.6399999999999
2084,45,2024-10-11 22:48:39.691490,0.0,Credit Card,West,Processing,3381.12
2085,243,2025-07-15 22:48:39.691491,0.0,Debit Card,South,Shipped,2397.04
2086,273,2024-09-10 22:48:39.691492,0.0,PayPal,West,Shipped,2160.6
2087,470,2025-03-09 22:48:39.691492,0.0,Debit Card,East,Delivered,634.79
2088,841,2025-05-20 22:48:39.691493,0.0,Credit Card,East,Shipped,976.96
2089,290,2025-05-03 22:48:39.691494,0.0,Bank Transfer,North,Processing,1708.4699999999998
2090,803,2025-07-04 22:48:39.691494,0.0,PayPal,South,Shipped,3633.24
2091,178,2024-12-31 22:48:39.691495,0.0,Debit Card,North,Shipped,2095.9900000000002
2092,333,2025-02-19 22:48:39.691496,0.0,PayPal,North,Delivered,1737.49
2093,103,2024-09-17 22:48:39.691497,0.0,Bank Transfer,South,Processing,1467.05
2094,359,2024-08-21 22:48:39.691497,0.0,Debit Card,East,Processing,301.7
2095,4,2024-12-21 22:48:39.691498,0.0,Credit Card,South,Delivered,672.79
2096,942,2024-10-31 22:48:39.691499,0.0,Debit Card,West,Delivered,4901.23
2097,363,2025-03-16 22:48:39.691500,0.0,Bank Transfer,South,Delivered,1903.91
2098,267,2025-04-26 22:48:39.691500,0.0,Credit Card,South,Delivered,1705.2800000000002
2099,440,2025-03-28 22:48:39.691501,0.0,Bank Transfer,West,Delivered,1708.06
2100,575,2025-04-30 22:48:39.691502,0.0,Bank Transfer,South,Delivered,2931.2799999999997
2101,289,2025-03-26 22:48:39.691503,0.0,Bank Transfer,East,Delivered,2630.3599999999997
2102,945,2024-10-16 22:48:39.691503,0.0,PayPal,North,Shipped,491.56
2103,167,2024-12-23 22:48:39.691504,0.0,Debit Card,South,Shipped,397.19
2104,198,2025-06-20 22:48:39.691505,0.0,Bank Transfer,West,Shipped,1479.16
2105,377,2025-03-29 22:48:39.691506,0.0,Bank Transfer,South,Shipped,2025.99
2106,619,2025-04-07 22:48:39.691506,0.0,Debit Card,East,Shipped,567.39
2107,486,2025-01-01 22:48:39.691507,0.0,Bank Transfer,South,Shipped,2008.92
2108,987,2025-02-02 22:48:39.691508,0.0,Debit Card,West,Delivered,2281.56
2109,162,2025-02-26 22:48:39.691508,0.0,Bank Transfer,East,Processing,192.79
2110,778,2024-08-27 22:48:39.691509,0.0,Bank Transfer,North,Cancelled,520.65
2111,147,2025-02-18 22:48:39.691510,0.0,Bank Transfer,East,Delivered,1577.8600000000001
2112,918,2024-07-29 22:48:39.691511,0.0,PayPal,South,Delivered,656.61
2113,439,2024-09-29 22:48:39.691511,0.0,Credit Card,North,Delivered,511.46999999999997
2114,237,2025-04-25 22:48:39.691512,0.0,Bank Transfer,East,Delivered,1545.75
2115,348,2025-01-19 22:48:39.691513,0.0,PayPal,North,Cancelled,1925.6499999999999
2116,577,2024-10-31 22:48:39.691514,0.0,PayPal,East,Delivered,44.19
2117,230,2024-12-22 22:48:39.691514,0.0,Credit Card,West,Processing,178.36
2118,769,2025-04-04 22:48:39.691515,0.0,Debit Card,East,Processing,1385.6
2119,448,2024-11-26 22:48:39.691516,0.0,PayPal,East,Delivered,3773.79
2120,695,2025-01-23 22:48:39.691517,0.0,Bank Transfer,North,Delivered,2154.71
2121,307,2024-08-15 22:48:39.691517,0.0,Credit Card,South,Shipped,1119.55
2122,413,2025-05-20 22:48:39.691518,0.0,Bank Transfer,East,Shipped,876.82
2123,908,2025-06-22 22:48:39.691519,0.0,Credit Card,West,Processing,335.96
2124,549,2025-02-14 22:48:39.691520,0.0,Bank Transfer,West,Delivered,2855.72
2125,787,2025-05-01 22:48:39.691520,0.0,Credit Card,East,Shipped,1832.79
2126,91,2024-11-05 22:48:39.691521,0.0,Credit Card,East,Processing,1027.49
2127,870,2025-05-26 22:48:39.691522,0.0,Credit Card,South,Processing,1346.3400000000001
2128,567,2025-03-02 22:48:39.691522,0.0,Credit Card,North,Processing,17.580000000000002
2129,449,2024-10-10 22:48:39.691523,0.0,Debit Card,West,Shipped,1834.3100000000002
2130,234,2025-03-04 22:48:39.691524,0.0,PayPal,South,Shipped,314.76
2131,586,2024-08-26 22:48:39.691525,0.0,PayPal,East,Delivered,2003.49
2132,290,2024-09-06 22:48:39.691525,0.0,Bank Transfer,East,Delivered,2266.9700000000003
2133,632,2025-02-24 22:48:39.691526,0.0,Credit Card,North,Delivered,370.38
2134,46,2024-10-03 22:48:39.691527,0.0,PayPal,North,Delivered,497.15999999999997
2135,255,2025-03-04 22:48:39.691528,0.0,Bank Transfer,North,Delivered,1014.6200000000001
2136,350,2024-08-02 22:48:39.691528,0.0,PayPal,East,Delivered,1810.06
2137,967,2025-07-11 22:48:39.691529,0.0,Credit Card,East,Delivered,105.47
2138,6,2025-01-23 22:48:39.691530,0.0,PayPal,East,Delivered,1414.72
2139,569,2025-06-14 22:48:39.691531,0.0,PayPal,South,Delivered,3940.53
2140,963,2024-10-05 22:48:39.691531,0.0,Debit Card,East,Delivered,1198.5
2141,991,2025-07-08 22:48:39.691532,0.0,Debit Card,South,Shipped,2225.28
2142,710,2024-08-27 22:48:39.691533,0.0,PayPal,West,Cancelled,2112.36
2143,403,2025-02-08 22:48:39.691534,0.0,Debit Card,East,Shipped,2583.43
2144,695,2024-12-15 22:48:39.691534,0.0,Debit Card,North,Processing,3215.8
2145,298,2024-08-23 22:48:39.691535,0.0,Credit Card,West,Delivered,359.21999999999997
2146,748,2025-01-18 22:48:39.691536,0.0,Credit Card,South,Shipped,943.08
2147,28,2025-07-13 22:48:39.691537,0.0,Bank Transfer,West,Shipped,1536.5900000000001
2148,500,2024-12-17 22:48:39.691537,0.0,Debit Card,South,Delivered,281.48
2149,638,2025-02-06 22:48:39.691538,0.0,Debit Card,West,Delivered,442.72999999999996
2150,142,2025-05-17 22:48:39.691539,0.0,Credit Card,East,Delivered,2209.12
2151,859,2024-08-25 22:48:39.691540,0.0,Debit Card,East,Processing,941.7
2152,760,2024-08-27 22:48:39.691540,0.0,Credit Card,East,Processing,2273.88
2153,598,2024-12-19 22:48:39.691541,0.0,Credit Card,East,Shipped,1339.16
2154,379,2025-03-10 22:48:39.691542,0.0,Bank Transfer,South,Delivered,1350.6
2155,465,2025-05-01 22:48:39.691542,0.0,PayPal,North,Delivered,3331.07
2156,792,2025-01-02 22:48:39.691543,0.0,Credit Card,North,Shipped,1966.96
2157,367,2024-09-29 22:48:39.691544,0.0,Debit Card,East,Delivered,1704.3300000000002
2158,218,2024-08-27 22:48:39.691545,0.0,Credit Card,South,Shipped,1484.4
2159,832,2025-06-23 22:48:39.691545,0.0,Credit Card,West,Processing,1116.78
2160,331,2025-02-03 22:48:39.691546,0.0,PayPal,West,Delivered,3798.88
2161,748,2024-10-12 22:48:39.691547,0.0,PayPal,North,Delivered,2346.61
2162,888,2024-08-03 22:48:39.691548,0.0,Debit Card,North,Delivered,361.44
2163,162,2024-09-08 22:48:39.691548,0.0,PayPal,East,Shipped,254.31
2164,371,2024-11-23 22:48:39.691549,0.0,Bank Transfer,South,Shipped,2183.98
2165,472,2024-09-02 22:48:39.691550,0.0,Debit Card,East,Delivered,2889.36
2166,845,2025-07-05 22:48:39.691551,0.0,Bank Transfer,South,Delivered,793.46
2167,189,2025-03-27 22:48:39.691551,0.0,PayPal,North,Delivered,167.68
2168,626,2025-03-21 22:48:39.691552,0.0,Debit Card,North,Processing,3367.8
2169,186,2024-12-13 22:48:39.691553,0.0,Bank Transfer,South,Delivered,220.03
2170,823,2024-09-18 22:48:39.691554,0.0,PayPal,East,Processing,1565.4
2171,412,2025-01-11 22:48:39.691554,0.0,Credit Card,South,Processing,1795.8799999999999
2172,988,2024-11-21 22:48:39.691555,0.0,Credit Card,East,Delivered,1435.9099999999999
2173,718,2024-12-24 22:48:39.691556,0.0,PayPal,East,Shipped,3716.05
2174,278,2024-07-30 22:48:39.691556,0.0,PayPal,East,Shipped,89.18
2175,572,2025-05-06 22:48:39.691557,0.0,Bank Transfer,North,Processing,1781.1100000000001
2176,963,2025-03-30 22:48:39.691558,0.0,Debit Card,North,Delivered,284.06
2177,850,2024-11-07 22:48:39.691559,0.0,Bank Transfer,North,Shipped,2019.26
2178,113,2024-11-20 22:48:39.691559,0.0,PayPal,North,Delivered,3208.8
2179,89,2024-10-11 22:48:39.691560,0.0,Debit Card,South,Delivered,638.18
2180,387,2025-06-02 22:48:39.691561,0.0,Credit Card,South,Processing,41.06
2181,695,2025-05-07 22:48:39.691562,0.0,Bank Transfer,North,Delivered,501.06
2182,930,2024-10-05 22:48:39.691563,0.0,Credit Card,West,Cancelled,2173.96
2183,565,2024-08-08 22:48:39.691563,0.0,Bank Transfer,West,Delivered,1957.1
2184,302,2024-12-18 22:48:39.691564,0.0,Bank Transfer,South,Cancelled,4069.8599999999997
2185,322,2024-09-06 22:48:39.691565,0.0,Credit Card,East,Delivered,3033.65
2186,535,2025-01-10 22:48:39.691565,0.0,Credit Card,East,Delivered,1203.32
2187,619,2025-03-13 22:48:39.691566,0.0,Debit Card,East,Delivered,1639.78
2188,252,2024-11-01 22:48:39.691567,0.0,Bank Transfer,North,Shipped,1485.95
2189,615,2025-04-13 22:48:39.691568,0.0,Bank Transfer,East,Delivered,2280.25
2190,519,2024-09-05 22:48:39.691568,0.0,PayPal,North,Delivered,2903.22
2191,758,2024-11-30 22:48:39.691569,0.0,Bank Transfer,South,Shipped,1329.7600000000002
2192,732,2025-04-10 22:48:39.691570,0.0,PayPal,North,Shipped,3106.2400000000002
2193,699,2024-11-04 22:48:39.691571,0.0,Debit Card,North,Delivered,2023.97
2194,311,2025-05-05 22:48:39.691571,0.0,Debit Card,West,Processing,426.61
2195,382,2025-02-01 22:48:39.691572,0.0,PayPal,South,Shipped,1642.87
2196,93,2025-06-28 22:48:39.691573,0.0,Bank Transfer,South,Delivered,2574.03
2197,992,2025-05-15 22:48:39.691574,0.0,Bank Transfer,West,Delivered,2589.76
2198,248,2024-10-19 22:48:39.691574,0.0,Debit Card,North,Shipped,539.8199999999999
2199,173,2025-02-12 22:48:39.691575,0.0,Debit Card,North,Processing,636.8
2200,343,2025-06-17 22:48:39.691576,0.0,Debit Card,West,Delivered,622.53
2201,128,2024-10-27 22:48:39.691577,0.0,Credit Card,East,Delivered,241.98
2202,186,2025-04-01 22:48:39.691577,0.0,Bank Transfer,North,Shipped,1352.72
2203,870,2025-03-28 22:48:39.691578,0.0,Debit Card,East,Delivered,1955.99
2204,82,2024-07-24 22:48:39.691579,0.0,PayPal,North,Delivered,340.34
2205,631,2024-10-25 22:48:39.691579,0.0,Bank Transfer,East,Delivered,3769.93
2206,234,2025-07-09 22:48:39.691580,0.0,Bank Transfer,South,Delivered,115.89
2207,296,2024-12-31 22:48:39.691581,0.0,Bank Transfer,South,Processing,1457.26
2208,555,2025-04-27 22:48:39.691582,0.0,Credit Card,West,Shipped,2622.09
2209,508,2025-05-09 22:48:39.691582,0.0,Credit Card,South,Cancelled,965.68
2210,466,2024-09-25 22:48:39.691583,0.0,PayPal,South,Processing,2789.9
2211,317,2025-04-26 22:48:39.691584,0.0,Debit Card,South,Processing,524.4
2212,608,2024-09-09 22:48:39.691584,0.0,Bank Transfer,South,Delivered,2633.41
2213,155,2025-02-08 22:48:39.691585,0.0,Credit Card,North,Delivered,200.31
2214,710,2024-12-05 22:48:39.691586,0.0,Credit Card,West,Shipped,1279.24
2215,673,2024-10-29 22:48:39.691587,0.0,Credit Card,North,Shipped,2290.9
2216,45,2024-12-22 22:48:39.691588,0.0,Credit Card,West,Delivered,1937.09
2217,836,2024-12-30 22:48:39.691588,0.0,Bank Transfer,South,Delivered,2461.61
2218,531,2025-02-25 22:48:39.691589,0.0,Debit Card,North,Shipped,3033.0600000000004
2219,609,2024-07-31 22:48:39.691590,0.0,Debit Card,North,Delivered,1972.52
2220,50,2024-09-05 22:48:39.691591,0.0,PayPal,East,Shipped,774.27
2221,47,2024-08-14 22:48:39.691591,0.0,Credit Card,East,Processing,2726.34
2222,17,2025-06-12 22:48:39.691592,0.0,Debit Card,West,Delivered,1337.76
2223,520,2024-08-17 22:48:39.691593,0.0,Debit Card,East,Delivered,2902.23
2224,882,2024-11-13 22:48:39.691594,0.0,Credit Card,South,Cancelled,3274.09
2225,614,2024-10-06 22:48:39.691594,0.0,Credit Card,East,Delivered,644.57
2226,941,2025-01-28 22:48:39.691595,0.0,PayPal,South,Delivered,3120.58
2227,351,2024-12-22 22:48:39.691596,0.0,Debit Card,South,Processing,1129.1499999999999
2228,860,2025-02-07 22:48:39.691597,0.0,Debit Card,West,Processing,1122.48
2229,695,2024-10-24 22:48:39.691597,0.0,Debit Card,North,Delivered,3742.62
2230,274,2025-06-28 22:48:39.691598,0.0,Bank Transfer,North,Delivered,700.8100000000001
2231,520,2024-08-06 22:48:39.691599,0.0,PayPal,North,Shipped,236.79000000000002
2232,127,2025-05-18 22:48:39.691600,0.0,PayPal,South,Processing,1782.9499999999998
2233,389,2024-12-18 22:48:39.691600,0.0,PayPal,North,Delivered,2121.0299999999997
2234,430,2025-01-28 22:48:39.691601,0.0,Bank Transfer,East,Delivered,2325.42
2235,390,2025-07-15 22:48:39.691602,0.0,Debit Card,West,Delivered,180.72
2236,934,2025-04-12 22:48:39.691603,0.0,PayPal,East,Cancelled,1737.48
2237,611,2025-07-06 22:48:39.691603,0.0,PayPal,North,Cancelled,3740.47
2238,32,2024-08-04 22:48:39.691604,0.0,PayPal,North,Delivered,392.04
2239,795,2024-08-08 22:48:39.691605,0.0,Bank Transfer,East,Delivered,1623.42
2240,489,2025-06-01 22:48:39.691605,0.0,Bank Transfer,West,Delivered,2123.75
2241,787,2025-07-13 22:48:39.691606,0.0,Bank Transfer,West,Shipped,1581.95
2242,107,2024-08-02 22:48:39.691607,0.0,PayPal,North,Processing,1850.61
2243,819,2024-10-12 22:48:39.691608,0.0,Credit Card,East,Delivered,1099.58
2244,91,2024-12-16 22:48:39.691608,0.0,Credit Card,West,Delivered,582.62
2245,481,2025-05-31 22:48:39.691609,0.0,PayPal,West,Delivered,426.54
2246,435,2024-11-24 22:48:39.691610,0.0,PayPal,North,Shipped,2651.02
2247,683,2025-07-02 22:48:39.691611,0.0,Bank Transfer,South,Delivered,1272.47
2248,230,2024-08-10 22:48:39.691611,0.0,Bank Transfer,South,Shipped,3480.65
2249,451,2024-09-24 22:48:39.691612,0.0,Debit Card,South,Delivered,1787.04
2250,790,2024-09-02 22:48:39.691613,0.0,PayPal,East,Shipped,870.8199999999999
2251,942,2025-03-19 22:48:39.691613,0.0,Bank Transfer,West,Delivered,992.92
2252,323,2024-11-01 22:48:39.691614,0.0,Credit Card,South,Processing,818.22
2253,49,2025-06-19 22:48:39.691615,0.0,Credit Card,West,Delivered,510.99
2254,647,2024-12-08 22:48:39.691616,0.0,PayPal,East,Shipped,2630.36
2255,773,2025-06-28 22:48:39.691616,0.0,Credit Card,East,Delivered,2000.63
2256,457,2025-04-24 22:48:39.691617,0.0,Bank Transfer,South,Processing,476.28
2257,401,2025-01-13 22:48:39.691618,0.0,Credit Card,South,Delivered,587.04
2258,821,2024-11-04 22:48:39.691619,0.0,Bank Transfer,South,Delivered,2045.71
2259,943,2025-01-30 22:48:39.691619,0.0,PayPal,West,Shipped,2570.1
2260,171,2025-02-20 22:48:39.691620,0.0,Credit Card,North,Shipped,233.67000000000002
2261,429,2025-01-02 22:48:39.691621,0.0,Credit Card,East,Shipped,3225.4500000000003
2262,312,2025-06-05 22:48:39.691622,0.0,Bank Transfer,South,Shipped,2635.54
2263,62,2025-01-07 22:48:39.691622,0.0,PayPal,North,Shipped,1236.8200000000002
2264,564,2024-11-05 22:48:39.691623,0.0,Credit Card,South,Delivered,1851.37
2265,835,2024-09-21 22:48:39.691624,0.0,PayPal,North,Processing,1756.65
2266,428,2024-09-15 22:48:39.691625,0.0,Credit Card,West,Processing,1499.1299999999999
2267,712,2024-11-24 22:48:39.691625,0.0,Credit Card,East,Shipped,1140.58
2268,627,2024-09-03 22:48:39.691626,0.0,Debit Card,West,Delivered,1210.76
2269,516,2025-03-29 22:48:39.691627,0.0,Bank Transfer,North,Shipped,1464.59
2270,343,2024-10-04 22:48:39.691628,0.0,Debit Card,West,Delivered,1484.4
2271,947,2024-10-11 22:48:39.691628,0.0,Credit Card,West,Delivered,1495.21
2272,46,2024-10-23 22:48:39.691629,0.0,PayPal,North,Delivered,2576.3199999999997
2273,317,2025-01-31 22:48:39.691630,0.0,Bank Transfer,East,Cancelled,199.68
2274,257,2024-12-24 22:48:39.691631,0.0,Credit Card,South,Delivered,2889.88
2275,624,2025-02-02 22:48:39.691631,0.0,Bank Transfer,South,Delivered,2560.5600000000004
2276,164,2024-11-26 22:48:39.691632,0.0,Credit Card,North,Delivered,490.13
2277,999,2024-10-12 22:48:39.691633,0.0,Bank Transfer,South,Processing,2849.84
2278,746,2025-02-22 22:48:39.691634,0.0,Bank Transfer,East,Delivered,1507.77
2279,386,2025-01-24 22:48:39.691634,0.0,Debit Card,North,Processing,670.36
2280,490,2024-09-30 22:48:39.691635,0.0,Debit Card,North,Cancelled,2938.53
2281,466,2025-05-04 22:48:39.691636,0.0,Bank Transfer,North,Delivered,204.66
2282,393,2025-04-15 22:48:39.691637,0.0,Debit Card,North,Delivered,649.77
2283,588,2025-04-20 22:48:39.691637,0.0,PayPal,North,Delivered,692.64
2284,61,2025-01-13 22:48:39.691638,0.0,Debit Card,South,Shipped,1438.3799999999999
2285,62,2025-02-19 22:48:39.691639,0.0,Debit Card,East,Cancelled,695.04
2286,462,2024-08-30 22:48:39.691640,0.0,Debit Card,East,Processing,1893.66
2287,506,2025-06-09 22:48:39.691640,0.0,Debit Card,South,Shipped,1495.22
2288,76,2025-04-14 22:48:39.691641,0.0,Debit Card,North,Delivered,2082.86
2289,62,2024-10-27 22:48:39.691642,0.0,Bank Transfer,South,Delivered,1031.63
2290,972,2025-01-18 22:48:39.691642,0.0,Credit Card,East,Delivered,1681.38
2291,435,2025-05-15 22:48:39.691643,0.0,Bank Transfer,North,Shipped,3566.42
2292,534,2025-02-22 22:48:39.691644,0.0,Bank Transfer,East,Shipped,2018.26
2293,657,2024-11-19 22:48:39.691645,0.0,PayPal,South,Delivered,2280.66
2294,228,2025-04-15 22:48:39.691645,0.0,Bank Transfer,West,Delivered,767.22
2295,805,2024-08-14 22:48:39.691646,0.0,PayPal,South,Processing,1400.48
2296,393,2024-09-16 22:48:39.691647,0.0,Bank Transfer,East,Shipped,651.78
2297,385,2024-11-06 22:48:39.691648,0.0,PayPal,East,Shipped,2443.1299999999997
2298,37,2025-03-04 22:48:39.691648,0.0,Credit Card,East,Shipped,460.83
2299,26,2025-05-11 22:48:39.691649,0.0,Bank Transfer,East,Processing,627.02
2300,619,2025-01-24 22:48:39.691650,0.0,Credit Card,South,Shipped,2110.69
2301,742,2025-03-24 22:48:39.691651,0.0,Credit Card,North,Delivered,828.01
2302,846,2024-12-23 22:48:39.691651,0.0,Debit Card,West,Cancelled,356.12
2303,644,2024-09-28 22:48:39.691652,0.0,Bank Transfer,West,Processing,486.75
2304,355,2025-01-28 22:48:39.691653,0.0,Bank Transfer,East,Shipped,466.74
2305,369,2024-08-05 22:48:39.691654,0.0,PayPal,East,Shipped,1736.02
2306,629,2025-04-12 22:48:39.691654,0.0,Bank Transfer,East,Delivered,1219.4199999999998
2307,683,2024-09-11 22:48:39.691655,0.0,Credit Card,West,Delivered,358.53000000000003
2308,68,2024-10-14 22:48:39.691656,0.0,Credit Card,South,Cancelled,444.07
2309,925,2025-04-30 22:48:39.691657,0.0,Bank Transfer,East,Shipped,1424.62
2310,353,2025-04-25 22:48:39.691657,0.0,Credit Card,East,Delivered,491.42
2311,717,2024-08-27 22:48:39.691658,0.0,Debit Card,East,Cancelled,1109.29
2312,420,2024-08-10 22:48:39.691659,0.0,Bank Transfer,East,Cancelled,2769.83
2313,386,2025-06-18 22:48:39.691660,0.0,Debit Card,North,Delivered,3693.94
2314,947,2024-08-08 22:48:39.691660,0.0,Debit Card,South,Shipped,1880.6
2315,74,2025-06-18 22:48:39.691661,0.0,Debit Card,North,Processing,83.84
2316,345,2025-01-21 22:48:39.691662,0.0,Bank Transfer,West,Processing,1585.42
2317,680,2025-02-05 22:48:39.691662,0.0,Credit Card,South,Shipped,2784.19
2318,383,2024-09-28 22:48:39.691663,0.0,PayPal,North,Delivered,2808.9
2319,565,2024-11-15 22:48:39.691664,0.0,Credit Card,North,Delivered,3407.3999999999996
2320,781,2025-05-22 22:48:39.691665,0.0,Credit Card,West,Processing,471.73
2321,936,2025-01-02 22:48:39.691665,0.0,Debit Card,East,Delivered,1589.52
2322,556,2024-11-27 22:48:39.691666,0.0,Credit Card,North,Shipped,190.65
2323,833,2025-05-03 22:48:39.691667,0.0,Debit Card,South,Delivered,2919.19
2324,153,2025-04-10 22:48:39.691668,0.0,Debit Card,South,Shipped,1524.25
2325,43,2024-12-30 22:48:39.691668,0.0,Debit Card,South,Shipped,744.53
2326,442,2025-04-17 22:48:39.691669,0.0,Credit Card,East,Delivered,2081.74
2327,690,2025-03-31 22:48:39.691670,0.0,PayPal,East,Delivered,201.08
2328,959,2025-01-07 22:48:39.691671,0.0,Bank Transfer,North,Shipped,878.31
2329,452,2024-11-18 22:48:39.691671,0.0,Debit Card,West,Shipped,3082.55
2330,540,2025-03-09 22:48:39.691672,0.0,Bank Transfer,South,Shipped,3170.03
2331,377,2024-11-30 22:48:39.691673,0.0,PayPal,East,Shipped,2248.5699999999997
2332,87,2025-01-13 22:48:39.691674,0.0,PayPal,North,Shipped,1811.75
2333,460,2025-02-10 22:48:39.691674,0.0,Credit Card,West,Cancelled,715.03
2334,924,2024-08-05 22:48:39.691675,0.0,PayPal,East,Delivered,146.28
2335,282,2024-08-09 22:48:39.691676,0.0,Credit Card,West,Delivered,262.2
2336,498,2025-06-19 22:48:39.691677,0.0,Bank Transfer,West,Processing,136.5
2337,924,2025-01-10 22:48:39.691677,0.0,Bank Transfer,East,Shipped,1272.63
2338,218,2025-06-22 22:48:39.691679,0.0,PayPal,West,Processing,1180.42
2339,120,2025-01-31 22:48:39.691680,0.0,Credit Card,West,Delivered,3268.51
2340,371,2025-04-30 22:48:39.691681,0.0,PayPal,North,Shipped,231.78
2341,608,2025-03-19 22:48:39.691681,0.0,PayPal,North,Processing,1514.06
2342,976,2025-03-31 22:48:39.691682,0.0,Debit Card,South,Delivered,1414.5
2343,682,2024-12-29 22:48:39.691683,0.0,PayPal,East,Processing,2340.1099999999997
2344,53,2024-09-21 22:48:39.691684,0.0,Credit Card,West,Shipped,2757.6
2345,71,2024-12-19 22:48:39.691684,0.0,Credit Card,North,Delivered,1165.97
2346,42,2024-10-31 22:48:39.691685,0.0,Credit Card,South,Delivered,1374.72
2347,741,2024-08-06 22:48:39.691686,0.0,Bank Transfer,North,Processing,125.28
2348,849,2024-10-13 22:48:39.691687,0.0,PayPal,East,Delivered,862.6899999999999
2349,181,2024-09-12 22:48:39.691687,0.0,Bank Transfer,South,Delivered,215.08
2350,204,2025-04-03 22:48:39.691688,0.0,Debit Card,West,Shipped,1045.39
2351,794,2024-10-16 22:48:39.691689,0.0,Debit Card,East,Processing,1770.45
2352,38,2025-01-23 22:48:39.691690,0.0,Credit Card,East,Delivered,1485.2
2353,988,2024-08-27 22:48:39.691690,0.0,Debit Card,West,Cancelled,1003.1
2354,122,2024-07-22 22:48:39.691691,0.0,Bank Transfer,East,Processing,2384.16
2355,472,2024-11-09 22:48:39.691692,0.0,Bank Transfer,North,Shipped,2722.54
2356,345,2025-05-03 22:48:39.691693,0.0,PayPal,North,Processing,756.2
2357,667,2025-04-14 22:48:39.691693,0.0,Debit Card,West,Delivered,85.28999999999999
2358,774,2024-09-22 22:48:39.691694,0.0,Credit Card,South,Shipped,798.5
2359,698,2025-06-04 22:48:39.691695,0.0,Bank Transfer,North,Delivered,1010.0899999999999
2360,726,2025-02-04 22:48:39.691696,0.0,Debit Card,North,Cancelled,618.09
2361,114,2024-08-09 22:48:39.691696,0.0,Bank Transfer,East,Delivered,370.15
2362,809,2025-07-11 22:48:39.691697,0.0,Bank Transfer,East,Shipped,2327.5600000000004
2363,345,2025-02-01 22:48:39.691698,0.0,Debit Card,West,Shipped,3915.2200000000003
2364,369,2025-02-19 22:48:39.691699,0.0,Credit Card,North,Shipped,2479.15
2365,832,2025-03-05 22:48:39.691699,0.0,PayPal,South,Delivered,1873.5
2366,415,2025-02-12 22:48:39.691700,0.0,Bank Transfer,West,Shipped,3677.81
2367,565,2024-08-13 22:48:39.691701,0.0,Bank Transfer,South,Delivered,65.87
2368,37,2025-05-30 22:48:39.691702,0.0,Bank Transfer,North,Delivered,1013.01
2369,934,2025-04-28 22:48:39.691702,0.0,Credit Card,North,Shipped,1244.05
2370,992,2025-01-15 22:48:39.691703,0.0,Credit Card,West,Shipped,254.25
2371,525,2024-12-15 22:48:39.691704,0.0,Credit Card,West,Processing,1222.65
2372,920,2025-03-08 22:48:39.691705,0.0,Credit Card,West,Delivered,2104.39
2373,646,2025-03-24 22:48:39.691705,0.0,Bank Transfer,North,Delivered,2314.68
2374,741,2025-06-12 22:48:39.691706,0.0,Bank Transfer,West,Shipped,1220.87
2375,202,2025-04-10 22:48:39.691707,0.0,Debit Card,East,Cancelled,2110.1
2376,375,2024-11-18 22:48:39.691707,0.0,Credit Card,East,Delivered,1598.9499999999998
2377,438,2025-04-28 22:48:39.691708,0.0,Debit Card,West,Shipped,1230.09
2378,264,2024-10-01 22:48:39.691709,0.0,Debit Card,East,Cancelled,2771.16
2379,89,2025-05-02 22:48:39.691710,0.0,Debit Card,North,Delivered,4413.799999999999
2380,493,2024-11-24 22:48:39.691710,0.0,PayPal,East,Shipped,1413.8200000000002
2381,225,2025-05-02 22:48:39.691711,0.0,Credit Card,East,Shipped,857.39
2382,303,2025-07-13 22:48:39.691712,0.0,Debit Card,East,Shipped,882.53
2383,39,2024-11-21 22:48:39.691713,0.0,PayPal,South,Processing,689.06
2384,103,2025-04-26 22:48:39.691713,0.0,Bank Transfer,North,Delivered,1599.82
2385,937,2025-04-22 22:48:39.691714,0.0,PayPal,West,Delivered,2285.99
2386,191,2024-07-31 22:48:39.691715,0.0,Debit Card,North,Delivered,2098.45
2387,769,2025-07-06 22:48:39.691716,0.0,Credit Card,North,Processing,2367.35
2388,380,2025-05-04 22:48:39.691716,0.0,PayPal,North,Processing,1319.0900000000001
2389,489,2025-04-05 22:48:39.691717,0.0,Bank Transfer,West,Processing,2307.7
2390,699,2024-09-04 22:48:39.691718,0.0,Debit Card,East,Delivered,153.44
2391,604,2025-07-15 22:48:39.691718,0.0,Credit Card,East,Delivered,2916.88
2392,73,2025-02-06 22:48:39.691719,0.0,Debit Card,North,Delivered,1520.44
2393,548,2024-08-30 22:48:39.691720,0.0,Credit Card,South,Shipped,2378.26
2394,927,2024-10-31 22:48:39.691721,0.0,Debit Card,West,Shipped,1217.0
2395,676,2025-02-23 22:48:39.691721,0.0,Credit Card,East,Processing,661.15
2396,403,2025-02-15 22:48:39.691722,0.0,PayPal,West,Shipped,534.8499999999999
2397,209,2025-06-01 22:48:39.691723,0.0,Debit Card,North,Delivered,931.69
2398,230,2025-02-27 22:48:39.691724,0.0,Debit Card,East,Delivered,366.18
2399,718,2024-08-13 22:48:39.691724,0.0,Bank Transfer,West,Shipped,3033.49
2400,539,2025-04-09 22:48:39.691725,0.0,Bank Transfer,North,Shipped,371.7
2401,583,2024-11-26 22:48:39.691726,0.0,Bank Transfer,South,Delivered,1701.3600000000001
2402,274,2024-10-11 22:48:39.691727,0.0,PayPal,South,Shipped,105.07
2403,534,2025-01-23 22:48:39.691727,0.0,Debit Card,East,Delivered,1193.43
2404,963,2024-12-25 22:48:39.691728,0.0,Credit Card,East,Shipped,411.49
2405,316,2025-01-05 22:48:39.691729,0.0,Debit Card,West,Delivered,528.1400000000001
2406,671,2025-01-01 22:48:39.691730,0.0,Debit Card,North,Delivered,3022.7200000000003
2407,28,2024-12-11 22:48:39.691730,0.0,Bank Transfer,East,Processing,1529.0
2408,796,2025-06-16 22:48:39.691731,0.0,Bank Transfer,South,Delivered,2324.22
2409,723,2024-09-28 22:48:39.691732,0.0,Bank Transfer,North,Shipped,827.28
2410,966,2024-09-09 22:48:39.691733,0.0,Credit Card,East,Shipped,2118.26
2411,22,2024-09-22 22:48:39.691733,0.0,Debit Card,North,Shipped,3832.56
2412,949,2025-02-16 22:48:39.691734,0.0,Credit Card,South,Delivered,1091.97
2413,351,2024-10-03 22:48:39.691735,0.0,Debit Card,East,Processing,1875.5700000000002
2414,409,2025-06-17 22:48:39.691736,0.0,Debit Card,East,Delivered,983.12
2415,71,2024-10-01 22:48:39.691736,0.0,PayPal,West,Shipped,967.64
2416,434,2025-06-12 22:48:39.691737,0.0,Bank Transfer,West,Delivered,972.98
2417,405,2025-02-03 22:48:39.691738,0.0,Bank Transfer,North,Shipped,1120.73
2418,184,2024-09-14 22:48:39.691738,0.0,PayPal,West,Delivered,292.64
2419,895,2025-07-04 22:48:39.691739,0.0,PayPal,South,Delivered,591.17
2420,955,2025-05-17 22:48:39.691740,0.0,Credit Card,South,Shipped,477.18
2421,556,2025-04-07 22:48:39.691741,0.0,PayPal,West,Delivered,3038.67
2422,130,2025-01-31 22:48:39.691741,0.0,Bank Transfer,East,Delivered,357.39
2423,795,2025-04-12 22:48:39.691742,0.0,PayPal,East,Shipped,286.63
2424,191,2024-08-26 22:48:39.691743,0.0,PayPal,West,Shipped,644.88
2425,916,2024-12-07 22:48:39.691744,0.0,Debit Card,West,Delivered,723.45
2426,861,2025-02-08 22:48:39.691744,0.0,Debit Card,South,Shipped,601.9
2427,899,2025-02-08 22:48:39.691745,0.0,Credit Card,East,Processing,1148.81
2428,961,2025-01-27 22:48:39.691746,0.0,Debit Card,East,Shipped,2376.49
2429,922,2025-05-27 22:48:39.691747,0.0,Bank Transfer,East,Processing,1857.1
2430,582,2025-01-04 22:48:39.691747,0.0,Credit Card,East,Processing,2078.6499999999996
2431,548,2025-06-11 22:48:39.691748,0.0,Debit Card,North,Processing,1402.17
2432,457,2024-12-23 22:48:39.691749,0.0,Credit Card,South,Shipped,318.4
2433,995,2025-05-05 22:48:39.691749,0.0,Credit Card,South,Delivered,1593.02
2434,224,2024-09-08 22:48:39.691750,0.0,Bank Transfer,North,Delivered,2619.85
2435,826,2024-11-16 22:48:39.691751,0.0,Debit Card,North,Delivered,462.16999999999996
2436,706,2024-11-27 22:48:39.691752,0.0,Credit Card,North,Delivered,170.87
2437,41,2024-11-01 22:48:39.691752,0.0,Credit Card,East,Delivered,3072.56
2438,312,2024-09-01 22:48:39.691753,0.0,Bank Transfer,South,Delivered,593.24
2439,901,2024-08-08 22:48:39.691754,0.0,Credit Card,West,Delivered,1937.94
2440,899,2025-04-15 22:48:39.691755,0.0,PayPal,West,Shipped,2347.09
2441,149,2024-11-16 22:48:39.691755,0.0,PayPal,South,Shipped,2288.54
2442,259,2025-06-12 22:48:39.691756,0.0,Credit Card,South,Processing,606.69
2443,684,2025-04-21 22:48:39.691757,0.0,Credit Card,West,Delivered,1996.8700000000001
2444,973,2025-06-23 22:48:39.691758,0.0,PayPal,North,Shipped,2765.37
2445,23,2025-05-12 22:48:39.691758,0.0,Debit Card,East,Shipped,2260.01
2446,638,2025-06-15 22:48:39.691759,0.0,Credit Card,North,Delivered,1483.06
2447,693,2024-12-13 22:48:39.691760,0.0,PayPal,West,Shipped,1760.61
2448,616,2025-02-11 22:48:39.691761,0.0,Bank Transfer,East,Shipped,2450.7999999999997
2449,330,2025-07-09 22:48:39.691761,0.0,Debit Card,North,Delivered,1226.83
2450,970,2025-04-12 22:48:39.691762,0.0,Debit Card,South,Delivered,730.92
2451,743,2024-08-03 22:48:39.691763,0.0,Credit Card,North,Shipped,2134.74
2452,273,2024-12-28 22:48:39.691764,0.0,Bank Transfer,East,Processing,757.71
2453,568,2024-08-25 22:48:39.691764,0.0,Credit Card,North,Shipped,2695.59
2454,439,2024-07-26 22:48:39.691765,0.0,Bank Transfer,South,Delivered,2191.97
2455,375,2024-11-26 22:48:39.691766,0.0,PayPal,North,Delivered,290.43
2456,55,2024-12-09 22:48:39.691767,0.0,Bank Transfer,North,Delivered,1365.44
2457,527,2024-09-22 22:48:39.691767,0.0,Credit Card,East,Shipped,2093.75
2458,612,2025-05-12 22:48:39.691768,0.0,Bank Transfer,West,Cancelled,1197.02
2459,944,2025-01-06 22:48:39.691769,0.0,Credit Card,West,Delivered,1772.8999999999999
2460,957,2024-08-24 22:48:39.691769,0.0,Bank Transfer,East,Delivered,2203.27
2461,69,2024-08-09 22:48:39.691770,0.0,Credit Card,North,Shipped,153.38
2462,383,2025-05-13 22:48:39.691771,0.0,PayPal,East,Delivered,3291.2799999999997
2463,358,2025-05-03 22:48:39.691772,0.0,Credit Card,West,Delivered,796.35
2464,187,2024-08-09 22:48:39.691772,0.0,PayPal,East,Processing,1414.26
2465,451,2024-07-28 22:48:39.691773,0.0,Bank Transfer,South,Delivered,2197.55
2466,196,2025-07-02 22:48:39.691774,0.0,Bank Transfer,North,Cancelled,1846.1
2467,580,2025-01-12 22:48:39.691775,0.0,Debit Card,West,Processing,2310.26
2468,517,2025-02-10 22:48:39.691775,0.0,Debit Card,East,Shipped,792.4
2469,892,2025-05-10 22:48:39.691776,0.0,Credit Card,East,Processing,1924.4399999999998
2470,922,2024-09-10 22:48:39.691777,0.0,Credit Card,North,Delivered,1094.8799999999999
2471,271,2024-09-24 22:48:39.691778,0.0,Bank Transfer,West,Delivered,760.8
2472,98,2025-04-23 22:48:39.691778,0.0,PayPal,South,Shipped,2418.25
2473,981,2025-04-22 22:48:39.691779,0.0,Debit Card,North,Delivered,1827.1
2474,773,2024-12-03 22:48:39.691780,0.0,PayPal,North,Shipped,1620.03
2475,220,2025-01-19 22:48:39.691781,0.0,Debit Card,South,Delivered,1197.9
2476,534,2025-03-16 22:48:39.691781,0.0,Debit Card,East,Delivered,798.1700000000001
2477,8,2025-07-07 22:48:39.691782,0.0,Credit Card,North,Shipped,250.47000000000003
2478,934,2025-07-20 22:48:39.691783,0.0,Bank Transfer,West,Delivered,2173.98
2479,310,2025-01-26 22:48:39.691784,0.0,Debit Card,South,Delivered,99.4
2480,896,2024-08-24 22:48:39.691784,0.0,PayPal,North,Shipped,2700.27
2481,183,2024-10-16 22:48:39.691785,0.0,PayPal,West,Shipped,744.5999999999999
2482,532,2024-12-05 22:48:39.691786,0.0,PayPal,North,Shipped,1594.02
2483,445,2024-11-20 22:48:39.691787,0.0,Credit Card,South,Shipped,1470.3899999999999
2484,166,2025-05-11 22:48:39.691787,0.0,PayPal,South,Delivered,626.02
2485,622,2024-09-25 22:48:39.691788,0.0,PayPal,South,Shipped,1734.07
2486,324,2025-06-14 22:48:39.691789,0.0,Debit Card,North,Delivered,820.7099999999999
2487,656,2024-10-30 22:48:39.691790,0.0,Debit Card,East,Shipped,211.59
2488,391,2025-06-15 22:48:39.691790,0.0,Credit Card,East,Shipped,845.94
2489,817,2024-09-21 22:48:39.691791,0.0,Debit Card,South,Processing,805.3299999999999
2490,932,2025-02-21 22:48:39.691792,0.0,Bank Transfer,West,Delivered,2500.59
2491,645,2024-07-30 22:48:39.691793,0.0,PayPal,South,Delivered,1977.7199999999998
2492,563,2024-11-25 22:48:39.691794,0.0,Debit Card,East,Processing,662.9
2493,710,2025-07-04 22:48:39.691794,0.0,Credit Card,South,Shipped,3177.66
2494,332,2025-05-25 22:48:39.691795,0.0,PayPal,South,Processing,244.12
2495,495,2024-08-02 22:48:39.691796,0.0,Bank Transfer,South,Shipped,824.44
2496,311,2024-12-22 22:48:39.691796,0.0,Bank Transfer,East,Delivered,2060.75
2497,245,2025-07-15 22:48:39.691797,0.0,Debit Card,West,Delivered,19.740000000000002
2498,128,2025-01-15 22:48:39.691798,0.0,PayPal,West,Shipped,1470.3899999999999
2499,252,2024-12-15 22:48:39.691799,0.0,PayPal,East,Shipped,1012.05
2500,514,2025-05-20 22:48:39.691799,0.0,Bank Transfer,East,Delivered,3400.7700000000004
2501,227,2025-07-02 22:48:39.691800,0.0,PayPal,North,Delivered,3430.77
2502,104,2025-01-27 22:48:39.691801,0.0,PayPal,North,Shipped,177.32999999999998
2503,729,2025-01-31 22:48:39.691802,0.0,Debit Card,West,Delivered,1226.13
2504,284,2025-06-04 22:48:39.691802,0.0,Debit Card,West,Shipped,1904.6499999999999
2505,384,2024-07-22 22:48:39.691803,0.0,Debit Card,West,Processing,1307.33
2506,296,2025-02-24 22:48:39.691804,0.0,Credit Card,East,Shipped,1646.74
2507,470,2025-06-05 22:48:39.691805,0.0,PayPal,East,Delivered,932.38
2508,765,2024-11-17 22:48:39.691805,0.0,PayPal,South,Cancelled,407.46
2509,411,2024-11-09 22:48:39.691806,0.0,Debit Card,East,Processing,1658.9099999999999
2510,638,2025-05-19 22:48:39.691807,0.0,Debit Card,South,Shipped,1150.8999999999999
2511,963,2024-08-19 22:48:39.691808,0.0,Credit Card,South,Processing,1537.5899999999997
2512,68,2025-06-01 22:48:39.691808,0.0,Debit Card,South,Shipped,625.6800000000001
2513,823,2025-01-29 22:48:39.691809,0.0,Debit Card,South,Processing,1876.51
2514,112,2025-02-04 22:48:39.691810,0.0,Debit Card,West,Processing,1394.32
2515,662,2025-07-01 22:48:39.691810,0.0,Debit Card,North,Processing,735.43
2516,757,2025-03-13 22:48:39.691811,0.0,Credit Card,East,Delivered,2307.27
2517,718,2024-08-17 22:48:39.691812,0.0,Debit Card,North,Delivered,2208.9399999999996
2518,280,2025-01-19 22:48:39.691813,0.0,Debit Card,East,Cancelled,1088.49
2519,429,2024-11-17 22:48:39.691813,0.0,Bank Transfer,East,Shipped,1174.8000000000002
2520,781,2025-06-23 22:48:39.691814,0.0,PayPal,West,Shipped,788.59
2521,604,2024-12-08 22:48:39.691815,0.0,Debit Card,West,Delivered,533.47
2522,651,2025-04-22 22:48:39.691815,0.0,PayPal,East,Processing,2202.45
2523,206,2025-04-19 22:48:39.691816,0.0,Bank Transfer,South,Delivered,678.62
2524,203,2025-02-28 22:48:39.691817,0.0,PayPal,South,Processing,2736.0299999999997
2525,878,2024-08-28 22:48:39.691818,0.0,PayPal,North,Delivered,938.0799999999999
2526,395,2025-01-07 22:48:39.691818,0.0,Bank Transfer,South,Delivered,1581.4199999999998
2527,691,2025-03-14 22:48:39.691819,0.0,Bank Transfer,South,Shipped,153.38
2528,887,2025-01-04 22:48:39.691820,0.0,Debit Card,West,Shipped,1000.86
2529,206,2024-11-11 22:48:39.691821,0.0,PayPal,North,Delivered,404.64
2530,427,2024-08-31 22:48:39.691821,0.0,Credit Card,West,Delivered,571.95
2531,571,2025-05-06 22:48:39.691822,0.0,Bank Transfer,South,Shipped,546.94
2532,863,2024-08-11 22:48:39.691823,0.0,PayPal,East,Shipped,887.5
2533,335,2025-04-18 22:48:39.691823,0.0,Bank Transfer,North,Shipped,865.6
2534,974,2024-11-19 22:48:39.691824,0.0,Credit Card,North,Shipped,150.4
2535,937,2025-03-08 22:48:39.691825,0.0,Bank Transfer,North,Shipped,1493.1000000000001
2536,333,2025-04-09 22:48:39.691826,0.0,Credit Card,West,Processing,817.49
2537,381,2024-09-15 22:48:39.691827,0.0,Credit Card,East,Shipped,733.34
2538,475,2025-05-05 22:48:39.691827,0.0,Debit Card,North,Shipped,1680.04
2539,493,2025-03-22 22:48:39.691828,0.0,Credit Card,South,Delivered,2352.48
2540,499,2025-06-10 22:48:39.691829,0.0,Credit Card,South,Shipped,1783.52
2541,53,2025-06-04 22:48:39.691830,0.0,Bank Transfer,North,Delivered,2444.55
2542,318,2024-10-21 22:48:39.691830,0.0,Debit Card,South,Shipped,848.28
2543,581,2025-04-20 22:48:39.691831,0.0,Credit Card,South,Delivered,2837.83
2544,203,2024-09-06 22:48:39.691832,0.0,PayPal,South,Delivered,2287.1600000000003
2545,783,2024-12-23 22:48:39.691833,0.0,PayPal,South,Delivered,83.84
2546,960,2025-06-29 22:48:39.691833,0.0,Credit Card,North,Delivered,281.15999999999997
2547,962,2024-10-15 22:48:39.691834,0.0,Debit Card,South,Processing,3020.15
2548,102,2024-08-12 22:48:39.691835,0.0,Bank Transfer,West,Delivered,1615.9499999999998
2549,944,2024-08-23 22:48:39.691835,0.0,Credit Card,West,Delivered,2490.01
2550,983,2024-11-18 22:48:39.691836,0.0,Debit Card,North,Delivered,1444.48
2551,851,2025-04-20 22:48:39.691837,0.0,Bank Transfer,West,Shipped,1594.31
2552,279,2024-07-26 22:48:39.691838,0.0,Credit Card,North,Delivered,2718.98
2553,20,2025-04-26 22:48:39.691838,0.0,Bank Transfer,South,Processing,2127.13
2554,87,2025-04-10 22:48:39.691839,0.0,Credit Card,West,Processing,4044.5699999999997
2555,309,2025-03-01 22:48:39.691840,0.0,Debit Card,East,Shipped,1070.82
2556,574,2025-06-23 22:48:39.691841,0.0,Credit Card,North,Processing,1328.43
2557,877,2024-12-03 22:48:39.691842,0.0,Bank Transfer,South,Delivered,870.1200000000001
2558,627,2024-09-19 22:48:39.691842,0.0,PayPal,North,Shipped,562.62
2559,664,2024-11-30 22:48:39.691843,0.0,Bank Transfer,West,Delivered,2757.6
2560,360,2024-08-07 22:48:39.691844,0.0,Bank Transfer,East,Delivered,635.0999999999999
2561,585,2024-12-30 22:48:39.691845,0.0,PayPal,West,Shipped,4425.179999999999
2562,493,2025-04-28 22:48:39.691845,0.0,PayPal,West,Processing,3154.4199999999996
2563,36,2024-09-13 22:48:39.691846,0.0,Debit Card,South,Shipped,75.2
2564,78,2024-11-06 22:48:39.691847,0.0,Bank Transfer,West,Processing,1765.54
2565,775,2025-06-24 22:48:39.691848,0.0,Credit Card,East,Shipped,2020.1999999999998
2566,84,2024-09-03 22:48:39.691848,0.0,Bank Transfer,South,Delivered,689.08
2567,902,2025-04-22 22:48:39.691849,0.0,Bank Transfer,East,Delivered,465.22
2568,444,2024-11-06 22:48:39.691850,0.0,PayPal,East,Processing,773.5500000000001
2569,806,2024-08-16 22:48:39.691851,0.0,Debit Card,South,Processing,587.92
2570,791,2025-07-19 22:48:39.691851,0.0,PayPal,North,Shipped,1416.96
2571,266,2024-08-08 22:48:39.691852,0.0,PayPal,East,Delivered,1330.96
2572,286,2025-02-06 22:48:39.691853,0.0,Bank Transfer,South,Shipped,2448.0200000000004
2573,382,2024-11-17 22:48:39.691854,0.0,Debit Card,North,Delivered,1437.12
2574,761,2024-08-22 22:48:39.691854,0.0,Debit Card,West,Delivered,1628.75
2575,719,2025-07-09 22:48:39.691855,0.0,Bank Transfer,North,Delivered,1618.87
2576,179,2025-06-07 22:48:39.691856,0.0,Credit Card,North,Delivered,382.56
2577,151,2024-08-10 22:48:39.691856,0.0,Bank Transfer,West,Delivered,1370.01
2578,835,2024-08-20 22:48:39.691857,0.0,Debit Card,South,Delivered,2674.53
2579,520,2024-09-13 22:48:39.691858,0.0,PayPal,West,Delivered,1828.62
2580,336,2025-01-19 22:48:39.691859,0.0,Credit Card,North,Shipped,2526.43
2581,921,2025-05-08 22:48:39.691859,0.0,Debit Card,South,Shipped,4145.52
2582,235,2024-10-23 22:48:39.691860,0.0,Debit Card,South,Delivered,1071.28
2583,585,2025-04-03 22:48:39.691861,0.0,Debit Card,South,Delivered,1808.44
2584,675,2024-11-08 22:48:39.691862,0.0,Bank Transfer,South,Shipped,671.92
2585,312,2025-01-08 22:48:39.691862,0.0,Debit Card,North,Delivered,422.57
2586,158,2024-09-20 22:48:39.691863,0.0,Bank Transfer,North,Delivered,595.0999999999999
2587,138,2024-12-19 22:48:39.691864,0.0,Credit Card,East,Shipped,3076.79
2588,281,2025-06-25 22:48:39.691865,0.0,Credit Card,East,Delivered,659.16
2589,226,2025-03-11 22:48:39.691865,0.0,Credit Card,North,Processing,1205.13
2590,171,2024-10-22 22:48:39.691866,0.0,Bank Transfer,East,Delivered,1172.93
2591,443,2024-11-26 22:48:39.691867,0.0,Credit Card,North,Processing,1796.73
2592,172,2025-07-04 22:48:39.691868,0.0,Credit Card,West,Shipped,1670.2099999999998
2593,910,2025-05-18 22:48:39.691868,0.0,Debit Card,North,Shipped,1617.3400000000001
2594,569,2025-01-06 22:48:39.691869,0.0,Bank Transfer,East,Cancelled,424.22
2595,936,2024-10-08 22:48:39.691870,0.0,PayPal,North,Processing,1633.1100000000001
2596,666,2024-12-20 22:48:39.691871,0.0,PayPal,East,Delivered,1137.92
2597,593,2025-01-08 22:48:39.691871,0.0,PayPal,East,Shipped,1428.6799999999998
2598,742,2025-02-13 22:48:39.691872,0.0,Debit Card,East,Delivered,2446.5299999999997
2599,881,2024-10-14 22:48:39.691873,0.0,Bank Transfer,South,Shipped,4059.0
2600,703,2025-01-09 22:48:39.691874,0.0,Credit Card,East,Shipped,2946.04
2601,820,2024-10-06 22:48:39.691874,0.0,Debit Card,West,Shipped,3108.98
2602,159,2025-05-13 22:48:39.691875,0.0,Credit Card,South,Delivered,1523.6200000000001
2603,27,2025-01-02 22:48:39.691876,0.0,PayPal,West,Shipped,2619.4700000000003
2604,702,2024-10-09 22:48:39.691877,0.0,Debit Card,South,Shipped,1014.2
2605,635,2024-12-19 22:48:39.691877,0.0,Debit Card,South,Delivered,2915.79
2606,688,2025-01-16 22:48:39.691878,0.0,Bank Transfer,North,Delivered,500.78000000000003
2607,906,2024-11-27 22:48:39.691879,0.0,Bank Transfer,East,Processing,1520.82
2608,474,2024-11-22 22:48:39.691879,0.0,Bank Transfer,West,Shipped,1707.6499999999999
2609,39,2024-11-15 22:48:39.691880,0.0,PayPal,East,Processing,2283.84
2610,653,2024-10-20 22:48:39.691881,0.0,Debit Card,West,Delivered,3339.46
2611,788,2025-02-23 22:48:39.691882,0.0,Credit Card,West,Shipped,1069.65
2612,402,2024-11-18 22:48:39.691882,0.0,Debit Card,West,Processing,3199.1
2613,737,2025-01-03 22:48:39.691883,0.0,Credit Card,West,Processing,1219.9699999999998
2614,414,2025-01-26 22:48:39.691884,0.0,Credit Card,South,Shipped,1170.84
2615,458,2025-02-23 22:48:39.691885,0.0,Bank Transfer,West,Processing,1363.87
2616,874,2024-12-22 22:48:39.691885,0.0,Debit Card,North,Delivered,254.31
2617,520,2024-10-24 22:48:39.691886,0.0,Bank Transfer,South,Processing,2015.48
2618,761,2025-04-29 22:48:39.691887,0.0,Debit Card,East,Shipped,1708.92
2619,993,2024-09-28 22:48:39.691887,0.0,Credit Card,West,Delivered,542.3299999999999
2620,159,2024-08-01 22:48:39.691888,0.0,PayPal,East,Processing,1946.93
2621,941,2024-12-25 22:48:39.691889,0.0,Credit Card,West,Processing,60.14
2622,276,2024-11-03 22:48:39.691890,0.0,Credit Card,West,Processing,2054.0099999999998
2623,557,2025-01-09 22:48:39.691890,0.0,PayPal,North,Shipped,758.18
2624,690,2025-05-04 22:48:39.691891,0.0,Credit Card,East,Shipped,562.62
2625,248,2024-11-21 22:48:39.691892,0.0,PayPal,South,Delivered,3538.3500000000004
2626,829,2025-02-18 22:48:39.691893,0.0,Bank Transfer,East,Processing,1161.42
2627,416,2024-11-10 22:48:39.691893,0.0,Debit Card,South,Processing,828.86
2628,141,2025-01-19 22:48:39.691894,0.0,Debit Card,West,Delivered,1342.5900000000001
2629,169,2024-12-21 22:48:39.691895,0.0,PayPal,North,Shipped,610.63
2630,170,2024-10-06 22:48:39.691896,0.0,PayPal,North,Processing,1833.55
2631,412,2024-08-02 22:48:39.691896,0.0,Credit Card,South,Delivered,2316.2799999999997
2632,716,2024-10-18 22:48:39.691897,0.0,Bank Transfer,North,Shipped,2024.34
2633,592,2025-04-17 22:48:39.691898,0.0,Debit Card,South,Shipped,1032.21
2634,879,2025-02-05 22:48:39.691898,0.0,PayPal,East,Delivered,3526.37
2635,776,2025-04-04 22:48:39.691899,0.0,Bank Transfer,East,Delivered,1903.1599999999999
2636,764,2025-01-13 22:48:39.691900,0.0,PayPal,North,Shipped,2084.3999999999996
2637,720,2025-02-13 22:48:39.691901,0.0,PayPal,South,Delivered,551.31
2638,944,2024-09-12 22:48:39.691901,0.0,Bank Transfer,North,Delivered,1471.52
2639,507,2024-12-08 22:48:39.691902,0.0,Debit Card,West,Processing,2109.1
2640,19,2025-04-17 22:48:39.691903,0.0,Debit Card,East,Shipped,1933.78
2641,998,2025-04-27 22:48:39.691904,0.0,PayPal,East,Shipped,1072.1399999999999
2642,586,2025-01-30 22:48:39.691904,0.0,Credit Card,North,Processing,309.24
2643,827,2025-03-22 22:48:39.691905,0.0,Credit Card,West,Processing,1371.0
2644,752,2025-01-15 22:48:39.691906,0.0,PayPal,North,Cancelled,1541.52
2645,698,2025-05-04 22:48:39.691906,0.0,Bank Transfer,North,Delivered,1325.08
2646,610,2025-01-11 22:48:39.691907,0.0,Credit Card,West,Shipped,781.22
2647,202,2025-05-08 22:48:39.691908,0.0,Debit Card,East,Cancelled,1995.6
2648,317,2025-06-23 22:48:39.691909,0.0,Bank Transfer,West,Shipped,1262.6399999999999
2649,925,2024-10-10 22:48:39.691909,0.0,PayPal,East,Delivered,3649.42
2650,914,2025-02-14 22:48:39.691910,0.0,Bank Transfer,East,Delivered,3879.29
2651,573,2024-12-26 22:48:39.691911,0.0,Bank Transfer,East,Shipped,687.26
2652,794,2025-01-05 22:48:39.691912,0.0,PayPal,South,Shipped,1154.4
2653,565,2024-09-03 22:48:39.691912,0.0,Bank Transfer,West,Shipped,1198.74
2654,557,2025-03-01 22:48:39.691913,0.0,Debit Card,North,Delivered,654.64
2655,277,2024-09-12 22:48:39.691914,0.0,PayPal,South,Delivered,2314.46
2656,457,2025-02-16 22:48:39.691915,0.0,Debit Card,South,Delivered,1229.18
2657,58,2025-05-26 22:48:39.691915,0.0,Bank Transfer,East,Processing,4176.37
2658,606,2025-05-04 22:48:39.691916,0.0,Bank Transfer,South,Shipped,970.27
2659,867,2025-06-07 22:48:39.691917,0.0,PayPal,North,Shipped,726.3699999999999
2660,915,2024-07-26 22:48:39.691918,0.0,PayPal,West,Delivered,3484.04
2661,609,2025-02-01 22:48:39.691918,0.0,Bank Transfer,West,Delivered,813.18
2662,77,2024-12-02 22:48:39.691919,0.0,PayPal,North,Delivered,2102.42
2663,43,2025-05-15 22:48:39.691920,0.0,Bank Transfer,North,Shipped,1001.4599999999999
2664,830,2024-11-20 22:48:39.691921,0.0,PayPal,South,Shipped,2846.05
2665,126,2025-04-10 22:48:39.691921,0.0,Debit Card,North,Delivered,683.76
2666,902,2025-07-21 22:48:39.691922,0.0,Bank Transfer,South,Shipped,1797.53
2667,431,2025-01-07 22:48:39.691923,0.0,Credit Card,West,Delivered,2026.29
2668,677,2024-10-22 22:48:39.691924,0.0,Bank Transfer,East,Processing,2160.99
2669,336,2024-11-13 22:48:39.691924,0.0,Debit Card,North,Processing,1981.41
2670,227,2024-11-18 22:48:39.691925,0.0,Credit Card,West,Delivered,1496.5
2671,291,2025-01-18 22:48:39.691926,0.0,Debit Card,North,Shipped,99.72
2672,831,2024-08-22 22:48:39.691927,0.0,PayPal,North,Cancelled,1677.8600000000001
2673,586,2024-08-02 22:48:39.691927,0.0,Bank Transfer,East,Processing,491.14000000000004
2674,480,2024-10-19 22:48:39.691928,0.0,Bank Transfer,North,Delivered,69.93
2675,241,2024-08-14 22:48:39.691929,0.0,PayPal,South,Shipped,1568.46
2676,597,2024-08-08 22:48:39.691930,0.0,Credit Card,North,Delivered,1457.0
2677,771,2024-11-06 22:48:39.691931,0.0,PayPal,South,Delivered,1455.94
2678,500,2025-05-19 22:48:39.691935,0.0,Credit Card,North,Shipped,531.84
2679,529,2024-12-04 22:48:39.691936,0.0,Debit Card,West,Cancelled,947.9
2680,219,2024-12-10 22:48:39.691936,0.0,PayPal,East,Delivered,3205.05
2681,38,2025-03-16 22:48:39.691937,0.0,Credit Card,West,Delivered,648.7099999999999
2682,243,2025-01-12 22:48:39.691938,0.0,PayPal,North,Shipped,1416.81
2683,562,2025-03-16 22:48:39.691939,0.0,Bank Transfer,North,Processing,2083.98
2684,402,2024-12-19 22:48:39.691939,0.0,Debit Card,North,Shipped,195.69
2685,497,2024-10-24 22:48:39.691940,0.0,Debit Card,West,Processing,2197.08
2686,76,2025-04-07 22:48:39.691941,0.0,PayPal,West,Processing,359.88
2687,635,2025-07-17 22:48:39.691942,0.0,PayPal,South,Delivered,1085.8
2688,14,2025-05-17 22:48:39.691942,0.0,Bank Transfer,East,Shipped,1507.25
2689,594,2025-04-06 22:48:39.691943,0.0,Debit Card,West,Delivered,845.14
2690,17,2025-02-20 22:48:39.691944,0.0,Credit Card,North,Cancelled,1396.98
2691,778,2024-11-06 22:48:39.691944,0.0,Credit Card,East,Processing,1202.23
2692,632,2024-10-12 22:48:39.691945,0.0,PayPal,North,Shipped,1046.19
2693,962,2025-07-02 22:48:39.691946,0.0,PayPal,East,Delivered,1115.37
2694,653,2025-05-08 22:48:39.691947,0.0,PayPal,South,Delivered,2689.1
2695,351,2025-04-13 22:48:39.691948,0.0,Bank Transfer,East,Delivered,54.63
2696,667,2024-09-28 22:48:39.691948,0.0,Debit Card,East,Processing,1252.2
2697,640,2024-07-31 22:48:39.691949,0.0,PayPal,West,Delivered,610.51
2698,634,2025-01-13 22:48:39.691950,0.0,PayPal,North,Delivered,1202.76
2699,523,2025-04-02 22:48:39.691950,0.0,Bank Transfer,East,Delivered,818.68
2700,700,2024-10-23 22:48:39.691951,0.0,PayPal,North,Delivered,744.6600000000001
2701,545,2025-01-04 22:48:39.691952,0.0,Credit Card,East,Shipped,1423.35
2702,415,2025-01-08 22:48:39.691953,0.0,Credit Card,South,Processing,1873.2299999999998
2703,215,2024-08-22 22:48:39.691953,0.0,Debit Card,South,Delivered,1068.48
2704,468,2025-01-10 22:48:39.691954,0.0,Credit Card,West,Shipped,1361.34
2705,361,2025-03-26 22:48:39.691955,0.0,Credit Card,East,Delivered,135.03
2706,990,2025-03-26 22:48:39.691956,0.0,Debit Card,West,Delivered,53.76
2707,831,2024-11-02 22:48:39.691956,0.0,PayPal,East,Shipped,69.92999999999999
2708,302,2025-04-28 22:48:39.691957,0.0,Debit Card,North,Delivered,1386.6399999999999
2709,829,2025-07-12 22:48:39.691958,0.0,Debit Card,North,Delivered,1017.78
2710,929,2025-07-15 22:48:39.691959,0.0,Debit Card,North,Processing,1907.04
2711,811,2024-12-01 22:48:39.691959,0.0,Debit Card,East,Delivered,1963.5100000000002
2712,140,2025-05-01 22:48:39.691960,0.0,Bank Transfer,South,Delivered,1716.62
2713,859,2025-06-20 22:48:39.691961,0.0,Credit Card,South,Delivered,1391.31
2714,60,2025-02-08 22:48:39.691961,0.0,PayPal,West,Processing,2316.42
2715,131,2025-01-27 22:48:39.691962,0.0,Bank Transfer,North,Delivered,1087.1100000000001
2716,281,2025-06-05 22:48:39.691963,0.0,Credit Card,North,Processing,2214.8
2717,736,2025-05-26 22:48:39.691964,0.0,Bank Transfer,South,Delivered,536.1
2718,644,2024-11-21 22:48:39.691964,0.0,PayPal,West,Processing,1518.52
2719,612,2025-02-04 22:48:39.691965,0.0,Credit Card,North,Delivered,4113.88
2720,714,2025-06-20 22:48:39.691966,0.0,Credit Card,South,Shipped,951.98
2721,167,2024-10-20 22:48:39.691966,0.0,PayPal,East,Cancelled,731.52
2722,885,2024-10-11 22:48:39.691967,0.0,PayPal,North,Delivered,3027.4700000000003
2723,863,2024-11-02 22:48:39.691968,0.0,PayPal,South,Delivered,2245.2400000000002
2724,930,2024-08-07 22:48:39.691969,0.0,Credit Card,West,Delivered,1549.0
2725,674,2024-10-21 22:48:39.691969,0.0,Bank Transfer,West,Delivered,1801.22
2726,523,2024-12-22 22:48:39.691970,0.0,Debit Card,East,Processing,1154.21
2727,257,2024-08-06 22:48:39.691971,0.0,PayPal,South,Processing,1136.3
2728,733,2024-11-26 22:48:39.691972,0.0,PayPal,West,Delivered,394.13
2729,309,2024-09-21 22:48:39.691972,0.0,Debit Card,North,Processing,1208.49
2730,805,2025-06-21 22:48:39.691973,0.0,Bank Transfer,West,Processing,1346.12
2731,187,2025-02-19 22:48:39.691974,0.0,Debit Card,West,Delivered,1379.06
2732,878,2024-09-19 22:48:39.691975,0.0,Debit Card,South,Delivered,731.52
2733,959,2024-10-04 22:48:39.691975,0.0,Bank Transfer,North,Delivered,2383.5299999999997
2734,402,2024-08-27 22:48:39.691976,0.0,PayPal,East,Delivered,1091.5
2735,128,2025-06-26 22:48:39.691977,0.0,PayPal,West,Shipped,1753.3000000000002
2736,392,2025-01-24 22:48:39.691978,0.0,PayPal,South,Delivered,1207.6399999999999
2737,263,2024-11-11 22:48:39.691979,0.0,PayPal,West,Delivered,787.16
2738,859,2025-05-10 22:48:39.691979,0.0,Bank Transfer,South,Shipped,1024.94
2739,85,2025-05-20 22:48:39.691980,0.0,Debit Card,East,Delivered,1121.07
2740,681,2024-08-11 22:48:39.691981,0.0,Credit Card,South,Processing,3030.13
2741,433,2024-08-21 22:48:39.691981,0.0,Debit Card,West,Delivered,979.58
2742,199,2025-02-25 22:48:39.691982,0.0,Bank Transfer,West,Shipped,693.23
2743,310,2024-10-15 22:48:39.691983,0.0,PayPal,North,Delivered,1322.24
2744,587,2025-04-19 22:48:39.691984,0.0,Debit Card,West,Processing,2296.6400000000003
2745,271,2025-04-29 22:48:39.691984,0.0,PayPal,West,Shipped,1725.7700000000002
2746,187,2024-08-17 22:48:39.691985,0.0,Debit Card,North,Shipped,573.05
2747,879,2024-08-09 22:48:39.691986,0.0,Credit Card,East,Delivered,640.23
2748,99,2024-09-18 22:48:39.691987,0.0,PayPal,West,Delivered,2585.3799999999997
2749,157,2025-06-27 22:48:39.691987,0.0,PayPal,East,Processing,1531.89
2750,221,2024-07-27 22:48:39.691988,0.0,Bank Transfer,South,Shipped,2792.6400000000003
2751,307,2024-09-22 22:48:39.691989,0.0,PayPal,South,Cancelled,2605.02
2752,740,2025-07-18 22:48:39.691990,0.0,PayPal,West,Shipped,2095.13
2753,312,2025-05-23 22:48:39.691990,0.0,Credit Card,East,Delivered,1947.43
2754,157,2025-01-15 22:48:39.691991,0.0,Debit Card,West,Shipped,1375.11
2755,936,2024-10-04 22:48:39.691992,0.0,PayPal,North,Delivered,2527.12
2756,994,2024-08-16 22:48:39.691993,0.0,Bank Transfer,East,Shipped,2309.8199999999997
2757,892,2025-05-10 22:48:39.691993,0.0,Bank Transfer,North,Delivered,871.96
2758,796,2024-12-18 22:48:39.691994,0.0,Bank Transfer,North,Processing,1190.61
2759,847,2025-03-15 22:48:39.691995,0.0,Bank Transfer,East,Delivered,2067.93
2760,129,2024-12-13 22:48:39.691996,0.0,Bank Transfer,North,Processing,983.8499999999999
2761,984,2024-08-13 22:48:39.691996,0.0,PayPal,East,Shipped,2186.8500000000004
2762,131,2025-02-20 22:48:39.691997,0.0,Debit Card,North,Delivered,1349.08
2763,789,2025-01-20 22:48:39.691998,0.0,Credit Card,South,Processing,348.54
2764,667,2024-10-24 22:48:39.691999,0.0,Debit Card,West,Processing,1100.38
2765,850,2025-02-25 22:48:39.691999,0.0,Bank Transfer,South,Processing,1907.56
2766,331,2025-03-01 22:48:39.692000,0.0,PayPal,South,Processing,800.5699999999999
2767,29,2025-02-25 22:48:39.692001,0.0,Debit Card,North,Cancelled,1984.9
2768,129,2025-01-02 22:48:39.692002,0.0,Debit Card,West,Processing,1871.5900000000001
2769,23,2024-08-12 22:48:39.692002,0.0,Credit Card,West,Delivered,1824.02
2770,44,2025-01-27 22:48:39.692003,0.0,Bank Transfer,East,Cancelled,1262.57
2771,813,2024-09-29 22:48:39.692004,0.0,Bank Transfer,South,Cancelled,1107.57
2772,737,2024-11-07 22:48:39.692005,0.0,Bank Transfer,West,Delivered,1489.4399999999998
2773,32,2025-05-29 22:48:39.692005,0.0,Credit Card,North,Shipped,1396.3600000000001
2774,383,2025-02-20 22:48:39.692006,0.0,PayPal,West,Shipped,4232.96
2775,204,2024-10-16 22:48:39.692007,0.0,Credit Card,South,Delivered,2481.81
2776,577,2024-08-22 22:48:39.692008,0.0,Debit Card,West,Shipped,3768.16
2777,395,2025-03-10 22:48:39.692009,0.0,PayPal,North,Delivered,768.12
2778,736,2025-03-27 22:48:39.692009,0.0,PayPal,West,Processing,1154.8500000000001
2779,360,2025-05-24 22:48:39.692010,0.0,Bank Transfer,East,Delivered,730.5
2780,143,2025-03-08 22:48:39.692011,0.0,Bank Transfer,West,Delivered,1042.04
2781,407,2025-05-19 22:48:39.692011,0.0,Bank Transfer,West,Delivered,1190.13
2782,605,2024-08-08 22:48:39.692012,0.0,Bank Transfer,South,Delivered,1788.47
2783,326,2024-08-19 22:48:39.692013,0.0,Credit Card,South,Processing,2432.63
2784,654,2024-09-16 22:48:39.692014,0.0,Debit Card,North,Shipped,1946.72
2785,304,2024-09-24 22:48:39.692015,0.0,Bank Transfer,West,Processing,732.51
2786,83,2024-10-06 22:48:39.692015,0.0,Bank Transfer,West,Shipped,1751.01
2787,510,2024-08-23 22:48:39.692016,0.0,Bank Transfer,East,Shipped,1802.4699999999998
2788,660,2025-05-09 22:48:39.692017,0.0,Bank Transfer,South,Shipped,3321.78
2789,541,2024-12-09 22:48:39.692017,0.0,PayPal,East,Shipped,1834.7399999999998
2790,230,2025-01-25 22:48:39.692018,0.0,Credit Card,North,Shipped,1687.56
2791,702,2024-11-26 22:48:39.692019,0.0,Credit Card,North,Processing,1481.33
2792,200,2025-05-05 22:48:39.692020,0.0,Debit Card,South,Shipped,2412.8
2793,216,2024-10-13 22:48:39.692020,0.0,PayPal,East,Processing,2449.6000000000004
2794,767,2025-06-25 22:48:39.692021,0.0,PayPal,North,Shipped,4469.5599999999995
2795,776,2024-10-19 22:48:39.692022,0.0,Bank Transfer,North,Processing,358.13
2796,390,2024-10-11 22:48:39.692023,0.0,PayPal,North,Shipped,122.52
2797,519,2025-07-10 22:48:39.692023,0.0,Credit Card,West,Processing,640.9100000000001
2798,429,2025-02-06 22:48:39.692024,0.0,PayPal,South,Shipped,2392.04
2799,299,2024-08-29 22:48:39.692025,0.0,PayPal,North,Delivered,521.88
2800,565,2025-06-10 22:48:39.692026,0.0,Bank Transfer,West,Delivered,344.89
2801,148,2024-09-27 22:48:39.692026,0.0,Credit Card,East,Delivered,2016.23
2802,499,2024-11-20 22:48:39.692027,0.0,PayPal,East,Delivered,2811.8599999999997
2803,657,2025-02-16 22:48:39.692028,0.0,Bank Transfer,East,Processing,784.26
2804,618,2025-01-26 22:48:39.692029,0.0,Debit Card,South,Processing,3587.07
2805,609,2025-01-09 22:48:39.692029,0.0,Credit Card,North,Processing,1561.79
2806,733,2024-09-11 22:48:39.692030,0.0,Bank Transfer,South,Delivered,1477.4
2807,203,2024-11-06 22:48:39.692031,0.0,Bank Transfer,West,Shipped,1014.87
2808,276,2025-01-31 22:48:39.692031,0.0,Debit Card,North,Delivered,766.44
2809,180,2025-02-07 22:48:39.692032,0.0,Debit Card,North,Processing,1611.35
2810,848,2025-04-19 22:48:39.692033,0.0,Bank Transfer,West,Shipped,1592.07
2811,513,2025-06-04 22:48:39.692034,0.0,Bank Transfer,West,Delivered,806.23
2812,384,2025-05-24 22:48:39.692034,0.0,Bank Transfer,East,Cancelled,2463.33
2813,557,2025-01-30 22:48:39.692035,0.0,Credit Card,North,Delivered,1596.02
2814,428,2024-07-22 22:48:39.692036,0.0,Credit Card,East,Processing,904.76
2815,294,2024-11-24 22:48:39.692037,0.0,Credit Card,South,Shipped,209.57999999999998
2816,646,2025-04-20 22:48:39.692037,0.0,PayPal,East,Delivered,1312.35
2817,228,2024-10-08 22:48:39.692038,0.0,Bank Transfer,North,Processing,1438.92
2818,165,2025-03-07 22:48:39.692039,0.0,Credit Card,East,Shipped,1703.87
2819,733,2024-11-17 22:48:39.692040,0.0,PayPal,West,Processing,1771.73
2820,622,2024-12-12 22:48:39.692040,0.0,Debit Card,West,Delivered,417.48
2821,821,2024-09-10 22:48:39.692041,0.0,Credit Card,North,Shipped,878.28
2822,803,2024-08-10 22:48:39.692042,0.0,Debit Card,East,Processing,1654.57
2823,882,2025-04-04 22:48:39.692043,0.0,Credit Card,South,Delivered,1738.22
2824,681,2024-12-03 22:48:39.692043,0.0,Debit Card,South,Shipped,2642.13
2825,60,2025-04-13 22:48:39.692044,0.0,PayPal,East,Shipped,726.8299999999999
2826,615,2024-08-15 22:48:39.692045,0.0,PayPal,North,Delivered,5303.1
2827,148,2024-08-25 22:48:39.692045,0.0,PayPal,West,Delivered,2244.7499999999995
2828,699,2025-06-05 22:48:39.692046,0.0,Debit Card,West,Cancelled,451.43999999999994
2829,784,2025-05-31 22:48:39.692047,0.0,Credit Card,North,Shipped,910.78
2830,573,2024-09-27 22:48:39.692048,0.0,Credit Card,South,Delivered,835.8299999999999
2831,16,2025-05-27 22:48:39.692048,0.0,Debit Card,West,Delivered,1211.52
2832,867,2025-05-08 22:48:39.692049,0.0,Debit Card,East,Cancelled,234.51
2833,582,2025-02-10 22:48:39.692050,0.0,PayPal,West,Delivered,1132.96
2834,231,2024-12-15 22:48:39.692051,0.0,Bank Transfer,East,Delivered,2535.85
2835,939,2025-05-05 22:48:39.692052,0.0,Debit Card,West,Delivered,1489.32
2836,63,2024-11-17 22:48:39.692052,0.0,Credit Card,East,Delivered,3168.26
2837,754,2024-10-16 22:48:39.692053,0.0,PayPal,East,Shipped,2837.7200000000003
2838,775,2024-11-08 22:48:39.692054,0.0,Bank Transfer,North,Delivered,383.42
2839,911,2025-05-25 22:48:39.692055,0.0,Bank Transfer,South,Delivered,943.53
2840,816,2024-11-12 22:48:39.692055,0.0,PayPal,East,Delivered,2487.3900000000003
2841,982,2025-06-28 22:48:39.692056,0.0,Debit Card,West,Shipped,3706.64
2842,69,2025-02-16 22:48:39.692057,0.0,PayPal,East,Processing,995.45
2843,828,2025-07-01 22:48:39.692058,0.0,PayPal,West,Delivered,850.02
2844,73,2024-10-18 22:48:39.692058,0.0,Credit Card,North,Cancelled,1689.17
2845,489,2024-10-29 22:48:39.692059,0.0,PayPal,North,Shipped,373.28
2846,626,2024-07-27 22:48:39.692060,0.0,Credit Card,West,Shipped,542.58
2847,504,2025-02-26 22:48:39.692061,0.0,PayPal,West,Delivered,860.93
2848,470,2025-02-27 22:48:39.692061,0.0,Debit Card,North,Shipped,3381.3199999999997
2849,806,2024-09-16 22:48:39.692062,0.0,Bank Transfer,East,Delivered,362.52
2850,869,2024-12-06 22:48:39.692063,0.0,Debit Card,South,Processing,1677.36
2851,884,2024-11-13 22:48:39.692064,0.0,PayPal,East,Processing,1339.38
2852,790,2025-05-20 22:48:39.692064,0.0,PayPal,North,Shipped,1261.3799999999999
2853,118,2025-05-30 22:48:39.692065,0.0,PayPal,West,Processing,836.0699999999999
2854,929,2024-10-30 22:48:39.692066,0.0,Bank Transfer,South,Processing,2638.07
2855,985,2025-06-19 22:48:39.692067,0.0,PayPal,North,Shipped,2693.3900000000003
2856,941,2024-12-04 22:48:39.692067,0.0,Debit Card,West,Delivered,1031.01
2857,252,2024-09-23 22:48:39.692068,0.0,Bank Transfer,West,Processing,1428.7199999999998
2858,226,2025-05-07 22:48:39.692069,0.0,Bank Transfer,East,Delivered,1382.32
2859,419,2025-01-17 22:48:39.692070,0.0,Debit Card,North,Delivered,806.4399999999999
2860,323,2024-07-31 22:48:39.692070,0.0,Credit Card,South,Shipped,1157.4099999999999
2861,640,2024-09-25 22:48:39.692071,0.0,Bank Transfer,South,Processing,2353.25
2862,459,2024-08-03 22:48:39.692072,0.0,Bank Transfer,North,Shipped,1905.88
2863,727,2024-10-23 22:48:39.692073,0.0,PayPal,West,Shipped,2688.29
2864,897,2024-09-12 22:48:39.692073,0.0,Credit Card,East,Delivered,1472.05
2865,800,2024-10-12 22:48:39.692074,0.0,Bank Transfer,West,Shipped,2206.7
2866,459,2024-10-23 22:48:39.692075,0.0,Bank Transfer,North,Delivered,778.1700000000001
2867,45,2024-11-19 22:48:39.692076,0.0,Bank Transfer,West,Processing,1674.23
2868,850,2024-08-24 22:48:39.692076,0.0,PayPal,South,Delivered,1590.68
2869,658,2025-05-20 22:48:39.692077,0.0,Credit Card,East,Delivered,1837.5900000000001
2870,20,2025-01-12 22:48:39.692078,0.0,PayPal,East,Shipped,1094.6399999999999
2871,83,2025-04-02 22:48:39.692079,0.0,Credit Card,West,Shipped,398.58000000000004
2872,747,2024-12-01 22:48:39.692079,0.0,Bank Transfer,North,Shipped,1225.65
2873,790,2024-10-18 22:48:39.692080,0.0,Debit Card,North,Delivered,3267.23
2874,912,2024-12-02 22:48:39.692081,0.0,PayPal,South,Delivered,764.76
2875,280,2024-09-21 22:48:39.692081,0.0,Credit Card,West,Processing,892.08
2876,939,2025-02-24 22:48:39.692082,0.0,PayPal,South,Delivered,893.04
2877,7,2024-10-15 22:48:39.692083,0.0,PayPal,East,Delivered,3361.54
2878,745,2025-06-24 22:48:39.692084,0.0,Debit Card,West,Shipped,2083.75
2879,861,2024-10-24 22:48:39.692084,0.0,Credit Card,North,Delivered,1051.02
2880,7,2024-09-10 22:48:39.692085,0.0,Credit Card,West,Processing,2512.6
2881,5,2025-03-26 22:48:39.692086,0.0,Bank Transfer,South,Processing,2030.44
2882,224,2025-06-07 22:48:39.692087,0.0,Debit Card,North,Delivered,1439.31
2883,114,2025-01-08 22:48:39.692087,0.0,Credit Card,North,Processing,2283.58
2884,756,2025-03-15 22:48:39.692088,0.0,PayPal,North,Delivered,3161.96
2885,701,2024-10-31 22:48:39.692089,0.0,Bank Transfer,East,Delivered,1277.67
2886,477,2024-12-16 22:48:39.692090,0.0,Credit Card,North,Processing,2163.7
2887,554,2025-04-25 22:48:39.692090,0.0,Debit Card,East,Cancelled,2264.61
2888,686,2024-11-16 22:48:39.692091,0.0,PayPal,South,Delivered,2697.02
2889,671,2025-05-29 22:48:39.692092,0.0,PayPal,East,Shipped,993.72
2890,167,2024-12-04 22:48:39.692092,0.0,Bank Transfer,East,Processing,796.6
2891,420,2024-09-18 22:48:39.692093,0.0,PayPal,South,Processing,348.54
2892,685,2025-02-26 22:48:39.692094,0.0,PayPal,North,Processing,1766.76
2893,519,2025-06-27 22:48:39.692095,0.0,Debit Card,South,Shipped,229.25
2894,560,2024-09-04 22:48:39.692095,0.0,Debit Card,North,Delivered,1778.5500000000002
2895,979,2025-04-28 22:48:39.692096,0.0,Credit Card,East,Shipped,2048.1299999999997
2896,86,2025-05-28 22:48:39.692097,0.0,Bank Transfer,North,Delivered,1750.74
2897,59,2025-03-13 22:48:39.692098,0.0,PayPal,West,Delivered,1014.39
2898,132,2025-02-23 22:48:39.692098,0.0,Debit Card,South,Delivered,1003.3499999999999
2899,457,2025-02-25 22:48:39.692099,0.0,Credit Card,West,Delivered,2535.98
2900,112,2025-03-30 22:48:39.692100,0.0,Credit Card,West,Shipped,3029.52
2901,183,2025-05-03 22:48:39.692101,0.0,Debit Card,North,Shipped,459.79999999999995
2902,509,2024-09-23 22:48:39.692101,0.0,Credit Card,South,Processing,639.03
2903,867,2024-11-08 22:48:39.692102,0.0,Bank Transfer,North,Delivered,482.77
2904,108,2024-11-02 22:48:39.692103,0.0,PayPal,North,Delivered,1800.43
2905,988,2024-11-30 22:48:39.692104,0.0,Bank Transfer,North,Delivered,691.29
2906,812,2025-03-10 22:48:39.692104,0.0,PayPal,West,Processing,270.0
2907,41,2024-11-17 22:48:39.692105,0.0,Credit Card,West,Shipped,2219.03
2908,67,2025-06-04 22:48:39.692106,0.0,Bank Transfer,East,Processing,767.01
2909,318,2025-03-10 22:48:39.692106,0.0,Credit Card,East,Shipped,1059.25
2910,147,2025-03-15 22:48:39.692107,0.0,Credit Card,East,Processing,512.62
2911,698,2025-04-12 22:48:39.692108,0.0,Debit Card,North,Delivered,1878.28
2912,333,2024-10-06 22:48:39.692109,0.0,Bank Transfer,South,Processing,1152.93
2913,265,2024-09-17 22:48:39.692110,0.0,Debit Card,North,Delivered,2657.23
2914,261,2024-11-13 22:48:39.692110,0.0,PayPal,North,Delivered,1434.49
2915,210,2025-03-19 22:48:39.692111,0.0,Debit Card,West,Shipped,455.9
2916,637,2025-03-22 22:48:39.692112,0.0,Debit Card,East,Processing,1391.29
2917,41,2025-07-02 22:48:39.692112,0.0,Debit Card,North,Shipped,856.45
2918,133,2024-10-12 22:48:39.692113,0.0,Debit Card,South,Processing,2652.91
2919,179,2025-01-22 22:48:39.692114,0.0,PayPal,East,Delivered,1941.71
2920,637,2025-03-16 22:48:39.692115,0.0,Bank Transfer,West,Cancelled,618.6500000000001
2921,703,2024-12-17 22:48:39.692115,0.0,Bank Transfer,East,Delivered,1416.57
2922,320,2025-03-20 22:48:39.692116,0.0,PayPal,West,Shipped,1749.76
2923,296,2024-10-15 22:48:39.692117,0.0,Credit Card,East,Shipped,1183.58
2924,165,2025-06-21 22:48:39.692118,0.0,PayPal,East,Shipped,1809.8600000000001
2925,753,2025-05-07 22:48:39.692118,0.0,Bank Transfer,South,Delivered,4117.41
2926,414,2025-02-28 22:48:39.692119,0.0,Debit Card,East,Delivered,514.89
2927,388,2025-04-23 22:48:39.692120,0.0,Debit Card,South,Processing,1416.74
2928,358,2024-12-09 22:48:39.692121,0.0,Bank Transfer,South,Processing,1751.88
2929,607,2025-05-24 22:48:39.692121,0.0,PayPal,South,Cancelled,346.03
2930,223,2025-06-04 22:48:39.692122,0.0,Credit Card,West,Shipped,2820.92
2931,457,2025-03-02 22:48:39.692123,0.0,Debit Card,South,Cancelled,808.72
2932,140,2025-01-14 22:48:39.692124,0.0,Credit Card,East,Delivered,1317.17
2933,952,2025-03-25 22:48:39.692124,0.0,PayPal,South,Shipped,3090.84
2934,952,2024-12-23 22:48:39.692125,0.0,PayPal,East,Delivered,1479.7
2935,852,2024-12-27 22:48:39.692126,0.0,Credit Card,East,Processing,1926.22
2936,146,2025-01-21 22:48:39.692126,0.0,PayPal,East,Delivered,1887.45
2937,357,2025-01-04 22:48:39.692127,0.0,Bank Transfer,East,Shipped,3605.1000000000004
2938,472,2024-12-04 22:48:39.692128,0.0,Debit Card,West,Shipped,322.09000000000003
2939,161,2025-01-16 22:48:39.692129,0.0,Credit Card,South,Shipped,983.19
2940,220,2024-07-23 22:48:39.692129,0.0,Debit Card,North,Shipped,1756.82
2941,742,2025-06-17 22:48:39.692130,0.0,Credit Card,East,Delivered,600.84
2942,617,2024-12-08 22:48:39.692131,0.0,PayPal,East,Delivered,3778.85
2943,858,2025-03-11 22:48:39.692131,0.0,Debit Card,North,Delivered,1836.4899999999998
2944,66,2025-03-02 22:48:39.692132,0.0,Bank Transfer,South,Delivered,497.97
2945,434,2024-10-11 22:48:39.692133,0.0,Credit Card,East,Shipped,1630.1
2946,247,2025-04-17 22:48:39.692134,0.0,Credit Card,West,Delivered,222.54000000000002
2947,75,2024-09-26 22:48:39.692134,0.0,Credit Card,East,Delivered,1551.8
2948,632,2024-07-27 22:48:39.692135,0.0,Bank Transfer,East,Processing,712.32
2949,687,2025-07-17 22:48:39.692136,0.0,Credit Card,North,Delivered,1232.63
2950,470,2024-08-17 22:48:39.692137,0.0,Bank Transfer,North,Delivered,2015.72
2951,282,2024-10-09 22:48:39.692137,0.0,Credit Card,North,Processing,2835.2799999999997
2952,397,2024-09-30 22:48:39.692138,0.0,Debit Card,West,Shipped,1180.56
2953,930,2025-02-24 22:48:39.692139,0.0,PayPal,West,Processing,281.15999999999997
2954,675,2025-02-22 22:48:39.692140,0.0,Debit Card,West,Processing,2285.7799999999997
2955,823,2024-11-17 22:48:39.692141,0.0,PayPal,North,Delivered,962.5
2956,954,2024-11-22 22:48:39.692141,0.0,Credit Card,East,Delivered,395.15999999999997
2957,614,2024-09-01 22:48:39.692142,0.0,Credit Card,North,Shipped,432.8
2958,610,2025-04-09 22:48:39.692143,0.0,Debit Card,West,Cancelled,2267.2
2959,262,2025-01-07 22:48:39.692144,0.0,PayPal,South,Shipped,1927.0
2960,351,2024-12-22 22:48:39.692144,0.0,PayPal,East,Shipped,2879.93
2961,355,2024-11-16 22:48:39.692145,0.0,Bank Transfer,South,Cancelled,426.58
2962,295,2025-02-06 22:48:39.692146,0.0,Debit Card,East,Processing,2235.82
2963,428,2025-01-23 22:48:39.692146,0.0,Bank Transfer,East,Delivered,65.23
2964,912,2024-08-28 22:48:39.692147,0.0,Debit Card,South,Delivered,1251.7199999999998
2965,683,2024-09-04 22:48:39.692148,0.0,Bank Transfer,East,Shipped,930.66
2966,22,2025-02-22 22:48:39.692149,0.0,Debit Card,East,Delivered,2675.11
2967,229,2025-05-07 22:48:39.692149,0.0,PayPal,West,Shipped,1238.6399999999999
2968,165,2024-09-04 22:48:39.692150,0.0,Debit Card,North,Delivered,2053.1
2969,465,2024-10-30 22:48:39.692151,0.0,Credit Card,North,Delivered,1758.05
2970,299,2025-06-23 22:48:39.692152,0.0,Credit Card,West,Shipped,2432.46
2971,55,2024-08-21 22:48:39.692152,0.0,Bank Transfer,West,Delivered,1164.8
2972,60,2024-07-28 22:48:39.692153,0.0,Credit Card,West,Delivered,2701.5
2973,102,2025-06-04 22:48:39.692154,0.0,Credit Card,North,Shipped,248.48
2974,350,2025-06-15 22:48:39.692155,0.0,Credit Card,West,Cancelled,1210.4
2975,135,2024-08-22 22:48:39.692155,0.0,PayPal,North,Cancelled,1335.4099999999999
2976,954,2025-06-24 22:48:39.692156,0.0,Debit Card,East,Shipped,1670.6799999999998
2977,761,2025-03-07 22:48:39.692157,0.0,PayPal,North,Processing,2387.85
2978,95,2025-01-14 22:48:39.692158,0.0,Credit Card,North,Delivered,906.97
2979,49,2025-03-03 22:48:39.692158,0.0,PayPal,West,Processing,2050.3599999999997
2980,52,2024-09-25 22:48:39.692159,0.0,Credit Card,West,Shipped,670.36
2981,41,2024-10-03 22:48:39.692160,0.0,Debit Card,North,Delivered,1411.44
2982,401,2024-10-30 22:48:39.692161,0.0,Debit Card,East,Delivered,2407.15
2983,381,2025-07-19 22:48:39.692161,0.0,PayPal,North,Delivered,2376.67
2984,404,2025-05-18 22:48:39.692162,0.0,Credit Card,West,Delivered,1285.32
2985,720,2025-02-24 22:48:39.692163,0.0,Bank Transfer,East,Processing,2202.94
2986,506,2024-09-09 22:48:39.692164,0.0,Debit Card,North,Delivered,535.52
2987,245,2025-06-01 22:48:39.692164,0.0,Credit Card,East,Processing,59.22
2988,986,2025-02-07 22:48:39.692165,0.0,Credit Card,North,Delivered,102.92
2989,606,2025-06-03 22:48:39.692166,0.0,Credit Card,East,Shipped,1372.63
2990,670,2025-06-13 22:48:39.692166,0.0,Debit Card,South,Delivered,2161.46
2991,890,2025-04-04 22:48:39.692167,0.0,Credit Card,East,Shipped,1188.14
2992,968,2025-06-21 22:48:39.692168,0.0,PayPal,East,Processing,1214.06
2993,931,2025-04-14 22:48:39.692169,0.0,Credit Card,East,Delivered,2314.62
2994,449,2025-06-29 22:48:39.692169,0.0,Credit Card,North,Shipped,1037.1299999999999
2995,734,2024-07-22 22:48:39.692170,0.0,Bank Transfer,East,Delivered,1025.6399999999999
2996,459,2025-01-13 22:48:39.692171,0.0,Bank Transfer,South,Shipped,1216.07
2997,653,2025-06-21 22:48:39.692172,0.0,Credit Card,West,Shipped,1206.0
2998,271,2025-04-23 22:48:39.692172,0.0,Debit Card,West,Shipped,1546.5300000000002
2999,891,2025-06-04 22:48:39.692173,0.0,Credit Card,North,Processing,3089.33
3000,232,2024-09-29 22:48:39.692174,0.0,Bank Transfer,East,Delivered,2296.43
3001,973,2024-12-01 22:48:39.692175,0.0,Bank Transfer,West,Processing,2251.09
3002,95,2025-01-16 22:48:39.692175,0.0,Bank Transfer,South,Delivered,2571.4199999999996
3003,1,2025-04-26 22:48:39.692176,0.0,Bank Transfer,North,Delivered,1788.28
3004,967,2024-12-13 22:48:39.692177,0.0,Debit Card,West,Shipped,1675.3899999999999
3005,541,2024-11-14 22:48:39.692177,0.0,PayPal,West,Shipped,133.12
3006,924,2025-01-11 22:48:39.692178,0.0,Credit Card,South,Processing,1730.2600000000002
3007,722,2025-02-28 22:48:39.692179,0.0,Debit Card,West,Processing,3541.93
3008,291,2024-08-04 22:48:39.692180,0.0,PayPal,West,Delivered,465.33
3009,872,2024-10-15 22:48:39.692180,0.0,Credit Card,East,Delivered,80.51
3010,155,2025-06-20 22:48:39.692181,0.0,PayPal,North,Delivered,776.73
3011,585,2025-03-07 22:48:39.692182,0.0,Bank Transfer,East,Delivered,1353.8899999999999
3012,392,2025-04-09 22:48:39.692183,0.0,Credit Card,East,Shipped,2997.9
3013,708,2025-01-18 22:48:39.692183,0.0,Debit Card,East,Processing,2982.01
3014,590,2024-12-25 22:48:39.692184,0.0,Debit Card,North,Shipped,1905.84
3015,263,2024-08-20 22:48:39.692185,0.0,Bank Transfer,East,Shipped,41.76
3016,272,2024-11-02 22:48:39.692186,0.0,PayPal,South,Shipped,2146.09
3017,71,2024-11-05 22:48:39.692186,0.0,Bank Transfer,East,Shipped,1186.8899999999999
3018,94,2025-04-04 22:48:39.692188,0.0,Debit Card,South,Delivered,51.28
3019,136,2024-08-29 22:48:39.692189,0.0,Credit Card,West,Delivered,1921.2200000000003
3020,931,2025-02-02 22:48:39.692190,0.0,PayPal,West,Processing,443.44
3021,789,2024-10-09 22:48:39.692190,0.0,Bank Transfer,East,Processing,1149.7
3022,235,2025-06-27 22:48:39.692191,0.0,PayPal,West,Delivered,1891.34
3023,350,2025-04-29 22:48:39.692192,0.0,Bank Transfer,West,Delivered,2415.6099999999997
3024,817,2025-07-04 22:48:39.692193,0.0,Credit Card,West,Delivered,267.19
3025,70,2025-04-19 22:48:39.692193,0.0,Credit Card,West,Processing,294.34
3026,259,2025-07-08 22:48:39.692194,0.0,Bank Transfer,North,Delivered,1778.76
3027,278,2025-07-10 22:48:39.692195,0.0,Debit Card,West,Cancelled,1910.52
3028,86,2024-12-14 22:48:39.692196,0.0,PayPal,East,Delivered,846.28
3029,803,2025-05-03 22:48:39.692196,0.0,Credit Card,North,Shipped,1405.28
3030,600,2025-01-05 22:48:39.692197,0.0,Bank Transfer,South,Processing,346.58
3031,408,2025-05-08 22:48:39.692198,0.0,Bank Transfer,East,Delivered,453.07000000000005
3032,386,2025-04-29 22:48:39.692198,0.0,Debit Card,North,Shipped,2559.92
3033,701,2024-08-14 22:48:39.692199,0.0,Bank Transfer,West,Processing,2251.39
3034,632,2024-10-01 22:48:39.692200,0.0,Bank Transfer,North,Delivered,2162.05
3035,432,2025-06-17 22:48:39.692201,0.0,Credit Card,West,Processing,2707.89
3036,949,2024-10-02 22:48:39.692202,0.0,Debit Card,North,Delivered,562.62
3037,76,2025-06-17 22:48:39.692202,0.0,Credit Card,South,Delivered,460.86
3038,35,2025-05-16 22:48:39.692203,0.0,Bank Transfer,West,Shipped,239.08
3039,879,2024-10-19 22:48:39.692204,0.0,PayPal,East,Shipped,4805.6900000000005
3040,541,2025-06-01 22:48:39.692204,0.0,Credit Card,West,Delivered,3365.48
3041,961,2025-02-24 22:48:39.692205,0.0,Bank Transfer,West,Delivered,2140.08
3042,804,2024-09-22 22:48:39.692206,0.0,Bank Transfer,South,Shipped,1917.0
3043,724,2024-10-12 22:48:39.692207,0.0,PayPal,West,Shipped,1798.09
3044,895,2025-05-14 22:48:39.692207,0.0,Debit Card,North,Processing,1603.9199999999998
3045,494,2025-03-06 22:48:39.692208,0.0,PayPal,East,Shipped,557.88
3046,328,2024-11-10 22:48:39.692209,0.0,Debit Card,South,Shipped,80.53
3047,54,2024-11-10 22:48:39.692210,0.0,Credit Card,South,Delivered,89.18
3048,73,2025-01-06 22:48:39.692210,0.0,Debit Card,West,Shipped,537.77
3049,778,2025-03-16 22:48:39.692211,0.0,Credit Card,West,Delivered,2322.95
3050,575,2025-05-06 22:48:39.692212,0.0,Credit Card,West,Delivered,958.8199999999999
3051,433,2025-04-20 22:48:39.692212,0.0,PayPal,East,Delivered,939.03
3052,984,2024-09-08 22:48:39.692213,0.0,Debit Card,South,Processing,1004.15
3053,604,2025-02-23 22:48:39.692214,0.0,PayPal,West,Delivered,1517.69
3054,507,2025-02-25 22:48:39.692215,0.0,PayPal,North,Delivered,3630.86
3055,720,2025-01-13 22:48:39.692215,0.0,PayPal,South,Processing,1114.7
3056,445,2025-05-28 22:48:39.692216,0.0,Debit Card,South,Shipped,1411.1100000000001
3057,126,2024-10-05 22:48:39.692217,0.0,Debit Card,East,Shipped,641.82
3058,540,2025-02-17 22:48:39.692218,0.0,PayPal,West,Shipped,1180.44
3059,855,2025-04-22 22:48:39.692218,0.0,Bank Transfer,West,Delivered,2378.94
3060,139,2024-12-06 22:48:39.692219,0.0,PayPal,West,Delivered,2013.11
3061,581,2024-10-21 22:48:39.692220,0.0,Credit Card,East,Shipped,969.9300000000001
3062,378,2024-10-24 22:48:39.692221,0.0,Credit Card,North,Shipped,2883.6000000000004
3063,614,2024-11-24 22:48:39.692221,0.0,Debit Card,West,Delivered,1354.16
3064,655,2025-01-22 22:48:39.692222,0.0,Credit Card,North,Delivered,2250.69
3065,561,2025-01-10 22:48:39.692223,0.0,Bank Transfer,West,Processing,474.34
3066,934,2024-08-02 22:48:39.692224,0.0,Debit Card,North,Shipped,1761.6399999999999
3067,235,2025-06-09 22:48:39.692224,0.0,Credit Card,East,Shipped,636.01
3068,947,2025-05-05 22:48:39.692225,0.0,Credit Card,South,Delivered,2160.73
3069,552,2025-07-11 22:48:39.692226,0.0,PayPal,West,Shipped,3429.71
3070,132,2025-01-04 22:48:39.692226,0.0,PayPal,East,Delivered,528.11
3071,268,2024-10-15 22:48:39.692227,0.0,Credit Card,South,Shipped,2829.34
3072,735,2024-09-24 22:48:39.692228,0.0,Bank Transfer,West,Processing,2396.77
3073,25,2025-01-28 22:48:39.692229,0.0,Credit Card,South,Processing,767.03
3074,739,2025-06-24 22:48:39.692229,0.0,PayPal,South,Delivered,946.77
3075,455,2025-06-16 22:48:39.692230,0.0,Credit Card,West,Delivered,773.04
3076,234,2025-02-14 22:48:39.692231,0.0,PayPal,South,Delivered,232.11
3077,705,2024-12-24 22:48:39.692232,0.0,PayPal,North,Cancelled,1952.46
3078,970,2025-05-09 22:48:39.692232,0.0,PayPal,South,Processing,1891.1399999999999
3079,650,2025-05-01 22:48:39.692233,0.0,Bank Transfer,East,Shipped,1817.8500000000001
3080,502,2025-01-18 22:48:39.692234,0.0,PayPal,West,Shipped,1220.21
3081,842,2025-04-26 22:48:39.692235,0.0,Credit Card,South,Delivered,69.86
3082,325,2024-09-07 22:48:39.692235,0.0,Credit Card,West,Shipped,3353.62
3083,789,2025-01-09 22:48:39.692236,0.0,Credit Card,West,Processing,1058.55
3084,800,2025-04-04 22:48:39.692237,0.0,PayPal,West,Delivered,1719.1599999999999
3085,54,2025-07-07 22:48:39.692238,0.0,Credit Card,South,Processing,2147.0299999999997
3086,470,2025-02-01 22:48:39.692238,0.0,PayPal,South,Shipped,2979.6800000000003
3087,639,2024-09-05 22:48:39.692239,0.0,Debit Card,East,Cancelled,914.11
3088,486,2024-10-10 22:48:39.692240,0.0,Bank Transfer,West,Delivered,1327.56
3089,829,2024-09-07 22:48:39.692241,0.0,Debit Card,West,Delivered,259.0
3090,421,2025-06-13 22:48:39.692241,0.0,Bank Transfer,North,Shipped,2724.92
3091,498,2025-02-01 22:48:39.692242,0.0,Credit Card,North,Delivered,1989.3899999999999
3092,113,2025-06-22 22:48:39.692243,0.0,Debit Card,North,Cancelled,2610.2799999999997
3093,838,2025-03-17 22:48:39.692244,0.0,PayPal,North,Delivered,2686.13
3094,612,2025-01-18 22:48:39.692244,0.0,Bank Transfer,North,Shipped,484.02
3095,781,2024-07-25 22:48:39.692245,0.0,Bank Transfer,West,Delivered,3454.88
3096,875,2025-05-25 22:48:39.692246,0.0,Credit Card,North,Delivered,907.0
3097,267,2024-10-26 22:48:39.692246,0.0,PayPal,West,Shipped,2121.33
3098,698,2025-04-03 22:48:39.692247,0.0,PayPal,West,Delivered,2407.98
3099,354,2025-04-27 22:48:39.692248,0.0,Debit Card,South,Shipped,3556.6
3100,901,2024-11-18 22:48:39.692249,0.0,Bank Transfer,East,Shipped,2703.48
3101,378,2025-04-02 22:48:39.692249,0.0,PayPal,North,Processing,418.04999999999995
3102,531,2024-10-22 22:48:39.692250,0.0,Credit Card,East,Shipped,716.91
3103,884,2025-05-24 22:48:39.692251,0.0,Bank Transfer,West,Delivered,1047.1599999999999
3104,924,2025-04-24 22:48:39.692251,0.0,PayPal,North,Shipped,1600.12
3105,908,2025-02-07 22:48:39.692252,0.0,Debit Card,South,Shipped,959.1499999999999
3106,864,2025-05-05 22:48:39.692253,0.0,Debit Card,West,Delivered,2174.48
3107,257,2025-03-31 22:48:39.692254,0.0,Bank Transfer,North,Processing,1002.8299999999999
3108,809,2024-08-29 22:48:39.692254,0.0,Bank Transfer,South,Processing,2862.21
3109,569,2024-08-07 22:48:39.692255,0.0,Credit Card,North,Delivered,2999.2599999999998
3110,763,2024-12-31 22:48:39.692256,0.0,Debit Card,East,Processing,3030.66
3111,922,2024-11-14 22:48:39.692257,0.0,Credit Card,North,Delivered,1285.6599999999999
3112,579,2024-11-11 22:48:39.692257,0.0,Credit Card,East,Delivered,2017.65
3113,363,2024-12-26 22:48:39.692258,0.0,PayPal,East,Processing,1133.5700000000002
3114,307,2025-04-24 22:48:39.692259,0.0,Credit Card,North,Processing,831.19
3115,544,2024-09-23 22:48:39.692259,0.0,Bank Transfer,East,Processing,382.09000000000003
3116,326,2024-10-25 22:48:39.692260,0.0,Debit Card,North,Processing,1583.27
3117,952,2025-07-04 22:48:39.692261,0.0,PayPal,West,Shipped,2148.47
3118,493,2025-02-09 22:48:39.692262,0.0,Bank Transfer,North,Processing,1583.7
3119,792,2025-05-30 22:48:39.692262,0.0,Credit Card,East,Processing,2629.4999999999995
3120,292,2024-11-17 22:48:39.692263,0.0,Credit Card,North,Delivered,2220.69
3121,942,2024-08-26 22:48:39.692264,0.0,Debit Card,South,Delivered,1550.93
3122,978,2024-10-17 22:48:39.692265,0.0,Credit Card,South,Delivered,1231.53
3123,655,2024-12-11 22:48:39.692265,0.0,PayPal,North,Processing,1000.3199999999999
3124,343,2025-02-14 22:48:39.692266,0.0,PayPal,South,Delivered,1858.44
3125,726,2024-10-29 22:48:39.692267,0.0,Bank Transfer,South,Delivered,1664.43
3126,546,2025-03-26 22:48:39.692268,0.0,Bank Transfer,North,Shipped,1182.79
3127,747,2025-05-07 22:48:39.692268,0.0,Bank Transfer,North,Shipped,2045.68
3128,886,2025-06-23 22:48:39.692269,0.0,Debit Card,West,Shipped,1900.17
3129,597,2025-02-23 22:48:39.692270,0.0,Credit Card,West,Processing,1431.57
3130,206,2025-04-01 22:48:39.692271,0.0,Credit Card,South,Delivered,365.07
3131,728,2024-11-15 22:48:39.692271,0.0,Bank Transfer,North,Shipped,2512.84
3132,781,2025-05-19 22:48:39.692272,0.0,PayPal,West,Shipped,3337.5
3133,104,2025-06-24 22:48:39.692273,0.0,Credit Card,South,Shipped,1623.54
3134,552,2025-02-28 22:48:39.692273,0.0,Debit Card,East,Processing,178.36
3135,684,2024-08-22 22:48:39.692274,0.0,Credit Card,West,Shipped,1779.34
3136,888,2024-10-23 22:48:39.692275,0.0,Bank Transfer,South,Delivered,2016.1200000000001
3137,469,2025-07-06 22:48:39.692276,0.0,Bank Transfer,North,Shipped,3788.3099999999995
3138,950,2025-04-01 22:48:39.692276,0.0,Credit Card,West,Delivered,366.04
3139,7,2024-08-25 22:48:39.692277,0.0,Debit Card,East,Delivered,1127.45
3140,977,2025-02-26 22:48:39.692278,0.0,Credit Card,North,Processing,897.23
3141,99,2025-04-23 22:48:39.692279,0.0,Credit Card,West,Shipped,1263.0900000000001
3142,603,2024-12-19 22:48:39.692279,0.0,Credit Card,West,Delivered,2039.7000000000003
3143,913,2024-11-03 22:48:39.692280,0.0,Debit Card,West,Shipped,1199.1
3144,982,2025-06-05 22:48:39.692281,0.0,PayPal,West,Delivered,2805.71
3145,449,2024-11-30 22:48:39.692282,0.0,Debit Card,South,Delivered,369.11
3146,134,2025-01-04 22:48:39.692282,0.0,Credit Card,East,Delivered,537.65
3147,412,2025-06-09 22:48:39.692283,0.0,PayPal,West,Processing,696.75
3148,981,2024-11-24 22:48:39.692284,0.0,PayPal,North,Delivered,2687.05
3149,365,2025-04-15 22:48:39.692284,0.0,Credit Card,East,Processing,1639.57
3150,865,2024-11-13 22:48:39.692285,0.0,Debit Card,North,Shipped,1624.66
3151,89,2024-11-23 22:48:39.692286,0.0,Bank Transfer,North,Delivered,124.25
3152,425,2024-11-02 22:48:39.692287,0.0,Credit Card,East,Shipped,917.3699999999999
3153,354,2025-03-22 22:48:39.692287,0.0,Debit Card,South,Shipped,879.94
3154,568,2024-10-03 22:48:39.692288,0.0,Credit Card,South,Delivered,2909.02
3155,642,2024-07-24 22:48:39.692289,0.0,PayPal,East,Shipped,4416.66
3156,593,2024-12-29 22:48:39.692290,0.0,PayPal,West,Shipped,110.19
3157,674,2025-05-21 22:48:39.692290,0.0,Bank Transfer,West,Cancelled,845.54
3158,700,2024-09-05 22:48:39.692291,0.0,Bank Transfer,West,Delivered,3639.6099999999997
3159,8,2025-04-09 22:48:39.692292,0.0,Credit Card,North,Delivered,3552.9
3160,699,2024-10-31 22:48:39.692293,0.0,PayPal,East,Shipped,346.19
3161,173,2025-03-24 22:48:39.692293,0.0,Bank Transfer,North,Delivered,1580.72
3162,561,2025-04-08 22:48:39.692294,0.0,Bank Transfer,East,Shipped,1719.5
3163,2,2025-02-12 22:48:39.692295,0.0,PayPal,East,Processing,1412.94
3164,185,2025-05-12 22:48:39.692296,0.0,Bank Transfer,North,Delivered,1955.35
3165,751,2024-11-17 22:48:39.692296,0.0,PayPal,South,Processing,3220.3999999999996
3166,340,2024-08-30 22:48:39.692297,0.0,Debit Card,South,Processing,1337.58
3167,953,2024-09-24 22:48:39.692298,0.0,Credit Card,South,Delivered,1416.34
3168,872,2024-10-27 22:48:39.692299,0.0,Debit Card,West,Delivered,19.740000000000002
3169,305,2024-11-27 22:48:39.692299,0.0,Debit Card,South,Delivered,871.29
3170,264,2025-02-23 22:48:39.692300,0.0,Bank Transfer,West,Shipped,1229.75
3171,16,2024-09-25 22:48:39.692301,0.0,Debit Card,East,Shipped,2390.6800000000003
3172,4,2025-01-23 22:48:39.692302,0.0,Credit Card,North,Shipped,1421.29
3173,168,2025-04-24 22:48:39.692302,0.0,Bank Transfer,West,Delivered,517.56
3174,891,2024-12-21 22:48:39.692303,0.0,PayPal,North,Shipped,1827.22
3175,591,2025-02-09 22:48:39.692304,0.0,Bank Transfer,South,Delivered,1343.5500000000002
3176,404,2025-02-26 22:48:39.692304,0.0,Debit Card,East,Delivered,3352.57
3177,207,2025-04-30 22:48:39.692305,0.0,Credit Card,East,Shipped,361.93
3178,386,2024-08-24 22:48:39.692306,0.0,PayPal,East,Cancelled,2804.79
3179,698,2025-04-05 22:48:39.692307,0.0,Credit Card,South,Delivered,982.49
3180,343,2024-09-16 22:48:39.692307,0.0,PayPal,East,Processing,661.13
3181,860,2025-02-11 22:48:39.692308,0.0,Bank Transfer,South,Delivered,238.94
3182,307,2025-05-30 22:48:39.692309,0.0,Credit Card,North,Delivered,1638.85
3183,498,2024-10-19 22:48:39.692310,0.0,Credit Card,South,Shipped,759.37
3184,505,2025-06-23 22:48:39.692310,0.0,Debit Card,East,Delivered,2424.61
3185,764,2024-11-04 22:48:39.692311,0.0,Debit Card,South,Delivered,1119.73
3186,162,2024-08-06 22:48:39.692312,0.0,Debit Card,South,Processing,1884.28
3187,254,2025-02-24 22:48:39.692313,0.0,Credit Card,East,Processing,39.48
3188,124,2024-12-03 22:48:39.692313,0.0,Debit Card,East,Shipped,2474.0699999999997
3189,436,2024-08-12 22:48:39.692314,0.0,PayPal,South,Delivered,2129.35
3190,948,2024-11-23 22:48:39.692315,0.0,Bank Transfer,North,Delivered,2582.0
3191,386,2024-09-18 22:48:39.692316,0.0,Credit Card,East,Processing,2197.94
3192,448,2025-06-23 22:48:39.692316,0.0,Debit Card,East,Delivered,730.0
3193,688,2024-08-11 22:48:39.692317,0.0,PayPal,North,Delivered,1578.1999999999998
3194,923,2025-03-12 22:48:39.692318,0.0,Bank Transfer,East,Shipped,1335.34
3195,556,2025-01-29 22:48:39.692319,0.0,Bank Transfer,West,Processing,720.56
3196,113,2024-12-10 22:48:39.692319,0.0,Debit Card,South,Processing,2289.13
3197,643,2024-10-23 22:48:39.692320,0.0,Debit Card,South,Delivered,323.5
3198,948,2025-03-19 22:48:39.692321,0.0,Credit Card,North,Delivered,673.2
3199,526,2024-11-04 22:48:39.692322,0.0,Credit Card,East,Delivered,1587.37
3200,787,2025-06-26 22:48:39.692322,0.0,Bank Transfer,West,Delivered,471.15
3201,356,2025-04-15 22:48:39.692323,0.0,Bank Transfer,West,Shipped,1408.47
3202,101,2024-08-05 22:48:39.692324,0.0,Credit Card,West,Delivered,2182.02
3203,330,2025-05-30 22:48:39.692324,0.0,Debit Card,North,Delivered,1899.5900000000001
3204,853,2024-12-07 22:48:39.692325,0.0,Bank Transfer,North,Processing,181.36
3205,437,2025-05-31 22:48:39.692326,0.0,Debit Card,North,Processing,3316.04
3206,230,2025-06-26 22:48:39.692327,0.0,Bank Transfer,South,Processing,2739.4900000000002
3207,146,2024-11-30 22:48:39.692327,0.0,Debit Card,West,Cancelled,435.31
3208,477,2025-04-06 22:48:39.692328,0.0,PayPal,West,Processing,3067.85
3209,211,2025-03-11 22:48:39.692329,0.0,Bank Transfer,North,Shipped,2988.48
3210,86,2024-08-18 22:48:39.692330,0.0,Bank Transfer,East,Processing,844.71
3211,692,2025-03-08 22:48:39.692330,0.0,Debit Card,South,Processing,944.31
3212,22,2025-03-21 22:48:39.692331,0.0,Debit Card,North,Delivered,1828.28
3213,466,2025-07-11 22:48:39.692332,0.0,PayPal,West,Delivered,3679.58
3214,586,2025-05-27 22:48:39.692332,0.0,Debit Card,East,Shipped,2133.37
3215,52,2024-09-04 22:48:39.692333,0.0,Debit Card,East,Shipped,2406.84
3216,776,2024-08-02 22:48:39.692334,0.0,Bank Transfer,South,Delivered,1567.52
3217,133,2025-05-29 22:48:39.692335,0.0,Credit Card,East,Delivered,2364.6800000000003
3218,283,2024-10-10 22:48:39.692335,0.0,Credit Card,East,Shipped,1305.13
3219,791,2024-12-23 22:48:39.692336,0.0,Bank Transfer,West,Shipped,717.24
3220,567,2024-09-20 22:48:39.692337,0.0,PayPal,West,Processing,1630.6999999999998
3221,320,2025-03-28 22:48:39.692338,0.0,Debit Card,West,Shipped,2910.72
3222,128,2025-06-08 22:48:39.692339,0.0,Credit Card,East,Delivered,1274.8400000000001
3223,495,2025-07-10 22:48:39.692339,0.0,PayPal,South,Delivered,391.26
3224,139,2024-12-15 22:48:39.692340,0.0,Bank Transfer,East,Shipped,676.6800000000001
3225,16,2025-04-20 22:48:39.692341,0.0,Debit Card,East,Processing,855.4300000000001
3226,502,2025-05-05 22:48:39.692342,0.0,PayPal,East,Delivered,1701.8600000000001
3227,915,2024-10-18 22:48:39.692342,0.0,PayPal,North,Processing,1766.8500000000001
3228,705,2025-07-17 22:48:39.692343,0.0,PayPal,North,Delivered,2788.59
3229,449,2025-02-24 22:48:39.692344,0.0,PayPal,West,Processing,1055.4
3230,611,2025-06-02 22:48:39.692345,0.0,Credit Card,North,Delivered,3131.31
3231,707,2025-01-03 22:48:39.692345,0.0,Bank Transfer,South,Shipped,1385.01
3232,422,2025-06-13 22:48:39.692346,0.0,Bank Transfer,West,Shipped,1050.45
3233,351,2024-09-14 22:48:39.692347,0.0,Bank Transfer,East,Delivered,116.10000000000001
3234,52,2025-04-16 22:48:39.692347,0.0,Debit Card,West,Delivered,802.96
3235,417,2024-10-04 22:48:39.692348,0.0,Debit Card,South,Processing,143.28
3236,509,2024-12-04 22:48:39.692349,0.0,Credit Card,West,Cancelled,1824.3899999999999
3237,159,2025-01-29 22:48:39.692350,0.0,Debit Card,West,Delivered,2793.89
3238,720,2025-06-27 22:48:39.692350,0.0,Bank Transfer,East,Shipped,1221.49
3239,281,2024-07-26 22:48:39.692351,0.0,PayPal,East,Delivered,1193.55
3240,953,2024-11-17 22:48:39.692352,0.0,Debit Card,North,Delivered,1070.66
3241,50,2024-09-03 22:48:39.692353,0.0,Bank Transfer,North,Shipped,2457.64
3242,309,2024-08-23 22:48:39.692353,0.0,Debit Card,East,Shipped,281.13
3243,117,2025-05-07 22:48:39.692354,0.0,Credit Card,North,Delivered,2137.75
3244,717,2024-10-18 22:48:39.692355,0.0,Bank Transfer,North,Delivered,1306.11
3245,884,2024-11-01 22:48:39.692356,0.0,Debit Card,West,Delivered,3100.78
3246,757,2025-05-30 22:48:39.692356,0.0,Debit Card,North,Processing,2414.87
3247,26,2024-10-17 22:48:39.692357,0.0,Credit Card,East,Delivered,701.16
3248,323,2024-12-17 22:48:39.692358,0.0,Debit Card,South,Processing,1429.19
3249,582,2024-10-10 22:48:39.692359,0.0,Credit Card,West,Delivered,2596.74
3250,308,2024-12-24 22:48:39.692359,0.0,Credit Card,West,Shipped,1130.8600000000001
3251,32,2025-01-21 22:48:39.692360,0.0,Credit Card,North,Processing,777.51
3252,794,2025-02-18 22:48:39.692361,0.0,Bank Transfer,North,Processing,1858.5
3253,5,2024-11-05 22:48:39.692362,0.0,Debit Card,West,Shipped,2039.3100000000002
3254,17,2025-06-21 22:48:39.692362,0.0,Credit Card,South,Processing,2398.75
3255,312,2025-01-18 22:48:39.692363,0.0,Bank Transfer,East,Delivered,823.28
3256,450,2024-10-07 22:48:39.692364,0.0,PayPal,West,Delivered,3527.4
3257,369,2025-01-13 22:48:39.692365,0.0,PayPal,South,Shipped,2443.84
3258,518,2025-07-17 22:48:39.692365,0.0,PayPal,North,Shipped,2095.12
3259,519,2024-12-25 22:48:39.692366,0.0,Credit Card,East,Processing,180.72
3260,873,2025-05-03 22:48:39.692367,0.0,Debit Card,North,Shipped,694.36
3261,659,2024-08-14 22:48:39.692368,0.0,Credit Card,North,Shipped,563.96
3262,251,2025-02-23 22:48:39.692368,0.0,PayPal,West,Delivered,501.26
3263,304,2024-09-10 22:48:39.692369,0.0,PayPal,North,Processing,1477.9100000000003
3264,612,2024-10-27 22:48:39.692370,0.0,PayPal,South,Processing,2621.17
3265,24,2025-07-07 22:48:39.692371,0.0,Debit Card,South,Shipped,3426.51
3266,57,2025-04-21 22:48:39.692372,0.0,Credit Card,North,Shipped,1290.23
3267,254,2024-08-04 22:48:39.692372,0.0,Credit Card,East,Shipped,1030.29
3268,171,2024-12-18 22:48:39.692373,0.0,Debit Card,North,Processing,598.37
3269,420,2025-01-28 22:48:39.692374,0.0,PayPal,East,Delivered,1994.92
3270,755,2024-09-02 22:48:39.692374,0.0,Debit Card,South,Delivered,1423.02
3271,938,2024-11-29 22:48:39.692375,0.0,Bank Transfer,West,Processing,2901.7999999999997
3272,591,2025-01-21 22:48:39.692376,0.0,Debit Card,South,Delivered,489.21000000000004
3273,838,2024-11-09 22:48:39.692377,0.0,Debit Card,West,Delivered,3348.06
3274,850,2024-10-31 22:48:39.692377,0.0,Bank Transfer,West,Delivered,29.8
3275,31,2025-03-08 22:48:39.692378,0.0,Credit Card,West,Processing,1152.26
3276,171,2025-01-05 22:48:39.692379,0.0,PayPal,West,Shipped,99.91
3277,18,2024-09-21 22:48:39.692380,0.0,PayPal,North,Delivered,729.9
3278,656,2024-11-08 22:48:39.692380,0.0,Bank Transfer,West,Delivered,2894.33
3279,642,2025-07-12 22:48:39.692381,0.0,Credit Card,West,Delivered,2944.38
3280,702,2025-04-06 22:48:39.692382,0.0,PayPal,South,Delivered,2557.23
3281,902,2024-10-26 22:48:39.692383,0.0,Bank Transfer,North,Delivered,851.3699999999999
3282,651,2024-11-13 22:48:39.692383,0.0,Credit Card,East,Shipped,1309.35
3283,938,2025-05-02 22:48:39.692384,0.0,PayPal,North,Delivered,2746.92
3284,671,2025-06-10 22:48:39.692385,0.0,Bank Transfer,East,Delivered,1690.07
3285,469,2024-10-25 22:48:39.692385,0.0,PayPal,South,Delivered,1717.69
3286,753,2024-09-11 22:48:39.692386,0.0,Credit Card,West,Shipped,2174.38
3287,184,2024-11-14 22:48:39.692387,0.0,Credit Card,East,Delivered,975.18
3288,167,2024-12-21 22:48:39.692388,0.0,Debit Card,North,Delivered,576.0699999999999
3289,988,2025-04-30 22:48:39.692388,0.0,PayPal,North,Processing,1458.05
3290,751,2024-12-04 22:48:39.692389,0.0,Bank Transfer,South,Processing,1358.8899999999999
3291,915,2025-07-14 22:48:39.692390,0.0,Bank Transfer,South,Delivered,2265.6899999999996
3292,526,2025-03-01 22:48:39.692391,0.0,Bank Transfer,West,Delivered,2575.92
3293,661,2024-10-11 22:48:39.692391,0.0,PayPal,South,Shipped,124.44
3294,848,2024-08-17 22:48:39.692392,0.0,Debit Card,West,Delivered,1968.8
3295,53,2025-05-07 22:48:39.692393,0.0,PayPal,West,Delivered,2550.4300000000003
3296,13,2024-10-27 22:48:39.692394,0.0,PayPal,North,Delivered,3926.48
3297,913,2024-08-11 22:48:39.692394,0.0,Debit Card,West,Delivered,406.88
3298,680,2024-12-21 22:48:39.692395,0.0,PayPal,South,Processing,2382.85
3299,754,2024-08-07 22:48:39.692396,0.0,Debit Card,North,Delivered,460.58
3300,122,2025-01-16 22:48:39.692397,0.0,Debit Card,East,Delivered,1313.42
3301,452,2025-01-29 22:48:39.692397,0.0,Bank Transfer,East,Delivered,692.06
3302,427,2024-07-27 22:48:39.692398,0.0,PayPal,West,Shipped,1851.35
3303,934,2025-05-18 22:48:39.692399,0.0,Bank Transfer,West,Processing,3374.7
3304,879,2024-09-02 22:48:39.692400,0.0,PayPal,North,Delivered,955.5699999999999
3305,560,2025-02-14 22:48:39.692400,0.0,Debit Card,West,Cancelled,3398.25
3306,642,2025-03-12 22:48:39.692401,0.0,Credit Card,South,Delivered,457.0
3307,643,2024-08-16 22:48:39.692402,0.0,Debit Card,South,Shipped,1407.86
3308,431,2025-02-07 22:48:39.692403,0.0,Debit Card,East,Processing,236.39
3309,334,2024-08-08 22:48:39.692403,0.0,Bank Transfer,South,Delivered,539.6600000000001
3310,443,2025-01-06 22:48:39.692404,0.0,Credit Card,West,Shipped,240.29
3311,708,2025-05-14 22:48:39.692405,0.0,Debit Card,West,Cancelled,2410.2400000000002
3312,353,2025-01-28 22:48:39.692406,0.0,Credit Card,West,Cancelled,470.48
3313,761,2024-07-24 22:48:39.692406,0.0,Debit Card,East,Delivered,457.76
3314,293,2025-07-06 22:48:39.692407,0.0,PayPal,West,Cancelled,3015.0
3315,617,2025-02-26 22:48:39.692408,0.0,Debit Card,East,Shipped,789.7
3316,82,2024-08-18 22:48:39.692409,0.0,Credit Card,South,Shipped,1195.3
3317,849,2025-01-16 22:48:39.692409,0.0,Bank Transfer,South,Shipped,2505.03
3318,930,2025-03-02 22:48:39.692410,0.0,PayPal,South,Delivered,1368.49
3319,632,2024-08-10 22:48:39.692411,0.0,Bank Transfer,East,Shipped,718.72
3320,965,2024-10-28 22:48:39.692412,0.0,PayPal,South,Delivered,1417.66
3321,719,2025-05-22 22:48:39.692412,0.0,PayPal,North,Delivered,960.98
3322,759,2025-04-13 22:48:39.692413,0.0,Debit Card,South,Processing,334.81
3323,972,2025-02-19 22:48:39.692414,0.0,Credit Card,East,Delivered,2074.63
3324,646,2025-01-29 22:48:39.692414,0.0,Credit Card,West,Shipped,762.56
3325,150,2024-12-30 22:48:39.692415,0.0,PayPal,South,Shipped,19.58
3326,728,2024-12-09 22:48:39.692416,0.0,Credit Card,North,Shipped,1221.5100000000002
3327,200,2024-08-04 22:48:39.692417,0.0,Credit Card,East,Cancelled,1843.14
3328,758,2025-04-22 22:48:39.692417,0.0,Bank Transfer,South,Delivered,1473.59
3329,270,2025-06-15 22:48:39.692418,0.0,Debit Card,South,Shipped,4115.41
3330,617,2024-12-29 22:48:39.692419,0.0,Bank Transfer,West,Shipped,2606.35
3331,40,2025-03-25 22:48:39.692420,0.0,PayPal,West,Delivered,404.70000000000005
3332,285,2024-11-15 22:48:39.692420,0.0,Credit Card,West,Shipped,2314.9700000000003
3333,193,2024-08-06 22:48:39.692421,0.0,Debit Card,East,Shipped,755.97
3334,405,2025-03-01 22:48:39.692422,0.0,Bank Transfer,West,Delivered,1408.53
3335,540,2025-06-28 22:48:39.692423,0.0,PayPal,North,Processing,697.46
3336,842,2024-09-06 22:48:39.692423,0.0,Debit Card,North,Shipped,4263.389999999999
3337,845,2025-07-03 22:48:39.692424,0.0,Credit Card,South,Shipped,1198.62
3338,576,2025-01-06 22:48:39.692425,0.0,PayPal,East,Delivered,1936.94
3339,991,2025-05-19 22:48:39.692426,0.0,Bank Transfer,North,Delivered,860.64
3340,193,2024-08-29 22:48:39.692426,0.0,Credit Card,North,Shipped,1975.42
3341,758,2024-07-26 22:48:39.692427,0.0,PayPal,East,Delivered,3037.9
3342,285,2025-06-08 22:48:39.692428,0.0,Bank Transfer,North,Processing,16.06
3343,451,2024-11-11 22:48:39.692429,0.0,Bank Transfer,North,Delivered,3123.9700000000003
3344,970,2025-05-06 22:48:39.692429,0.0,Debit Card,East,Shipped,300.73
3345,138,2024-09-10 22:48:39.692430,0.0,Credit Card,South,Delivered,1613.16
3346,638,2025-02-28 22:48:39.692431,0.0,Debit Card,North,Processing,924.1
3347,241,2025-01-04 22:48:39.692431,0.0,Bank Transfer,North,Delivered,2862.41
3348,945,2025-01-22 22:48:39.692432,0.0,Debit Card,East,Delivered,945.87
3349,602,2024-08-01 22:48:39.692433,0.0,Credit Card,West,Cancelled,1007.26
3350,753,2024-12-23 22:48:39.692434,0.0,Debit Card,North,Delivered,1416.3700000000001
3351,640,2025-06-16 22:48:39.692434,0.0,PayPal,East,Shipped,992.78
3352,425,2024-10-02 22:48:39.692435,0.0,PayPal,East,Processing,1846.74
3353,755,2025-03-21 22:48:39.692436,0.0,PayPal,West,Shipped,1982.81
3354,713,2025-03-12 22:48:39.692437,0.0,Credit Card,West,Shipped,609.55
3355,946,2025-04-09 22:48:39.692437,0.0,Credit Card,East,Delivered,913.29
3356,586,2024-12-31 22:48:39.692438,0.0,Debit Card,North,Delivered,924.45
3357,532,2024-08-06 22:48:39.692439,0.0,PayPal,South,Processing,623.31
3358,92,2024-08-12 22:48:39.692441,0.0,PayPal,East,Delivered,1921.7500000000002
3359,313,2024-10-03 22:48:39.692442,0.0,Bank Transfer,East,Delivered,878.31
3360,74,2025-07-20 22:48:39.692443,0.0,PayPal,South,Delivered,2937.92
3361,536,2025-01-09 22:48:39.692443,0.0,Debit Card,East,Shipped,948.68
3362,69,2025-04-05 22:48:39.692444,0.0,Debit Card,West,Shipped,1872.79
3363,106,2025-03-10 22:48:39.692445,0.0,Bank Transfer,South,Delivered,2671.4399999999996
3364,995,2024-07-30 22:48:39.692445,0.0,Bank Transfer,South,Delivered,3097.87
3365,637,2025-04-23 22:48:39.692446,0.0,Bank Transfer,East,Shipped,1630.6
3366,9,2025-03-20 22:48:39.692447,0.0,Bank Transfer,East,Delivered,974.46
3367,389,2025-04-30 22:48:39.692448,0.0,Debit Card,North,Delivered,572.34
3368,922,2025-05-28 22:48:39.692448,0.0,PayPal,East,Delivered,738.6899999999999
3369,448,2024-08-20 22:48:39.692449,0.0,Bank Transfer,North,Cancelled,1053.86
3370,378,2025-01-02 22:48:39.692450,0.0,Credit Card,West,Processing,1781.31
3371,320,2025-04-25 22:48:39.692451,0.0,Credit Card,South,Cancelled,2067.44
3372,729,2025-07-01 22:48:39.692451,0.0,Debit Card,East,Processing,567.3399999999999
3373,634,2025-02-07 22:48:39.692452,0.0,Debit Card,East,Shipped,2863.71
3374,585,2025-02-20 22:48:39.692453,0.0,Debit Card,North,Delivered,839.6300000000001
3375,362,2024-09-04 22:48:39.692454,0.0,Debit Card,South,Delivered,1783.09
3376,438,2024-10-23 22:48:39.692454,0.0,PayPal,West,Delivered,244.54000000000002
3377,369,2024-12-07 22:48:39.692455,0.0,Debit Card,West,Delivered,1146.39
3378,219,2024-12-11 22:48:39.692456,0.0,Debit Card,South,Processing,1191.6999999999998
3379,488,2024-09-21 22:48:39.692457,0.0,Credit Card,South,Delivered,1243.38
3380,217,2025-02-21 22:48:39.692457,0.0,Debit Card,West,Processing,14.23
3381,308,2025-07-09 22:48:39.692458,0.0,Debit Card,North,Shipped,1754.28
3382,115,2025-04-05 22:48:39.692459,0.0,PayPal,South,Processing,1468.6599999999999
3383,630,2024-08-25 22:48:39.692459,0.0,Bank Transfer,East,Delivered,1738.5
3384,38,2024-11-01 22:48:39.692460,0.0,PayPal,North,Processing,3597.5600000000004
3385,34,2024-09-27 22:48:39.692461,0.0,Debit Card,South,Processing,416.25
3386,821,2024-12-28 22:48:39.692462,0.0,Bank Transfer,East,Shipped,1704.72
3387,238,2025-05-04 22:48:39.692462,0.0,PayPal,South,Delivered,1736.9699999999998
3388,465,2025-03-24 22:48:39.692463,0.0,Credit Card,East,Shipped,979.51
3389,178,2025-05-06 22:48:39.692464,0.0,Debit Card,North,Shipped,621.95
3390,987,2025-06-24 22:48:39.692465,0.0,Bank Transfer,East,Cancelled,1307.57
3391,87,2025-05-05 22:48:39.692465,0.0,Bank Transfer,North,Shipped,279.38
3392,776,2024-10-14 22:48:39.692466,0.0,Credit Card,South,Processing,2844.8999999999996
3393,395,2025-04-10 22:48:39.692467,0.0,Bank Transfer,West,Shipped,3243.79
3394,991,2025-01-18 22:48:39.692467,0.0,PayPal,East,Processing,1504.16
3395,541,2024-10-12 22:48:39.692468,0.0,Credit Card,West,Delivered,816.36
3396,984,2025-01-31 22:48:39.692469,0.0,PayPal,East,Processing,2981.03
3397,35,2025-04-25 22:48:39.692470,0.0,Credit Card,West,Delivered,1155.93
3398,234,2024-09-10 22:48:39.692471,0.0,Bank Transfer,West,Shipped,327.73
3399,810,2024-10-18 22:48:39.692471,0.0,PayPal,West,Processing,2075.83
3400,716,2024-12-11 22:48:39.692472,0.0,PayPal,North,Processing,1055.22
3401,234,2024-12-12 22:48:39.692473,0.0,Credit Card,West,Processing,3374.17
3402,536,2024-08-28 22:48:39.692474,0.0,PayPal,East,Delivered,474.84
3403,634,2024-11-28 22:48:39.692474,0.0,Debit Card,South,Cancelled,112.52
3404,925,2024-11-27 22:48:39.692475,0.0,Bank Transfer,North,Delivered,447.95
3405,402,2024-12-10 22:48:39.692476,0.0,Debit Card,South,Processing,2741.52
3406,146,2025-05-13 22:48:39.692476,0.0,PayPal,South,Delivered,1414.6600000000003
3407,838,2024-10-26 22:48:39.692477,0.0,Debit Card,West,Delivered,427.58
3408,525,2025-07-09 22:48:39.692478,0.0,Bank Transfer,West,Delivered,71.97
3409,223,2024-09-23 22:48:39.692479,0.0,Credit Card,North,Delivered,188.64000000000001
3410,498,2025-07-18 22:48:39.692479,0.0,Credit Card,East,Cancelled,490.7
3411,163,2024-10-03 22:48:39.692480,0.0,Bank Transfer,East,Processing,2614.9300000000003
3412,950,2025-05-11 22:48:39.692481,0.0,Debit Card,South,Delivered,1123.1399999999999
3413,38,2024-07-26 22:48:39.692482,0.0,Debit Card,South,Delivered,176.49
3414,810,2025-05-26 22:48:39.692482,0.0,Credit Card,West,Delivered,2495.79
3415,512,2025-06-24 22:48:39.692483,0.0,Bank Transfer,South,Processing,2041.36
3416,530,2025-07-21 22:48:39.692484,0.0,PayPal,East,Processing,4068.7400000000002
3417,991,2025-02-04 22:48:39.692484,0.0,PayPal,West,Shipped,839.67
3418,231,2025-05-23 22:48:39.692485,0.0,PayPal,South,Delivered,1053.56
3419,688,2025-06-28 22:48:39.692486,0.0,Credit Card,East,Delivered,764.37
3420,76,2024-10-23 22:48:39.692487,0.0,PayPal,South,Delivered,483.08
3421,815,2024-12-30 22:48:39.692487,0.0,Credit Card,East,Delivered,959.52
3422,328,2025-03-26 22:48:39.692488,0.0,PayPal,North,Delivered,1465.19
3423,955,2024-10-03 22:48:39.692489,0.0,Bank Transfer,West,Delivered,2176.62
3424,126,2025-06-13 22:48:39.692490,0.0,Debit Card,East,Processing,2368.8399999999997
3425,549,2025-03-21 22:48:39.692491,0.0,Debit Card,North,Shipped,2675.52
3426,908,2024-09-25 22:48:39.692491,0.0,Debit Card,East,Processing,1056.24
3427,721,2025-04-13 22:48:39.692492,0.0,Bank Transfer,West,Delivered,1822.28
3428,690,2025-03-14 22:48:39.692493,0.0,Bank Transfer,West,Delivered,636.33
3429,193,2025-04-30 22:48:39.692494,0.0,Debit Card,North,Delivered,1513.01
3430,721,2024-09-27 22:48:39.692494,0.0,Bank Transfer,North,Shipped,2173.49
3431,726,2025-06-29 22:48:39.692495,0.0,PayPal,West,Processing,1487.67
3432,131,2025-07-01 22:48:39.692496,0.0,PayPal,North,Processing,2462.76
3433,61,2024-10-18 22:48:39.692497,0.0,PayPal,West,Delivered,1854.84
3434,203,2024-12-03 22:48:39.692497,0.0,Debit Card,West,Cancelled,2226.8
3435,229,2025-02-11 22:48:39.692498,0.0,Credit Card,South,Shipped,931.45
3436,829,2025-07-19 22:48:39.692499,0.0,PayPal,North,Cancelled,1031.01
3437,655,2025-03-19 22:48:39.692499,0.0,PayPal,South,Processing,2773.27
3438,648,2024-07-28 22:48:39.692500,0.0,Bank Transfer,South,Delivered,2243.89
3439,540,2024-11-17 22:48:39.692501,0.0,Credit Card,East,Cancelled,70.98
3440,733,2024-10-18 22:48:39.692502,0.0,Credit Card,East,Cancelled,1187.1200000000001
3441,527,2025-01-09 22:48:39.692502,0.0,PayPal,South,Shipped,2413.6499999999996
3442,329,2024-10-28 22:48:39.692503,0.0,Credit Card,South,Delivered,2220.17
3443,317,2025-07-03 22:48:39.692504,0.0,Debit Card,South,Delivered,961.48
3444,935,2024-09-06 22:48:39.692505,0.0,Debit Card,West,Cancelled,2096.7799999999997
3445,612,2025-06-08 22:48:39.692505,0.0,Debit Card,South,Processing,1757.57
3446,613,2025-01-23 22:48:39.692506,0.0,Bank Transfer,South,Shipped,1862.88
3447,964,2025-05-08 22:48:39.692507,0.0,Credit Card,North,Delivered,1637.41
3448,754,2025-04-07 22:48:39.692508,0.0,Credit Card,North,Delivered,3255.74
3449,105,2025-03-19 22:48:39.692508,0.0,Bank Transfer,West,Cancelled,367.31
3450,120,2024-10-12 22:48:39.692509,0.0,Debit Card,South,Processing,1413.4499999999998
3451,401,2025-01-15 22:48:39.692510,0.0,Bank Transfer,South,Delivered,193.32
3452,365,2024-09-11 22:48:39.692510,0.0,PayPal,West,Delivered,1432.29
3453,971,2024-12-26 22:48:39.692511,0.0,Bank Transfer,North,Shipped,2535.58
3454,57,2025-01-21 22:48:39.692512,0.0,Bank Transfer,South,Delivered,157.6
3455,384,2024-11-27 22:48:39.692513,0.0,PayPal,West,Delivered,1663.82
3456,8,2024-12-10 22:48:39.692513,0.0,PayPal,North,Processing,514.89
3457,745,2025-01-13 22:48:39.692514,0.0,Bank Transfer,North,Delivered,1757.8200000000002
3458,32,2025-03-14 22:48:39.692515,0.0,Bank Transfer,North,Delivered,1757.5
3459,992,2025-02-18 22:48:39.692515,0.0,Debit Card,West,Shipped,1467.01
3460,644,2025-06-21 22:48:39.692516,0.0,Credit Card,West,Delivered,478.06
3461,843,2024-10-03 22:48:39.692517,0.0,Credit Card,West,Delivered,1038.09
3462,85,2024-12-11 22:48:39.692518,0.0,Debit Card,South,Shipped,1286.44
3463,483,2024-07-31 22:48:39.692518,0.0,PayPal,West,Delivered,356.94
3464,827,2024-10-14 22:48:39.692519,0.0,Credit Card,East,Delivered,1260.6399999999999
3465,394,2024-08-27 22:48:39.692520,0.0,PayPal,West,Shipped,918.3000000000001
3466,274,2025-04-18 22:48:39.692521,0.0,Bank Transfer,North,Delivered,341.12
3467,327,2025-03-24 22:48:39.692521,0.0,Credit Card,South,Shipped,2251.14
3468,894,2025-06-14 22:48:39.692522,0.0,Bank Transfer,West,Delivered,3071.56
3469,275,2025-04-16 22:48:39.692523,0.0,PayPal,South,Processing,460.83
3470,838,2025-04-20 22:48:39.692523,0.0,Bank Transfer,North,Delivered,228.08
3471,763,2024-09-16 22:48:39.692524,0.0,Bank Transfer,West,Delivered,706.3499999999999
3472,861,2024-07-27 22:48:39.692525,0.0,PayPal,West,Shipped,1038.32
3473,301,2024-12-11 22:48:39.692526,0.0,Bank Transfer,South,Delivered,3452.3
3474,963,2024-09-19 22:48:39.692526,0.0,Debit Card,South,Delivered,114.78999999999999
3475,762,2025-07-06 22:48:39.692527,0.0,Debit Card,East,Processing,1291.65
3476,521,2025-02-19 22:48:39.692528,0.0,Debit Card,South,Shipped,4106.77
3477,82,2024-11-17 22:48:39.692529,0.0,Debit Card,South,Processing,836.03
3478,840,2025-03-26 22:48:39.692529,0.0,Bank Transfer,South,Delivered,946.98
3479,22,2024-11-17 22:48:39.692530,0.0,Bank Transfer,North,Shipped,1252.08
3480,101,2025-05-28 22:48:39.692531,0.0,Debit Card,East,Shipped,166.09
3481,126,2024-07-31 22:48:39.692532,0.0,Debit Card,South,Shipped,521.34
3482,386,2025-05-05 22:48:39.692532,0.0,PayPal,North,Delivered,1040.25
3483,528,2024-09-03 22:48:39.692533,0.0,Debit Card,North,Shipped,751.06
3484,740,2025-06-13 22:48:39.692534,0.0,Bank Transfer,West,Processing,930.99
3485,18,2024-07-27 22:48:39.692534,0.0,Debit Card,East,Processing,4285.57
3486,899,2025-01-24 22:48:39.692535,0.0,Credit Card,West,Shipped,1908.47
3487,32,2024-08-14 22:48:39.692536,0.0,Bank Transfer,North,Delivered,389.42
3488,376,2025-06-16 22:48:39.692537,0.0,Credit Card,West,Delivered,3515.58
3489,719,2025-07-03 22:48:39.692537,0.0,Bank Transfer,South,Shipped,2151.92
3490,843,2024-10-13 22:48:39.692538,0.0,Debit Card,North,Delivered,3170.4300000000003
3491,897,2025-04-08 22:48:39.692539,0.0,Debit Card,South,Delivered,3145.98
3492,763,2025-04-16 22:48:39.692540,0.0,Debit Card,South,Processing,1092.31
3493,603,2025-04-30 22:48:39.692540,0.0,Debit Card,East,Delivered,2376.08
3494,214,2024-11-25 22:48:39.692541,0.0,Bank Transfer,North,Shipped,591.59
3495,788,2025-04-17 22:48:39.692542,0.0,PayPal,West,Processing,3171.4100000000003
3496,792,2024-11-09 22:48:39.692543,0.0,PayPal,East,Delivered,2522.62
3497,503,2025-03-14 22:48:39.692543,0.0,Debit Card,West,Delivered,1877.41
3498,963,2024-11-24 22:48:39.692544,0.0,Debit Card,South,Delivered,2144.41
3499,536,2025-05-27 22:48:39.692545,0.0,Bank Transfer,North,Delivered,2779.3599999999997
3500,113,2025-01-15 22:48:39.692546,0.0,PayPal,West,Shipped,1502.73
3501,826,2025-05-29 22:48:39.692546,0.0,Debit Card,East,Processing,618.7800000000001
3502,556,2024-08-21 22:48:39.692547,0.0,Debit Card,South,Shipped,258.09
3503,852,2024-10-19 22:48:39.692548,0.0,Debit Card,South,Processing,1880.1000000000001
3504,19,2024-10-01 22:48:39.692549,0.0,Debit Card,North,Shipped,317.55
3505,698,2024-08-17 22:48:39.692549,0.0,PayPal,South,Delivered,2906.2999999999997
3506,272,2025-05-04 22:48:39.692550,0.0,Credit Card,North,Delivered,875.67
3507,446,2025-03-27 22:48:39.692551,0.0,Bank Transfer,South,Shipped,2422.09
3508,92,2025-04-07 22:48:39.692552,0.0,Debit Card,South,Delivered,2364.31
3509,513,2025-04-06 22:48:39.692552,0.0,Debit Card,West,Processing,2080.55
3510,435,2025-05-02 22:48:39.692553,0.0,Credit Card,East,Processing,1518.12
3511,159,2024-09-11 22:48:39.692554,0.0,Debit Card,East,Delivered,2258.41
3512,363,2024-12-22 22:48:39.692555,0.0,Bank Transfer,North,Shipped,738.69
3513,976,2025-03-25 22:48:39.692555,0.0,Credit Card,East,Delivered,30.8
3514,508,2024-12-11 22:48:39.692556,0.0,Credit Card,South,Delivered,1531.76
3515,729,2025-04-15 22:48:39.692557,0.0,Credit Card,East,Delivered,941.25
3516,306,2024-09-17 22:48:39.692558,0.0,PayPal,West,Shipped,245.71
3517,524,2025-01-11 22:48:39.692558,0.0,Debit Card,East,Shipped,145.24
3518,375,2024-12-03 22:48:39.692559,0.0,Bank Transfer,South,Processing,2367.96
3519,984,2025-02-02 22:48:39.692560,0.0,Debit Card,West,Delivered,1417.03
3520,152,2025-02-07 22:48:39.692560,0.0,PayPal,East,Delivered,3091.85
3521,599,2024-10-10 22:48:39.692561,0.0,PayPal,East,Shipped,348.73
3522,56,2024-08-06 22:48:39.692562,0.0,Bank Transfer,West,Cancelled,2072.16
3523,437,2024-11-14 22:48:39.692563,0.0,PayPal,East,Delivered,3136.95
3524,15,2025-02-24 22:48:39.692564,0.0,Debit Card,East,Shipped,1340.73
3525,922,2024-08-30 22:48:39.692564,0.0,PayPal,South,Processing,2319.54
3526,743,2024-08-12 22:48:39.692565,0.0,PayPal,West,Delivered,236.39
3527,613,2025-04-03 22:48:39.692566,0.0,Bank Transfer,North,Delivered,660.09
3528,862,2024-08-19 22:48:39.692567,0.0,Bank Transfer,East,Delivered,2361.75
3529,68,2025-02-16 22:48:39.692567,0.0,Credit Card,South,Delivered,250.65
3530,393,2025-06-07 22:48:39.692568,0.0,Bank Transfer,West,Delivered,1204.33
3531,565,2025-04-02 22:48:39.692569,0.0,Credit Card,East,Delivered,371.1
3532,302,2024-10-09 22:48:39.692570,0.0,PayPal,South,Delivered,2114.94
3533,154,2024-09-22 22:48:39.692570,0.0,Debit Card,East,Cancelled,1254.77
3534,625,2024-09-01 22:48:39.692571,0.0,PayPal,West,Processing,222.38
3535,602,2024-11-20 22:48:39.692572,0.0,Debit Card,South,Shipped,620.63
3536,409,2024-11-28 22:48:39.692573,0.0,Bank Transfer,South,Delivered,1033.6200000000001
3537,601,2025-03-12 22:48:39.692573,0.0,PayPal,East,Shipped,2740.83
3538,444,2024-09-07 22:48:39.692574,0.0,PayPal,North,Delivered,366.12
3539,141,2024-07-31 22:48:39.692575,0.0,Bank Transfer,West,Delivered,3127.25
3540,830,2024-11-10 22:48:39.692575,0.0,Bank Transfer,West,Processing,2524.4
3541,167,2025-05-28 22:48:39.692576,0.0,Credit Card,South,Delivered,778.77
3542,231,2024-10-02 22:48:39.692577,0.0,Bank Transfer,East,Delivered,2173.6499999999996
3543,249,2024-12-22 22:48:39.692578,0.0,Debit Card,East,Delivered,173.78
3544,922,2024-12-28 22:48:39.692578,0.0,Debit Card,South,Delivered,2402.0699999999997
3545,553,2024-07-27 22:48:39.692579,0.0,Credit Card,East,Processing,1442.59
3546,390,2025-06-13 22:48:39.692580,0.0,Bank Transfer,North,Shipped,727.52
3547,824,2025-02-04 22:48:39.692581,0.0,Credit Card,South,Delivered,4435.780000000001
3548,202,2024-07-24 22:48:39.692581,0.0,PayPal,West,Cancelled,1675.99
3549,730,2025-02-06 22:48:39.692582,0.0,PayPal,South,Processing,1804.66
3550,942,2025-05-12 22:48:39.692583,0.0,Credit Card,South,Delivered,2453.79
3551,538,2024-12-10 22:48:39.692584,0.0,PayPal,West,Shipped,1591.52
3552,254,2024-11-09 22:48:39.692584,0.0,PayPal,North,Shipped,2619.86
3553,694,2025-02-27 22:48:39.692585,0.0,PayPal,South,Shipped,440.06
3554,412,2025-01-17 22:48:39.692586,0.0,Credit Card,North,Processing,3396.3399999999997
3555,105,2024-12-18 22:48:39.692587,0.0,Bank Transfer,West,Shipped,1832.54
3556,811,2024-08-31 22:48:39.692587,0.0,Debit Card,West,Delivered,920.5200000000001
3557,206,2025-01-07 22:48:39.692588,0.0,PayPal,North,Shipped,1148.59
3558,317,2024-07-28 22:48:39.692589,0.0,PayPal,South,Shipped,2039.06
3559,813,2025-07-07 22:48:39.692589,0.0,Debit Card,South,Delivered,1584.33
3560,695,2024-12-10 22:48:39.692590,0.0,Bank Transfer,East,Delivered,1478.49
3561,609,2025-01-01 22:48:39.692591,0.0,Bank Transfer,West,Processing,1741.74
3562,661,2025-01-21 22:48:39.692592,0.0,Credit Card,East,Shipped,882.16
3563,543,2025-06-05 22:48:39.692592,0.0,Credit Card,East,Delivered,2416.8
3564,691,2024-08-16 22:48:39.692593,0.0,Debit Card,East,Shipped,1988.01
3565,223,2024-10-04 22:48:39.692594,0.0,PayPal,North,Shipped,124.64999999999999
3566,914,2025-04-26 22:48:39.692595,0.0,Credit Card,South,Shipped,1977.54
3567,826,2025-02-22 22:48:39.692595,0.0,Bank Transfer,South,Shipped,2678.21
3568,842,2024-09-03 22:48:39.692596,0.0,Credit Card,North,Delivered,710.38
3569,854,2024-08-11 22:48:39.692597,0.0,Credit Card,South,Shipped,1343.23
3570,630,2025-04-28 22:48:39.692598,0.0,PayPal,North,Processing,635.9
3571,796,2025-04-11 22:48:39.692598,0.0,Debit Card,North,Delivered,440.06
3572,448,2025-05-25 22:48:39.692599,0.0,Credit Card,East,Shipped,600.3399999999999
3573,476,2024-10-09 22:48:39.692600,0.0,Debit Card,North,Delivered,769.8199999999999
3574,158,2025-01-17 22:48:39.692601,0.0,PayPal,North,Delivered,2115.95
3575,578,2025-05-07 22:48:39.692601,0.0,Debit Card,North,Delivered,2149.8
3576,149,2025-06-20 22:48:39.692602,0.0,Credit Card,West,Delivered,2549.1800000000003
3577,711,2024-12-25 22:48:39.692603,0.0,Credit Card,South,Delivered,639.78
3578,676,2024-12-22 22:48:39.692604,0.0,Debit Card,East,Shipped,1416.94
3579,697,2025-01-18 22:48:39.692604,0.0,Credit Card,East,Delivered,686.64
3580,242,2025-01-08 22:48:39.692605,0.0,PayPal,North,Delivered,2650.24
3581,539,2025-01-30 22:48:39.692606,0.0,Bank Transfer,East,Shipped,232.11
3582,386,2024-09-25 22:48:39.692607,0.0,PayPal,South,Delivered,558.0
3583,226,2024-12-21 22:48:39.692607,0.0,Credit Card,East,Processing,3710.0699999999997
3584,142,2024-08-21 22:48:39.692608,0.0,PayPal,West,Delivered,1622.38
3585,716,2024-09-10 22:48:39.692609,0.0,Bank Transfer,East,Processing,1705.2200000000003
3586,196,2025-02-13 22:48:39.692610,0.0,PayPal,West,Delivered,3194.61
3587,91,2025-05-27 22:48:39.692610,0.0,Credit Card,West,Delivered,3061.44
3588,590,2025-07-20 22:48:39.692611,0.0,Debit Card,North,Shipped,3434.58
3589,94,2024-12-15 22:48:39.692612,0.0,Bank Transfer,West,Processing,1589.98
3590,870,2025-06-15 22:48:39.692613,0.0,Credit Card,North,Delivered,1076.22
3591,360,2024-10-02 22:48:39.692613,0.0,Credit Card,West,Delivered,623.86
3592,766,2024-11-03 22:48:39.692614,0.0,Debit Card,South,Shipped,2298.92
3593,77,2024-09-12 22:48:39.692615,0.0,Debit Card,East,Delivered,341.98
3594,930,2025-02-11 22:48:39.692616,0.0,PayPal,North,Delivered,1683.38
3595,393,2024-11-03 22:48:39.692616,0.0,Bank Transfer,West,Processing,1900.2599999999998
3596,734,2024-10-16 22:48:39.692617,0.0,Credit Card,North,Delivered,1287.93
3597,458,2024-12-22 22:48:39.692618,0.0,Credit Card,West,Processing,3031.48
3598,475,2025-03-27 22:48:39.692619,0.0,PayPal,West,Delivered,1340.76
3599,24,2024-12-01 22:48:39.692619,0.0,Debit Card,West,Delivered,2269.76
3600,175,2024-08-30 22:48:39.692620,0.0,Bank Transfer,South,Shipped,186.64
3601,371,2024-08-13 22:48:39.692621,0.0,Debit Card,West,Processing,2574.71
3602,843,2025-04-02 22:48:39.692622,0.0,Debit Card,East,Delivered,2363.81
3603,394,2024-08-20 22:48:39.692623,0.0,Debit Card,West,Delivered,2748.41
3604,37,2024-12-24 22:48:39.692623,0.0,PayPal,East,Delivered,1210.0900000000001
3605,768,2024-12-24 22:48:39.692624,0.0,Credit Card,West,Delivered,2512.77
3606,105,2025-03-30 22:48:39.692625,0.0,Debit Card,North,Processing,2147.41
3607,241,2024-12-02 22:48:39.692626,0.0,Debit Card,West,Delivered,2763.46
3608,127,2024-11-04 22:48:39.692626,0.0,Credit Card,North,Shipped,594.55
3609,755,2024-08-18 22:48:39.692627,0.0,PayPal,West,Shipped,1467.35
3610,978,2025-04-18 22:48:39.692628,0.0,PayPal,West,Delivered,1946.04
3611,963,2025-06-09 22:48:39.692629,0.0,PayPal,East,Processing,652.6
3612,418,2024-10-28 22:48:39.692629,0.0,Credit Card,East,Processing,41.55
3613,382,2024-08-07 22:48:39.692630,0.0,Credit Card,North,Shipped,821.73
3614,440,2025-02-11 22:48:39.692631,0.0,Debit Card,West,Delivered,1662.3
3615,873,2024-11-28 22:48:39.692632,0.0,Credit Card,South,Shipped,1069.46
3616,550,2024-11-24 22:48:39.692632,0.0,Bank Transfer,East,Delivered,2426.77
3617,936,2025-02-06 22:48:39.692633,0.0,Credit Card,West,Delivered,3123.62
3618,973,2024-07-26 22:48:39.692634,0.0,Debit Card,South,Delivered,548.88
3619,678,2024-12-14 22:48:39.692635,0.0,Credit Card,North,Delivered,1087.1100000000001
3620,250,2025-04-25 22:48:39.692635,0.0,Bank Transfer,West,Delivered,921.6
3621,775,2024-09-12 22:48:39.692636,0.0,Credit Card,South,Delivered,4015.66
3622,204,2025-02-04 22:48:39.692637,0.0,Bank Transfer,East,Delivered,1936.29
3623,963,2024-09-22 22:48:39.692638,0.0,Debit Card,West,Shipped,855.24
3624,77,2024-12-26 22:48:39.692638,0.0,Credit Card,South,Shipped,1170.56
3625,181,2024-08-06 22:48:39.692639,0.0,Credit Card,South,Delivered,1528.0700000000002
3626,866,2024-11-24 22:48:39.692640,0.0,Bank Transfer,East,Shipped,535.5899999999999
3627,299,2025-06-08 22:48:39.692641,0.0,Credit Card,West,Delivered,2312.8900000000003
3628,568,2025-03-03 22:48:39.692641,0.0,Debit Card,North,Delivered,713.88
3629,103,2025-01-05 22:48:39.692642,0.0,PayPal,South,Shipped,685.06
3630,145,2024-08-28 22:48:39.692643,0.0,Bank Transfer,North,Delivered,386.54
3631,919,2025-05-11 22:48:39.692643,0.0,Debit Card,West,Shipped,1048.95
3632,610,2025-05-24 22:48:39.692644,0.0,Credit Card,South,Processing,1479.09
3633,713,2025-04-23 22:48:39.692645,0.0,Credit Card,East,Processing,347.1
3634,894,2024-11-13 22:48:39.692646,0.0,Bank Transfer,East,Delivered,1836.25
3635,79,2025-07-01 22:48:39.692646,0.0,Debit Card,North,Processing,592.2
3636,731,2025-07-07 22:48:39.692647,0.0,Debit Card,East,Processing,877.05
3637,792,2025-03-06 22:48:39.692648,0.0,PayPal,East,Delivered,171.63
3638,675,2025-01-14 22:48:39.692649,0.0,Debit Card,West,Shipped,436.76
3639,309,2024-12-25 22:48:39.692649,0.0,Bank Transfer,West,Delivered,1288.26
3640,19,2025-02-17 22:48:39.692650,0.0,PayPal,West,Processing,942.94
3641,245,2025-03-09 22:48:39.692651,0.0,Credit Card,South,Delivered,1566.95
3642,805,2025-04-22 22:48:39.692651,0.0,Debit Card,North,Shipped,1547.1599999999999
3643,377,2025-04-27 22:48:39.692652,0.0,PayPal,East,Processing,1489.46
3644,737,2024-12-31 22:48:39.692653,0.0,Debit Card,West,Processing,925.95
3645,76,2025-06-10 22:48:39.692654,0.0,PayPal,South,Delivered,987.53
3646,306,2024-09-03 22:48:39.692655,0.0,PayPal,North,Delivered,729.9000000000001
3647,468,2024-10-14 22:48:39.692655,0.0,Debit Card,South,Shipped,1932.9099999999999
3648,23,2025-01-04 22:48:39.692656,0.0,Debit Card,North,Processing,845.14
3649,278,2025-01-16 22:48:39.692657,0.0,PayPal,West,Shipped,1313.85
3650,929,2025-06-06 22:48:39.692658,0.0,Credit Card,North,Shipped,2457.37
3651,831,2024-09-05 22:48:39.692658,0.0,PayPal,South,Delivered,5253.82
3652,960,2025-02-04 22:48:39.692659,0.0,PayPal,North,Delivered,640.23
3653,218,2024-09-04 22:48:39.692660,0.0,Credit Card,South,Delivered,286.17
3654,638,2025-03-08 22:48:39.692661,0.0,Debit Card,East,Delivered,877.56
3655,68,2025-03-10 22:48:39.692661,0.0,Debit Card,North,Shipped,3065.7
3656,753,2025-02-15 22:48:39.692662,0.0,Debit Card,North,Shipped,703.96
3657,830,2025-05-26 22:48:39.692663,0.0,Credit Card,South,Processing,419.38
3658,5,2024-08-23 22:48:39.692664,0.0,Debit Card,West,Delivered,3018.82
3659,546,2025-06-19 22:48:39.692665,0.0,Debit Card,West,Delivered,758.46
3660,313,2024-08-16 22:48:39.692665,0.0,Bank Transfer,East,Delivered,847.6700000000001
3661,51,2025-01-16 22:48:39.692666,0.0,PayPal,South,Shipped,361.32
3662,377,2024-08-03 22:48:39.692667,0.0,Bank Transfer,West,Delivered,1379.79
3663,574,2024-09-14 22:48:39.692668,0.0,Debit Card,North,Processing,2387.1600000000003
3664,334,2025-02-18 22:48:39.692669,0.0,Bank Transfer,West,Delivered,2477.27
3665,414,2025-06-23 22:48:39.692670,0.0,Credit Card,North,Processing,3116.56
3666,224,2025-01-13 22:48:39.692670,0.0,Debit Card,West,Shipped,384.8
3667,670,2025-06-14 22:48:39.692671,0.0,Bank Transfer,East,Shipped,1158.1799999999998
3668,148,2024-11-13 22:48:39.692672,0.0,Bank Transfer,South,Processing,266.28
3669,616,2025-02-28 22:48:39.692672,0.0,PayPal,North,Delivered,2814.8599999999997
3670,831,2025-04-17 22:48:39.692673,0.0,Debit Card,East,Shipped,102.56
3671,174,2024-11-09 22:48:39.692674,0.0,PayPal,North,Delivered,947.32
3672,511,2025-07-09 22:48:39.692675,0.0,Debit Card,West,Delivered,1154.13
3673,136,2025-02-06 22:48:39.692675,0.0,PayPal,West,Cancelled,986.16
3674,310,2025-02-24 22:48:39.692676,0.0,Debit Card,South,Shipped,592.72
3675,836,2024-08-03 22:48:39.692677,0.0,PayPal,South,Shipped,1582.3400000000001
3676,949,2025-03-14 22:48:39.692678,0.0,Bank Transfer,North,Delivered,2137.93
3677,108,2025-06-07 22:48:39.692678,0.0,Credit Card,East,Processing,1006.0500000000001
3678,876,2024-08-23 22:48:39.692679,0.0,Credit Card,West,Delivered,436.83
3679,41,2024-07-24 22:48:39.692680,0.0,Bank Transfer,South,Shipped,68.86
3680,845,2025-04-30 22:48:39.692680,0.0,Bank Transfer,West,Shipped,543.52
3681,98,2025-07-06 22:48:39.692681,0.0,Bank Transfer,East,Delivered,2021.4
3682,420,2025-04-29 22:48:39.692682,0.0,PayPal,North,Shipped,1314.81
3683,307,2024-07-27 22:48:39.692683,0.0,Debit Card,East,Shipped,1088.3600000000001
3684,537,2025-04-09 22:48:39.692683,0.0,PayPal,East,Delivered,1528.3700000000001
3685,62,2024-12-04 22:48:39.692684,0.0,Credit Card,East,Delivered,2985.7
3686,616,2025-01-01 22:48:39.692685,0.0,PayPal,South,Delivered,1034.14
3687,695,2024-11-17 22:48:39.692686,0.0,Debit Card,East,Delivered,1928.24
3688,317,2025-03-22 22:48:39.692686,0.0,Bank Transfer,West,Delivered,1810.88
3689,527,2024-09-02 22:48:39.692687,0.0,PayPal,South,Processing,559.61
3690,367,2025-02-18 22:48:39.692688,0.0,PayPal,East,Shipped,219.59
3691,344,2024-09-21 22:48:39.692689,0.0,Credit Card,East,Processing,1717.67
3692,835,2024-07-23 22:48:39.692689,0.0,PayPal,West,Delivered,738.22
3693,167,2024-11-23 22:48:39.692690,0.0,Debit Card,East,Processing,817.17
3694,971,2024-08-21 22:48:39.692691,0.0,Debit Card,West,Delivered,623.08
3695,379,2024-11-05 22:48:39.692692,0.0,PayPal,North,Processing,820.06
3696,932,2024-12-10 22:48:39.692692,0.0,PayPal,West,Shipped,3163.54
3697,812,2025-05-19 22:48:39.692693,0.0,Debit Card,East,Delivered,126.34
3698,574,2024-10-14 22:48:39.692697,0.0,Bank Transfer,South,Processing,1745.4099999999999
3699,186,2024-10-18 22:48:39.692698,0.0,Bank Transfer,East,Delivered,651.2
3700,559,2025-05-11 22:48:39.692699,0.0,PayPal,South,Delivered,982.1
3701,606,2024-08-03 22:48:39.692700,0.0,Debit Card,East,Delivered,3389.4399999999996
3702,373,2025-04-04 22:48:39.692700,0.0,Bank Transfer,South,Processing,191.38
3703,848,2024-09-02 22:48:39.692701,0.0,Credit Card,East,Delivered,1901.67
3704,944,2025-05-30 22:48:39.692702,0.0,Credit Card,North,Shipped,1284.8700000000001
3705,753,2025-05-02 22:48:39.692703,0.0,PayPal,South,Shipped,3180.02
3706,99,2025-06-15 22:48:39.692703,0.0,PayPal,North,Delivered,1075.1100000000001
3707,11,2024-12-12 22:48:39.692704,0.0,Bank Transfer,East,Delivered,608.43
3708,571,2024-10-31 22:48:39.692705,0.0,Bank Transfer,West,Processing,687.34
3709,363,2024-10-24 22:48:39.692706,0.0,PayPal,East,Shipped,3363.03
3710,184,2025-03-26 22:48:39.692706,0.0,Debit Card,East,Delivered,1011.6899999999999
3711,552,2025-04-30 22:48:39.692707,0.0,PayPal,West,Shipped,480.86
3712,154,2024-10-05 22:48:39.692708,0.0,Debit Card,West,Delivered,1539.67
3713,107,2024-10-08 22:48:39.692709,0.0,Credit Card,East,Shipped,2108.88
3714,378,2025-01-18 22:48:39.692709,0.0,Debit Card,West,Cancelled,406.64
3715,290,2025-01-07 22:48:39.692710,0.0,Bank Transfer,East,Delivered,1473.96
3716,153,2024-09-29 22:48:39.692711,0.0,Debit Card,East,Cancelled,1340.7600000000002
3717,591,2024-11-22 22:48:39.692712,0.0,Bank Transfer,East,Shipped,438.33
3718,692,2025-04-15 22:48:39.692712,0.0,PayPal,South,Processing,1198.02
3719,419,2025-03-28 22:48:39.692713,0.0,PayPal,East,Processing,556.05
3720,412,2024-10-23 22:48:39.692714,0.0,Bank Transfer,South,Delivered,870.1200000000001
3721,86,2024-09-04 22:48:39.692714,0.0,PayPal,North,Processing,2785.98
3722,132,2024-08-24 22:48:39.692715,0.0,Bank Transfer,South,Delivered,1753.74
3723,214,2024-09-09 22:48:39.692716,0.0,Bank Transfer,West,Shipped,2526.6600000000003
3724,280,2025-02-17 22:48:39.692717,0.0,PayPal,North,Delivered,2743.83
3725,204,2024-08-07 22:48:39.692717,0.0,Credit Card,East,Shipped,797.74
3726,946,2025-01-12 22:48:39.692718,0.0,Debit Card,South,Cancelled,129.72
3727,321,2024-07-27 22:48:39.692719,0.0,Debit Card,North,Shipped,1568.76
3728,278,2024-12-08 22:48:39.692720,0.0,Debit Card,East,Processing,53.97
3729,386,2024-09-19 22:48:39.692720,0.0,Debit Card,East,Delivered,3608.3
3730,149,2025-06-22 22:48:39.692721,0.0,Bank Transfer,North,Delivered,1677.83
3731,614,2025-04-09 22:48:39.692722,0.0,Credit Card,South,Delivered,352.4
3732,507,2025-06-26 22:48:39.692723,0.0,Debit Card,South,Processing,1547.47
3733,712,2025-01-04 22:48:39.692724,0.0,PayPal,South,Shipped,2184.96
3734,90,2024-08-30 22:48:39.692724,0.0,PayPal,East,Delivered,1898.78
3735,248,2025-01-19 22:48:39.692725,0.0,Bank Transfer,North,Processing,1132.44
3736,689,2024-12-25 22:48:39.692726,0.0,PayPal,South,Delivered,315.82
3737,336,2024-12-30 22:48:39.692727,0.0,PayPal,West,Delivered,4147.96
3738,363,2024-11-26 22:48:39.692727,0.0,Bank Transfer,North,Shipped,1115.37
3739,336,2025-02-03 22:48:39.692728,0.0,Bank Transfer,West,Delivered,1408.68
3740,166,2025-02-28 22:48:39.692729,0.0,PayPal,South,Delivered,2039.1
3741,223,2024-12-21 22:48:39.692730,0.0,Credit Card,West,Delivered,2377.79
3742,892,2025-05-13 22:48:39.692730,0.0,Credit Card,South,Delivered,390.06
3743,350,2025-06-26 22:48:39.692731,0.0,PayPal,South,Delivered,1046.1100000000001
3744,527,2024-10-04 22:48:39.692732,0.0,PayPal,East,Shipped,2416.23
3745,960,2025-04-21 22:48:39.692732,0.0,PayPal,West,Delivered,1302.83
3746,503,2024-08-10 22:48:39.692733,0.0,Debit Card,East,Delivered,1683.6299999999999
3747,772,2024-09-19 22:48:39.692734,0.0,Bank Transfer,South,Delivered,2556.27
3748,872,2024-08-28 22:48:39.692735,0.0,Debit Card,North,Shipped,861.3299999999999
3749,364,2025-04-28 22:48:39.692736,0.0,Bank Transfer,West,Delivered,1515.51
3750,625,2025-03-05 22:48:39.692736,0.0,PayPal,East,Delivered,1125.59
3751,265,2025-01-11 22:48:39.692737,0.0,Debit Card,East,Delivered,65.23
3752,286,2025-02-15 22:48:39.692738,0.0,PayPal,North,Processing,2775.75
3753,343,2025-02-22 22:48:39.692738,0.0,PayPal,West,Delivered,2185.73
3754,584,2025-04-21 22:48:39.692739,0.0,Bank Transfer,North,Delivered,2770.65
3755,838,2025-06-06 22:48:39.692740,0.0,Debit Card,West,Shipped,3227.3
3756,639,2024-11-17 22:48:39.692741,0.0,Credit Card,West,Shipped,2504.66
3757,346,2025-06-16 22:48:39.692741,0.0,Credit Card,East,Delivered,225.21
3758,143,2024-10-28 22:48:39.692742,0.0,Credit Card,West,Processing,4119.76
3759,707,2024-12-23 22:48:39.692743,0.0,Debit Card,West,Delivered,5279.16
3760,871,2024-12-09 22:48:39.692744,0.0,Credit Card,South,Processing,1290.96
3761,945,2025-05-18 22:48:39.692744,0.0,PayPal,South,Delivered,888.75
3762,314,2025-01-25 22:48:39.692745,0.0,PayPal,East,Shipped,967.75
3763,389,2024-12-03 22:48:39.692746,0.0,Debit Card,West,Processing,532.6800000000001
3764,499,2024-11-15 22:48:39.692747,0.0,Debit Card,North,Delivered,1246.07
3765,62,2025-04-19 22:48:39.692747,0.0,Debit Card,South,Shipped,1299.37
3766,502,2024-10-05 22:48:39.692748,0.0,Bank Transfer,East,Cancelled,1750.5599999999997
3767,927,2024-08-18 22:48:39.692749,0.0,Bank Transfer,West,Shipped,1567.26
3768,360,2024-10-01 22:48:39.692750,0.0,Bank Transfer,North,Processing,3293.38
3769,604,2024-09-21 22:48:39.692750,0.0,Bank Transfer,North,Shipped,1480.29
3770,457,2024-12-04 22:48:39.692751,0.0,Credit Card,West,Shipped,375.73
3771,52,2025-05-14 22:48:39.692752,0.0,Bank Transfer,West,Delivered,372.88
3772,679,2024-11-05 22:48:39.692752,0.0,Debit Card,South,Delivered,1261.92
3773,599,2024-07-22 22:48:39.692753,0.0,Bank Transfer,West,Delivered,904.68
3774,676,2025-05-10 22:48:39.692754,0.0,Credit Card,West,Delivered,342.22999999999996
3775,71,2025-01-24 22:48:39.692755,0.0,Debit Card,South,Delivered,1634.1599999999999
3776,746,2024-11-19 22:48:39.692755,0.0,Bank Transfer,East,Delivered,1895.16
3777,106,2024-09-24 22:48:39.692756,0.0,Bank Transfer,West,Delivered,2626.96
3778,960,2024-11-14 22:48:39.692757,0.0,Credit Card,East,Delivered,2858.52
3779,147,2024-12-02 22:48:39.692758,0.0,Credit Card,North,Processing,697.46
3780,450,2025-01-28 22:48:39.692758,0.0,PayPal,West,Delivered,440.73
3781,454,2024-09-08 22:48:39.692759,0.0,PayPal,North,Shipped,3500.06
3782,757,2025-05-17 22:48:39.692760,0.0,PayPal,South,Processing,623.02
3783,548,2025-02-01 22:48:39.692760,0.0,Debit Card,West,Delivered,912.1
3784,639,2025-04-04 22:48:39.692761,0.0,Credit Card,East,Processing,66.56
3785,583,2025-06-24 22:48:39.692762,0.0,Credit Card,North,Processing,3546.94
3786,837,2024-09-03 22:48:39.692763,0.0,PayPal,South,Processing,872.39
3787,799,2025-04-26 22:48:39.692763,0.0,PayPal,East,Delivered,814.5899999999999
3788,395,2025-07-15 22:48:39.692764,0.0,Bank Transfer,West,Delivered,871.96
3789,921,2025-02-08 22:48:39.692765,0.0,Debit Card,North,Delivered,1180.1100000000001
3790,596,2025-02-13 22:48:39.692766,0.0,Bank Transfer,West,Processing,2529.73
3791,741,2025-01-23 22:48:39.692766,0.0,Debit Card,East,Delivered,2354.62
3792,3,2025-06-24 22:48:39.692767,0.0,Bank Transfer,East,Delivered,1429.6399999999999
3793,892,2025-01-31 22:48:39.692768,0.0,Bank Transfer,South,Shipped,801.25
3794,838,2024-11-23 22:48:39.692769,0.0,Credit Card,North,Cancelled,1725.63
3795,122,2025-01-04 22:48:39.692769,0.0,Credit Card,North,Delivered,809.16
3796,503,2024-08-26 22:48:39.692770,0.0,PayPal,East,Shipped,1968.46
3797,344,2024-10-04 22:48:39.692771,0.0,Debit Card,West,Delivered,3575.88
3798,463,2025-06-14 22:48:39.692772,0.0,Debit Card,East,Delivered,1383.21
3799,256,2025-05-02 22:48:39.692773,0.0,PayPal,East,Shipped,833.5699999999999
3800,573,2024-12-04 22:48:39.692773,0.0,Credit Card,West,Cancelled,939.21
3801,301,2025-01-21 22:48:39.692774,0.0,Bank Transfer,West,Processing,767.98
3802,658,2025-07-06 22:48:39.692775,0.0,Bank Transfer,North,Delivered,685.28
3803,661,2025-02-12 22:48:39.692775,0.0,Debit Card,East,Delivered,584.5600000000001
3804,279,2025-06-07 22:48:39.692776,0.0,Bank Transfer,West,Delivered,343.26
3805,57,2025-01-22 22:48:39.692777,0.0,Bank Transfer,West,Shipped,1719.81
3806,571,2025-07-15 22:48:39.692778,0.0,Credit Card,South,Shipped,647.0
3807,236,2025-05-07 22:48:39.692778,0.0,Credit Card,East,Shipped,3078.63
3808,344,2024-08-19 22:48:39.692779,0.0,Credit Card,South,Processing,1124.69
3809,906,2024-07-28 22:48:39.692780,0.0,PayPal,North,Shipped,503.98
3810,581,2025-04-14 22:48:39.692781,0.0,Debit Card,West,Shipped,426.54
3811,596,2024-11-29 22:48:39.692781,0.0,PayPal,West,Delivered,572.34
3812,184,2025-04-08 22:48:39.692782,0.0,PayPal,North,Delivered,1793.97
3813,956,2024-10-05 22:48:39.692783,0.0,Debit Card,West,Processing,605.4
3814,294,2025-04-29 22:48:39.692784,0.0,Debit Card,East,Delivered,4036.0699999999997
3815,206,2025-01-13 22:48:39.692784,0.0,PayPal,North,Processing,1582.78
3816,999,2025-01-03 22:48:39.692785,0.0,Credit Card,East,Shipped,284.36
3817,296,2024-09-14 22:48:39.692786,0.0,Credit Card,West,Delivered,3510.63
3818,110,2025-01-28 22:48:39.692787,0.0,Debit Card,West,Delivered,513.41
3819,980,2025-04-11 22:48:39.692787,0.0,Debit Card,South,Delivered,914.3399999999999
3820,857,2025-06-14 22:48:39.692788,0.0,Credit Card,South,Delivered,3178.69
3821,901,2024-10-09 22:48:39.692789,0.0,PayPal,South,Shipped,1302.2
3822,416,2025-02-19 22:48:39.692790,0.0,Credit Card,East,Delivered,3401.27
3823,19,2024-08-29 22:48:39.692790,0.0,Bank Transfer,South,Delivered,2634.32
3824,817,2024-11-25 22:48:39.692791,0.0,PayPal,North,Delivered,927.02
3825,852,2025-03-06 22:48:39.692792,0.0,Bank Transfer,West,Cancelled,2943.78
3826,777,2025-02-11 22:48:39.692793,0.0,PayPal,West,Delivered,3408.7
3827,530,2024-09-29 22:48:39.692793,0.0,Credit Card,East,Delivered,554.1999999999999
3828,265,2024-10-25 22:48:39.692794,0.0,PayPal,West,Shipped,2181.22
3829,527,2024-08-01 22:48:39.692795,0.0,PayPal,North,Shipped,2188.29
3830,621,2025-02-14 22:48:39.692796,0.0,Debit Card,East,Processing,864.09
3831,528,2025-03-28 22:48:39.692796,0.0,Debit Card,South,Delivered,2035.05
3832,1000,2024-11-09 22:48:39.692797,0.0,Bank Transfer,West,Processing,1651.85
3833,457,2025-01-30 22:48:39.692798,0.0,Credit Card,West,Processing,3059.53
3834,109,2024-12-18 22:48:39.692799,0.0,PayPal,South,Delivered,1919.99
3835,801,2025-06-22 22:48:39.692799,0.0,Debit Card,North,Processing,11.72
3836,921,2024-10-06 22:48:39.692800,0.0,Debit Card,East,Delivered,396.36
3837,517,2024-11-17 22:48:39.692801,0.0,Bank Transfer,South,Shipped,2003.33
3838,409,2025-03-02 22:48:39.692801,0.0,Bank Transfer,South,Delivered,651.1400000000001
3839,723,2025-04-29 22:48:39.692802,0.0,Credit Card,East,Delivered,2453.55
3840,134,2025-03-18 22:48:39.692803,0.0,Credit Card,West,Delivered,952.35
3841,19,2024-10-04 22:48:39.692804,0.0,Credit Card,South,Shipped,2818.55
3842,692,2025-04-02 22:48:39.692804,0.0,Credit Card,North,Delivered,1672.52
3843,547,2024-07-24 22:48:39.692805,0.0,Credit Card,North,Delivered,603.0699999999999
3844,254,2025-03-21 22:48:39.692806,0.0,PayPal,West,Processing,208.56
3845,337,2025-03-12 22:48:39.692807,0.0,Credit Card,East,Delivered,609.8499999999999
3846,100,2024-11-04 22:48:39.692807,0.0,Debit Card,North,Delivered,1626.8100000000002
3847,640,2024-10-02 22:48:39.692808,0.0,Credit Card,North,Shipped,105.83
3848,548,2024-08-05 22:48:39.692809,0.0,PayPal,East,Delivered,1143.84
3849,582,2024-12-08 22:48:39.692810,0.0,Bank Transfer,East,Processing,2300.4700000000003
3850,99,2024-12-28 22:48:39.692810,0.0,Debit Card,East,Delivered,1484.6799999999998
3851,388,2025-01-14 22:48:39.692811,0.0,Credit Card,North,Delivered,818.22
3852,344,2024-09-18 22:48:39.692812,0.0,Credit Card,East,Processing,2208.17
3853,399,2025-03-06 22:48:39.692812,0.0,PayPal,North,Processing,1964.37
3854,508,2024-07-26 22:48:39.692813,0.0,Debit Card,West,Delivered,2030.1
3855,33,2025-03-29 22:48:39.692814,0.0,Bank Transfer,East,Cancelled,1121.85
3856,308,2025-04-13 22:48:39.692815,0.0,PayPal,North,Delivered,1429.9499999999998
3857,413,2024-09-20 22:48:39.692815,0.0,Bank Transfer,South,Delivered,1422.79
3858,672,2024-12-18 22:48:39.692816,0.0,PayPal,North,Processing,218.23
3859,494,2024-11-29 22:48:39.692817,0.0,Bank Transfer,West,Delivered,355.43
3860,162,2024-12-02 22:48:39.692818,0.0,Debit Card,North,Shipped,3535.9100000000003
3861,668,2024-12-07 22:48:39.692818,0.0,Debit Card,East,Processing,2413.21
3862,542,2024-08-26 22:48:39.692819,0.0,Debit Card,East,Shipped,890.0899999999999
3863,434,2024-08-24 22:48:39.692820,0.0,Credit Card,North,Processing,1843.66
3864,617,2024-11-02 22:48:39.692821,0.0,Credit Card,South,Shipped,250.04
3865,921,2025-01-16 22:48:39.692821,0.0,Credit Card,East,Delivered,500.51
3866,660,2024-09-17 22:48:39.692822,0.0,Debit Card,East,Shipped,203.57999999999998
3867,243,2024-11-23 22:48:39.692823,0.0,Debit Card,West,Delivered,2855.99
3868,795,2024-10-25 22:48:39.692824,0.0,Credit Card,North,Processing,3107.78
3869,207,2024-07-31 22:48:39.692824,0.0,Bank Transfer,East,Shipped,995.73
3870,391,2024-08-03 22:48:39.692825,0.0,Debit Card,North,Cancelled,1607.28
3871,746,2025-01-14 22:48:39.692826,0.0,Bank Transfer,North,Processing,1337.04
3872,545,2025-03-21 22:48:39.692827,0.0,PayPal,South,Shipped,711.3
3873,854,2025-01-30 22:48:39.692827,0.0,PayPal,North,Shipped,852.1800000000001
3874,613,2024-09-24 22:48:39.692828,0.0,Bank Transfer,North,Processing,1499.04
3875,588,2025-01-03 22:48:39.692829,0.0,Bank Transfer,South,Delivered,3255.6600000000003
3876,257,2025-03-31 22:48:39.692829,0.0,PayPal,South,Delivered,869.86
3877,431,2025-03-18 22:48:39.692830,0.0,Debit Card,South,Delivered,2916.3199999999997
3878,700,2024-12-20 22:48:39.692831,0.0,Bank Transfer,East,Shipped,16.06
3879,859,2024-12-06 22:48:39.692832,0.0,Debit Card,South,Delivered,1642.75
3880,856,2025-07-03 22:48:39.692832,0.0,Debit Card,North,Delivered,1866.71
3881,654,2025-04-14 22:48:39.692833,0.0,Bank Transfer,North,Delivered,2445.8100000000004
3882,596,2024-09-19 22:48:39.692834,0.0,Debit Card,South,Shipped,846.38
3883,333,2024-10-18 22:48:39.692835,0.0,PayPal,North,Delivered,2580.0
3884,384,2025-03-28 22:48:39.692835,0.0,Bank Transfer,North,Delivered,181.63
3885,596,2025-04-21 22:48:39.692836,0.0,PayPal,North,Delivered,429.84000000000003
3886,962,2024-12-07 22:48:39.692837,0.0,Credit Card,South,Delivered,1351.98
3887,850,2025-07-11 22:48:39.692837,0.0,PayPal,West,Shipped,1756.34
3888,258,2025-01-25 22:48:39.692838,0.0,Debit Card,West,Shipped,2067.79
3889,734,2024-11-13 22:48:39.692839,0.0,Credit Card,North,Processing,1393.41
3890,466,2025-03-08 22:48:39.692840,0.0,PayPal,North,Cancelled,1284.77
3891,279,2024-10-11 22:48:39.692841,0.0,Credit Card,West,Delivered,1020.7
3892,407,2024-11-12 22:48:39.692841,0.0,Credit Card,North,Shipped,2748.86
3893,963,2024-12-16 22:48:39.692842,0.0,PayPal,North,Delivered,1353.03
3894,902,2024-12-31 22:48:39.692843,0.0,PayPal,North,Delivered,583.11
3895,421,2024-10-06 22:48:39.692844,0.0,Bank Transfer,South,Processing,3285.19
3896,313,2025-07-05 22:48:39.692844,0.0,Bank Transfer,East,Delivered,1460.07
3897,346,2025-06-11 22:48:39.692845,0.0,Bank Transfer,East,Shipped,618.36
3898,539,2024-08-09 22:48:39.692846,0.0,Debit Card,West,Shipped,2483.85
3899,887,2024-09-28 22:48:39.692846,0.0,PayPal,South,Cancelled,1585.7800000000002
3900,235,2025-04-10 22:48:39.692847,0.0,Bank Transfer,West,Delivered,3132.69
3901,304,2025-07-02 22:48:39.692848,0.0,Debit Card,West,Delivered,865.18
3902,634,2024-08-22 22:48:39.692849,0.0,Credit Card,South,Delivered,1553.6599999999999
3903,416,2024-10-01 22:48:39.692849,0.0,Credit Card,West,Delivered,3928.06
3904,361,2024-10-10 22:48:39.692850,0.0,Bank Transfer,East,Shipped,975.2199999999999
3905,335,2024-07-31 22:48:39.692851,0.0,PayPal,South,Processing,422.11
3906,756,2024-10-24 22:48:39.692852,0.0,Bank Transfer,South,Delivered,1918.0100000000002
3907,167,2024-11-26 22:48:39.692853,0.0,Credit Card,North,Shipped,2003.31
3908,988,2025-07-18 22:48:39.692853,0.0,Debit Card,South,Processing,2371.5299999999997
3909,956,2025-07-05 22:48:39.692854,0.0,Bank Transfer,West,Delivered,1246.67
3910,821,2024-08-20 22:48:39.692855,0.0,Debit Card,West,Cancelled,460.14
3911,11,2025-04-01 22:48:39.692855,0.0,Bank Transfer,West,Shipped,1454.35
3912,990,2024-10-14 22:48:39.692856,0.0,Debit Card,West,Delivered,1793.28
3913,86,2025-04-27 22:48:39.692857,0.0,Bank Transfer,West,Shipped,1357.02
3914,690,2025-02-22 22:48:39.692858,0.0,Debit Card,North,Shipped,123.97
3915,710,2025-06-01 22:48:39.692858,0.0,Debit Card,South,Delivered,98.63
3916,295,2024-10-10 22:48:39.692859,0.0,Debit Card,North,Shipped,491.42
3917,410,2024-08-27 22:48:39.692860,0.0,Credit Card,South,Processing,974.62
3918,631,2025-07-07 22:48:39.692861,0.0,PayPal,South,Shipped,3549.7299999999996
3919,276,2025-02-15 22:48:39.692861,0.0,PayPal,East,Delivered,355.12
3920,688,2025-04-13 22:48:39.692862,0.0,Debit Card,North,Delivered,211.59
3921,340,2024-11-05 22:48:39.692863,0.0,PayPal,South,Shipped,390.12
3922,832,2024-10-30 22:48:39.692864,0.0,Credit Card,West,Shipped,1270.26
3923,745,2024-10-11 22:48:39.692864,0.0,Debit Card,West,Delivered,2398.48
3924,638,2025-06-27 22:48:39.692865,0.0,Bank Transfer,East,Delivered,2356.9300000000003
3925,559,2025-04-04 22:48:39.692866,0.0,Bank Transfer,West,Delivered,691.5600000000001
3926,378,2025-06-24 22:48:39.692866,0.0,Credit Card,North,Delivered,1072.81
3927,611,2024-11-20 22:48:39.692867,0.0,PayPal,South,Shipped,1570.6399999999999
3928,754,2025-06-23 22:48:39.692868,0.0,PayPal,North,Processing,2120.15
3929,726,2025-01-02 22:48:39.692869,0.0,Credit Card,South,Delivered,199.82
3930,893,2024-07-22 22:48:39.692869,0.0,Bank Transfer,West,Delivered,2934.27
3931,568,2024-12-08 22:48:39.692870,0.0,Credit Card,North,Processing,892.59
3932,53,2025-07-15 22:48:39.692871,0.0,Bank Transfer,South,Delivered,1052.53
3933,242,2025-05-16 22:48:39.692872,0.0,Debit Card,East,Delivered,2318.6
3934,819,2025-01-08 22:48:39.692872,0.0,Credit Card,North,Delivered,1963.6000000000001
3935,606,2024-12-25 22:48:39.692873,0.0,Bank Transfer,East,Delivered,2191.35
3936,582,2025-02-24 22:48:39.692874,0.0,Bank Transfer,North,Shipped,562.46
3937,263,2024-08-27 22:48:39.692875,0.0,Bank Transfer,West,Shipped,3024.12
3938,870,2025-06-14 22:48:39.692875,0.0,Bank Transfer,South,Shipped,1102.27
3939,897,2025-05-25 22:48:39.692876,0.0,Debit Card,North,Delivered,556.86
3940,976,2025-06-09 22:48:39.692877,0.0,Credit Card,West,Processing,2185.56
3941,2,2024-12-28 22:48:39.692878,0.0,PayPal,North,Cancelled,2726.91
3942,753,2025-05-27 22:48:39.692878,0.0,Bank Transfer,East,Shipped,2394.13
3943,773,2025-04-25 22:48:39.692879,0.0,Bank Transfer,South,Delivered,1007.7399999999999
3944,14,2024-12-28 22:48:39.692880,0.0,Credit Card,East,Delivered,1871.6100000000001
3945,765,2024-08-09 22:48:39.692880,0.0,Debit Card,East,Processing,347.73
3946,984,2024-10-16 22:48:39.692881,0.0,Debit Card,East,Delivered,668.9
3947,738,2025-05-08 22:48:39.692882,0.0,Bank Transfer,North,Delivered,273.27
3948,106,2024-12-31 22:48:39.692883,0.0,Credit Card,East,Processing,2451.77
3949,507,2024-11-09 22:48:39.692883,0.0,Debit Card,North,Shipped,1729.7400000000002
3950,203,2025-02-21 22:48:39.692884,0.0,Bank Transfer,East,Processing,152.06
3951,666,2024-12-02 22:48:39.692885,0.0,PayPal,West,Delivered,2086.52
3952,302,2025-04-20 22:48:39.692886,0.0,PayPal,South,Delivered,748.45
3953,513,2024-11-18 22:48:39.692886,0.0,Debit Card,North,Delivered,1310.83
3954,438,2025-03-26 22:48:39.692887,0.0,Bank Transfer,East,Delivered,806.28
3955,609,2025-03-25 22:48:39.692888,0.0,Credit Card,South,Shipped,831.73
3956,109,2024-11-21 22:48:39.692888,0.0,Bank Transfer,East,Delivered,258.43
3957,804,2025-02-16 22:48:39.692889,0.0,Debit Card,East,Delivered,1060.3400000000001
3958,82,2024-12-02 22:48:39.692890,0.0,Bank Transfer,North,Delivered,452.7
3959,976,2025-07-19 22:48:39.692891,0.0,Debit Card,North,Shipped,1639.48
3960,380,2025-03-12 22:48:39.692891,0.0,Bank Transfer,West,Delivered,3020.11
3961,872,2024-10-14 22:48:39.692892,0.0,Bank Transfer,North,Processing,83.84
3962,535,2024-12-16 22:48:39.692893,0.0,Debit Card,East,Processing,1593.74
3963,274,2025-07-17 22:48:39.692894,0.0,Bank Transfer,North,Delivered,1173.78
3964,188,2024-07-22 22:48:39.692894,0.0,Credit Card,South,Shipped,2065.51
3965,375,2025-03-08 22:48:39.692895,0.0,Credit Card,East,Delivered,47.98
3966,347,2024-11-30 22:48:39.692896,0.0,PayPal,East,Delivered,375.59000000000003
3967,563,2025-01-24 22:48:39.692897,0.0,Debit Card,North,Delivered,318.4
3968,363,2025-04-23 22:48:39.692897,0.0,Debit Card,West,Delivered,59.22
3969,561,2024-11-10 22:48:39.692898,0.0,Bank Transfer,North,Shipped,972.5899999999999
3970,563,2025-06-14 22:48:39.692899,0.0,Credit Card,South,Processing,1237.75
3971,939,2024-11-02 22:48:39.692899,0.0,Debit Card,South,Delivered,766.92
3972,743,2025-03-28 22:48:39.692900,0.0,Debit Card,East,Processing,519.95
3973,363,2025-01-03 22:48:39.692901,0.0,Debit Card,East,Delivered,2567.0299999999997
3974,314,2025-03-14 22:48:39.692902,0.0,Credit Card,West,Shipped,2071.89
3975,340,2025-04-04 22:48:39.692902,0.0,Debit Card,South,Processing,428.86
3976,695,2025-03-23 22:48:39.692903,0.0,Credit Card,North,Processing,1909.6799999999998
3977,629,2025-05-26 22:48:39.692904,0.0,Credit Card,East,Delivered,1559.79
3978,775,2025-05-15 22:48:39.692905,0.0,PayPal,East,Cancelled,3634.02
3979,63,2025-05-30 22:48:39.692905,0.0,Credit Card,North,Shipped,2822.5200000000004
3980,733,2025-05-20 22:48:39.692906,0.0,Bank Transfer,East,Processing,1665.7400000000002
3981,173,2025-01-16 22:48:39.692907,0.0,PayPal,West,Delivered,2044.66
3982,835,2025-03-21 22:48:39.692907,0.0,Debit Card,South,Processing,1248.95
3983,754,2024-09-04 22:48:39.692908,0.0,Credit Card,South,Delivered,583.2
3984,5,2025-04-22 22:48:39.692909,0.0,Credit Card,West,Delivered,1269.57
3985,833,2024-09-26 22:48:39.692910,0.0,Credit Card,West,Shipped,674.08
3986,219,2024-08-25 22:48:39.692910,0.0,Credit Card,East,Shipped,732.99
3987,24,2025-01-24 22:48:39.692911,0.0,Debit Card,East,Delivered,1369.0
3988,859,2024-11-19 22:48:39.692912,0.0,Debit Card,East,Shipped,1092.76
3989,48,2025-01-21 22:48:39.692913,0.0,Debit Card,East,Delivered,2875.36
3990,698,2025-07-10 22:48:39.692913,0.0,PayPal,North,Delivered,3042.7799999999997
3991,892,2024-10-01 22:48:39.692914,0.0,Bank Transfer,East,Processing,1828.3
3992,378,2025-06-01 22:48:39.692915,0.0,Bank Transfer,East,Shipped,4757.4
3993,470,2025-03-17 22:48:39.692916,0.0,Bank Transfer,East,Delivered,1586.67
3994,188,2024-09-02 22:48:39.692916,0.0,Credit Card,West,Delivered,2451.52
3995,677,2025-06-18 22:48:39.692917,0.0,Debit Card,East,Delivered,1740.1999999999998
3996,689,2025-05-18 22:48:39.692918,0.0,Debit Card,West,Shipped,710.37
3997,856,2025-06-01 22:48:39.692918,0.0,Bank Transfer,South,Delivered,1590.72
3998,876,2025-06-10 22:48:39.692919,0.0,Bank Transfer,West,Delivered,3893.44
3999,392,2024-10-10 22:48:39.692920,0.0,Bank Transfer,North,Processing,807.19
4000,940,2025-02-16 22:48:39.692921,0.0,Bank Transfer,West,Processing,1563.8400000000001
4001,916,2025-07-09 22:48:39.692921,0.0,Bank Transfer,East,Shipped,348.0
4002,265,2024-12-28 22:48:39.692922,0.0,PayPal,North,Cancelled,1669.1299999999999
4003,54,2024-10-11 22:48:39.692923,0.0,Bank Transfer,East,Delivered,2520.7799999999997
4004,139,2024-11-09 22:48:39.692924,0.0,Debit Card,South,Shipped,793.17
4005,307,2024-08-22 22:48:39.692924,0.0,Debit Card,South,Delivered,152.56
4006,966,2025-03-22 22:48:39.692925,0.0,PayPal,North,Processing,2115.67
4007,965,2024-11-07 22:48:39.692926,0.0,Bank Transfer,West,Delivered,1368.31
4008,736,2024-09-18 22:48:39.692927,0.0,Bank Transfer,West,Delivered,3465.38
4009,963,2025-05-11 22:48:39.692927,0.0,Debit Card,West,Shipped,1849.4499999999998
4010,754,2025-03-11 22:48:39.692928,0.0,Debit Card,North,Shipped,1797.3899999999999
4011,258,2025-06-12 22:48:39.692929,0.0,Bank Transfer,North,Processing,2440.67
4012,478,2024-08-28 22:48:39.692930,0.0,Credit Card,East,Shipped,541.78
4013,459,2025-03-26 22:48:39.692930,0.0,PayPal,North,Delivered,95.91000000000001
4014,919,2024-07-24 22:48:39.692931,0.0,Bank Transfer,North,Delivered,310.08
4015,15,2025-06-27 22:48:39.692932,0.0,Debit Card,North,Cancelled,1973.1200000000001
4016,927,2025-03-18 22:48:39.692932,0.0,PayPal,North,Shipped,1346.71
4017,407,2025-05-13 22:48:39.692933,0.0,PayPal,West,Delivered,2440.9500000000003
4018,180,2025-06-22 22:48:39.692934,0.0,Credit Card,South,Delivered,1634.26
4019,151,2024-11-12 22:48:39.692935,0.0,Credit Card,North,Delivered,2281.23
4020,537,2025-04-25 22:48:39.692935,0.0,Debit Card,East,Delivered,1898.13
4021,262,2024-09-19 22:48:39.692936,0.0,Credit Card,North,Delivered,4282.360000000001
4022,150,2025-06-15 22:48:39.692937,0.0,Bank Transfer,South,Delivered,3641.3199999999997
4023,235,2025-02-20 22:48:39.692938,0.0,Bank Transfer,South,Delivered,418.98
4024,129,2025-02-13 22:48:39.692939,0.0,Bank Transfer,South,Delivered,471.54
4025,321,2025-03-06 22:48:39.692939,0.0,Bank Transfer,North,Processing,2019.93
4026,753,2024-12-02 22:48:39.692940,0.0,Bank Transfer,East,Delivered,2515.55
4027,549,2025-01-15 22:48:39.692941,0.0,PayPal,North,Delivered,1916.59
4028,674,2024-09-06 22:48:39.692942,0.0,PayPal,East,Shipped,496.04999999999995
4029,387,2025-06-22 22:48:39.692942,0.0,Debit Card,West,Delivered,805.14
4030,124,2024-07-24 22:48:39.692943,0.0,PayPal,North,Shipped,1002.84
4031,654,2025-07-02 22:48:39.692944,0.0,Bank Transfer,North,Shipped,1321.1799999999998
4032,766,2024-08-31 22:48:39.692945,0.0,Credit Card,West,Processing,2091.89
4033,869,2025-04-25 22:48:39.692945,0.0,PayPal,West,Processing,692.09
4034,176,2024-11-12 22:48:39.692946,0.0,PayPal,West,Delivered,2374.25
4035,923,2025-01-09 22:48:39.692947,0.0,PayPal,West,Shipped,2293.87
4036,998,2024-10-02 22:48:39.692948,0.0,Debit Card,South,Delivered,407.46
4037,350,2024-09-25 22:48:39.692948,0.0,PayPal,North,Shipped,2177.64
4038,310,2025-06-10 22:48:39.692950,0.0,Credit Card,South,Delivered,1204.46
4039,923,2024-11-17 22:48:39.692951,0.0,Debit Card,East,Processing,1211.6399999999999
4040,724,2025-03-22 22:48:39.692952,0.0,Credit Card,South,Delivered,3625.3700000000003
4041,671,2025-01-13 22:48:39.692952,0.0,Debit Card,West,Processing,1317.39
4042,83,2025-02-27 22:48:39.692953,0.0,PayPal,North,Shipped,1234.24
4043,661,2025-01-13 22:48:39.692954,0.0,PayPal,East,Delivered,4324.59
4044,609,2025-01-29 22:48:39.692955,0.0,PayPal,South,Delivered,538.95
4045,489,2025-06-07 22:48:39.692955,0.0,Credit Card,West,Delivered,149.85
4046,336,2025-03-02 22:48:39.692956,0.0,Credit Card,North,Shipped,3692.66
4047,991,2025-01-18 22:48:39.692957,0.0,PayPal,West,Delivered,235.77
4048,836,2024-09-12 22:48:39.692957,0.0,Debit Card,North,Delivered,2978.91
4049,730,2024-09-11 22:48:39.692958,0.0,Debit Card,West,Delivered,395.52
4050,517,2025-01-23 22:48:39.692959,0.0,Credit Card,South,Shipped,1542.0900000000001
4051,365,2025-02-24 22:48:39.692960,0.0,Debit Card,East,Shipped,547.44
4052,122,2025-04-25 22:48:39.692960,0.0,Bank Transfer,North,Delivered,1030.8899999999999
4053,849,2024-11-25 22:48:39.692961,0.0,PayPal,South,Delivered,495.48
4054,483,2024-11-07 22:48:39.692962,0.0,Bank Transfer,East,Shipped,2316.55
4055,283,2024-12-27 22:48:39.692963,0.0,Credit Card,East,Shipped,2056.22
4056,916,2025-04-09 22:48:39.692963,0.0,PayPal,North,Delivered,2474.5099999999998
4057,866,2025-07-19 22:48:39.692964,0.0,Credit Card,North,Processing,608.61
4058,444,2025-05-27 22:48:39.692965,0.0,Bank Transfer,South,Processing,209.3
4059,280,2024-12-18 22:48:39.692965,0.0,Bank Transfer,North,Shipped,1038.09
4060,207,2025-05-26 22:48:39.692966,0.0,Debit Card,East,Processing,1806.1
4061,594,2024-10-05 22:48:39.692967,0.0,PayPal,East,Delivered,1881.1699999999998
4062,989,2025-03-09 22:48:39.692968,0.0,Credit Card,West,Delivered,4212.3
4063,194,2025-03-09 22:48:39.692968,0.0,Credit Card,West,Delivered,1546.43
4064,596,2024-11-17 22:48:39.692969,0.0,Debit Card,East,Delivered,335.96
4065,740,2025-01-11 22:48:39.692970,0.0,PayPal,East,Delivered,1217.26
4066,618,2025-05-13 22:48:39.692970,0.0,PayPal,West,Delivered,950.91
4067,529,2025-06-14 22:48:39.692971,0.0,Debit Card,South,Shipped,232.11
4068,320,2025-02-13 22:48:39.692972,0.0,Debit Card,East,Delivered,966.72
4069,713,2024-08-23 22:48:39.692973,0.0,PayPal,East,Cancelled,1130.45
4070,357,2025-04-01 22:48:39.692973,0.0,Debit Card,West,Delivered,1966.02
4071,753,2025-04-22 22:48:39.692974,0.0,Debit Card,West,Processing,739.94
4072,968,2025-05-27 22:48:39.692975,0.0,Debit Card,East,Delivered,1267.99
4073,726,2024-09-23 22:48:39.692976,0.0,Bank Transfer,East,Delivered,2419.56
4074,280,2025-02-26 22:48:39.692976,0.0,PayPal,East,Delivered,1377.33
4075,162,2025-05-14 22:48:39.692977,0.0,Debit Card,East,Processing,3456.1
4076,946,2025-03-26 22:48:39.692978,0.0,Debit Card,South,Shipped,4656.799999999999
4077,188,2025-04-29 22:48:39.692979,0.0,Debit Card,South,Delivered,676.0799999999999
4078,784,2024-08-17 22:48:39.692980,0.0,PayPal,East,Processing,132.86
4079,797,2025-02-21 22:48:39.692980,0.0,Credit Card,South,Delivered,1179.48
4080,571,2025-05-03 22:48:39.692981,0.0,Credit Card,North,Delivered,3224.7599999999998
4081,4,2024-11-15 22:48:39.692982,0.0,Credit Card,North,Shipped,1082.9099999999999
4082,892,2024-12-18 22:48:39.692983,0.0,PayPal,North,Delivered,2293.06
4083,758,2025-03-15 22:48:39.692983,0.0,Debit Card,South,Processing,1440.21
4084,205,2025-04-22 22:48:39.692984,0.0,Credit Card,South,Processing,1934.67
4085,726,2024-07-24 22:48:39.692985,0.0,Bank Transfer,South,Shipped,1753.61
4086,242,2024-08-04 22:48:39.692985,0.0,Bank Transfer,South,Shipped,1677.56
4087,722,2025-07-09 22:48:39.692986,0.0,Credit Card,West,Delivered,1664.33
4088,740,2024-09-06 22:48:39.692987,0.0,Debit Card,West,Delivered,634.7199999999999
4089,378,2025-06-20 22:48:39.692988,0.0,Debit Card,East,Delivered,1950.3200000000002
4090,433,2024-09-05 22:48:39.692988,0.0,PayPal,East,Delivered,2241.61
4091,494,2025-07-03 22:48:39.692989,0.0,Bank Transfer,North,Cancelled,319.28999999999996
4092,134,2024-09-27 22:48:39.692990,0.0,Bank Transfer,East,Delivered,1547.34
4093,261,2024-10-21 22:48:39.692991,0.0,PayPal,West,Delivered,1122.1
4094,157,2025-06-03 22:48:39.692991,0.0,Debit Card,West,Processing,830.73
4095,197,2025-01-24 22:48:39.692992,0.0,PayPal,South,Shipped,1366.5
4096,265,2024-10-06 22:48:39.692993,0.0,Bank Transfer,West,Shipped,1188.6
4097,723,2025-07-14 22:48:39.692994,0.0,Bank Transfer,East,Delivered,1587.93
4098,430,2025-01-21 22:48:39.692994,0.0,Bank Transfer,East,Delivered,1419.28
4099,771,2025-01-28 22:48:39.692995,0.0,PayPal,West,Shipped,2144.16
4100,355,2024-08-25 22:48:39.692996,0.0,Debit Card,West,Shipped,1045.02
4101,447,2025-03-21 22:48:39.692997,0.0,Bank Transfer,East,Delivered,1223.19
4102,677,2024-09-28 22:48:39.692997,0.0,Debit Card,East,Delivered,1716.73
4103,409,2024-09-07 22:48:39.692998,0.0,Credit Card,West,Processing,2985.5600000000004
4104,159,2024-09-17 22:48:39.692999,0.0,PayPal,East,Shipped,1080.72
4105,371,2025-06-26 22:48:39.693000,0.0,Bank Transfer,North,Shipped,457.84000000000003
4106,922,2024-10-05 22:48:39.693000,0.0,PayPal,East,Processing,628.83
4107,337,2024-09-05 22:48:39.693001,0.0,Debit Card,South,Processing,2126.84
4108,214,2025-01-11 22:48:39.693002,0.0,Bank Transfer,West,Delivered,2727.01
4109,34,2025-04-11 22:48:39.693003,0.0,PayPal,South,Delivered,1260.03
4110,363,2025-03-01 22:48:39.693003,0.0,PayPal,North,Delivered,3251.33
4111,51,2025-06-27 22:48:39.693004,0.0,PayPal,East,Delivered,1789.94
4112,377,2025-04-08 22:48:39.693005,0.0,PayPal,East,Delivered,428.57
4113,1000,2025-06-07 22:48:39.693006,0.0,Bank Transfer,North,Delivered,701.4300000000001
4114,666,2025-02-09 22:48:39.693006,0.0,Bank Transfer,East,Shipped,587.4200000000001
4115,973,2024-12-06 22:48:39.693007,0.0,Debit Card,North,Shipped,1943.34
4116,222,2024-10-20 22:48:39.693008,0.0,Debit Card,West,Delivered,1447.66
4117,910,2025-01-30 22:48:39.693009,0.0,PayPal,North,Shipped,1547.32
4118,448,2024-11-13 22:48:39.693009,0.0,Credit Card,West,Delivered,2238.18
4119,551,2024-09-05 22:48:39.693010,0.0,PayPal,East,Shipped,1208.14
4120,993,2025-03-14 22:48:39.693011,0.0,Credit Card,East,Delivered,2003.18
4121,645,2024-08-12 22:48:39.693012,0.0,Debit Card,North,Processing,826.9300000000001
4122,502,2025-03-14 22:48:39.693012,0.0,PayPal,West,Delivered,330.1
4123,442,2025-04-11 22:48:39.693013,0.0,Credit Card,North,Shipped,1234.73
4124,410,2025-05-30 22:48:39.693014,0.0,Debit Card,East,Processing,764.7
4125,829,2024-07-22 22:48:39.693015,0.0,Credit Card,West,Delivered,2454.4399999999996
4126,351,2025-01-20 22:48:39.693015,0.0,PayPal,North,Processing,3233.48
4127,740,2025-07-10 22:48:39.693016,0.0,PayPal,South,Shipped,1069.6
4128,225,2025-03-14 22:48:39.693017,0.0,PayPal,West,Delivered,928.8299999999999
4129,507,2024-09-17 22:48:39.693017,0.0,Credit Card,North,Shipped,1732.8
4130,101,2024-12-02 22:48:39.693018,0.0,Debit Card,East,Processing,430.49
4131,864,2024-09-02 22:48:39.693019,0.0,Credit Card,North,Shipped,456.87
4132,245,2025-06-06 22:48:39.693020,0.0,Bank Transfer,West,Processing,452.7
4133,629,2025-03-18 22:48:39.693020,0.0,Bank Transfer,South,Delivered,758.46
4134,580,2025-03-24 22:48:39.693021,0.0,Bank Transfer,South,Delivered,511.68
4135,956,2024-10-24 22:48:39.693022,0.0,PayPal,South,Shipped,317.55
4136,360,2025-01-31 22:48:39.693023,0.0,Credit Card,West,Processing,2617.33
4137,634,2025-03-31 22:48:39.693023,0.0,Credit Card,East,Shipped,659.16
4138,76,2024-07-30 22:48:39.693024,0.0,Debit Card,East,Processing,573.77
4139,643,2025-02-18 22:48:39.693025,0.0,Credit Card,North,Delivered,628.83
4140,560,2024-11-29 22:48:39.693026,0.0,Credit Card,West,Processing,3081.62
4141,11,2025-05-14 22:48:39.693026,0.0,PayPal,West,Delivered,2467.4
4142,753,2024-11-15 22:48:39.693027,0.0,Credit Card,East,Delivered,1818.3200000000002
4143,91,2024-08-16 22:48:39.693028,0.0,PayPal,East,Cancelled,2231.6
4144,443,2025-06-09 22:48:39.693028,0.0,PayPal,North,Delivered,1836.06
4145,846,2024-09-07 22:48:39.693029,0.0,Debit Card,East,Shipped,2640.62
4146,586,2025-03-12 22:48:39.693030,0.0,Credit Card,North,Shipped,1486.47
4147,88,2025-06-25 22:48:39.693031,0.0,Bank Transfer,West,Shipped,1344.72
4148,831,2024-09-26 22:48:39.693031,0.0,Debit Card,South,Shipped,3196.11
4149,168,2024-12-20 22:48:39.693032,0.0,Debit Card,South,Processing,926.76
4150,142,2024-08-12 22:48:39.693033,0.0,PayPal,North,Shipped,1527.8500000000001
4151,794,2025-03-15 22:48:39.693034,0.0,Bank Transfer,North,Delivered,1797.73
4152,997,2024-09-03 22:48:39.693034,0.0,PayPal,North,Shipped,1248.0
4153,81,2025-01-04 22:48:39.693035,0.0,Debit Card,North,Delivered,1357.02
4154,489,2025-01-05 22:48:39.693036,0.0,PayPal,West,Shipped,1388.68
4155,339,2024-09-24 22:48:39.693037,0.0,PayPal,North,Delivered,14.91
4156,654,2025-05-06 22:48:39.693037,0.0,Credit Card,South,Processing,1543.46
4157,326,2025-02-12 22:48:39.693038,0.0,Debit Card,West,Delivered,546.54
4158,794,2025-01-12 22:48:39.693039,0.0,Bank Transfer,West,Delivered,1182.52
4159,934,2025-02-22 22:48:39.693039,0.0,PayPal,West,Shipped,2226.66
4160,199,2025-02-26 22:48:39.693040,0.0,Credit Card,East,Processing,129.72
4161,347,2025-05-13 22:48:39.693041,0.0,PayPal,East,Processing,2816.34
4162,789,2025-03-05 22:48:39.693042,0.0,Debit Card,North,Shipped,832.39
4163,438,2024-11-22 22:48:39.693042,0.0,Debit Card,East,Processing,1011.6600000000001
4164,156,2024-07-27 22:48:39.693043,0.0,Credit Card,North,Delivered,2224.03
4165,186,2024-12-04 22:48:39.693044,0.0,Bank Transfer,East,Shipped,2043.73
4166,912,2024-12-24 22:48:39.693044,0.0,Credit Card,East,Delivered,233.81
4167,124,2024-09-17 22:48:39.693045,0.0,Debit Card,East,Delivered,1654.52
4168,662,2024-11-12 22:48:39.693046,0.0,PayPal,West,Processing,1499.1999999999998
4169,859,2025-04-01 22:48:39.693047,0.0,Bank Transfer,South,Shipped,69.93
4170,965,2024-07-29 22:48:39.693047,0.0,Credit Card,East,Delivered,1930.03
4171,245,2025-05-27 22:48:39.693048,0.0,PayPal,East,Shipped,353.65999999999997
4172,830,2024-10-15 22:48:39.693049,0.0,Debit Card,North,Processing,1500.35
4173,271,2024-12-10 22:48:39.693050,0.0,Debit Card,East,Processing,295.77
4174,975,2025-05-01 22:48:39.693050,0.0,Bank Transfer,East,Delivered,1012.96
4175,800,2024-11-20 22:48:39.693051,0.0,PayPal,South,Delivered,1206.88
4176,802,2025-04-14 22:48:39.693052,0.0,Credit Card,East,Shipped,296.32
4177,211,2025-04-21 22:48:39.693053,0.0,PayPal,South,Shipped,615.8399999999999
4178,373,2025-03-24 22:48:39.693053,0.0,Bank Transfer,West,Delivered,1607.67
4179,785,2024-11-30 22:48:39.693054,0.0,PayPal,South,Cancelled,1627.84
4180,756,2024-12-26 22:48:39.693055,0.0,Credit Card,East,Processing,1453.93
4181,580,2025-04-30 22:48:39.693055,0.0,PayPal,West,Delivered,3719.28
4182,181,2025-03-15 22:48:39.693056,0.0,Debit Card,West,Processing,143.28
4183,746,2025-04-10 22:48:39.693057,0.0,Credit Card,South,Processing,864.08
4184,19,2024-09-19 22:48:39.693058,0.0,Debit Card,North,Shipped,13.16
4185,430,2025-04-06 22:48:39.693058,0.0,Bank Transfer,North,Delivered,1489.3200000000002
4186,902,2025-05-10 22:48:39.693059,0.0,Credit Card,North,Processing,1996.88
4187,536,2024-09-26 22:48:39.693060,0.0,PayPal,South,Processing,222.7
4188,710,2024-12-16 22:48:39.693060,0.0,Debit Card,East,Delivered,1848.0700000000002
4189,134,2024-09-05 22:48:39.693061,0.0,PayPal,East,Delivered,1914.18
4190,374,2024-09-05 22:48:39.693062,0.0,Bank Transfer,East,Processing,967.56
4191,506,2024-07-25 22:48:39.693063,0.0,Bank Transfer,South,Shipped,831.2
4192,388,2025-07-19 22:48:39.693064,0.0,Debit Card,West,Delivered,3336.36
4193,189,2025-02-15 22:48:39.693064,0.0,Bank Transfer,South,Processing,288.34
4194,492,2025-05-05 22:48:39.693065,0.0,PayPal,West,Processing,449.89
4195,543,2025-06-17 22:48:39.693066,0.0,Bank Transfer,South,Shipped,2433.3
4196,881,2025-05-22 22:48:39.693066,0.0,Credit Card,South,Shipped,1922.24
4197,571,2024-10-10 22:48:39.693067,0.0,Debit Card,East,Delivered,1053.26
4198,505,2025-05-19 22:48:39.693068,0.0,PayPal,East,Delivered,1722.16
4199,593,2024-12-14 22:48:39.693069,0.0,PayPal,South,Delivered,2075.2599999999998
4200,547,2025-02-03 22:48:39.693069,0.0,Bank Transfer,North,Delivered,2429.13
4201,235,2025-01-02 22:48:39.693070,0.0,PayPal,West,Delivered,435.4
4202,645,2024-11-03 22:48:39.693071,0.0,Credit Card,South,Shipped,1779.21
4203,365,2025-02-18 22:48:39.693072,0.0,PayPal,South,Processing,2414.99
4204,574,2025-02-02 22:48:39.693072,0.0,Bank Transfer,West,Delivered,471.15
4205,262,2025-06-09 22:48:39.693073,0.0,Credit Card,North,Shipped,1444.0
4206,764,2025-03-02 22:48:39.693074,0.0,PayPal,West,Delivered,1192.1100000000001
4207,553,2025-04-03 22:48:39.693075,0.0,Debit Card,South,Shipped,1929.1399999999999
4208,562,2024-10-12 22:48:39.693075,0.0,Debit Card,North,Shipped,2646.4700000000003
4209,787,2025-07-06 22:48:39.693076,0.0,Credit Card,North,Shipped,767.52
4210,53,2024-10-26 22:48:39.693077,0.0,Credit Card,South,Processing,1586.5900000000001
4211,857,2025-01-28 22:48:39.693078,0.0,Bank Transfer,East,Delivered,1519.9099999999999
4212,735,2024-11-23 22:48:39.693078,0.0,PayPal,North,Shipped,3138.58
4213,817,2024-09-02 22:48:39.693079,0.0,Debit Card,West,Delivered,400.94
4214,607,2024-09-22 22:48:39.693080,0.0,Credit Card,North,Processing,1117.0900000000001
4215,68,2025-02-11 22:48:39.693081,0.0,PayPal,East,Delivered,1444.81
4216,215,2024-10-02 22:48:39.693081,0.0,PayPal,West,Shipped,2843.6000000000004
4217,180,2025-04-24 22:48:39.693082,0.0,Credit Card,East,Delivered,900.9399999999999
4218,173,2025-02-10 22:48:39.693083,0.0,Debit Card,East,Shipped,2016.43
4219,647,2025-07-08 22:48:39.693083,0.0,Bank Transfer,East,Cancelled,2503.82
4220,450,2025-01-12 22:48:39.693084,0.0,Debit Card,East,Cancelled,1862.98
4221,2,2025-02-07 22:48:39.693085,0.0,Credit Card,West,Delivered,1562.9699999999998
4222,244,2024-11-18 22:48:39.693086,0.0,PayPal,East,Delivered,2169.44
4223,837,2024-09-02 22:48:39.693086,0.0,Bank Transfer,South,Delivered,948.68
4224,894,2024-12-15 22:48:39.693087,0.0,Bank Transfer,South,Processing,1444.38
4225,494,2025-03-16 22:48:39.693088,0.0,Credit Card,East,Shipped,2208.0899999999997
4226,672,2024-10-12 22:48:39.693089,0.0,Debit Card,West,Processing,2874.4700000000003
4227,197,2025-01-27 22:48:39.693089,0.0,Credit Card,North,Processing,1171.38
4228,265,2024-09-28 22:48:39.693090,0.0,Bank Transfer,West,Processing,1394.12
4229,942,2025-01-25 22:48:39.693091,0.0,Debit Card,East,Shipped,715.12
4230,475,2024-08-25 22:48:39.693092,0.0,Bank Transfer,South,Processing,1068.48
4231,56,2025-05-04 22:48:39.693092,0.0,Credit Card,North,Processing,951.91
4232,355,2024-10-28 22:48:39.693093,0.0,Credit Card,South,Processing,542.63
4233,37,2025-04-20 22:48:39.693094,0.0,Credit Card,North,Shipped,550.38
4234,417,2025-03-18 22:48:39.693095,0.0,Bank Transfer,North,Delivered,326.97
4235,978,2025-01-12 22:48:39.693095,0.0,Bank Transfer,West,Processing,1060.6200000000001
4236,559,2025-07-02 22:48:39.693096,0.0,Credit Card,South,Shipped,429.84000000000003
4237,509,2024-12-28 22:48:39.693097,0.0,PayPal,South,Delivered,2450.14
4238,558,2025-05-13 22:48:39.693097,0.0,PayPal,East,Cancelled,543.0799999999999
4239,915,2024-11-26 22:48:39.693098,0.0,Bank Transfer,East,Shipped,1302.77
4240,117,2024-11-02 22:48:39.693099,0.0,Bank Transfer,South,Shipped,1985.18
4241,229,2024-07-28 22:48:39.693100,0.0,Bank Transfer,West,Delivered,66.56
4242,302,2024-08-14 22:48:39.693100,0.0,PayPal,South,Delivered,2261.4700000000003
4243,618,2024-11-15 22:48:39.693101,0.0,Bank Transfer,East,Shipped,1941.34
4244,537,2024-08-05 22:48:39.693102,0.0,Credit Card,South,Delivered,2681.49
4245,934,2025-04-28 22:48:39.693103,0.0,Bank Transfer,East,Processing,1903.53
4246,878,2024-09-11 22:48:39.693103,0.0,Bank Transfer,East,Shipped,2157.03
4247,212,2025-03-10 22:48:39.693104,0.0,Bank Transfer,South,Delivered,592.61
4248,549,2025-04-24 22:48:39.693105,0.0,PayPal,North,Shipped,726.79
4249,713,2024-08-12 22:48:39.693105,0.0,PayPal,North,Delivered,1572.4
4250,275,2024-08-19 22:48:39.693106,0.0,Bank Transfer,South,Shipped,1641.93
4251,322,2025-05-06 22:48:39.693107,0.0,Credit Card,East,Delivered,1128.97
4252,229,2025-01-18 22:48:39.693108,0.0,Credit Card,South,Delivered,2415.91
4253,835,2024-08-07 22:48:39.693108,0.0,Bank Transfer,North,Cancelled,1212.2
4254,518,2024-09-26 22:48:39.693109,0.0,Bank Transfer,North,Shipped,1276.4499999999998
4255,970,2024-12-29 22:48:39.693110,0.0,Debit Card,West,Shipped,2901.95
4256,364,2025-05-10 22:48:39.693111,0.0,Credit Card,East,Delivered,2652.68
4257,853,2024-12-18 22:48:39.693111,0.0,Credit Card,South,Shipped,967.58
4258,463,2025-07-05 22:48:39.693112,0.0,Debit Card,South,Processing,1088.6399999999999
4259,598,2024-09-25 22:48:39.693113,0.0,Debit Card,South,Cancelled,48.17999999999999
4260,911,2025-01-04 22:48:39.693114,0.0,Debit Card,South,Processing,1642.07
4261,757,2024-07-31 22:48:39.693114,0.0,Credit Card,North,Delivered,4224.3
4262,377,2025-03-27 22:48:39.693115,0.0,PayPal,East,Delivered,2799.57
4263,222,2025-04-14 22:48:39.693116,0.0,PayPal,West,Processing,2151.0
4264,776,2024-10-08 22:48:39.693116,0.0,PayPal,West,Delivered,2948.66
4265,54,2024-10-08 22:48:39.693117,0.0,PayPal,South,Shipped,470.9
4266,878,2025-05-28 22:48:39.693118,0.0,PayPal,North,Delivered,2091.72
4267,52,2025-02-02 22:48:39.693119,0.0,Credit Card,East,Delivered,487.09000000000003
4268,219,2024-12-30 22:48:39.693119,0.0,PayPal,North,Delivered,981.52
4269,531,2025-05-23 22:48:39.693120,0.0,Bank Transfer,West,Delivered,943.0600000000001
4270,52,2025-01-18 22:48:39.693121,0.0,Credit Card,North,Delivered,2523.8199999999997
4271,749,2025-06-11 22:48:39.693122,0.0,PayPal,South,Shipped,933.26
4272,781,2024-10-21 22:48:39.693122,0.0,PayPal,North,Shipped,955.4100000000001
4273,917,2025-04-04 22:48:39.693123,0.0,Credit Card,West,Shipped,2234.67
4274,65,2024-08-15 22:48:39.693124,0.0,PayPal,North,Delivered,2117.52
4275,48,2024-08-11 22:48:39.693125,0.0,Credit Card,South,Processing,2607.03
4276,908,2025-01-16 22:48:39.693125,0.0,PayPal,North,Delivered,4028.98
4277,198,2024-08-13 22:48:39.693126,0.0,Credit Card,South,Shipped,1955.33
4278,627,2025-07-15 22:48:39.693127,0.0,Bank Transfer,West,Processing,1030.21
4279,305,2024-09-22 22:48:39.693127,0.0,Bank Transfer,East,Shipped,89.54
4280,403,2024-10-03 22:48:39.693128,0.0,Bank Transfer,South,Processing,517.77
4281,7,2025-05-09 22:48:39.693129,0.0,PayPal,West,Delivered,1222.29
4282,417,2025-04-07 22:48:39.693130,0.0,Debit Card,South,Delivered,2909.6800000000003
4283,676,2024-10-16 22:48:39.693130,0.0,Bank Transfer,South,Shipped,760.35
4284,148,2024-07-24 22:48:39.693131,0.0,Credit Card,East,Delivered,988.15
4285,670,2025-04-02 22:48:39.693132,0.0,PayPal,West,Shipped,1246.2900000000002
4286,396,2025-06-20 22:48:39.693133,0.0,Bank Transfer,East,Shipped,544.2
4287,666,2024-08-01 22:48:39.693133,0.0,PayPal,North,Delivered,805.08
4288,349,2024-07-28 22:48:39.693134,0.0,Debit Card,North,Shipped,1243.0
4289,51,2024-08-15 22:48:39.693135,0.0,Credit Card,East,Delivered,544.09
4290,602,2024-10-20 22:48:39.693135,0.0,Credit Card,North,Processing,1262.98
4291,38,2025-05-06 22:48:39.693136,0.0,Debit Card,West,Shipped,2145.57
4292,749,2025-06-16 22:48:39.693137,0.0,Bank Transfer,East,Delivered,1987.75
4293,96,2025-06-05 22:48:39.693138,0.0,Debit Card,North,Delivered,1408.25
4294,156,2024-11-08 22:48:39.693138,0.0,Credit Card,North,Processing,1450.45
4295,99,2025-02-08 22:48:39.693139,0.0,PayPal,East,Delivered,2137.69
4296,510,2024-12-30 22:48:39.693140,0.0,Credit Card,North,Processing,2470.3900000000003
4297,598,2024-10-26 22:48:39.693141,0.0,Debit Card,South,Delivered,1428.93
4298,1000,2025-01-03 22:48:39.693141,0.0,PayPal,North,Shipped,343.82
4299,920,2025-02-25 22:48:39.693142,0.0,Credit Card,South,Delivered,209.3
4300,759,2025-04-01 22:48:39.693143,0.0,PayPal,West,Shipped,1939.81
4301,114,2025-04-23 22:48:39.693143,0.0,Credit Card,North,Delivered,1589.92
4302,848,2024-10-17 22:48:39.693144,0.0,Bank Transfer,West,Processing,255.49
4303,817,2025-05-29 22:48:39.693145,0.0,Bank Transfer,North,Shipped,1670.1100000000001
4304,231,2025-05-20 22:48:39.693146,0.0,Debit Card,West,Delivered,2379.52
4305,67,2025-05-12 22:48:39.693146,0.0,Credit Card,West,Processing,1960.14
4306,786,2025-06-29 22:48:39.693147,0.0,Credit Card,North,Cancelled,1556.61
4307,410,2024-11-05 22:48:39.693148,0.0,PayPal,South,Shipped,2493.2
4308,53,2024-10-30 22:48:39.693149,0.0,Debit Card,West,Shipped,2308.86
4309,64,2025-06-11 22:48:39.693149,0.0,Debit Card,West,Shipped,2622.21
4310,324,2025-04-22 22:48:39.693150,0.0,Debit Card,West,Delivered,2362.98
4311,315,2024-10-18 22:48:39.693151,0.0,Debit Card,North,Shipped,1290.0
4312,639,2024-08-01 22:48:39.693152,0.0,Bank Transfer,South,Shipped,946.8799999999999
4313,729,2025-02-02 22:48:39.693153,0.0,PayPal,East,Processing,433.18000000000006
4314,170,2025-03-26 22:48:39.693153,0.0,Bank Transfer,East,Processing,1630.1399999999999
4315,154,2025-04-24 22:48:39.693154,0.0,PayPal,West,Shipped,1038.87
4316,279,2024-11-27 22:48:39.693155,0.0,PayPal,East,Processing,512.61
4317,442,2024-12-17 22:48:39.693156,0.0,Bank Transfer,East,Delivered,1818.08
4318,123,2025-05-04 22:48:39.693156,0.0,Debit Card,West,Delivered,1021.1200000000001
4319,299,2025-04-03 22:48:39.693157,0.0,PayPal,South,Processing,2250.39
4320,916,2025-02-03 22:48:39.693158,0.0,Credit Card,North,Processing,1098.63
4321,934,2025-05-22 22:48:39.693158,0.0,Debit Card,West,Shipped,1763.6399999999999
4322,474,2024-11-29 22:48:39.693159,0.0,Credit Card,West,Processing,470.48
4323,723,2025-05-25 22:48:39.693160,0.0,Debit Card,North,Delivered,420.02
4324,182,2025-01-27 22:48:39.693161,0.0,PayPal,North,Shipped,2648.06
4325,508,2025-05-03 22:48:39.693161,0.0,PayPal,East,Shipped,69.93
4326,985,2025-04-02 22:48:39.693162,0.0,PayPal,North,Delivered,2234.7300000000005
4327,942,2025-04-21 22:48:39.693163,0.0,Bank Transfer,North,Cancelled,2698.35
4328,794,2024-12-07 22:48:39.693163,0.0,PayPal,North,Shipped,1149.59
4329,374,2024-11-15 22:48:39.693164,0.0,PayPal,East,Delivered,1055.52
4330,181,2025-02-27 22:48:39.693165,0.0,PayPal,East,Delivered,352.4
4331,462,2025-01-04 22:48:39.693166,0.0,Credit Card,South,Processing,1736.26
4332,54,2025-03-13 22:48:39.693166,0.0,Bank Transfer,West,Shipped,1581.1000000000001
4333,417,2025-02-06 22:48:39.693167,0.0,PayPal,West,Shipped,311.48
4334,904,2025-02-09 22:48:39.693168,0.0,Bank Transfer,North,Shipped,1504.98
4335,481,2025-04-05 22:48:39.693169,0.0,Credit Card,South,Delivered,768.35
4336,217,2024-08-11 22:48:39.693169,0.0,PayPal,West,Delivered,405.74
4337,471,2025-02-07 22:48:39.693170,0.0,Credit Card,South,Shipped,1462.77
4338,593,2025-02-06 22:48:39.693171,0.0,Debit Card,South,Delivered,692.27
4339,670,2024-11-24 22:48:39.693171,0.0,Bank Transfer,East,Processing,2683.61
4340,100,2025-01-05 22:48:39.693172,0.0,Credit Card,West,Shipped,2396.94
4341,548,2024-09-08 22:48:39.693173,0.0,Bank Transfer,North,Shipped,700.64
4342,482,2024-12-19 22:48:39.693174,0.0,PayPal,North,Shipped,2485.06
4343,366,2025-05-30 22:48:39.693174,0.0,PayPal,North,Delivered,550.04
4344,663,2025-06-16 22:48:39.693175,0.0,Credit Card,North,Shipped,125.65
4345,190,2025-05-06 22:48:39.693176,0.0,Bank Transfer,West,Delivered,1268.54
4346,48,2025-04-24 22:48:39.693177,0.0,PayPal,East,Delivered,1255.4
4347,255,2024-09-02 22:48:39.693177,0.0,PayPal,North,Delivered,1785.06
4348,302,2025-07-01 22:48:39.693178,0.0,Bank Transfer,North,Shipped,1764.8700000000001
4349,533,2025-02-24 22:48:39.693179,0.0,PayPal,North,Processing,247.94
4350,340,2024-10-23 22:48:39.693180,0.0,PayPal,North,Processing,1734.91
4351,58,2025-02-21 22:48:39.693180,0.0,Debit Card,South,Delivered,3329.0
4352,197,2025-06-06 22:48:39.693181,0.0,Debit Card,West,Processing,1910.75
4353,610,2025-02-13 22:48:39.693182,0.0,PayPal,West,Cancelled,2714.4
4354,505,2025-02-12 22:48:39.693182,0.0,PayPal,North,Shipped,303.65999999999997
4355,414,2025-02-12 22:48:39.693183,0.0,Debit Card,South,Processing,3912.6
4356,760,2025-07-13 22:48:39.693184,0.0,Credit Card,East,Processing,730.14
4357,391,2024-10-11 22:48:39.693185,0.0,Bank Transfer,South,Delivered,258.78
4358,402,2025-01-11 22:48:39.693185,0.0,Credit Card,East,Shipped,1101.19
4359,963,2025-06-19 22:48:39.693186,0.0,Credit Card,North,Processing,3057.92
4360,277,2025-03-16 22:48:39.693187,0.0,Debit Card,West,Shipped,1611.96
4361,841,2024-10-20 22:48:39.693188,0.0,Credit Card,East,Delivered,3106.1000000000004
4362,671,2024-08-19 22:48:39.693188,0.0,Debit Card,East,Delivered,2910.15
4363,779,2025-02-03 22:48:39.693189,0.0,PayPal,West,Processing,520.28
4364,960,2024-09-23 22:48:39.693190,0.0,Debit Card,West,Processing,1357.6499999999999
4365,805,2025-06-09 22:48:39.693191,0.0,Credit Card,East,Delivered,1347.56
4366,652,2024-09-23 22:48:39.693191,0.0,PayPal,West,Shipped,832.08
4367,107,2025-04-24 22:48:39.693192,0.0,Debit Card,North,Delivered,41.76
4368,802,2025-07-17 22:48:39.693193,0.0,Debit Card,East,Delivered,2399.88
4369,889,2025-03-01 22:48:39.693194,0.0,PayPal,South,Shipped,664.95
4370,521,2024-08-01 22:48:39.693194,0.0,PayPal,North,Shipped,465.57
4371,343,2025-06-04 22:48:39.693195,0.0,Credit Card,South,Delivered,1494.1599999999999
4372,576,2025-01-15 22:48:39.693196,0.0,Bank Transfer,North,Processing,2273.4100000000003
4373,146,2024-09-20 22:48:39.693196,0.0,Credit Card,East,Processing,1252.32
4374,268,2025-05-09 22:48:39.693197,0.0,Bank Transfer,West,Shipped,3031.2
4375,793,2024-12-05 22:48:39.693198,0.0,Credit Card,East,Shipped,1551.29
4376,451,2024-11-13 22:48:39.693199,0.0,Credit Card,West,Delivered,1830.3
4377,697,2025-02-02 22:48:39.693199,0.0,Debit Card,East,Processing,1945.96
4378,530,2025-05-23 22:48:39.693205,0.0,PayPal,North,Delivered,1068.04
4379,589,2025-02-17 22:48:39.693205,0.0,Bank Transfer,West,Shipped,837.04
4380,32,2025-06-13 22:48:39.693206,0.0,Credit Card,South,Processing,638.9100000000001
4381,67,2025-02-23 22:48:39.693207,0.0,Credit Card,East,Processing,862.6999999999999
4382,489,2025-02-02 22:48:39.693208,0.0,Credit Card,South,Delivered,3038.4
4383,679,2025-04-19 22:48:39.693208,0.0,Credit Card,North,Cancelled,3516.87
4384,207,2025-01-16 22:48:39.693209,0.0,PayPal,North,Delivered,3421.63
4385,98,2025-04-17 22:48:39.693210,0.0,PayPal,North,Processing,1734.71
4386,558,2025-02-05 22:48:39.693211,0.0,Credit Card,East,Delivered,1282.56
4387,313,2024-10-08 22:48:39.693211,0.0,Bank Transfer,North,Delivered,3151.01
4388,167,2025-06-01 22:48:39.693212,0.0,Credit Card,South,Shipped,1156.7
4389,557,2024-08-05 22:48:39.693213,0.0,Bank Transfer,West,Delivered,2452.92
4390,750,2025-05-31 22:48:39.693214,0.0,Bank Transfer,North,Delivered,341.74
4391,260,2024-10-24 22:48:39.693214,0.0,Debit Card,East,Shipped,1417.62
4392,714,2024-10-05 22:48:39.693215,0.0,Credit Card,East,Delivered,558.0
4393,299,2025-03-29 22:48:39.693216,0.0,Debit Card,West,Shipped,1265.22
4394,168,2024-08-03 22:48:39.693217,0.0,Debit Card,West,Shipped,758.46
4395,922,2024-11-26 22:48:39.693217,0.0,Credit Card,West,Delivered,41.35
4396,717,2024-09-14 22:48:39.693218,0.0,Debit Card,North,Processing,345.48
4397,256,2024-11-28 22:48:39.693219,0.0,Bank Transfer,East,Processing,4836.48
4398,814,2025-01-24 22:48:39.693219,0.0,Credit Card,South,Processing,45.01
4399,302,2024-12-02 22:48:39.693220,0.0,PayPal,East,Processing,3044.52
4400,483,2024-09-21 22:48:39.693221,0.0,Credit Card,North,Cancelled,651.5999999999999
4401,407,2024-11-21 22:48:39.693222,0.0,PayPal,North,Processing,1554.33
4402,413,2024-11-12 22:48:39.693222,0.0,PayPal,South,Shipped,3172.75
4403,680,2025-06-23 22:48:39.693223,0.0,Credit Card,East,Delivered,3177.96
4404,385,2025-03-05 22:48:39.693224,0.0,Credit Card,East,Shipped,958.0699999999999
4405,514,2025-01-15 22:48:39.693225,0.0,Credit Card,West,Delivered,1105.27
4406,116,2025-03-11 22:48:39.693225,0.0,PayPal,North,Delivered,626.4300000000001
4407,824,2025-06-17 22:48:39.693226,0.0,Debit Card,West,Shipped,803.11
4408,993,2024-10-27 22:48:39.693227,0.0,Bank Transfer,West,Shipped,975.18
4409,67,2024-08-30 22:48:39.693228,0.0,PayPal,East,Shipped,576.21
4410,973,2024-12-14 22:48:39.693228,0.0,Bank Transfer,North,Cancelled,1553.33
4411,257,2025-03-25 22:48:39.693229,0.0,PayPal,East,Delivered,549.75
4412,170,2025-05-20 22:48:39.693230,0.0,PayPal,East,Delivered,3580.2700000000004
4413,846,2024-12-21 22:48:39.693231,0.0,Credit Card,North,Shipped,997.17
4414,496,2024-08-19 22:48:39.693231,0.0,Bank Transfer,East,Delivered,764.7
4415,854,2024-08-02 22:48:39.693232,0.0,Bank Transfer,West,Delivered,4042.77
4416,11,2025-03-20 22:48:39.693233,0.0,Bank Transfer,West,Shipped,1439.8899999999999
4417,9,2025-04-21 22:48:39.693234,0.0,Credit Card,East,Shipped,1520.6299999999999
4418,52,2025-04-14 22:48:39.693235,0.0,Debit Card,East,Shipped,767.49
4419,221,2025-01-12 22:48:39.693235,0.0,Credit Card,East,Delivered,1620.44
4420,384,2025-03-14 22:48:39.693236,0.0,Credit Card,North,Processing,355.19
4421,483,2024-10-03 22:48:39.693237,0.0,Bank Transfer,West,Delivered,297.3
4422,433,2025-07-21 22:48:39.693238,0.0,Bank Transfer,South,Shipped,3731.72
4423,86,2025-03-13 22:48:39.693238,0.0,Bank Transfer,West,Delivered,1734.02
4424,643,2025-05-17 22:48:39.693239,0.0,Credit Card,West,Shipped,1472.03
4425,273,2025-04-08 22:48:39.693240,0.0,Bank Transfer,North,Delivered,440.06
4426,234,2024-11-20 22:48:39.693240,0.0,Bank Transfer,North,Delivered,1535.6799999999998
4427,97,2024-12-21 22:48:39.693241,0.0,PayPal,East,Delivered,677.02
4428,363,2024-10-08 22:48:39.693242,0.0,Bank Transfer,West,Shipped,1984.7400000000002
4429,895,2025-04-15 22:48:39.693243,0.0,PayPal,West,Delivered,1116.9299999999998
4430,286,2024-11-04 22:48:39.693243,0.0,PayPal,West,Delivered,514.14
4431,348,2024-12-12 22:48:39.693244,0.0,PayPal,West,Delivered,2536.12
4432,554,2024-09-25 22:48:39.693245,0.0,Bank Transfer,West,Delivered,60.14
4433,102,2024-12-14 22:48:39.693246,0.0,PayPal,West,Shipped,1746.4
4434,418,2025-02-04 22:48:39.693246,0.0,Bank Transfer,West,Delivered,1416.95
4435,258,2025-04-11 22:48:39.693247,0.0,Credit Card,East,Processing,2503.48
4436,529,2025-03-26 22:48:39.693248,0.0,Credit Card,East,Delivered,3319.65
4437,612,2024-10-30 22:48:39.693249,0.0,Debit Card,South,Processing,1492.53
4438,190,2025-01-11 22:48:39.693249,0.0,PayPal,South,Processing,1468.26
4439,609,2025-06-29 22:48:39.693250,0.0,Bank Transfer,North,Delivered,851.25
4440,985,2025-04-01 22:48:39.693251,0.0,Credit Card,North,Delivered,876.6099999999999
4441,262,2025-01-09 22:48:39.693252,0.0,Credit Card,East,Delivered,1181.26
4442,393,2024-10-16 22:48:39.693252,0.0,PayPal,East,Delivered,107.87
4443,887,2024-08-22 22:48:39.693253,0.0,PayPal,South,Processing,2570.5
4444,770,2025-03-29 22:48:39.693254,0.0,PayPal,North,Delivered,2402.23
4445,132,2025-03-26 22:48:39.693254,0.0,Bank Transfer,East,Shipped,1517.49
4446,470,2025-01-21 22:48:39.693255,0.0,Debit Card,East,Processing,914.32
4447,994,2025-04-15 22:48:39.693256,0.0,Debit Card,North,Delivered,1643.2400000000002
4448,882,2024-09-28 22:48:39.693257,0.0,Credit Card,East,Delivered,3475.41
4449,76,2024-07-29 22:48:39.693257,0.0,Bank Transfer,North,Delivered,2314.67
4450,657,2025-04-18 22:48:39.693258,0.0,Debit Card,East,Delivered,1532.6599999999999
4451,349,2024-07-31 22:48:39.693259,0.0,Debit Card,South,Shipped,3065.68
4452,669,2025-07-20 22:48:39.693260,0.0,Credit Card,South,Processing,4142.13
4453,786,2024-12-24 22:48:39.693261,0.0,Credit Card,South,Delivered,943.08
4454,273,2024-10-02 22:48:39.693261,0.0,PayPal,South,Processing,3501.37
4455,402,2025-03-17 22:48:39.693262,0.0,Credit Card,West,Processing,419.08
4456,368,2025-03-02 22:48:39.693263,0.0,Bank Transfer,South,Processing,728.4100000000001
4457,869,2024-10-27 22:48:39.693263,0.0,Credit Card,West,Shipped,3094.21
4458,925,2024-12-31 22:48:39.693264,0.0,PayPal,West,Processing,2426.55
4459,735,2024-10-25 22:48:39.693265,0.0,Bank Transfer,West,Shipped,286.68
4460,102,2024-08-06 22:48:39.693266,0.0,PayPal,West,Shipped,186.64
4461,138,2025-02-07 22:48:39.693266,0.0,Credit Card,South,Delivered,1745.71
4462,652,2025-06-14 22:48:39.693267,0.0,PayPal,East,Processing,1207.8899999999999
4463,769,2024-08-20 22:48:39.693268,0.0,Debit Card,North,Delivered,225.04
4464,603,2025-01-19 22:48:39.693269,0.0,PayPal,East,Delivered,3246.58
4465,565,2024-11-26 22:48:39.693269,0.0,Credit Card,North,Cancelled,1559.34
4466,866,2025-01-12 22:48:39.693270,0.0,Debit Card,North,Delivered,1094.16
4467,815,2024-11-23 22:48:39.693271,0.0,Credit Card,West,Delivered,374.67
4468,207,2024-12-22 22:48:39.693272,0.0,Credit Card,North,Shipped,294.92
4469,52,2025-03-31 22:48:39.693273,0.0,Debit Card,West,Shipped,1396.9
4470,86,2024-08-08 22:48:39.693273,0.0,Debit Card,North,Processing,1237.3200000000002
4471,381,2025-04-09 22:48:39.693274,0.0,Debit Card,East,Delivered,150.85
4472,144,2024-10-06 22:48:39.693275,0.0,PayPal,West,Shipped,756.96
4473,811,2025-05-22 22:48:39.693276,0.0,Bank Transfer,North,Shipped,314.46999999999997
4474,939,2025-01-27 22:48:39.693276,0.0,Debit Card,South,Processing,1251.76
4475,430,2025-07-04 22:48:39.693277,0.0,PayPal,East,Processing,1838.71
4476,148,2024-09-03 22:48:39.693278,0.0,PayPal,North,Delivered,595.34
4477,875,2025-03-18 22:48:39.693279,0.0,Debit Card,South,Shipped,2616.4399999999996
4478,850,2025-02-11 22:48:39.693279,0.0,PayPal,East,Shipped,856.92
4479,165,2025-02-23 22:48:39.693280,0.0,PayPal,East,Shipped,1399.55
4480,897,2024-11-24 22:48:39.693281,0.0,Debit Card,North,Delivered,2529.66
4481,243,2025-03-19 22:48:39.693282,0.0,Credit Card,North,Delivered,1689.14
4482,689,2025-07-21 22:48:39.693282,0.0,Credit Card,East,Delivered,2937.41
4483,920,2024-12-21 22:48:39.693283,0.0,Debit Card,West,Cancelled,2075.75
4484,336,2025-05-22 22:48:39.693284,0.0,PayPal,East,Processing,1321.8899999999999
4485,309,2025-03-03 22:48:39.693284,0.0,Credit Card,East,Shipped,114.97
4486,747,2025-06-11 22:48:39.693285,0.0,Bank Transfer,South,Cancelled,1488.13
4487,328,2024-10-23 22:48:39.693286,0.0,Credit Card,North,Delivered,1127.53
4488,284,2025-04-30 22:48:39.693287,0.0,Credit Card,South,Shipped,1454.61
4489,928,2025-03-15 22:48:39.693287,0.0,Bank Transfer,East,Shipped,1928.46
4490,233,2024-09-03 22:48:39.693288,0.0,Bank Transfer,South,Processing,2078.33
4491,266,2024-07-22 22:48:39.693289,0.0,Bank Transfer,East,Shipped,2401.25
4492,249,2024-10-25 22:48:39.693290,0.0,Bank Transfer,South,Processing,1683.38
4493,72,2025-06-03 22:48:39.693290,0.0,PayPal,West,Cancelled,1029.3899999999999
4494,945,2024-10-07 22:48:39.693291,0.0,Debit Card,East,Delivered,1065.57
4495,470,2024-08-25 22:48:39.693292,0.0,Debit Card,East,Delivered,3981.66
4496,98,2024-12-31 22:48:39.693293,0.0,PayPal,East,Shipped,2518.3100000000004
4497,694,2024-08-12 22:48:39.693293,0.0,Credit Card,North,Delivered,4183.04
4498,374,2025-03-01 22:48:39.693294,0.0,Credit Card,East,Shipped,2450.24
4499,312,2025-01-03 22:48:39.693295,0.0,Bank Transfer,North,Shipped,2534.38
4500,195,2025-04-19 22:48:39.693296,0.0,Credit Card,South,Shipped,2508.0099999999998
4501,886,2025-03-25 22:48:39.693296,0.0,Bank Transfer,South,Delivered,1689.29
4502,813,2024-10-26 22:48:39.693297,0.0,Credit Card,South,Shipped,2818.87
4503,302,2024-07-29 22:48:39.693298,0.0,Debit Card,East,Delivered,2492.59
4504,430,2024-08-14 22:48:39.693298,0.0,PayPal,South,Processing,1007.8799999999999
4505,1000,2024-09-09 22:48:39.693299,0.0,PayPal,North,Cancelled,929.0799999999999
4506,721,2025-06-26 22:48:39.693300,0.0,Credit Card,West,Processing,3149.36
4507,515,2025-07-20 22:48:39.693301,0.0,PayPal,North,Processing,18.06
4508,947,2025-01-01 22:48:39.693301,0.0,Credit Card,West,Cancelled,2914.67
4509,704,2025-05-13 22:48:39.693302,0.0,Credit Card,South,Delivered,1383.3
4510,184,2024-09-04 22:48:39.693303,0.0,PayPal,East,Delivered,1328.43
4511,569,2025-02-23 22:48:39.693304,0.0,Bank Transfer,North,Delivered,2118.83
4512,668,2025-04-19 22:48:39.693304,0.0,Debit Card,East,Delivered,4222.7
4513,396,2025-05-03 22:48:39.693305,0.0,Debit Card,West,Delivered,196.8
4514,130,2024-11-30 22:48:39.693306,0.0,PayPal,West,Delivered,1019.9200000000001
4515,643,2025-07-18 22:48:39.693307,0.0,Credit Card,North,Delivered,2605.69
4516,247,2025-02-26 22:48:39.693307,0.0,Credit Card,East,Shipped,3026.42
4517,36,2025-04-27 22:48:39.693308,0.0,Debit Card,East,Processing,1555.1599999999999
4518,279,2025-07-20 22:48:39.693309,0.0,Bank Transfer,East,Shipped,17.77
4519,638,2024-11-15 22:48:39.693310,0.0,PayPal,East,Delivered,119.59
4520,15,2025-02-15 22:48:39.693310,0.0,Debit Card,West,Processing,1213.68
4521,416,2025-05-18 22:48:39.693311,0.0,PayPal,West,Delivered,2908.54
4522,167,2024-09-24 22:48:39.693312,0.0,Credit Card,West,Delivered,1747.98
4523,784,2025-02-26 22:48:39.693313,0.0,Bank Transfer,South,Processing,46.62
4524,902,2024-08-21 22:48:39.693314,0.0,Credit Card,East,Processing,1581.32
4525,527,2025-05-24 22:48:39.693314,0.0,Credit Card,East,Processing,2693.48
4526,71,2025-05-12 22:48:39.693315,0.0,Bank Transfer,East,Processing,2792.48
4527,36,2025-06-21 22:48:39.693316,0.0,Debit Card,North,Delivered,455.53
4528,649,2025-01-29 22:48:39.693316,0.0,PayPal,North,Shipped,1583.9299999999998
4529,44,2024-12-02 22:48:39.693317,0.0,Debit Card,South,Cancelled,375.0
4530,922,2024-10-02 22:48:39.693318,0.0,PayPal,East,Delivered,3247.5099999999998
4531,11,2025-05-17 22:48:39.693319,0.0,PayPal,South,Delivered,472.92
4532,586,2024-11-12 22:48:39.693319,0.0,PayPal,East,Delivered,1604.1599999999999
4533,460,2025-01-29 22:48:39.693320,0.0,Bank Transfer,North,Shipped,2669.74
4534,190,2025-06-10 22:48:39.693321,0.0,PayPal,South,Delivered,889.19
4535,984,2025-07-13 22:48:39.693321,0.0,PayPal,West,Processing,1624.01
4536,769,2025-01-21 22:48:39.693322,0.0,PayPal,West,Processing,2500.6499999999996
4537,396,2024-10-26 22:48:39.693323,0.0,Credit Card,North,Delivered,895.6500000000001
4538,103,2025-02-09 22:48:39.693324,0.0,Debit Card,North,Processing,544.0
4539,185,2025-06-27 22:48:39.693324,0.0,Bank Transfer,East,Shipped,2140.83
4540,102,2025-04-07 22:48:39.693325,0.0,PayPal,East,Processing,1075.1599999999999
4541,602,2025-06-28 22:48:39.693326,0.0,Bank Transfer,South,Cancelled,2089.14
4542,582,2025-03-22 22:48:39.693327,0.0,Credit Card,East,Delivered,3496.96
4543,956,2024-12-17 22:48:39.693327,0.0,Credit Card,East,Delivered,1312.03
4544,224,2025-06-16 22:48:39.693328,0.0,Credit Card,North,Shipped,323.61
4545,787,2025-01-14 22:48:39.693329,0.0,Debit Card,South,Processing,1921.38
4546,883,2025-07-08 22:48:39.693330,0.0,Bank Transfer,South,Delivered,1863.46
4547,665,2024-10-08 22:48:39.693330,0.0,Credit Card,East,Delivered,2191.98
4548,725,2024-09-10 22:48:39.693331,0.0,PayPal,North,Processing,550.9
4549,61,2024-11-15 22:48:39.693332,0.0,Credit Card,West,Processing,2432.3900000000003
4550,179,2025-04-28 22:48:39.693333,0.0,Debit Card,South,Delivered,1325.3200000000002
4551,913,2025-06-08 22:48:39.693333,0.0,Credit Card,South,Delivered,1150.8999999999999
4552,919,2025-03-03 22:48:39.693334,0.0,Credit Card,East,Delivered,219.53
4553,696,2025-02-19 22:48:39.693335,0.0,Bank Transfer,North,Delivered,1452.84
4554,936,2025-07-20 22:48:39.693336,0.0,Credit Card,North,Shipped,1729.12
4555,771,2025-05-26 22:48:39.693336,0.0,Bank Transfer,North,Delivered,1289.6399999999999
4556,947,2025-03-12 22:48:39.693337,0.0,Bank Transfer,East,Delivered,1208.17
4557,615,2025-07-16 22:48:39.693338,0.0,PayPal,South,Processing,2668.0200000000004
4558,541,2024-12-08 22:48:39.693338,0.0,Credit Card,South,Delivered,480.57
4559,928,2025-04-15 22:48:39.693339,0.0,Credit Card,North,Delivered,1851.2399999999998
4560,922,2025-05-31 22:48:39.693340,0.0,PayPal,North,Delivered,930.75
4561,181,2025-05-04 22:48:39.693341,0.0,PayPal,South,Shipped,508.28999999999996
4562,573,2025-01-08 22:48:39.693341,0.0,Credit Card,South,Cancelled,987.0
4563,771,2024-09-22 22:48:39.693342,0.0,PayPal,East,Delivered,485.12
4564,957,2025-02-08 22:48:39.693343,0.0,Bank Transfer,West,Shipped,2181.91
4565,396,2025-01-14 22:48:39.693343,0.0,Credit Card,West,Delivered,2347.67
4566,521,2024-11-02 22:48:39.693344,0.0,Debit Card,East,Processing,1139.5500000000002
4567,979,2025-05-21 22:48:39.693345,0.0,PayPal,East,Shipped,1046.06
4568,85,2024-11-02 22:48:39.693346,0.0,Bank Transfer,East,Delivered,2144.74
4569,746,2024-09-04 22:48:39.693346,0.0,Debit Card,North,Shipped,1074.39
4570,43,2024-10-10 22:48:39.693347,0.0,Credit Card,South,Processing,1087.15
4571,884,2025-02-18 22:48:39.693348,0.0,Bank Transfer,West,Shipped,2369.46
4572,213,2024-09-22 22:48:39.693349,0.0,PayPal,East,Cancelled,1138.22
4573,227,2024-12-31 22:48:39.693349,0.0,Credit Card,East,Shipped,1279.83
4574,663,2024-12-20 22:48:39.693350,0.0,PayPal,East,Delivered,1024.18
4575,3,2025-06-30 22:48:39.693351,0.0,Debit Card,South,Delivered,385.62
4576,727,2024-11-10 22:48:39.693352,0.0,Debit Card,West,Processing,1284.05
4577,761,2024-12-03 22:48:39.693352,0.0,Debit Card,West,Processing,1675.83
4578,133,2025-06-10 22:48:39.693353,0.0,Bank Transfer,South,Delivered,2312.23
4579,148,2024-10-24 22:48:39.693354,0.0,Bank Transfer,East,Delivered,1112.31
4580,941,2025-01-02 22:48:39.693355,0.0,Credit Card,West,Cancelled,728.9
4581,858,2025-05-02 22:48:39.693355,0.0,Bank Transfer,West,Delivered,1813.39
4582,350,2024-09-18 22:48:39.693356,0.0,PayPal,West,Shipped,2178.45
4583,677,2025-05-26 22:48:39.693357,0.0,Debit Card,South,Shipped,1486.21
4584,695,2024-12-26 22:48:39.693358,0.0,Credit Card,North,Cancelled,761.64
4585,330,2025-02-27 22:48:39.693358,0.0,Credit Card,South,Shipped,1772.36
4586,978,2024-11-17 22:48:39.693359,0.0,Credit Card,South,Delivered,334.45
4587,741,2024-11-29 22:48:39.693360,0.0,Debit Card,South,Shipped,1439.28
4588,354,2024-09-09 22:48:39.693361,0.0,Credit Card,West,Shipped,1657.48
4589,758,2025-06-02 22:48:39.693361,0.0,Debit Card,South,Shipped,1765.62
4590,45,2025-03-07 22:48:39.693362,0.0,Debit Card,South,Shipped,1299.62
4591,263,2024-09-02 22:48:39.693363,0.0,PayPal,East,Delivered,3129.53
4592,273,2025-05-01 22:48:39.693363,0.0,Credit Card,East,Processing,768.3399999999999
4593,537,2025-05-11 22:48:39.693364,0.0,Credit Card,North,Delivered,939.86
4594,860,2025-05-31 22:48:39.693365,0.0,Bank Transfer,North,Processing,3069.3500000000004
4595,685,2025-03-25 22:48:39.693366,0.0,Credit Card,South,Cancelled,3351.04
4596,993,2024-11-26 22:48:39.693366,0.0,Credit Card,South,Shipped,3398.08
4597,212,2024-11-14 22:48:39.693367,0.0,Credit Card,North,Processing,2885.15
4598,428,2025-07-13 22:48:39.693368,0.0,Bank Transfer,North,Shipped,1344.72
4599,697,2024-11-18 22:48:39.693368,0.0,Debit Card,South,Processing,1783.81
4600,978,2025-01-31 22:48:39.693369,0.0,Debit Card,West,Shipped,2339.41
4601,146,2025-05-17 22:48:39.693370,0.0,Bank Transfer,South,Cancelled,1273.0
4602,2,2024-09-15 22:48:39.693371,0.0,PayPal,North,Shipped,1745.1100000000001
4603,926,2025-01-24 22:48:39.693371,0.0,Debit Card,South,Delivered,1412.23
4604,489,2025-04-27 22:48:39.693372,0.0,Credit Card,East,Delivered,394.70000000000005
4605,494,2024-11-25 22:48:39.693373,0.0,Credit Card,North,Processing,1609.58
4606,486,2024-10-13 22:48:39.693373,0.0,Bank Transfer,North,Shipped,348.11
4607,501,2025-07-01 22:48:39.693374,0.0,Bank Transfer,West,Shipped,1266.51
4608,726,2025-07-10 22:48:39.693375,0.0,Debit Card,East,Delivered,280.71
4609,187,2025-06-24 22:48:39.693376,0.0,PayPal,West,Delivered,2728.24
4610,335,2024-09-09 22:48:39.693376,0.0,Bank Transfer,North,Delivered,281.5
4611,307,2024-11-27 22:48:39.693377,0.0,Credit Card,South,Shipped,3674.5299999999997
4612,36,2025-06-14 22:48:39.693378,0.0,Bank Transfer,East,Shipped,44.19
4613,412,2024-12-16 22:48:39.693378,0.0,Debit Card,South,Delivered,1681.81
4614,391,2024-10-21 22:48:39.693379,0.0,Credit Card,West,Cancelled,265.01
4615,768,2024-09-16 22:48:39.693380,0.0,PayPal,East,Delivered,1222.42
4616,101,2025-04-05 22:48:39.693381,0.0,Bank Transfer,East,Delivered,3254.78
4617,895,2025-04-01 22:48:39.693381,0.0,Credit Card,North,Shipped,3564.51
4618,275,2025-04-30 22:48:39.693382,0.0,Debit Card,North,Processing,2002.6299999999999
4619,407,2024-08-12 22:48:39.693383,0.0,Bank Transfer,North,Delivered,582.41
4620,617,2025-07-03 22:48:39.693384,0.0,PayPal,South,Delivered,109.26
4621,939,2025-02-08 22:48:39.693384,0.0,PayPal,West,Shipped,1725.27
4622,689,2025-06-27 22:48:39.693385,0.0,Debit Card,West,Delivered,2327.1400000000003
4623,621,2024-09-11 22:48:39.693386,0.0,Debit Card,North,Processing,1662.87
4624,162,2024-10-11 22:48:39.693387,0.0,Credit Card,West,Delivered,707.6399999999999
4625,356,2024-12-18 22:48:39.693387,0.0,Credit Card,South,Delivered,518.04
4626,482,2024-12-08 22:48:39.693388,0.0,Debit Card,East,Delivered,1660.79
4627,767,2024-12-26 22:48:39.693389,0.0,PayPal,East,Shipped,2025.03
4628,789,2024-12-20 22:48:39.693390,0.0,Debit Card,East,Delivered,314.36
4629,432,2025-02-03 22:48:39.693390,0.0,Debit Card,West,Delivered,1291.02
4630,281,2025-03-13 22:48:39.693391,0.0,Bank Transfer,West,Processing,1670.2099999999998
4631,124,2024-07-23 22:48:39.693392,0.0,Credit Card,East,Processing,1353.95
4632,453,2024-10-22 22:48:39.693393,0.0,Debit Card,South,Delivered,3085.04
4633,215,2025-01-22 22:48:39.693393,0.0,PayPal,South,Delivered,900.11
4634,681,2024-10-01 22:48:39.693394,0.0,Debit Card,East,Shipped,1242.84
4635,360,2025-01-12 22:48:39.693395,0.0,Credit Card,North,Delivered,361.44
4636,609,2025-04-08 22:48:39.693396,0.0,Credit Card,South,Processing,2733.47
4637,753,2025-05-28 22:48:39.693396,0.0,Debit Card,East,Processing,1365.17
4638,220,2025-06-18 22:48:39.693397,0.0,Debit Card,North,Delivered,2137.3199999999997
4639,797,2024-07-30 22:48:39.693398,0.0,Bank Transfer,East,Delivered,517.56
4640,5,2024-07-26 22:48:39.693399,0.0,Credit Card,East,Delivered,3021.0
4641,140,2025-01-08 22:48:39.693399,0.0,PayPal,East,Delivered,354.65999999999997
4642,232,2024-12-27 22:48:39.693400,0.0,Credit Card,North,Shipped,1003.68
4643,670,2025-07-14 22:48:39.693401,0.0,Credit Card,South,Shipped,1879.75
4644,71,2024-08-10 22:48:39.693402,0.0,Bank Transfer,North,Delivered,1058.82
4645,832,2025-01-25 22:48:39.693402,0.0,PayPal,West,Delivered,1069.6
4646,638,2024-11-28 22:48:39.693403,0.0,Credit Card,North,Delivered,749.01
4647,671,2025-05-12 22:48:39.693404,0.0,Debit Card,South,Delivered,1998.1399999999999
4648,490,2025-06-06 22:48:39.693405,0.0,Debit Card,East,Shipped,2153.57
4649,696,2024-11-01 22:48:39.693405,0.0,Credit Card,East,Delivered,343.82
4650,422,2025-06-26 22:48:39.693406,0.0,Debit Card,North,Cancelled,2401.3
4651,366,2024-11-14 22:48:39.693407,0.0,Credit Card,North,Delivered,2584.04
4652,565,2025-01-25 22:48:39.693407,0.0,Bank Transfer,East,Delivered,3162.36
4653,30,2025-05-16 22:48:39.693408,0.0,Debit Card,South,Shipped,820.06
4654,56,2024-11-12 22:48:39.693409,0.0,Credit Card,West,Delivered,1886.0
4655,5,2024-12-31 22:48:39.693410,0.0,Bank Transfer,North,Cancelled,76.72
4656,458,2025-04-12 22:48:39.693410,0.0,Bank Transfer,East,Delivered,19.740000000000002
4657,168,2025-07-09 22:48:39.693411,0.0,PayPal,East,Delivered,1225.81
4658,642,2024-12-01 22:48:39.693412,0.0,PayPal,West,Shipped,1003.5400000000001
4659,412,2024-09-30 22:48:39.693413,0.0,PayPal,South,Processing,3443.5299999999997
4660,578,2025-04-27 22:48:39.693413,0.0,Debit Card,North,Delivered,982.72
4661,358,2024-08-06 22:48:39.693414,0.0,PayPal,West,Shipped,714.78
4662,314,2024-11-11 22:48:39.693415,0.0,PayPal,East,Shipped,2206.29
4663,131,2024-12-06 22:48:39.693416,0.0,Bank Transfer,East,Delivered,404.74
4664,682,2024-12-13 22:48:39.693416,0.0,Credit Card,West,Shipped,804.06
4665,785,2025-07-19 22:48:39.693417,0.0,Debit Card,East,Delivered,651.37
4666,182,2024-09-10 22:48:39.693418,0.0,Bank Transfer,West,Shipped,3010.5699999999997
4667,166,2025-01-31 22:48:39.693419,0.0,PayPal,South,Processing,247.94
4668,575,2025-06-15 22:48:39.693419,0.0,Bank Transfer,North,Processing,1887.81
4669,414,2025-05-20 22:48:39.693420,0.0,Credit Card,South,Delivered,2048.31
4670,805,2024-11-16 22:48:39.693421,0.0,Debit Card,North,Delivered,1266.01
4671,647,2025-06-07 22:48:39.693421,0.0,Credit Card,West,Cancelled,5035.799999999999
4672,798,2025-07-12 22:48:39.693422,0.0,Credit Card,East,Delivered,2205.68
4673,662,2025-03-25 22:48:39.693423,0.0,Debit Card,West,Shipped,1852.2
4674,260,2025-05-22 22:48:39.693424,0.0,Credit Card,North,Delivered,2367.06
4675,369,2024-12-05 22:48:39.693424,0.0,PayPal,East,Processing,1505.82
4676,822,2025-03-02 22:48:39.693425,0.0,Credit Card,North,Delivered,1292.3400000000001
4677,388,2024-08-23 22:48:39.693426,0.0,Bank Transfer,South,Shipped,1741.13
4678,989,2024-09-07 22:48:39.693427,0.0,Bank Transfer,North,Processing,1233.87
4679,536,2024-12-09 22:48:39.693427,0.0,PayPal,East,Processing,1835.1499999999999
4680,355,2024-11-16 22:48:39.693428,0.0,PayPal,North,Delivered,1677.3700000000001
4681,967,2024-08-23 22:48:39.693429,0.0,PayPal,South,Processing,1315.71
4682,478,2025-03-28 22:48:39.693430,0.0,Bank Transfer,East,Delivered,1833.75
4683,238,2025-04-25 22:48:39.693430,0.0,Bank Transfer,South,Shipped,1665.0100000000002
4684,640,2024-10-29 22:48:39.693431,0.0,Bank Transfer,North,Cancelled,2147.55
4685,419,2025-04-02 22:48:39.693432,0.0,PayPal,West,Shipped,2232.23
4686,989,2024-11-06 22:48:39.693433,0.0,Debit Card,South,Processing,1444.58
4687,354,2024-11-30 22:48:39.693434,0.0,PayPal,North,Shipped,1355.45
4688,525,2024-09-25 22:48:39.693434,0.0,Bank Transfer,East,Shipped,165.35
4689,139,2025-01-17 22:48:39.693435,0.0,Debit Card,West,Delivered,988.87
4690,758,2024-08-21 22:48:39.693436,0.0,Credit Card,West,Shipped,1395.87
4691,663,2024-10-24 22:48:39.693436,0.0,Bank Transfer,South,Delivered,1447.4
4692,38,2024-12-28 22:48:39.693437,0.0,PayPal,West,Delivered,1070.75
4693,345,2024-09-29 22:48:39.693438,0.0,Bank Transfer,North,Delivered,3394.0499999999997
4694,117,2024-12-24 22:48:39.693439,0.0,Bank Transfer,East,Delivered,2237.31
4695,930,2024-11-28 22:48:39.693439,0.0,PayPal,West,Shipped,1921.37
4696,82,2025-05-07 22:48:39.693440,0.0,Credit Card,South,Delivered,135.03
4697,687,2024-10-05 22:48:39.693441,0.0,Credit Card,West,Delivered,1032.01
4698,462,2025-05-20 22:48:39.693442,0.0,Debit Card,North,Processing,91.62
4699,800,2025-01-08 22:48:39.693442,0.0,Credit Card,South,Processing,1318.5500000000002
4700,139,2025-05-18 22:48:39.693443,0.0,Bank Transfer,North,Processing,1927.35
4701,713,2025-01-16 22:48:39.693444,0.0,PayPal,South,Shipped,1954.25
4702,943,2024-08-25 22:48:39.693444,0.0,PayPal,West,Shipped,1618.63
4703,356,2025-02-22 22:48:39.693445,0.0,Bank Transfer,South,Processing,3141.96
4704,235,2025-02-18 22:48:39.693446,0.0,Credit Card,West,Shipped,138.55
4705,1000,2024-08-26 22:48:39.693447,0.0,Credit Card,East,Delivered,869.86
4706,100,2025-05-19 22:48:39.693447,0.0,Credit Card,East,Delivered,623.04
4707,257,2025-03-25 22:48:39.693448,0.0,PayPal,East,Shipped,2086.47
4708,220,2025-02-10 22:48:39.693449,0.0,Credit Card,East,Shipped,898.41
4709,503,2024-11-06 22:48:39.693450,0.0,PayPal,West,Shipped,2430.56
4710,170,2025-01-23 22:48:39.693450,0.0,PayPal,North,Shipped,847.83
4711,878,2025-01-08 22:48:39.693451,0.0,PayPal,North,Delivered,12.42
4712,386,2025-07-18 22:48:39.693452,0.0,Credit Card,West,Delivered,970.2800000000001
4713,519,2025-03-22 22:48:39.693452,0.0,Bank Transfer,East,Processing,1829.81
4714,6,2025-07-02 22:48:39.693453,0.0,PayPal,North,Delivered,434.93
4715,515,2025-05-27 22:48:39.693454,0.0,Debit Card,North,Delivered,563.96
4716,768,2025-01-24 22:48:39.693455,0.0,Credit Card,West,Processing,1408.44
4717,665,2025-02-05 22:48:39.693455,0.0,PayPal,East,Delivered,3340.91
4718,51,2024-11-21 22:48:39.693460,0.0,PayPal,South,Delivered,860.64
4719,449,2024-12-05 22:48:39.693461,0.0,Bank Transfer,North,Cancelled,193.32
4720,686,2025-02-02 22:48:39.693462,0.0,Debit Card,North,Delivered,2132.29
4721,770,2025-01-17 22:48:39.693463,0.0,Bank Transfer,South,Delivered,373.53
4722,560,2025-06-07 22:48:39.693464,0.0,Debit Card,North,Processing,1648.4099999999999
4723,555,2025-04-24 22:48:39.693464,0.0,PayPal,West,Shipped,648.33
4724,312,2024-08-29 22:48:39.693465,0.0,PayPal,East,Shipped,1317.19
4725,329,2025-03-21 22:48:39.693466,0.0,Debit Card,North,Delivered,2509.13
4726,465,2025-04-10 22:48:39.693467,0.0,Debit Card,South,Delivered,236.88
4727,273,2024-11-09 22:48:39.693468,0.0,Bank Transfer,West,Delivered,640.8199999999999
4728,511,2024-10-23 22:48:39.693468,0.0,PayPal,South,Delivered,1324.46
4729,462,2024-10-18 22:48:39.693469,0.0,Bank Transfer,East,Processing,663.96
4730,386,2025-01-02 22:48:39.693470,0.0,Debit Card,North,Shipped,1810.29
4731,480,2024-10-14 22:48:39.693471,0.0,Credit Card,West,Processing,1003.97
4732,39,2025-05-31 22:48:39.693471,0.0,Credit Card,North,Shipped,259.18
4733,179,2025-02-04 22:48:39.693472,0.0,PayPal,West,Processing,636.4799999999999
4734,306,2025-02-11 22:48:39.693473,0.0,Credit Card,West,Shipped,273.27
4735,813,2025-06-14 22:48:39.693474,0.0,Bank Transfer,South,Cancelled,3178.85
4736,851,2024-12-22 22:48:39.693474,0.0,Debit Card,North,Delivered,321.15
4737,791,2024-10-27 22:48:39.693475,0.0,PayPal,East,Delivered,1221.63
4738,943,2024-12-17 22:48:39.693476,0.0,Credit Card,West,Shipped,2392.14
4739,943,2025-06-15 22:48:39.693477,0.0,Credit Card,South,Delivered,397.26
4740,986,2025-07-20 22:48:39.693477,0.0,PayPal,North,Delivered,2067.52
4741,399,2025-05-26 22:48:39.693478,0.0,Debit Card,East,Processing,1701.49
4742,441,2024-08-17 22:48:39.693479,0.0,Bank Transfer,South,Processing,1916.72
4743,898,2024-10-12 22:48:39.693480,0.0,Bank Transfer,West,Processing,322.62
4744,856,2025-04-30 22:48:39.693480,0.0,Bank Transfer,South,Processing,2041.7599999999998
4745,694,2024-10-28 22:48:39.693481,0.0,Bank Transfer,East,Shipped,532.6800000000001
4746,408,2024-11-07 22:48:39.693482,0.0,Credit Card,East,Delivered,1443.3000000000002
4747,774,2024-09-12 22:48:39.693483,0.0,Bank Transfer,East,Processing,2943.38
4748,636,2024-08-11 22:48:39.693483,0.0,Credit Card,North,Delivered,2784.1600000000003
4749,62,2024-11-06 22:48:39.693484,0.0,Credit Card,East,Delivered,1314.92
4750,250,2024-12-24 22:48:39.693485,0.0,PayPal,North,Processing,1988.6699999999998
4751,590,2025-03-17 22:48:39.693486,0.0,Debit Card,East,Delivered,1663.41
4752,200,2024-11-17 22:48:39.693486,0.0,PayPal,East,Delivered,1182.38
4753,711,2024-12-07 22:48:39.693487,0.0,Credit Card,East,Processing,211.59
4754,985,2024-12-06 22:48:39.693488,0.0,PayPal,South,Cancelled,1561.29
4755,590,2025-05-12 22:48:39.693489,0.0,Bank Transfer,South,Delivered,2603.52
4756,241,2025-02-06 22:48:39.693489,0.0,Debit Card,West,Delivered,1798.4199999999998
4757,115,2025-01-20 22:48:39.693490,0.0,Bank Transfer,North,Delivered,1595.17
4758,764,2024-12-18 22:48:39.693491,0.0,Debit Card,West,Processing,1440.95
4759,528,2025-07-02 22:48:39.693491,0.0,Credit Card,West,Processing,1038.3899999999999
4760,876,2025-05-31 22:48:39.693492,0.0,Debit Card,North,Delivered,1686.9500000000003
4761,591,2025-01-02 22:48:39.693493,0.0,Debit Card,East,Processing,2952.87
4762,540,2025-01-02 22:48:39.693494,0.0,Bank Transfer,North,Processing,984.27
4763,47,2025-01-24 22:48:39.693494,0.0,Debit Card,West,Delivered,679.05
4764,373,2024-10-02 22:48:39.693495,0.0,PayPal,West,Processing,1770.4499999999998
4765,919,2024-10-03 22:48:39.693496,0.0,Bank Transfer,West,Processing,1320.99
4766,520,2025-03-15 22:48:39.693497,0.0,Debit Card,West,Shipped,2072.58
4767,684,2024-12-23 22:48:39.693497,0.0,Debit Card,South,Delivered,3317.4500000000003
4768,591,2025-03-11 22:48:39.693498,0.0,Debit Card,South,Delivered,710.6600000000001
4769,964,2025-07-15 22:48:39.693499,0.0,Bank Transfer,North,Shipped,638.9200000000001
4770,800,2024-08-05 22:48:39.693499,0.0,PayPal,North,Delivered,1030.7
4771,770,2025-04-09 22:48:39.693500,0.0,Debit Card,South,Delivered,347.18
4772,735,2025-02-06 22:48:39.693501,0.0,PayPal,South,Shipped,2685.65
4773,473,2025-05-20 22:48:39.693502,0.0,Credit Card,North,Delivered,793.52
4774,245,2024-12-07 22:48:39.693502,0.0,PayPal,West,Processing,1728.18
4775,958,2025-02-23 22:48:39.693503,0.0,Bank Transfer,West,Processing,1789.46
4776,22,2025-05-13 22:48:39.693504,0.0,Credit Card,West,Delivered,1353.3
4777,207,2025-05-06 22:48:39.693505,0.0,Debit Card,South,Shipped,352.01
4778,844,2024-10-16 22:48:39.693505,0.0,Credit Card,East,Delivered,2873.46
4779,232,2025-05-10 22:48:39.693506,0.0,Bank Transfer,South,Processing,628.83
4780,740,2025-06-10 22:48:39.693507,0.0,PayPal,North,Processing,666.23
4781,762,2024-09-18 22:48:39.693507,0.0,Credit Card,East,Delivered,2735.76
4782,843,2024-11-13 22:48:39.693508,0.0,Credit Card,East,Shipped,1683.03
4783,807,2024-11-12 22:48:39.693509,0.0,PayPal,North,Delivered,940.74
4784,710,2024-09-28 22:48:39.693510,0.0,PayPal,North,Shipped,1888.3899999999999
4785,289,2025-02-15 22:48:39.693510,0.0,Debit Card,North,Shipped,1351.72
4786,457,2024-09-16 22:48:39.693511,0.0,Debit Card,North,Cancelled,1492.29
4787,9,2025-06-14 22:48:39.693512,0.0,Credit Card,West,Delivered,1223.21
4788,299,2025-06-29 22:48:39.693513,0.0,PayPal,West,Delivered,49.7
4789,460,2024-12-28 22:48:39.693514,0.0,Credit Card,East,Shipped,1165.56
4790,778,2024-08-15 22:48:39.693514,0.0,Credit Card,South,Shipped,358.15
4791,984,2024-11-05 22:48:39.693515,0.0,Debit Card,North,Delivered,1268.53
4792,41,2024-10-04 22:48:39.693516,0.0,PayPal,East,Shipped,1956.79
4793,545,2025-01-02 22:48:39.693517,0.0,Credit Card,West,Delivered,1092.42
4794,33,2024-08-30 22:48:39.693517,0.0,Credit Card,South,Processing,2103.5200000000004
4795,555,2024-08-25 22:48:39.693518,0.0,Debit Card,West,Delivered,3087.54
4796,964,2025-05-09 22:48:39.693519,0.0,Credit Card,West,Delivered,734.42
4797,835,2025-01-05 22:48:39.693520,0.0,Credit Card,West,Shipped,1275.3600000000001
4798,861,2025-03-12 22:48:39.693520,0.0,Bank Transfer,West,Shipped,110.19
4799,434,2025-05-07 22:48:39.693521,0.0,Bank Transfer,East,Delivered,480.15
4800,218,2024-09-11 22:48:39.693522,0.0,Credit Card,North,Processing,159.06
4801,660,2025-07-12 22:48:39.693522,0.0,Debit Card,East,Shipped,2449.4
4802,940,2024-09-07 22:48:39.693523,0.0,PayPal,South,Shipped,512.61
4803,818,2025-05-03 22:48:39.693524,0.0,Debit Card,North,Processing,2896.58
4804,850,2025-02-26 22:48:39.693525,0.0,Debit Card,East,Shipped,590.34
4805,843,2024-09-09 22:48:39.693526,0.0,Credit Card,West,Delivered,2558.7000000000003
4806,539,2025-05-11 22:48:39.693526,0.0,Bank Transfer,West,Delivered,1845.56
4807,905,2025-07-15 22:48:39.693527,0.0,PayPal,East,Processing,2220.04
4808,342,2025-03-06 22:48:39.693528,0.0,Bank Transfer,South,Shipped,1034.1799999999998
4809,694,2025-07-17 22:48:39.693529,0.0,PayPal,West,Delivered,4221.72
4810,100,2025-04-13 22:48:39.693529,0.0,Bank Transfer,South,Shipped,429.65999999999997
4811,291,2025-05-24 22:48:39.693530,0.0,Bank Transfer,East,Delivered,600.99
4812,34,2024-08-24 22:48:39.693531,0.0,Debit Card,East,Shipped,1511.25
4813,839,2024-09-06 22:48:39.693531,0.0,PayPal,South,Delivered,3155.24
4814,46,2025-02-02 22:48:39.693532,0.0,Credit Card,East,Processing,639.87
4815,225,2025-04-19 22:48:39.693533,0.0,Credit Card,East,Processing,759.7
4816,296,2024-08-21 22:48:39.693534,0.0,Bank Transfer,West,Processing,1402.95
4817,659,2025-01-10 22:48:39.693535,0.0,Credit Card,North,Delivered,3279.12
4818,407,2025-03-28 22:48:39.693535,0.0,PayPal,South,Delivered,2273.52
4819,939,2024-08-26 22:48:39.693536,0.0,Credit Card,North,Cancelled,1124.6799999999998
4820,712,2025-03-28 22:48:39.693537,0.0,PayPal,North,Shipped,19.87
4821,818,2025-03-07 22:48:39.693538,0.0,Credit Card,North,Delivered,1096.23
4822,729,2025-02-25 22:48:39.693538,0.0,PayPal,North,Delivered,1390.62
4823,378,2025-03-19 22:48:39.693539,0.0,Credit Card,South,Shipped,1620.63
4824,99,2025-01-10 22:48:39.693540,0.0,Debit Card,East,Processing,1130.1000000000001
4825,521,2025-06-08 22:48:39.693540,0.0,Debit Card,North,Processing,1243.27
4826,491,2024-08-10 22:48:39.693541,0.0,Debit Card,South,Delivered,588.68
4827,131,2024-08-30 22:48:39.693542,0.0,Credit Card,North,Shipped,578.8299999999999
4828,78,2024-09-27 22:48:39.693543,0.0,Bank Transfer,South,Processing,870.6800000000001
4829,819,2025-06-10 22:48:39.693543,0.0,Credit Card,West,Processing,697.08
4830,331,2024-09-24 22:48:39.693544,0.0,Bank Transfer,West,Processing,344.90999999999997
4831,705,2024-10-15 22:48:39.693545,0.0,Debit Card,North,Delivered,348.58
4832,812,2025-02-12 22:48:39.693546,0.0,Bank Transfer,North,Delivered,1430.68
4833,195,2024-07-27 22:48:39.693547,0.0,Debit Card,North,Shipped,2605.98
4834,541,2024-09-12 22:48:39.693547,0.0,Bank Transfer,West,Delivered,1815.1799999999998
4835,515,2024-09-30 22:48:39.693548,0.0,Credit Card,South,Delivered,460.14
4836,124,2025-07-19 22:48:39.693549,0.0,Bank Transfer,North,Cancelled,703.68
4837,919,2025-01-08 22:48:39.693550,0.0,PayPal,West,Processing,679.8699999999999
4838,690,2025-01-17 22:48:39.693550,0.0,PayPal,East,Shipped,1014.1100000000001
4839,81,2024-10-27 22:48:39.693551,0.0,Debit Card,East,Shipped,3518.57
4840,76,2024-07-28 22:48:39.693552,0.0,Credit Card,East,Processing,964.48
4841,381,2025-07-08 22:48:39.693553,0.0,Debit Card,West,Delivered,3249.3199999999997
4842,820,2024-09-22 22:48:39.693553,0.0,Bank Transfer,North,Processing,390.12
4843,489,2025-02-10 22:48:39.693554,0.0,Credit Card,East,Delivered,454.18
4844,189,2025-03-13 22:48:39.693555,0.0,PayPal,East,Shipped,1304.96
4845,462,2025-03-22 22:48:39.693556,0.0,PayPal,North,Processing,3184.26
4846,755,2024-10-11 22:48:39.693560,0.0,Debit Card,North,Delivered,574.52
4847,508,2024-10-28 22:48:39.693561,0.0,Credit Card,North,Delivered,1220.42
4848,797,2025-04-12 22:48:39.693562,0.0,Bank Transfer,West,Delivered,707.34
4849,569,2025-02-16 22:48:39.693563,0.0,Credit Card,East,Shipped,343.43
4850,931,2024-08-17 22:48:39.693563,0.0,Debit Card,West,Shipped,1372.23
4851,279,2025-06-24 22:48:39.693564,0.0,Bank Transfer,South,Shipped,869.9
4852,810,2024-08-15 22:48:39.693565,0.0,Bank Transfer,East,Processing,776.47
4853,408,2025-02-18 22:48:39.693566,0.0,PayPal,West,Delivered,3598.8599999999997
4854,52,2025-05-12 22:48:39.693566,0.0,Credit Card,East,Delivered,1339.8100000000002
4855,802,2025-03-27 22:48:39.693576,0.0,Bank Transfer,East,Delivered,2504.11
4856,725,2025-05-09 22:48:39.693577,0.0,Debit Card,West,Shipped,61.95
4857,363,2025-01-30 22:48:39.693578,0.0,PayPal,East,Shipped,1382.1799999999998
4858,573,2025-05-29 22:48:39.693578,0.0,Credit Card,North,Processing,1053.27
4859,201,2024-07-23 22:48:39.693579,0.0,Bank Transfer,East,Shipped,765.01
4860,550,2025-02-03 22:48:39.693580,0.0,Bank Transfer,North,Delivered,718.96
4861,483,2024-12-04 22:48:39.693581,0.0,Credit Card,West,Shipped,2313.09
4862,333,2025-03-11 22:48:39.693581,0.0,PayPal,South,Shipped,1114.2
4863,264,2024-09-08 22:48:39.693582,0.0,Credit Card,East,Delivered,1811.26
4864,619,2024-12-03 22:48:39.693583,0.0,Bank Transfer,East,Delivered,1408.68
4865,166,2025-02-13 22:48:39.693584,0.0,Debit Card,North,Delivered,2030.06
4866,470,2024-08-23 22:48:39.693584,0.0,PayPal,South,Shipped,1514.98
4867,848,2024-08-26 22:48:39.693585,0.0,Debit Card,West,Delivered,1398.23
4868,254,2025-03-23 22:48:39.693586,0.0,PayPal,West,Shipped,1065.69
4869,212,2024-08-20 22:48:39.693587,0.0,Debit Card,West,Processing,1470.78
4870,146,2024-10-04 22:48:39.693588,0.0,Debit Card,East,Cancelled,793.46
4871,966,2024-08-19 22:48:39.693588,0.0,Bank Transfer,South,Shipped,2320.75
4872,736,2025-02-20 22:48:39.693589,0.0,Credit Card,East,Processing,1858.97
4873,145,2024-11-19 22:48:39.693590,0.0,Bank Transfer,East,Delivered,2582.72
4874,485,2025-01-23 22:48:39.693591,0.0,Debit Card,South,Shipped,701.69
4875,475,2024-11-15 22:48:39.693591,0.0,Credit Card,West,Delivered,678.51
4876,65,2025-03-24 22:48:39.693592,0.0,PayPal,South,Delivered,1692.62
4877,664,2024-12-09 22:48:39.693593,0.0,Credit Card,West,Shipped,1117.8600000000001
4878,395,2024-12-24 22:48:39.693594,0.0,PayPal,South,Delivered,971.02
4879,896,2025-03-13 22:48:39.693594,0.0,Bank Transfer,South,Shipped,1437.93
4880,680,2024-10-19 22:48:39.693595,0.0,Debit Card,South,Processing,1888.5900000000001
4881,249,2024-12-17 22:48:39.693596,0.0,Credit Card,South,Delivered,2366.6099999999997
4882,213,2024-09-30 22:48:39.693597,0.0,PayPal,North,Delivered,858.19
4883,951,2025-03-28 22:48:39.693597,0.0,Credit Card,East,Shipped,2039.54
4884,992,2025-03-15 22:48:39.693598,0.0,PayPal,North,Cancelled,2571.4700000000003
4885,228,2024-11-06 22:48:39.693599,0.0,Debit Card,South,Delivered,1315.3200000000002
4886,809,2025-02-20 22:48:39.693600,0.0,Credit Card,South,Delivered,1477.98
4887,129,2025-06-02 22:48:39.693601,0.0,Credit Card,West,Delivered,1053.2
4888,572,2025-02-05 22:48:39.693601,0.0,PayPal,West,Delivered,2328.04
4889,578,2025-06-17 22:48:39.693602,0.0,PayPal,South,Delivered,1065.92
4890,279,2025-06-28 22:48:39.693603,0.0,Debit Card,East,Processing,809.61
4891,324,2024-10-08 22:48:39.693604,0.0,Debit Card,North,Processing,1104.96
4892,431,2025-06-12 22:48:39.693641,0.0,Bank Transfer,South,Delivered,1466.74
4893,908,2024-10-25 22:48:39.693646,0.0,Credit Card,East,Shipped,1240.4499999999998
4894,488,2024-12-09 22:48:39.693647,0.0,PayPal,South,Delivered,131.06
4895,750,2025-06-02 22:48:39.693648,0.0,Bank Transfer,South,Processing,2016.8899999999999
4896,135,2025-06-22 22:48:39.693649,0.0,PayPal,East,Cancelled,3495.16
4897,458,2025-02-15 22:48:39.693650,0.0,Credit Card,North,Shipped,2838.66
4898,533,2025-03-02 22:48:39.693651,0.0,PayPal,West,Processing,2396.64
4899,478,2024-11-16 22:48:39.693651,0.0,Credit Card,East,Delivered,1619.48
4900,195,2025-07-18 22:48:39.693652,0.0,Debit Card,South,Delivered,1947.1799999999998
4901,252,2025-05-01 22:48:39.693653,0.0,Debit Card,South,Shipped,2781.58
4902,815,2024-08-22 22:48:39.693654,0.0,Bank Transfer,East,Delivered,3497.06
4903,560,2025-05-09 22:48:39.693655,0.0,PayPal,North,Processing,1450.5900000000001
4904,825,2024-08-17 22:48:39.693656,0.0,Bank Transfer,East,Delivered,878.8199999999999
4905,690,2025-05-04 22:48:39.693656,0.0,Credit Card,West,Delivered,1154.4
4906,841,2024-08-28 22:48:39.693657,0.0,Debit Card,North,Delivered,2501.58
4907,521,2025-02-11 22:48:39.693658,0.0,Bank Transfer,South,Delivered,2362.67
4908,304,2025-03-12 22:48:39.693659,0.0,Credit Card,North,Processing,261.16
4909,792,2025-04-10 22:48:39.693660,0.0,Debit Card,East,Delivered,1304.1100000000001
4910,979,2024-10-21 22:48:39.693660,0.0,Debit Card,West,Delivered,1046.19
4911,823,2025-05-28 22:48:39.693661,0.0,Bank Transfer,South,Delivered,1339.9
4912,771,2025-03-02 22:48:39.693662,0.0,Debit Card,West,Delivered,1957.92
4913,32,2025-06-10 22:48:39.693663,0.0,PayPal,South,Delivered,1713.68
4914,307,2025-05-23 22:48:39.693663,0.0,Bank Transfer,South,Shipped,1810.19
4915,633,2025-02-06 22:48:39.693664,0.0,Debit Card,East,Shipped,487.68
4916,632,2025-01-16 22:48:39.693665,0.0,Debit Card,South,Shipped,277.36
4917,959,2025-02-20 22:48:39.693666,0.0,PayPal,South,Delivered,3413.1
4918,843,2025-04-27 22:48:39.693666,0.0,PayPal,South,Processing,2377.41
4919,169,2025-01-16 22:48:39.693667,0.0,PayPal,South,Processing,3006.02
4920,50,2024-10-19 22:48:39.693668,0.0,Debit Card,North,Shipped,817.01
4921,412,2024-12-28 22:48:39.693669,0.0,Debit Card,West,Shipped,523.36
4922,195,2025-01-05 22:48:39.693669,0.0,Debit Card,North,Shipped,812.9100000000001
4923,73,2025-01-07 22:48:39.693670,0.0,Bank Transfer,West,Delivered,1911.2699999999998
4924,157,2025-05-10 22:48:39.693671,0.0,Credit Card,West,Delivered,477.19
4925,859,2025-02-02 22:48:39.693672,0.0,Debit Card,North,Shipped,1393.23
4926,648,2025-06-27 22:48:39.693672,0.0,Bank Transfer,West,Shipped,2596.35
4927,906,2025-01-01 22:48:39.693673,0.0,PayPal,East,Delivered,555.72
4928,418,2025-04-17 22:48:39.693674,0.0,Bank Transfer,North,Shipped,2542.57
4929,47,2024-10-12 22:48:39.693675,0.0,Debit Card,South,Shipped,3238.5099999999998
4930,465,2025-07-20 22:48:39.693676,0.0,PayPal,East,Processing,1118.34
4931,383,2024-08-26 22:48:39.693676,0.0,PayPal,West,Shipped,700.77
4932,955,2024-11-18 22:48:39.693677,0.0,PayPal,North,Processing,1638.65
4933,348,2025-01-12 22:48:39.693678,0.0,Bank Transfer,North,Processing,2154.98
4934,288,2024-08-28 22:48:39.693679,0.0,Debit Card,East,Shipped,2532.0
4935,443,2024-12-24 22:48:39.693679,0.0,PayPal,North,Processing,177.8
4936,426,2025-06-08 22:48:39.693680,0.0,Bank Transfer,East,Delivered,480.15999999999997
4937,279,2025-03-15 22:48:39.693681,0.0,PayPal,North,Delivered,422.11
4938,335,2024-08-22 22:48:39.693682,0.0,PayPal,South,Processing,416.86
4939,552,2024-09-24 22:48:39.693683,0.0,Bank Transfer,East,Shipped,3356.25
4940,904,2024-09-26 22:48:39.693683,0.0,Debit Card,North,Delivered,1527.65
4941,813,2025-02-18 22:48:39.693684,0.0,Debit Card,East,Delivered,1468.31
4942,18,2025-02-14 22:48:39.693685,0.0,Bank Transfer,South,Delivered,1092.11
4943,734,2024-07-22 22:48:39.693686,0.0,Debit Card,North,Shipped,2296.62
4944,169,2025-02-25 22:48:39.693687,0.0,PayPal,East,Processing,145.62
4945,163,2024-10-29 22:48:39.693716,0.0,Credit Card,North,Processing,966.41
4946,377,2024-10-06 22:48:39.693718,0.0,PayPal,East,Shipped,2192.71
4947,131,2025-01-23 22:48:39.693719,0.0,Bank Transfer,East,Delivered,623.73
4948,407,2025-06-29 22:48:39.693720,0.0,PayPal,East,Shipped,2373.87
4949,222,2024-10-10 22:48:39.693721,0.0,Bank Transfer,North,Delivered,3166.25
4950,124,2025-03-12 22:48:39.693721,0.0,PayPal,South,Delivered,3266.51
4951,333,2024-11-17 22:48:39.693722,0.0,Bank Transfer,West,Shipped,874.4
4952,607,2024-10-30 22:48:39.693723,0.0,PayPal,West,Shipped,3377.6499999999996
4953,414,2024-10-30 22:48:39.693724,0.0,Credit Card,West,Delivered,1596.57
4954,609,2025-06-20 22:48:39.693725,0.0,Debit Card,North,Delivered,1677.08
4955,131,2025-01-06 22:48:39.693725,0.0,Bank Transfer,East,Delivered,748.98
4956,590,2024-09-21 22:48:39.693726,0.0,PayPal,West,Delivered,487.68
4957,302,2024-10-04 22:48:39.693727,0.0,Credit Card,North,Delivered,2562.36
4958,444,2025-03-05 22:48:39.693728,0.0,PayPal,North,Shipped,1091.45
4959,534,2025-04-02 22:48:39.693728,0.0,PayPal,West,Shipped,698.25
4960,611,2024-10-24 22:48:39.693729,0.0,Bank Transfer,North,Processing,1778.6399999999999
4961,204,2024-09-20 22:48:39.693730,0.0,PayPal,West,Processing,1111.72
4962,806,2025-06-18 22:48:39.693731,0.0,Debit Card,North,Delivered,84.3
4963,205,2025-05-11 22:48:39.693731,0.0,PayPal,West,Delivered,658.2399999999999
4964,314,2025-04-02 22:48:39.693732,0.0,Bank Transfer,North,Shipped,803.4
4965,611,2025-06-07 22:48:39.693733,0.0,Bank Transfer,South,Processing,2252.49
4966,137,2025-06-02 22:48:39.693734,0.0,Debit Card,West,Shipped,2917.23
4967,23,2025-01-09 22:48:39.693735,0.0,Bank Transfer,North,Shipped,1098.1200000000001
4968,119,2024-11-21 22:48:39.693735,0.0,Bank Transfer,South,Delivered,809.6500000000001
4969,807,2024-08-12 22:48:39.693736,0.0,Credit Card,West,Shipped,666.73
4970,602,2025-03-14 22:48:39.693737,0.0,Bank Transfer,East,Delivered,486.05
4971,970,2024-08-26 22:48:39.693738,0.0,Credit Card,North,Shipped,1210.99
4972,662,2025-06-05 22:48:39.693738,0.0,PayPal,East,Shipped,2778.16
4973,734,2025-02-06 22:48:39.693739,0.0,PayPal,East,Shipped,3347.21
4974,283,2025-07-17 22:48:39.693740,0.0,Bank Transfer,South,Shipped,15.1
4975,385,2024-10-15 22:48:39.693741,0.0,Bank Transfer,North,Shipped,668.39
4976,911,2025-02-06 22:48:39.693741,0.0,Debit Card,North,Delivered,248.5
4977,944,2025-07-16 22:48:39.693742,0.0,Bank Transfer,South,Shipped,469.18
4978,745,2025-03-17 22:48:39.693743,0.0,Bank Transfer,North,Delivered,2948.48
4979,100,2024-11-22 22:48:39.693744,0.0,Debit Card,East,Delivered,1206.6100000000001
4980,852,2024-09-05 22:48:39.693744,0.0,Credit Card,South,Delivered,417.12
4981,95,2024-11-26 22:48:39.693745,0.0,Debit Card,North,Delivered,1436.6399999999999
4982,793,2025-03-14 22:48:39.693746,0.0,PayPal,West,Shipped,1264.3600000000001
4983,713,2024-10-20 22:48:39.693747,0.0,Debit Card,West,Shipped,1596.63
4984,6,2025-03-22 22:48:39.693747,0.0,Bank Transfer,North,Shipped,1400.71
4985,578,2024-12-04 22:48:39.693748,0.0,PayPal,North,Delivered,2876.15
4986,203,2025-05-18 22:48:39.693749,0.0,Bank Transfer,East,Processing,139.69
4987,443,2025-06-14 22:48:39.693750,0.0,Credit Card,East,Shipped,3240.25
4988,623,2024-10-03 22:48:39.693750,0.0,Debit Card,North,Shipped,1387.03
4989,490,2025-01-01 22:48:39.693751,0.0,Debit Card,East,Delivered,230.67000000000002
4990,621,2025-05-30 22:48:39.693752,0.0,PayPal,South,Delivered,808.26
4991,152,2024-12-26 22:48:39.693753,0.0,Debit Card,South,Shipped,3806.66
4992,328,2025-01-23 22:48:39.693753,0.0,PayPal,East,Shipped,1747.75
4993,647,2025-04-01 22:48:39.693754,0.0,Bank Transfer,West,Delivered,721.66
4994,482,2025-05-17 22:48:39.693755,0.0,Credit Card,South,Shipped,1105.46
4995,17,2025-02-16 22:48:39.693756,0.0,Bank Transfer,North,Delivered,3003.24
4996,833,2024-12-24 22:48:39.693757,0.0,Credit Card,North,Delivered,706.3499999999999
4997,322,2025-03-05 22:48:39.693757,0.0,PayPal,South,Shipped,2354.3199999999997
4998,860,2025-04-25 22:48:39.693758,0.0,PayPal,East,Processing,4347.61
4999,125,2025-04-17 22:48:39.693759,0.0,Bank Transfer,North,Processing,369.99
5000,241,2025-03-15 22:48:39.693759,0.0,PayPal,South,Delivered,1246.8899999999999
5001,685,2025-05-29 22:48:39.693760,0.0,Debit Card,South,Shipped,3441.26
5002,4,2024-11-06 22:48:39.693761,0.0,PayPal,West,Processing,2482.01
5003,56,2024-09-12 22:48:39.693762,0.0,Debit Card,South,Delivered,1274.4199999999998
5004,821,2025-01-17 22:48:39.693762,0.0,Credit Card,North,Cancelled,1267.93
5005,781,2025-05-13 22:48:39.693763,0.0,PayPal,North,Processing,2074.44
5006,81,2024-10-10 22:48:39.693764,0.0,Credit Card,West,Processing,2246.48
5007,5,2025-06-02 22:48:39.693765,0.0,Debit Card,North,Shipped,2642.66
5008,626,2025-06-15 22:48:39.693766,0.0,Credit Card,East,Shipped,1675.31
5009,563,2025-03-21 22:48:39.693766,0.0,Debit Card,East,Shipped,2176.85
5010,555,2025-01-31 22:48:39.693767,0.0,Bank Transfer,South,Processing,1020.4200000000001
5011,134,2024-12-01 22:48:39.693768,0.0,Bank Transfer,South,Delivered,3196.46
5012,757,2025-01-21 22:48:39.693769,0.0,PayPal,West,Delivered,1215.54
5013,555,2024-11-04 22:48:39.693770,0.0,Credit Card,South,Shipped,972.1200000000001
5014,713,2025-02-25 22:48:39.693770,0.0,PayPal,West,Processing,1842.46
5015,166,2024-08-05 22:48:39.693771,0.0,Debit Card,West,Delivered,1212.69
5016,301,2024-10-13 22:48:39.693772,0.0,Bank Transfer,East,Shipped,470.9
5017,603,2025-04-22 22:48:39.693773,0.0,Bank Transfer,West,Shipped,811.87
5018,866,2024-08-16 22:48:39.693773,0.0,Bank Transfer,South,Delivered,1339.35
5019,873,2025-07-12 22:48:39.693774,0.0,Credit Card,South,Cancelled,885.01
5020,455,2025-05-02 22:48:39.693775,0.0,Credit Card,North,Delivered,1521.06
5021,110,2025-01-09 22:48:39.693776,0.0,Bank Transfer,East,Delivered,153.15
5022,501,2024-11-15 22:48:39.693776,0.0,Debit Card,East,Processing,1838.5900000000001
5023,352,2024-12-21 22:48:39.693777,0.0,Bank Transfer,North,Delivered,570.12
5024,125,2024-11-16 22:48:39.693778,0.0,Bank Transfer,South,Processing,4042.11
5025,897,2025-02-09 22:48:39.693779,0.0,Debit Card,East,Shipped,2897.72
5026,969,2024-10-14 22:48:39.693779,0.0,PayPal,South,Shipped,1473.96
5027,371,2024-10-30 22:48:39.693780,0.0,Credit Card,West,Delivered,225.60000000000002
5028,37,2025-03-22 22:48:39.693781,0.0,Debit Card,South,Processing,1032.48
5029,719,2024-10-02 22:48:39.693782,0.0,Bank Transfer,North,Shipped,3115.25
5030,259,2024-08-23 22:48:39.693783,0.0,Bank Transfer,West,Cancelled,507.89
5031,389,2024-08-18 22:48:39.693783,0.0,Debit Card,East,Cancelled,2639.2
5032,34,2025-02-19 22:48:39.693784,0.0,Credit Card,East,Delivered,660.09
5033,539,2025-01-26 22:48:39.693785,0.0,Debit Card,North,Processing,1514.04
5034,646,2024-08-22 22:48:39.693786,0.0,Bank Transfer,North,Shipped,78.8
5035,952,2024-08-15 22:48:39.693786,0.0,Bank Transfer,East,Processing,1455.72
5036,499,2024-10-01 22:48:39.693787,0.0,Bank Transfer,South,Delivered,2285.16
5037,810,2025-03-28 22:48:39.693788,0.0,Bank Transfer,South,Delivered,2156.4300000000003
5038,8,2024-08-19 22:48:39.693789,0.0,Bank Transfer,North,Delivered,1468.6
5039,805,2024-11-29 22:48:39.693789,0.0,Bank Transfer,North,Shipped,1289.83
5040,311,2024-11-12 22:48:39.693790,0.0,Credit Card,East,Delivered,209.69
5041,225,2024-10-04 22:48:39.693791,0.0,Credit Card,West,Processing,1227.33
5042,693,2025-01-10 22:48:39.693792,0.0,Credit Card,North,Shipped,2355.7799999999997
5043,121,2024-07-31 22:48:39.693793,0.0,PayPal,East,Delivered,1916.85
5044,486,2025-01-09 22:48:39.693793,0.0,PayPal,West,Delivered,2374.6
5045,823,2025-06-03 22:48:39.693794,0.0,Debit Card,West,Shipped,1074.4499999999998
5046,607,2024-12-19 22:48:39.693795,0.0,Bank Transfer,South,Delivered,3574.62
5047,52,2025-05-09 22:48:39.693796,0.0,Debit Card,West,Processing,513.0600000000001
5048,999,2025-02-08 22:48:39.693796,0.0,Bank Transfer,West,Delivered,2494.14
5049,525,2025-05-16 22:48:39.693797,0.0,Credit Card,West,Processing,1615.23
5050,401,2024-10-01 22:48:39.693798,0.0,Bank Transfer,South,Delivered,1591.54
5051,217,2024-11-15 22:48:39.693799,0.0,Credit Card,East,Processing,341.67
5052,540,2024-08-11 22:48:39.693799,0.0,Credit Card,West,Processing,2422.37
5053,568,2024-11-25 22:48:39.693800,0.0,PayPal,West,Delivered,990.01
5054,68,2024-12-31 22:48:39.693801,0.0,Debit Card,East,Delivered,1306.8600000000001
5055,604,2024-09-11 22:48:39.693802,0.0,Debit Card,East,Processing,1102.2399999999998
5056,928,2025-04-08 22:48:39.693802,0.0,Debit Card,South,Delivered,1521.12
5057,725,2025-02-26 22:48:39.693803,0.0,Bank Transfer,East,Processing,1324.79
5058,376,2024-10-12 22:48:39.693808,0.0,PayPal,South,Shipped,912.1800000000001
5059,695,2024-08-04 22:48:39.693809,0.0,PayPal,West,Delivered,1057.9
5060,63,2024-12-12 22:48:39.693810,0.0,Debit Card,West,Delivered,640.74
5061,164,2024-09-11 22:48:39.693811,0.0,Bank Transfer,West,Shipped,1296.72
5062,598,2024-12-10 22:48:39.693812,0.0,Debit Card,West,Cancelled,629.54
5063,740,2024-08-26 22:48:39.693813,0.0,Debit Card,East,Shipped,915.55
5064,31,2024-10-24 22:48:39.693813,0.0,Debit Card,North,Delivered,344.90999999999997
5065,921,2025-04-04 22:48:39.693814,0.0,Debit Card,West,Cancelled,676.3
5066,738,2025-05-06 22:48:39.693815,0.0,Debit Card,East,Delivered,1152.3400000000001
5067,472,2025-02-25 22:48:39.693816,0.0,Bank Transfer,East,Shipped,2553.1
5068,443,2025-04-06 22:48:39.693816,0.0,Debit Card,North,Delivered,4278.25
5069,450,2025-03-04 22:48:39.693817,0.0,Bank Transfer,South,Shipped,71.97
5070,597,2024-12-31 22:48:39.693818,0.0,Debit Card,South,Shipped,555.96
5071,383,2024-08-05 22:48:39.693819,0.0,Credit Card,West,Shipped,2077.04
5072,216,2024-12-05 22:48:39.693819,0.0,PayPal,East,Delivered,2179.24
5073,650,2025-06-29 22:48:39.693820,0.0,Credit Card,East,Shipped,915.28
5074,469,2024-12-21 22:48:39.693821,0.0,Debit Card,North,Shipped,1367.26
5075,550,2024-07-26 22:48:39.693822,0.0,Debit Card,North,Delivered,3193.95
5076,775,2024-12-02 22:48:39.693822,0.0,Credit Card,South,Processing,1375.05
5077,270,2024-08-17 22:48:39.693823,0.0,Debit Card,South,Processing,3564.6400000000003
5078,570,2025-01-18 22:48:39.693824,0.0,Bank Transfer,North,Delivered,2351.87
5079,388,2025-07-09 22:48:39.693825,0.0,Credit Card,East,Shipped,1979.96
5080,16,2024-07-24 22:48:39.693825,0.0,PayPal,East,Cancelled,1340.5700000000002
5081,992,2025-01-03 22:48:39.693826,0.0,Credit Card,West,Shipped,1090.32
5082,666,2024-10-06 22:48:39.693827,0.0,PayPal,South,Shipped,409.34
5083,14,2024-08-28 22:48:39.693828,0.0,Debit Card,West,Shipped,3802.3199999999997
5084,736,2024-10-07 22:48:39.693829,0.0,PayPal,West,Delivered,2384.34
5085,541,2025-01-01 22:48:39.693829,0.0,Credit Card,North,Processing,2038.63
5086,891,2025-03-25 22:48:39.693830,0.0,Credit Card,West,Delivered,497.96
5087,730,2025-07-19 22:48:39.693831,0.0,Debit Card,West,Delivered,347.92
5088,549,2025-06-24 22:48:39.693832,0.0,PayPal,East,Delivered,2332.17
5089,659,2025-05-24 22:48:39.693833,0.0,Bank Transfer,East,Delivered,1094.68
5090,592,2024-10-12 22:48:39.693833,0.0,Debit Card,West,Delivered,659.16
5091,12,2024-11-11 22:48:39.693834,0.0,Bank Transfer,South,Cancelled,1548.12
5092,330,2025-05-31 22:48:39.693835,0.0,Credit Card,North,Processing,3048.7599999999998
5093,550,2025-02-02 22:48:39.693836,0.0,PayPal,East,Delivered,403.99
5094,747,2025-04-30 22:48:39.693836,0.0,Bank Transfer,East,Shipped,1816.08
5095,744,2025-04-17 22:48:39.693837,0.0,PayPal,South,Delivered,2415.1
5096,116,2025-06-30 22:48:39.693838,0.0,Bank Transfer,South,Delivered,1034.97
5097,513,2024-11-11 22:48:39.693839,0.0,Debit Card,West,Delivered,1077.67
5098,234,2025-04-16 22:48:39.693839,0.0,Credit Card,South,Delivered,1738.93
5099,299,2025-03-06 22:48:39.693840,0.0,Bank Transfer,West,Shipped,2396.55
5100,133,2025-04-09 22:48:39.693841,0.0,Credit Card,East,Shipped,327.43
5101,451,2024-10-15 22:48:39.693842,0.0,Bank Transfer,North,Delivered,2494.9799999999996
5102,695,2024-10-26 22:48:39.693842,0.0,PayPal,East,Delivered,1409.79
5103,760,2025-06-16 22:48:39.693843,0.0,Credit Card,East,Delivered,123.5
5104,885,2024-08-29 22:48:39.693844,0.0,Credit Card,East,Delivered,979.0
5105,234,2025-04-27 22:48:39.693845,0.0,Bank Transfer,South,Shipped,2114.93
5106,940,2025-07-13 22:48:39.693846,0.0,Credit Card,South,Processing,248.14
5107,687,2025-04-15 22:48:39.693846,0.0,Credit Card,North,Processing,451.07
5108,305,2024-10-11 22:48:39.693847,0.0,Debit Card,South,Delivered,837.27
5109,977,2025-04-24 22:48:39.693848,0.0,Debit Card,South,Shipped,2305.12
5110,385,2024-09-24 22:48:39.693849,0.0,PayPal,East,Delivered,3283.14
5111,970,2025-05-16 22:48:39.693849,0.0,PayPal,West,Delivered,1649.25
5112,870,2024-07-26 22:48:39.693850,0.0,Credit Card,North,Shipped,3256.34
5113,849,2025-04-10 22:48:39.693851,0.0,PayPal,South,Processing,972.6199999999999
5114,325,2025-03-05 22:48:39.693852,0.0,Bank Transfer,South,Delivered,615.5
5115,486,2024-12-21 22:48:39.693853,0.0,Bank Transfer,East,Delivered,938.98
5116,654,2025-02-03 22:48:39.693853,0.0,Credit Card,West,Delivered,1406.74
5117,576,2025-03-25 22:48:39.693854,0.0,Bank Transfer,East,Processing,994.2
5118,19,2024-08-16 22:48:39.693855,0.0,Debit Card,North,Delivered,3050.4700000000003
5119,193,2024-09-24 22:48:39.693856,0.0,PayPal,East,Delivered,1544.95
5120,475,2025-01-19 22:48:39.693856,0.0,Debit Card,North,Delivered,2343.9700000000003
5121,483,2025-01-16 22:48:39.693857,0.0,Debit Card,South,Cancelled,1131.81
5122,233,2025-01-11 22:48:39.693858,0.0,PayPal,East,Delivered,440.06
5123,447,2025-05-06 22:48:39.693859,0.0,PayPal,West,Delivered,1988.85
5124,685,2025-01-14 22:48:39.693859,0.0,Bank Transfer,South,Shipped,1734.08
5125,581,2025-06-25 22:48:39.693860,0.0,Credit Card,West,Delivered,1916.9899999999998
5126,384,2025-05-10 22:48:39.693861,0.0,PayPal,West,Delivered,1952.75
5127,312,2025-05-20 22:48:39.693862,0.0,Credit Card,North,Shipped,192.09
5128,284,2025-06-08 22:48:39.693862,0.0,Debit Card,East,Processing,890.6199999999999
5129,404,2025-01-26 22:48:39.693863,0.0,Bank Transfer,East,Shipped,1637.0300000000002
5130,996,2025-01-05 22:48:39.693864,0.0,Debit Card,North,Delivered,2817.52
5131,629,2025-02-16 22:48:39.693865,0.0,PayPal,North,Delivered,1929.81
5132,780,2024-09-15 22:48:39.693865,0.0,Credit Card,North,Processing,2303.34
5133,917,2024-08-22 22:48:39.693866,0.0,Bank Transfer,West,Processing,311.54
5134,441,2024-09-10 22:48:39.693867,0.0,PayPal,East,Delivered,1303.5
5135,971,2024-12-04 22:48:39.693868,0.0,Bank Transfer,South,Delivered,924.68
5136,801,2024-08-17 22:48:39.693868,0.0,Credit Card,East,Processing,538.3299999999999
5137,379,2024-12-31 22:48:39.693869,0.0,Debit Card,East,Delivered,1543.24
5138,958,2025-02-16 22:48:39.693870,0.0,PayPal,North,Delivered,1420.19
5139,495,2025-06-23 22:48:39.693871,0.0,Credit Card,North,Shipped,2650.54
5140,552,2025-02-12 22:48:39.693871,0.0,Credit Card,North,Delivered,523.23
5141,440,2025-06-27 22:48:39.693872,0.0,Bank Transfer,North,Shipped,1870.9
5142,290,2024-07-30 22:48:39.693873,0.0,PayPal,East,Delivered,1691.5800000000002
5143,854,2025-03-03 22:48:39.693874,0.0,Credit Card,West,Shipped,153.15
5144,991,2024-09-22 22:48:39.693874,0.0,Credit Card,East,Processing,1627.02
5145,62,2024-08-28 22:48:39.693875,0.0,Credit Card,South,Delivered,1128.08
5146,688,2024-08-24 22:48:39.693876,0.0,Bank Transfer,South,Processing,1387.9099999999999
5147,85,2024-12-28 22:48:39.693877,0.0,PayPal,North,Shipped,1319.91
5148,995,2025-03-28 22:48:39.693878,0.0,PayPal,North,Processing,1319.75
5149,181,2024-08-17 22:48:39.693878,0.0,PayPal,East,Delivered,1684.83
5150,747,2025-06-02 22:48:39.693879,0.0,PayPal,West,Shipped,1967.43
5151,976,2024-11-08 22:48:39.693880,0.0,Bank Transfer,West,Delivered,1204.6100000000001
5152,946,2025-06-28 22:48:39.693881,0.0,Bank Transfer,East,Shipped,2333.72
5153,465,2024-07-31 22:48:39.693881,0.0,Bank Transfer,North,Delivered,2329.6099999999997
5154,204,2025-02-17 22:48:39.693882,0.0,Credit Card,North,Shipped,2947.25
5155,209,2025-01-10 22:48:39.693883,0.0,Credit Card,North,Shipped,1248.56
5156,254,2024-12-30 22:48:39.693884,0.0,Bank Transfer,East,Shipped,876.0799999999999
5157,540,2024-09-07 22:48:39.693884,0.0,PayPal,West,Delivered,1960.03
5158,526,2024-11-19 22:48:39.693885,0.0,Debit Card,West,Shipped,2215.49
5159,865,2025-06-21 22:48:39.693886,0.0,Bank Transfer,South,Delivered,1490.78
5160,611,2025-04-07 22:48:39.693887,0.0,PayPal,North,Delivered,1113.42
5161,414,2024-11-24 22:48:39.693887,0.0,PayPal,West,Delivered,2377.2
5162,77,2025-06-13 22:48:39.693888,0.0,PayPal,West,Delivered,2100.4
5163,901,2025-06-22 22:48:39.693889,0.0,Credit Card,South,Delivered,1586.12
5164,746,2025-07-09 22:48:39.693890,0.0,PayPal,South,Delivered,415.63
5165,285,2025-02-19 22:48:39.693890,0.0,PayPal,East,Shipped,3675.49
5166,107,2024-12-28 22:48:39.693891,0.0,PayPal,South,Processing,1530.8600000000001
5167,651,2024-07-27 22:48:39.693892,0.0,Debit Card,West,Shipped,532.1500000000001
5168,530,2025-04-24 22:48:39.693893,0.0,Debit Card,West,Delivered,3147.4
5169,437,2025-01-10 22:48:39.693893,0.0,Credit Card,North,Shipped,2058.54
5170,991,2024-07-29 22:48:39.693894,0.0,Bank Transfer,East,Shipped,1490.06
5171,659,2024-08-30 22:48:39.693895,0.0,Credit Card,West,Shipped,1487.3999999999999
5172,414,2024-10-18 22:48:39.693896,0.0,Debit Card,West,Processing,2205.7
5173,151,2025-06-02 22:48:39.693896,0.0,Bank Transfer,North,Delivered,757.2
5174,100,2024-11-23 22:48:39.693897,0.0,Debit Card,South,Delivered,1902.2099999999998
5175,489,2025-01-02 22:48:39.693898,0.0,Debit Card,North,Delivered,1003.3499999999999
5176,60,2025-07-05 22:48:39.693899,0.0,Debit Card,West,Shipped,3168.21
5177,386,2025-07-02 22:48:39.693899,0.0,Debit Card,West,Cancelled,1223.19
5178,376,2024-12-01 22:48:39.693900,0.0,Bank Transfer,North,Delivered,2715.0
5179,732,2025-06-09 22:48:39.693901,0.0,Credit Card,South,Processing,953.03
5180,438,2025-01-09 22:48:39.693902,0.0,PayPal,East,Delivered,2087.48
5181,479,2025-03-16 22:48:39.693902,0.0,Bank Transfer,South,Delivered,255.49
5182,659,2025-04-07 22:48:39.693903,0.0,Credit Card,South,Shipped,2730.9
5183,459,2025-04-17 22:48:39.693904,0.0,Credit Card,South,Processing,3099.99
5184,513,2025-04-06 22:48:39.693905,0.0,Credit Card,South,Delivered,1902.8
5185,940,2024-09-22 22:48:39.693905,0.0,Credit Card,East,Delivered,1526.4099999999999
5186,717,2025-02-24 22:48:39.693906,0.0,PayPal,East,Shipped,2172.51
5187,917,2024-07-30 22:48:39.693907,0.0,Bank Transfer,South,Processing,1525.3000000000002
5188,249,2024-11-01 22:48:39.693908,0.0,PayPal,East,Delivered,1138.53
5189,820,2025-03-21 22:48:39.693909,0.0,Credit Card,North,Delivered,2063.82
5190,500,2025-06-26 22:48:39.693909,0.0,Bank Transfer,East,Delivered,1625.54
5191,300,2025-04-08 22:48:39.693910,0.0,Bank Transfer,North,Delivered,124.89
5192,370,2024-08-09 22:48:39.693911,0.0,Bank Transfer,East,Delivered,284.36
5193,462,2025-05-25 22:48:39.693912,0.0,Bank Transfer,South,Shipped,807.97
5194,290,2025-02-06 22:48:39.693912,0.0,Debit Card,West,Delivered,1617.3500000000001
5195,400,2025-02-15 22:48:39.693913,0.0,Credit Card,North,Processing,1356.71
5196,616,2025-03-21 22:48:39.693914,0.0,Debit Card,West,Shipped,2587.43
5197,529,2024-12-28 22:48:39.693915,0.0,Bank Transfer,North,Delivered,285.78
5198,388,2024-10-19 22:48:39.693915,0.0,Credit Card,North,Delivered,1983.85
5199,316,2024-11-11 22:48:39.693916,0.0,PayPal,East,Shipped,2386.4100000000003
5200,8,2025-03-25 22:48:39.693917,0.0,Debit Card,South,Delivered,838.52
5201,886,2025-06-25 22:48:39.693918,0.0,PayPal,South,Processing,1073.0
5202,925,2024-08-07 22:48:39.693919,0.0,Credit Card,South,Delivered,22.65
5203,433,2024-12-02 22:48:39.693919,0.0,Credit Card,West,Shipped,691.5600000000001
5204,246,2025-04-22 22:48:39.693920,0.0,Debit Card,West,Processing,1545.1100000000001
5205,753,2024-11-20 22:48:39.693921,0.0,Bank Transfer,West,Processing,234.51
5206,645,2025-05-23 22:48:39.693922,0.0,Bank Transfer,North,Shipped,845.94
5207,845,2025-07-07 22:48:39.693922,0.0,Debit Card,West,Processing,3072.7
5208,191,2025-06-28 22:48:39.693923,0.0,Bank Transfer,South,Delivered,1192.25
5209,205,2025-04-04 22:48:39.693924,0.0,Credit Card,East,Processing,1282.74
5210,646,2024-08-04 22:48:39.693925,0.0,Credit Card,East,Delivered,780.02
5211,960,2025-03-27 22:48:39.693925,0.0,Bank Transfer,North,Delivered,1902.02
5212,484,2024-11-20 22:48:39.693926,0.0,Bank Transfer,East,Processing,2280.54
5213,634,2024-10-19 22:48:39.693927,0.0,PayPal,West,Delivered,1765.81
5214,394,2025-01-14 22:48:39.693928,0.0,Bank Transfer,South,Delivered,7.55
5215,107,2025-04-03 22:48:39.693928,0.0,Credit Card,East,Shipped,1422.65
5216,714,2024-08-07 22:48:39.693929,0.0,Credit Card,North,Processing,3399.06
5217,97,2024-10-22 22:48:39.693930,0.0,Credit Card,South,Delivered,1621.06
5218,598,2025-06-18 22:48:39.693931,0.0,Credit Card,West,Shipped,2565.92
5219,940,2025-03-31 22:48:39.693931,0.0,Credit Card,South,Processing,518.44
5220,358,2025-02-26 22:48:39.693932,0.0,Bank Transfer,North,Delivered,2243.4300000000003
5221,305,2024-11-27 22:48:39.693933,0.0,PayPal,North,Shipped,1428.68
5222,384,2025-03-12 22:48:39.693934,0.0,Bank Transfer,West,Shipped,1894.15
5223,145,2024-11-04 22:48:39.693934,0.0,Debit Card,West,Processing,841.6800000000001
5224,49,2025-03-30 22:48:39.693935,0.0,Bank Transfer,East,Delivered,1029.8899999999999
5225,586,2025-05-12 22:48:39.693936,0.0,PayPal,East,Delivered,807.15
5226,410,2024-12-31 22:48:39.693937,0.0,Debit Card,East,Cancelled,328.82
5227,847,2025-01-17 22:48:39.693937,0.0,Debit Card,South,Processing,2445.29
5228,30,2024-11-19 22:48:39.693938,0.0,Debit Card,North,Processing,131.74
5229,421,2025-01-03 22:48:39.693939,0.0,Credit Card,North,Delivered,1956.51
5230,204,2024-07-22 22:48:39.693940,0.0,Debit Card,West,Shipped,1919.01
5231,108,2024-09-02 22:48:39.693941,0.0,Bank Transfer,West,Shipped,23.31
5232,872,2024-11-04 22:48:39.693942,0.0,Bank Transfer,East,Shipped,1718.79
5233,15,2025-04-29 22:48:39.693942,0.0,Credit Card,South,Shipped,3215.6400000000003
5234,714,2024-11-13 22:48:39.693943,0.0,Debit Card,South,Delivered,1606.04
5235,700,2025-06-25 22:48:39.693944,0.0,PayPal,West,Shipped,511.68
5236,301,2024-10-25 22:48:39.693945,0.0,Bank Transfer,South,Delivered,1931.1
5237,175,2024-09-16 22:48:39.693945,0.0,Bank Transfer,South,Delivered,82.7
5238,420,2025-03-13 22:48:39.693946,0.0,Credit Card,North,Shipped,2174.98
5239,449,2025-05-21 22:48:39.693947,0.0,Credit Card,South,Delivered,692.26
5240,14,2025-05-31 22:48:39.693948,0.0,Credit Card,North,Delivered,410.65000000000003
5241,169,2025-02-09 22:48:39.693949,0.0,PayPal,West,Shipped,1920.33
5242,246,2024-11-25 22:48:39.693949,0.0,PayPal,West,Delivered,2546.3999999999996
5243,123,2024-07-25 22:48:39.693950,0.0,Debit Card,East,Processing,683.28
5244,689,2024-09-27 22:48:39.693951,0.0,PayPal,North,Shipped,488.23
5245,945,2025-04-26 22:48:39.693952,0.0,PayPal,North,Delivered,1796.64
5246,908,2025-07-16 22:48:39.693952,0.0,Bank Transfer,North,Delivered,1271.92
5247,193,2024-10-21 22:48:39.693953,0.0,Bank Transfer,North,Delivered,1824.3500000000001
5248,761,2025-06-02 22:48:39.693954,0.0,Credit Card,North,Cancelled,1900.28
5249,167,2024-08-06 22:48:39.693955,0.0,PayPal,West,Delivered,1998.79
5250,724,2025-02-08 22:48:39.693955,0.0,Credit Card,North,Delivered,1514.3000000000002
5251,217,2024-11-10 22:48:39.693956,0.0,Debit Card,East,Shipped,1886.85
5252,563,2025-01-14 22:48:39.693957,0.0,Bank Transfer,North,Processing,1275.77
5253,222,2025-03-28 22:48:39.693958,0.0,PayPal,East,Processing,1389.9299999999998
5254,245,2024-11-26 22:48:39.693958,0.0,Bank Transfer,South,Processing,873.57
5255,775,2025-06-23 22:48:39.693959,0.0,Debit Card,South,Delivered,1147.85
5256,461,2024-09-04 22:48:39.693960,0.0,PayPal,West,Shipped,1186.42
5257,353,2025-03-06 22:48:39.693961,0.0,Debit Card,West,Shipped,2431.8199999999997
5258,295,2025-01-02 22:48:39.693961,0.0,PayPal,North,Shipped,2449.91
5259,12,2024-08-02 22:48:39.693962,0.0,Bank Transfer,North,Delivered,236.39999999999998
5260,314,2025-04-23 22:48:39.693963,0.0,PayPal,East,Shipped,4311.06
5261,263,2024-11-13 22:48:39.693964,0.0,Bank Transfer,East,Shipped,2976.83
5262,231,2025-04-02 22:48:39.693965,0.0,Debit Card,East,Delivered,564.18
5263,110,2025-03-04 22:48:39.693965,0.0,Credit Card,South,Shipped,66.77
5264,801,2025-01-04 22:48:39.693966,0.0,PayPal,South,Delivered,1993.03
5265,779,2024-12-31 22:48:39.693967,0.0,Bank Transfer,South,Delivered,1441.26
5266,446,2024-08-26 22:48:39.693968,0.0,PayPal,North,Processing,1486.4099999999999
5267,279,2025-01-17 22:48:39.693968,0.0,Credit Card,South,Delivered,1475.0700000000002
5268,652,2025-05-04 22:48:39.693969,0.0,Bank Transfer,East,Shipped,242.45
5269,275,2025-07-17 22:48:39.693970,0.0,Bank Transfer,South,Delivered,890.4200000000001
5270,692,2025-03-10 22:48:39.693971,0.0,Debit Card,South,Delivered,1526.4099999999999
5271,34,2025-02-08 22:48:39.693971,0.0,Debit Card,East,Shipped,1570.76
5272,382,2025-06-29 22:48:39.693972,0.0,Credit Card,West,Delivered,878.24
5273,961,2025-05-09 22:48:39.693973,0.0,Bank Transfer,North,Delivered,2544.82
5274,124,2024-12-14 22:48:39.693974,0.0,Bank Transfer,South,Shipped,1745.81
5275,679,2025-03-18 22:48:39.693974,0.0,Bank Transfer,North,Delivered,1218.28
5276,700,2025-05-19 22:48:39.693975,0.0,Debit Card,West,Delivered,353.69
5277,627,2025-01-12 22:48:39.693976,0.0,PayPal,South,Shipped,576.78
5278,313,2025-05-04 22:48:39.693976,0.0,Debit Card,North,Shipped,2182.7200000000003
5279,272,2025-01-07 22:48:39.693977,0.0,PayPal,North,Shipped,636.33
5280,405,2025-01-12 22:48:39.693978,0.0,PayPal,South,Delivered,918.94
5281,412,2024-11-17 22:48:39.693979,0.0,Bank Transfer,South,Cancelled,2632.7
5282,705,2025-04-17 22:48:39.693979,0.0,Debit Card,North,Delivered,1793.8799999999999
5283,605,2025-01-11 22:48:39.693980,0.0,PayPal,North,Shipped,982.9200000000001
5284,930,2024-12-13 22:48:39.693981,0.0,Credit Card,East,Processing,1452.58
5285,732,2024-10-08 22:48:39.693982,0.0,PayPal,West,Shipped,429.65999999999997
5286,279,2024-08-24 22:48:39.693982,0.0,Debit Card,South,Shipped,2516.67
5287,941,2024-10-18 22:48:39.693983,0.0,PayPal,North,Delivered,738.8499999999999
5288,261,2024-12-13 22:48:39.693984,0.0,Debit Card,North,Processing,453.82
5289,128,2024-12-08 22:48:39.693985,0.0,Debit Card,West,Processing,2282.23
5290,632,2025-06-11 22:48:39.693985,0.0,PayPal,North,Delivered,3975.99
5291,231,2024-09-07 22:48:39.693986,0.0,Bank Transfer,East,Processing,629.0699999999999
5292,91,2024-09-03 22:48:39.693987,0.0,Bank Transfer,East,Cancelled,1976.2199999999998
5293,167,2025-03-04 22:48:39.693988,0.0,Bank Transfer,East,Delivered,2719.5
5294,371,2025-05-03 22:48:39.693988,0.0,Debit Card,North,Processing,2147.03
5295,341,2024-10-07 22:48:39.693989,0.0,Credit Card,West,Processing,1616.68
5296,500,2024-11-23 22:48:39.693990,0.0,Bank Transfer,East,Processing,2252.5299999999997
5297,387,2025-03-10 22:48:39.693991,0.0,PayPal,South,Delivered,279.9
5298,537,2024-10-02 22:48:39.693991,0.0,Credit Card,West,Delivered,70.63
5299,174,2024-10-09 22:48:39.693992,0.0,Debit Card,North,Processing,603.35
5300,549,2025-03-15 22:48:39.693993,0.0,Debit Card,South,Shipped,2112.97
5301,569,2025-04-21 22:48:39.693994,0.0,Bank Transfer,West,Shipped,120.28
5302,770,2025-01-12 22:48:39.693994,0.0,Credit Card,South,Cancelled,2615.6000000000004
5303,683,2024-08-18 22:48:39.693995,0.0,Credit Card,West,Processing,66.56
5304,22,2025-01-08 22:48:39.693996,0.0,Debit Card,South,Delivered,2295.3900000000003
5305,949,2024-09-23 22:48:39.693997,0.0,Bank Transfer,North,Delivered,1414.32
5306,907,2025-05-06 22:48:39.693998,0.0,Debit Card,South,Processing,2221.9
5307,473,2024-12-04 22:48:39.693998,0.0,Debit Card,West,Delivered,1306.1200000000001
5308,696,2025-04-23 22:48:39.693999,0.0,Bank Transfer,East,Delivered,2585.51
5309,319,2025-06-05 22:48:39.694000,0.0,Credit Card,North,Processing,648.48
5310,657,2024-11-05 22:48:39.694001,0.0,Debit Card,South,Delivered,962.8399999999999
5311,876,2025-01-02 22:48:39.694001,0.0,Debit Card,West,Shipped,1508.48
5312,9,2024-09-08 22:48:39.694002,0.0,PayPal,East,Shipped,2681.61
5313,78,2025-07-08 22:48:39.694003,0.0,Debit Card,West,Processing,2493.12
5314,196,2025-06-10 22:48:39.694004,0.0,Debit Card,South,Delivered,1420.56
5315,18,2025-05-14 22:48:39.694004,0.0,Bank Transfer,South,Shipped,1450.95
5316,23,2025-03-13 22:48:39.694005,0.0,Credit Card,South,Delivered,295.89
5317,771,2025-06-12 22:48:39.694006,0.0,Bank Transfer,West,Delivered,2485.82
5318,632,2025-01-28 22:48:39.694007,0.0,Credit Card,South,Processing,1382.49
5319,377,2025-03-29 22:48:39.694007,0.0,Bank Transfer,South,Delivered,17.77
5320,536,2025-02-07 22:48:39.694008,0.0,Debit Card,North,Processing,2584.27
5321,904,2025-07-17 22:48:39.694009,0.0,Debit Card,East,Delivered,1914.34
5322,295,2025-01-27 22:48:39.694010,0.0,Debit Card,North,Delivered,2910.95
5323,201,2024-12-26 22:48:39.694010,0.0,Bank Transfer,North,Shipped,1544.6299999999999
5324,319,2024-12-06 22:48:39.694011,0.0,Credit Card,West,Shipped,1132.67
5325,618,2025-03-02 22:48:39.694012,0.0,Credit Card,West,Delivered,4189.48
5326,239,2025-03-28 22:48:39.694012,0.0,Debit Card,East,Delivered,696.33
5327,996,2024-12-19 22:48:39.694013,0.0,Debit Card,North,Delivered,1389.94
5328,205,2025-02-23 22:48:39.694014,0.0,Credit Card,South,Delivered,2786.7799999999997
5329,722,2025-04-28 22:48:39.694015,0.0,Bank Transfer,South,Cancelled,658.27
5330,334,2025-04-20 22:48:39.694015,0.0,PayPal,South,Processing,2093.66
5331,492,2025-04-07 22:48:39.694016,0.0,Bank Transfer,South,Delivered,2759.09
5332,343,2025-03-26 22:48:39.694017,0.0,Bank Transfer,South,Processing,883.11
5333,188,2025-02-14 22:48:39.694018,0.0,Debit Card,South,Delivered,3219.7
5334,549,2025-07-12 22:48:39.694018,0.0,Credit Card,East,Processing,674.4300000000001
5335,316,2024-11-04 22:48:39.694019,0.0,Credit Card,South,Delivered,1320.99
5336,516,2024-10-11 22:48:39.694020,0.0,PayPal,East,Delivered,3348.48
5337,886,2025-02-20 22:48:39.694021,0.0,Bank Transfer,South,Shipped,2179.71
5338,447,2025-07-03 22:48:39.694021,0.0,Bank Transfer,East,Shipped,625.6800000000001
5339,479,2025-07-16 22:48:39.694022,0.0,Credit Card,South,Processing,18.06
5340,40,2025-07-20 22:48:39.694023,0.0,PayPal,East,Delivered,3099.98
5341,423,2024-08-08 22:48:39.694024,0.0,Credit Card,East,Delivered,548.88
5342,75,2024-08-08 22:48:39.694024,0.0,Bank Transfer,East,Shipped,2185.44
5343,145,2025-05-23 22:48:39.694025,0.0,Bank Transfer,South,Delivered,3782.63
5344,234,2025-06-25 22:48:39.694026,0.0,Debit Card,North,Delivered,430.34
5345,64,2024-09-29 22:48:39.694027,0.0,Debit Card,East,Processing,2213.23
5346,12,2024-07-26 22:48:39.694028,0.0,PayPal,North,Delivered,2897.11
5347,639,2025-03-31 22:48:39.694028,0.0,Credit Card,South,Delivered,3061.3900000000003
5348,704,2025-07-04 22:48:39.694029,0.0,Credit Card,East,Delivered,46.62
5349,801,2025-06-16 22:48:39.694030,0.0,PayPal,East,Delivered,850.6
5350,59,2025-03-13 22:48:39.694031,0.0,Credit Card,West,Processing,2399.39
5351,753,2025-06-16 22:48:39.694031,0.0,Credit Card,South,Delivered,1572.15
5352,825,2025-02-04 22:48:39.694032,0.0,Bank Transfer,East,Processing,4099.37
5353,500,2025-06-13 22:48:39.694033,0.0,Bank Transfer,West,Shipped,358.15
5354,306,2024-08-09 22:48:39.694034,0.0,Debit Card,South,Shipped,270.0
5355,791,2025-02-20 22:48:39.694034,0.0,PayPal,East,Processing,2624.6400000000003
5356,399,2025-03-17 22:48:39.694035,0.0,Debit Card,East,Delivered,41.06
5357,178,2024-09-18 22:48:39.694036,0.0,PayPal,North,Delivered,388.5
5358,631,2025-03-19 22:48:39.694037,0.0,PayPal,West,Delivered,1806.7899999999997
5359,69,2024-11-24 22:48:39.694037,0.0,Debit Card,South,Processing,1471.62
5360,912,2025-05-15 22:48:39.694038,0.0,Bank Transfer,West,Delivered,2247.43
5361,112,2024-12-30 22:48:39.694039,0.0,Credit Card,South,Shipped,1310.11
5362,933,2025-06-12 22:48:39.694040,0.0,Debit Card,South,Shipped,2871.49
5363,702,2024-08-18 22:48:39.694040,0.0,Bank Transfer,North,Delivered,1293.22
5364,28,2024-09-22 22:48:39.694041,0.0,Bank Transfer,North,Delivered,1623.1000000000001
5365,103,2025-03-09 22:48:39.694042,0.0,PayPal,South,Processing,489.12
5366,405,2025-03-12 22:48:39.694043,0.0,Credit Card,West,Delivered,1533.98
5367,178,2024-08-19 22:48:39.694043,0.0,Bank Transfer,South,Delivered,1870.47
5368,628,2025-01-03 22:48:39.694044,0.0,Debit Card,East,Delivered,1542.3300000000002
5369,671,2025-05-29 22:48:39.694045,0.0,Bank Transfer,West,Processing,1723.58
5370,188,2025-05-14 22:48:39.694046,0.0,Bank Transfer,North,Shipped,1107.7099999999998
5371,54,2024-12-11 22:48:39.694046,0.0,Debit Card,West,Shipped,2232.7200000000003
5372,440,2025-06-24 22:48:39.694047,0.0,PayPal,North,Processing,1986.98
5373,821,2025-06-01 22:48:39.694048,0.0,Credit Card,West,Shipped,1194.69
5374,211,2024-12-18 22:48:39.694048,0.0,Credit Card,East,Shipped,766.01
5375,587,2025-05-25 22:48:39.694049,0.0,PayPal,North,Cancelled,1300.58
5376,651,2025-04-19 22:48:39.694050,0.0,Bank Transfer,East,Delivered,1409.62
5377,265,2025-02-25 22:48:39.694051,0.0,Credit Card,West,Shipped,1025.35
5378,855,2025-05-14 22:48:39.694051,0.0,Credit Card,North,Shipped,3034.84
5379,899,2024-10-11 22:48:39.694052,0.0,Bank Transfer,East,Delivered,1198.01
5380,777,2024-10-07 22:48:39.694053,0.0,Bank Transfer,East,Shipped,2129.4
5381,217,2024-07-30 22:48:39.694054,0.0,PayPal,North,Processing,1756.42
5382,969,2024-12-19 22:48:39.694055,0.0,Bank Transfer,West,Delivered,3364.6
5383,837,2025-06-25 22:48:39.694056,0.0,Bank Transfer,East,Shipped,2722.62
5384,419,2024-09-07 22:48:39.694056,0.0,Debit Card,North,Shipped,1837.54
5385,284,2025-01-10 22:48:39.694057,0.0,PayPal,North,Delivered,3799.26
5386,588,2024-09-18 22:48:39.694058,0.0,Debit Card,West,Processing,1791.9299999999998
5387,595,2025-01-07 22:48:39.694059,0.0,Debit Card,North,Cancelled,2153.4700000000003
5388,263,2024-10-20 22:48:39.694059,0.0,Bank Transfer,North,Shipped,1070.82
5389,456,2025-06-20 22:48:39.694060,0.0,PayPal,West,Processing,514.89
5390,647,2024-10-14 22:48:39.694061,0.0,PayPal,West,Delivered,3100.8900000000003
5391,8,2024-12-29 22:48:39.694061,0.0,Credit Card,South,Shipped,1017.48
5392,428,2025-07-02 22:48:39.694062,0.0,Credit Card,East,Shipped,1578.2
5393,257,2025-07-05 22:48:39.694063,0.0,Bank Transfer,West,Delivered,534.8199999999999
5394,112,2024-10-16 22:48:39.694064,0.0,Credit Card,East,Shipped,1724.6
5395,480,2024-10-29 22:48:39.694064,0.0,Debit Card,East,Delivered,266.28
5396,616,2025-01-15 22:48:39.694065,0.0,Credit Card,East,Delivered,1562.71
5397,508,2024-10-15 22:48:39.694066,0.0,Debit Card,South,Delivered,3914.91
5398,370,2024-10-17 22:48:39.694068,0.0,PayPal,North,Processing,1693.86
5399,809,2024-11-25 22:48:39.694069,0.0,Bank Transfer,West,Shipped,1917.68
5400,57,2024-09-18 22:48:39.694069,0.0,Bank Transfer,West,Processing,337.04
5401,202,2025-07-09 22:48:39.694070,0.0,Credit Card,East,Delivered,2314.1800000000003
5402,706,2025-07-21 22:48:39.694071,0.0,Debit Card,East,Processing,1298.4
5403,433,2025-06-23 22:48:39.694072,0.0,Bank Transfer,East,Processing,968.13
5404,875,2024-10-21 22:48:39.694072,0.0,PayPal,South,Delivered,1291.02
5405,710,2024-07-30 22:48:39.694073,0.0,Credit Card,West,Delivered,2862.04
5406,2,2025-07-13 22:48:39.694074,0.0,Bank Transfer,West,Processing,1294.4699999999998
5407,357,2025-05-14 22:48:39.694075,0.0,Bank Transfer,West,Delivered,3206.6
5408,312,2025-06-26 22:48:39.694075,0.0,Credit Card,South,Processing,726.55
5409,690,2024-09-20 22:48:39.694076,0.0,Bank Transfer,North,Delivered,3357.95
5410,326,2025-01-03 22:48:39.694077,0.0,PayPal,East,Shipped,1685.12
5411,18,2025-02-11 22:48:39.694078,0.0,Debit Card,North,Processing,731.52
5412,107,2025-05-03 22:48:39.694078,0.0,Bank Transfer,South,Delivered,1408.24
5413,436,2025-02-11 22:48:39.694079,0.0,PayPal,West,Delivered,601.57
5414,317,2024-12-05 22:48:39.694080,0.0,Bank Transfer,North,Processing,180.49
5415,166,2024-11-27 22:48:39.694081,0.0,Bank Transfer,West,Processing,1140.56
5416,482,2024-11-21 22:48:39.694081,0.0,PayPal,East,Delivered,887.55
5417,362,2025-07-21 22:48:39.694082,0.0,Debit Card,West,Shipped,209.3
5418,130,2024-09-08 22:48:39.694083,0.0,Debit Card,South,Processing,1115.0
5419,517,2024-12-08 22:48:39.694084,0.0,PayPal,West,Delivered,1069.92
5420,794,2024-10-04 22:48:39.694084,0.0,Credit Card,North,Delivered,1487.55
5421,947,2025-04-17 22:48:39.694085,0.0,PayPal,North,Delivered,1035.38
5422,235,2024-07-24 22:48:39.694086,0.0,Credit Card,North,Delivered,2128.31
5423,368,2025-07-03 22:48:39.694087,0.0,Bank Transfer,South,Shipped,197.61
5424,563,2025-03-22 22:48:39.694088,0.0,Debit Card,South,Delivered,106.47
5425,11,2025-05-14 22:48:39.694088,0.0,PayPal,East,Processing,1617.67
5426,289,2025-05-31 22:48:39.694089,0.0,Bank Transfer,East,Processing,2416.0499999999997
5427,122,2024-10-20 22:48:39.694090,0.0,Debit Card,East,Delivered,433.18
5428,771,2025-04-08 22:48:39.694090,0.0,PayPal,North,Shipped,336.6
5429,417,2024-12-27 22:48:39.694091,0.0,Bank Transfer,North,Delivered,914.0899999999999
5430,398,2024-12-24 22:48:39.694092,0.0,Debit Card,North,Processing,895.98
5431,744,2024-09-08 22:48:39.694093,0.0,Debit Card,East,Processing,2816.47
5432,498,2024-11-02 22:48:39.694093,0.0,Debit Card,South,Shipped,230.52
5433,349,2024-09-06 22:48:39.694094,0.0,Bank Transfer,West,Shipped,127.52
5434,220,2025-03-03 22:48:39.694095,0.0,Bank Transfer,South,Delivered,2007.06
5435,557,2025-03-27 22:48:39.694096,0.0,PayPal,West,Delivered,948.53
5436,6,2024-08-24 22:48:39.694096,0.0,PayPal,South,Delivered,1648.6200000000001
5437,4,2025-04-29 22:48:39.694097,0.0,Credit Card,South,Delivered,1279.54
5438,961,2025-02-19 22:48:39.694098,0.0,PayPal,North,Delivered,2070.4900000000002
5439,223,2025-02-09 22:48:39.694099,0.0,Credit Card,South,Shipped,1945.02
5440,939,2025-05-18 22:48:39.694099,0.0,Credit Card,South,Cancelled,705.72
5441,187,2024-11-12 22:48:39.694100,0.0,Debit Card,South,Shipped,383.81
5442,658,2025-05-10 22:48:39.694101,0.0,Debit Card,South,Delivered,1451.27
5443,558,2025-04-06 22:48:39.694102,0.0,Bank Transfer,East,Shipped,2073.71
5444,472,2024-07-30 22:48:39.694102,0.0,Bank Transfer,South,Shipped,3339.8399999999997
5445,86,2025-07-14 22:48:39.694103,0.0,PayPal,North,Shipped,998.22
5446,789,2024-12-20 22:48:39.694104,0.0,Bank Transfer,South,Shipped,1706.81
5447,577,2025-05-01 22:48:39.694105,0.0,Bank Transfer,South,Processing,723.52
5448,531,2024-10-10 22:48:39.694105,0.0,Credit Card,West,Processing,1063.08
5449,47,2025-06-14 22:48:39.694106,0.0,Bank Transfer,West,Shipped,2225.2999999999997
5450,120,2025-06-01 22:48:39.694107,0.0,Debit Card,North,Delivered,2418.1800000000003
5451,372,2025-07-01 22:48:39.694108,0.0,Credit Card,East,Shipped,1887.3600000000001
5452,377,2025-04-27 22:48:39.694108,0.0,Bank Transfer,North,Delivered,621.16
5453,798,2025-04-19 22:48:39.694109,0.0,Bank Transfer,South,Delivered,568.77
5454,322,2025-01-01 22:48:39.694110,0.0,Debit Card,North,Delivered,2100.31
5455,414,2024-10-12 22:48:39.694110,0.0,Debit Card,South,Delivered,2444.38
5456,882,2025-06-29 22:48:39.694111,0.0,PayPal,West,Shipped,1132.35
5457,938,2025-02-11 22:48:39.694112,0.0,Credit Card,West,Delivered,2385.33
5458,944,2024-09-04 22:48:39.694113,0.0,Debit Card,East,Delivered,1678.99
5459,240,2025-04-08 22:48:39.694114,0.0,Bank Transfer,East,Shipped,2997.01
5460,19,2024-12-27 22:48:39.694114,0.0,Debit Card,West,Processing,1234.12
5461,632,2024-12-11 22:48:39.694115,0.0,Bank Transfer,East,Shipped,4093.51
5462,511,2025-01-19 22:48:39.694116,0.0,PayPal,South,Shipped,322.62
5463,166,2025-05-05 22:48:39.694116,0.0,Bank Transfer,East,Delivered,334.45
5464,797,2025-02-13 22:48:39.694117,0.0,Credit Card,West,Processing,541.81
5465,788,2024-12-17 22:48:39.694118,0.0,PayPal,West,Shipped,2293.6099999999997
5466,233,2024-10-29 22:48:39.694119,0.0,PayPal,North,Delivered,2174.44
5467,25,2024-09-10 22:48:39.694119,0.0,Credit Card,West,Shipped,2119.03
5468,828,2025-06-26 22:48:39.694120,0.0,Debit Card,East,Delivered,543.6899999999999
5469,447,2025-06-30 22:48:39.694121,0.0,Credit Card,East,Delivered,2485.3199999999997
5470,711,2025-05-14 22:48:39.694122,0.0,Credit Card,South,Delivered,4262.27
5471,186,2025-06-30 22:48:39.694122,0.0,PayPal,South,Processing,944.26
5472,483,2024-11-06 22:48:39.694123,0.0,Debit Card,North,Processing,1090.89
5473,965,2025-02-10 22:48:39.694124,0.0,Credit Card,North,Delivered,618.0699999999999
5474,266,2024-10-08 22:48:39.694125,0.0,Credit Card,East,Shipped,4224.07
5475,486,2024-08-17 22:48:39.694125,0.0,Bank Transfer,North,Processing,629.54
5476,317,2025-06-17 22:48:39.694126,0.0,Bank Transfer,South,Shipped,815.46
5477,815,2025-06-05 22:48:39.694127,0.0,Credit Card,South,Shipped,868.48
5478,438,2024-07-31 22:48:39.694128,0.0,PayPal,East,Processing,2067.89
5479,846,2025-03-02 22:48:39.694129,0.0,Bank Transfer,East,Delivered,3227.86
5480,730,2025-05-19 22:48:39.694129,0.0,Bank Transfer,East,Shipped,487.28
5481,847,2024-08-17 22:48:39.694130,0.0,Debit Card,South,Shipped,429.86
5482,847,2024-08-05 22:48:39.694131,0.0,PayPal,North,Processing,2722.68
5483,943,2024-10-17 22:48:39.694132,0.0,Debit Card,South,Cancelled,1285.31
5484,205,2024-10-15 22:48:39.694132,0.0,PayPal,South,Processing,2901.5
5485,446,2024-09-03 22:48:39.694133,0.0,Credit Card,South,Processing,932.15
5486,514,2025-01-14 22:48:39.694134,0.0,PayPal,South,Delivered,1893.56
5487,698,2025-01-22 22:48:39.694135,0.0,PayPal,South,Shipped,2554.39
5488,270,2024-09-24 22:48:39.694135,0.0,Debit Card,East,Shipped,733.6
5489,761,2024-10-22 22:48:39.694136,0.0,Bank Transfer,South,Processing,517.94
5490,448,2025-01-11 22:48:39.694137,0.0,Credit Card,South,Shipped,295.43
5491,763,2025-01-07 22:48:39.694138,0.0,Credit Card,South,Delivered,3589.76
5492,137,2025-04-17 22:48:39.694138,0.0,Debit Card,North,Delivered,595.89
5493,90,2025-05-03 22:48:39.694139,0.0,Bank Transfer,South,Shipped,975.1300000000001
5494,165,2025-04-16 22:48:39.694140,0.0,Bank Transfer,South,Shipped,176.2
5495,80,2024-10-22 22:48:39.694141,0.0,Credit Card,West,Shipped,440.33
5496,489,2024-12-04 22:48:39.694142,0.0,Bank Transfer,East,Delivered,1531.15
5497,516,2025-05-15 22:48:39.694142,0.0,Credit Card,North,Delivered,2048.83
5498,838,2025-06-19 22:48:39.694143,0.0,Bank Transfer,North,Delivered,183.06
5499,667,2025-03-05 22:48:39.694144,0.0,PayPal,North,Processing,1825.71
5500,200,2025-03-11 22:48:39.694144,0.0,PayPal,West,Delivered,1950.62
5501,254,2024-11-27 22:48:39.694145,0.0,Debit Card,South,Processing,906.1600000000001
5502,821,2025-05-02 22:48:39.694146,0.0,PayPal,South,Shipped,1220.72
5503,782,2025-03-31 22:48:39.694147,0.0,Debit Card,East,Shipped,823.44
5504,497,2024-08-03 22:48:39.694147,0.0,Debit Card,East,Delivered,1339.15
5505,632,2024-10-17 22:48:39.694148,0.0,PayPal,South,Processing,1813.1
5506,514,2025-01-29 22:48:39.694149,0.0,PayPal,South,Cancelled,662.02
5507,77,2025-06-27 22:48:39.694150,0.0,PayPal,North,Processing,381.47
5508,128,2024-10-31 22:48:39.694150,0.0,PayPal,North,Delivered,1986.25
5509,49,2024-12-17 22:48:39.694151,0.0,Debit Card,North,Processing,1527.76
5510,664,2024-12-28 22:48:39.694152,0.0,Bank Transfer,East,Processing,2847.7799999999997
5511,224,2025-07-02 22:48:39.694153,0.0,Credit Card,East,Delivered,1427.03
5512,116,2024-08-20 22:48:39.694153,0.0,PayPal,South,Delivered,836.68
5513,763,2024-11-19 22:48:39.694154,0.0,PayPal,East,Shipped,2295.45
5514,359,2025-01-04 22:48:39.694155,0.0,Bank Transfer,East,Shipped,1953.67
5515,905,2025-06-06 22:48:39.694156,0.0,Credit Card,North,Delivered,2254.24
5516,744,2024-12-07 22:48:39.694157,0.0,Bank Transfer,West,Delivered,205.69
5517,930,2025-04-13 22:48:39.694157,0.0,Debit Card,North,Processing,1315.23
5518,351,2025-07-18 22:48:39.694158,0.0,Credit Card,East,Shipped,2457.0499999999997
5519,95,2025-04-08 22:48:39.694159,0.0,Credit Card,West,Delivered,1586.9099999999999
5520,173,2024-07-22 22:48:39.694160,0.0,Bank Transfer,South,Delivered,3113.5899999999997
5521,463,2024-08-09 22:48:39.694160,0.0,PayPal,North,Shipped,1158.15
5522,946,2024-11-09 22:48:39.694161,0.0,Bank Transfer,East,Delivered,3870.0499999999997
5523,764,2024-08-16 22:48:39.694162,0.0,Debit Card,West,Shipped,2116.6800000000003
5524,27,2024-12-27 22:48:39.694163,0.0,Bank Transfer,East,Delivered,911.8
5525,626,2024-12-13 22:48:39.694163,0.0,Credit Card,West,Processing,454.07
5526,79,2025-04-10 22:48:39.694164,0.0,PayPal,West,Delivered,362.46
5527,539,2024-11-19 22:48:39.694165,0.0,Bank Transfer,East,Delivered,2855.36
5528,421,2025-07-10 22:48:39.694166,0.0,Credit Card,North,Shipped,1039.54
5529,582,2024-10-15 22:48:39.694166,0.0,PayPal,North,Delivered,2879.67
5530,6,2025-02-17 22:48:39.694167,0.0,Credit Card,West,Delivered,959.56
5531,715,2025-06-04 22:48:39.694168,0.0,Credit Card,North,Processing,651.22
5532,212,2024-11-16 22:48:39.694169,0.0,Debit Card,South,Processing,2278.3399999999997
5533,311,2025-04-05 22:48:39.694169,0.0,PayPal,North,Delivered,438.65
5534,51,2024-12-18 22:48:39.694170,0.0,Debit Card,North,Shipped,973.97
5535,980,2025-02-02 22:48:39.694171,0.0,Bank Transfer,North,Processing,2267.12
5536,947,2024-09-20 22:48:39.694171,0.0,Debit Card,East,Shipped,2248.38
5537,142,2024-11-09 22:48:39.694172,0.0,Credit Card,West,Processing,809.01
5538,396,2025-06-28 22:48:39.694173,0.0,PayPal,East,Delivered,1284.87
5539,725,2025-05-30 22:48:39.694174,0.0,Debit Card,West,Delivered,226.28
5540,621,2025-06-28 22:48:39.694174,0.0,PayPal,South,Delivered,227.81
5541,872,2025-01-03 22:48:39.694175,0.0,PayPal,East,Delivered,677.52
5542,525,2024-08-27 22:48:39.694176,0.0,Bank Transfer,North,Processing,105.47
5543,856,2025-07-18 22:48:39.694177,0.0,Bank Transfer,South,Shipped,1734.38
5544,382,2024-10-24 22:48:39.694178,0.0,Bank Transfer,South,Delivered,1871.5800000000002
5545,159,2025-04-10 22:48:39.694178,0.0,Bank Transfer,West,Delivered,1872.02
5546,208,2025-02-10 22:48:39.694179,0.0,Credit Card,North,Delivered,2018.97
5547,915,2024-07-28 22:48:39.694180,0.0,Debit Card,North,Cancelled,199.82
5548,729,2024-12-29 22:48:39.694181,0.0,PayPal,South,Shipped,1791.35
5549,564,2025-04-01 22:48:39.694181,0.0,Bank Transfer,West,Delivered,2480.05
5550,516,2024-07-27 22:48:39.694182,0.0,PayPal,East,Delivered,1227.62
5551,871,2024-08-10 22:48:39.694183,0.0,Credit Card,West,Delivered,2313.57
5552,455,2025-01-30 22:48:39.694184,0.0,PayPal,South,Delivered,1534.64
5553,856,2025-02-08 22:48:39.694184,0.0,Bank Transfer,South,Delivered,479.76
5554,134,2024-10-08 22:48:39.694185,0.0,Debit Card,South,Shipped,480.38
5555,209,2024-07-29 22:48:39.694186,0.0,Debit Card,West,Processing,2266.9900000000002
5556,174,2025-01-26 22:48:39.694187,0.0,Credit Card,East,Shipped,327.31
5557,410,2024-11-25 22:48:39.694187,0.0,PayPal,West,Delivered,2460.09
5558,997,2025-02-19 22:48:39.694188,0.0,PayPal,West,Shipped,4676.29
5559,121,2025-07-12 22:48:39.694189,0.0,Credit Card,East,Shipped,1343.9899999999998
5560,7,2025-02-22 22:48:39.694190,0.0,PayPal,South,Delivered,1382.56
5561,941,2025-05-26 22:48:39.694190,0.0,Bank Transfer,East,Delivered,2495.49
5562,941,2025-01-19 22:48:39.694191,0.0,Bank Transfer,East,Cancelled,154.37
5563,341,2024-12-03 22:48:39.694192,0.0,PayPal,East,Shipped,3007.96
5564,984,2025-03-17 22:48:39.694193,0.0,Debit Card,South,Delivered,226.39999999999998
5565,964,2024-11-23 22:48:39.694194,0.0,Credit Card,East,Shipped,1975.0800000000002
5566,208,2025-06-16 22:48:39.694194,0.0,Debit Card,East,Delivered,2142.0499999999997
5567,533,2024-11-28 22:48:39.694195,0.0,Bank Transfer,North,Delivered,4351.83
5568,453,2024-12-07 22:48:39.694196,0.0,Bank Transfer,North,Processing,1154.4499999999998
5569,223,2025-05-27 22:48:39.694197,0.0,Debit Card,North,Processing,2549.7
5570,968,2024-09-15 22:48:39.694197,0.0,PayPal,West,Shipped,1057.49
5571,45,2025-04-30 22:48:39.694198,0.0,PayPal,West,Shipped,1255.05
5572,440,2025-07-01 22:48:39.694199,0.0,Debit Card,North,Delivered,2343.71
5573,959,2025-02-08 22:48:39.694200,0.0,PayPal,South,Delivered,1658.85
5574,128,2025-03-06 22:48:39.694200,0.0,PayPal,West,Shipped,726.53
5575,188,2025-03-07 22:48:39.694201,0.0,PayPal,North,Shipped,2268.4500000000003
5576,104,2025-04-18 22:48:39.694202,0.0,PayPal,West,Processing,2041.24
5577,803,2025-03-10 22:48:39.694203,0.0,Debit Card,South,Shipped,2407.95
5578,183,2025-04-08 22:48:39.694203,0.0,Credit Card,South,Shipped,977.12
5579,679,2024-11-09 22:48:39.694204,0.0,Debit Card,North,Shipped,27.089999999999996
5580,485,2025-04-25 22:48:39.694205,0.0,Bank Transfer,West,Processing,1579.42
5581,527,2025-06-12 22:48:39.694206,0.0,Bank Transfer,South,Shipped,286.56
5582,311,2025-06-28 22:48:39.694206,0.0,Credit Card,North,Delivered,1137.73
5583,838,2024-09-13 22:48:39.694207,0.0,Bank Transfer,East,Shipped,1855.5
5584,336,2024-12-15 22:48:39.694208,0.0,Bank Transfer,North,Delivered,1599.99
5585,549,2024-10-16 22:48:39.694209,0.0,PayPal,North,Delivered,2754.3900000000003
5586,523,2025-02-23 22:48:39.694209,0.0,PayPal,North,Delivered,1431.66
5587,515,2024-07-22 22:48:39.694210,0.0,PayPal,West,Delivered,934.6200000000001
5588,506,2024-11-04 22:48:39.694211,0.0,Bank Transfer,West,Shipped,542.99
5589,454,2025-05-10 22:48:39.694212,0.0,Debit Card,West,Processing,2536.25
5590,472,2024-08-16 22:48:39.694212,0.0,PayPal,West,Delivered,395.64
5591,961,2024-09-16 22:48:39.694213,0.0,Credit Card,East,Processing,1680.65
5592,857,2025-03-03 22:48:39.694214,0.0,PayPal,East,Shipped,598.12
5593,423,2024-12-18 22:48:39.694215,0.0,Credit Card,South,Shipped,2376.27
5594,798,2024-08-24 22:48:39.694216,0.0,PayPal,West,Processing,1792.81
5595,714,2024-09-07 22:48:39.694216,0.0,Debit Card,South,Delivered,1025.65
5596,21,2024-08-14 22:48:39.694217,0.0,Debit Card,East,Shipped,1000.3199999999999
5597,1000,2025-03-26 22:48:39.694218,0.0,Credit Card,North,Shipped,1131.52
5598,693,2024-11-19 22:48:39.694219,0.0,PayPal,East,Processing,400.94
5599,784,2025-05-31 22:48:39.694219,0.0,PayPal,West,Delivered,1157.0
5600,297,2025-01-18 22:48:39.694220,0.0,Bank Transfer,West,Shipped,1449.53
5601,253,2025-01-24 22:48:39.694221,0.0,Credit Card,West,Delivered,315.62
5602,154,2024-07-23 22:48:39.694222,0.0,Bank Transfer,East,Delivered,1892.76
5603,331,2025-01-28 22:48:39.694222,0.0,PayPal,South,Shipped,910.9200000000001
5604,709,2025-01-21 22:48:39.694223,0.0,Bank Transfer,South,Delivered,1973.73
5605,697,2024-08-22 22:48:39.694224,0.0,Debit Card,North,Delivered,799.98
5606,341,2025-02-03 22:48:39.694225,0.0,Debit Card,North,Shipped,1507.44
5607,293,2024-07-25 22:48:39.694225,0.0,PayPal,North,Delivered,2446.33
5608,558,2024-09-30 22:48:39.694226,0.0,Bank Transfer,North,Delivered,2078.95
5609,12,2025-07-01 22:48:39.694227,0.0,Bank Transfer,North,Delivered,286.17
5610,529,2024-11-02 22:48:39.694228,0.0,Credit Card,East,Processing,2888.2
5611,931,2025-05-24 22:48:39.694228,0.0,Debit Card,North,Delivered,1276.8200000000002
5612,347,2025-07-07 22:48:39.694229,0.0,PayPal,West,Delivered,217.4
5613,328,2025-04-16 22:48:39.694230,0.0,Bank Transfer,East,Processing,740.5799999999999
5614,820,2025-01-07 22:48:39.694231,0.0,PayPal,South,Delivered,1916.04
5615,749,2024-09-01 22:48:39.694231,0.0,Debit Card,North,Delivered,1489.9299999999998
5616,29,2025-04-05 22:48:39.694232,0.0,Debit Card,East,Shipped,2995.9
5617,735,2024-10-05 22:48:39.694233,0.0,PayPal,South,Shipped,2557.2599999999998
5618,552,2025-05-19 22:48:39.694234,0.0,Credit Card,West,Shipped,1148.21
5619,782,2025-02-17 22:48:39.694234,0.0,Credit Card,South,Processing,1638.31
5620,110,2025-03-30 22:48:39.694235,0.0,Credit Card,East,Delivered,3464.52
5621,156,2025-06-03 22:48:39.694236,0.0,Credit Card,East,Shipped,3049.72
5622,47,2025-02-02 22:48:39.694237,0.0,Bank Transfer,North,Processing,209.61
5623,474,2025-05-07 22:48:39.694237,0.0,PayPal,North,Shipped,998.96
5624,993,2024-08-21 22:48:39.694238,0.0,Bank Transfer,North,Delivered,1702.3300000000002
5625,891,2025-02-11 22:48:39.694239,0.0,PayPal,North,Delivered,2228.6000000000004
5626,557,2024-11-07 22:48:39.694240,0.0,Bank Transfer,East,Shipped,1608.6
5627,292,2024-11-24 22:48:39.694240,0.0,Credit Card,South,Shipped,4401.21
5628,685,2025-02-21 22:48:39.694241,0.0,Bank Transfer,South,Delivered,4117.35
5629,95,2024-11-16 22:48:39.694242,0.0,PayPal,North,Delivered,1741.56
5630,898,2025-05-10 22:48:39.694243,0.0,Credit Card,South,Delivered,2970.24
5631,55,2025-05-29 22:48:39.694243,0.0,Bank Transfer,West,Shipped,1918.53
5632,954,2024-11-05 22:48:39.694244,0.0,Debit Card,North,Processing,2607.27
5633,273,2024-08-02 22:48:39.694245,0.0,Credit Card,North,Processing,1643.63
5634,540,2024-08-18 22:48:39.694246,0.0,Bank Transfer,West,Delivered,1178.88
5635,877,2025-06-04 22:48:39.694246,0.0,PayPal,East,Cancelled,1317.62
5636,737,2025-03-16 22:48:39.694247,0.0,Bank Transfer,East,Delivered,2289.0
5637,625,2025-03-10 22:48:39.694248,0.0,PayPal,South,Delivered,515.94
5638,269,2024-10-13 22:48:39.694249,0.0,Bank Transfer,South,Processing,653.9
5639,437,2025-06-17 22:48:39.694249,0.0,PayPal,East,Processing,370.55
5640,365,2025-03-05 22:48:39.694250,0.0,Credit Card,West,Shipped,1634.42
5641,447,2025-07-15 22:48:39.694251,0.0,Debit Card,West,Delivered,715.42
5642,949,2025-07-05 22:48:39.694251,0.0,Debit Card,West,Delivered,3978.48
5643,458,2025-02-09 22:48:39.694252,0.0,Bank Transfer,East,Delivered,2182.45
5644,330,2024-07-22 22:48:39.694253,0.0,PayPal,East,Shipped,2188.88
5645,942,2024-09-15 22:48:39.694254,0.0,Bank Transfer,West,Shipped,1964.5
5646,301,2024-10-08 22:48:39.694254,0.0,Credit Card,West,Shipped,486.74
5647,453,2024-07-24 22:48:39.694255,0.0,Debit Card,East,Shipped,200.31
5648,282,2024-09-20 22:48:39.694256,0.0,Credit Card,West,Delivered,1545.63
5649,428,2025-02-03 22:48:39.694257,0.0,Bank Transfer,West,Processing,4505.19
5650,794,2025-06-24 22:48:39.694257,0.0,Debit Card,South,Delivered,1055.57
5651,315,2025-03-31 22:48:39.694258,0.0,Debit Card,South,Delivered,201.62
5652,986,2025-01-02 22:48:39.694259,0.0,Credit Card,South,Delivered,2466.56
5653,319,2024-10-31 22:48:39.694260,0.0,PayPal,East,Processing,964.52
5654,12,2024-08-09 22:48:39.694261,0.0,Debit Card,North,Delivered,2210.48
5655,947,2025-02-20 22:48:39.694261,0.0,PayPal,North,Delivered,945.06
5656,194,2025-02-27 22:48:39.694262,0.0,Bank Transfer,West,Delivered,2453.7000000000003
5657,595,2025-05-08 22:48:39.694263,0.0,Debit Card,North,Processing,621.48
5658,120,2025-02-08 22:48:39.694264,0.0,Credit Card,South,Delivered,377.40999999999997
5659,49,2025-03-28 22:48:39.694264,0.0,Bank Transfer,East,Processing,1119.4499999999998
5660,741,2025-03-30 22:48:39.694265,0.0,Debit Card,North,Shipped,2326.62
5661,808,2025-06-19 22:48:39.694266,0.0,Credit Card,South,Processing,1818.03
5662,932,2025-06-03 22:48:39.694267,0.0,Credit Card,East,Delivered,1597.62
5663,439,2024-09-09 22:48:39.694268,0.0,Debit Card,East,Delivered,2421.9
5664,487,2025-03-20 22:48:39.694268,0.0,Bank Transfer,North,Shipped,1340.49
5665,248,2025-03-07 22:48:39.694269,0.0,PayPal,East,Delivered,985.3199999999999
5666,686,2024-08-12 22:48:39.694270,0.0,Debit Card,North,Delivered,1987.89
5667,62,2025-03-29 22:48:39.694271,0.0,Debit Card,East,Shipped,935.87
5668,701,2025-06-24 22:48:39.694271,0.0,PayPal,South,Shipped,2482.77
5669,818,2024-09-20 22:48:39.694272,0.0,Credit Card,South,Delivered,3934.58
5670,160,2024-09-04 22:48:39.694273,0.0,Debit Card,West,Processing,735.12
5671,597,2025-01-25 22:48:39.694274,0.0,Credit Card,North,Delivered,1074.81
5672,408,2025-05-10 22:48:39.694274,0.0,Credit Card,East,Processing,743.59
5673,247,2025-05-11 22:48:39.694275,0.0,Bank Transfer,West,Delivered,1782.79
5674,817,2025-05-11 22:48:39.694276,0.0,Debit Card,East,Delivered,930.66
5675,176,2025-05-24 22:48:39.694277,0.0,PayPal,East,Delivered,443.48
5676,230,2025-02-03 22:48:39.694277,0.0,Credit Card,South,Delivered,2334.1
5677,349,2024-11-18 22:48:39.694278,0.0,PayPal,South,Delivered,2382.2
5678,581,2025-01-05 22:48:39.694279,0.0,Bank Transfer,East,Delivered,1386.85
5679,411,2024-11-22 22:48:39.694280,0.0,Credit Card,North,Shipped,2858.76
5680,365,2025-07-18 22:48:39.694281,0.0,Credit Card,South,Delivered,9.55
5681,485,2024-08-19 22:48:39.694281,0.0,Debit Card,West,Shipped,3930.15
5682,854,2025-04-30 22:48:39.694282,0.0,PayPal,West,Cancelled,942.1800000000001
5683,625,2024-09-21 22:48:39.694283,0.0,PayPal,North,Processing,808.46
5684,617,2024-08-13 22:48:39.694284,0.0,PayPal,South,Shipped,4021.41
5685,695,2024-09-15 22:48:39.694284,0.0,Credit Card,North,Delivered,2789.6200000000003
5686,440,2025-05-27 22:48:39.694285,0.0,Credit Card,West,Delivered,4148.88
5687,518,2025-03-27 22:48:39.694286,0.0,Bank Transfer,North,Delivered,573.68
5688,640,2024-08-20 22:48:39.694287,0.0,Debit Card,North,Delivered,4892.56
5689,344,2025-04-23 22:48:39.694287,0.0,Bank Transfer,West,Delivered,3268.89
5690,200,2025-05-05 22:48:39.694288,0.0,Debit Card,East,Delivered,561.33
5691,323,2024-09-18 22:48:39.694289,0.0,Bank Transfer,West,Delivered,998.3199999999999
5692,199,2024-10-23 22:48:39.694290,0.0,Credit Card,North,Delivered,436.46
5693,16,2025-04-10 22:48:39.694291,0.0,Debit Card,North,Shipped,166.34
5694,897,2025-07-15 22:48:39.694291,0.0,Debit Card,North,Processing,3314.05
5695,431,2025-02-11 22:48:39.694292,0.0,Credit Card,North,Delivered,650.91
5696,586,2025-06-15 22:48:39.694293,0.0,Debit Card,North,Shipped,1090.3700000000001
5697,850,2024-08-03 22:48:39.694294,0.0,Bank Transfer,West,Shipped,848.35
5698,401,2024-08-23 22:48:39.694294,0.0,Credit Card,North,Processing,1083.98
5699,926,2025-06-06 22:48:39.694295,0.0,Debit Card,West,Processing,739.1200000000001
5700,28,2025-05-10 22:48:39.694296,0.0,Debit Card,West,Delivered,1265.48
5701,265,2024-12-01 22:48:39.694297,0.0,Credit Card,West,Cancelled,2736.98
5702,725,2025-05-24 22:48:39.694297,0.0,Bank Transfer,North,Shipped,1905.39
5703,262,2024-08-15 22:48:39.694298,0.0,Bank Transfer,West,Shipped,2190.0499999999997
5704,39,2024-09-23 22:48:39.694299,0.0,PayPal,West,Delivered,827.3
5705,55,2024-11-14 22:48:39.694300,0.0,Bank Transfer,West,Shipped,2068.86
5706,609,2024-11-10 22:48:39.694300,0.0,Bank Transfer,East,Cancelled,451.43999999999994
5707,872,2024-11-28 22:48:39.694301,0.0,PayPal,West,Delivered,1187.22
5708,432,2025-05-10 22:48:39.694302,0.0,Credit Card,West,Delivered,1038.31
5709,944,2024-10-28 22:48:39.694303,0.0,Bank Transfer,West,Shipped,433.06
5710,653,2025-04-22 22:48:39.694303,0.0,Credit Card,South,Delivered,607.26
5711,476,2025-02-15 22:48:39.694304,0.0,Bank Transfer,East,Shipped,1547.98
5712,529,2025-07-04 22:48:39.694305,0.0,Debit Card,South,Delivered,733.6
5713,86,2025-06-21 22:48:39.694306,0.0,Bank Transfer,North,Processing,2461.82
5714,915,2025-04-13 22:48:39.694306,0.0,Credit Card,East,Delivered,1863.0500000000002
5715,258,2024-10-14 22:48:39.694307,0.0,PayPal,East,Delivered,1453.62
5716,799,2025-02-06 22:48:39.694308,0.0,Credit Card,South,Processing,1320.71
5717,115,2024-11-23 22:48:39.694309,0.0,PayPal,South,Shipped,681.27
5718,151,2024-11-04 22:48:39.694309,0.0,PayPal,East,Delivered,2328.52
5719,677,2024-12-27 22:48:39.694310,0.0,Credit Card,North,Delivered,1462.8400000000001
5720,571,2025-01-16 22:48:39.694311,0.0,Credit Card,West,Shipped,2170.73
5721,362,2024-09-23 22:48:39.694312,0.0,Bank Transfer,East,Delivered,1254.67
5722,729,2024-10-25 22:48:39.694312,0.0,Debit Card,East,Processing,608.3100000000001
5723,921,2024-08-16 22:48:39.694313,0.0,Debit Card,North,Processing,687.24
5724,22,2025-01-27 22:48:39.694314,0.0,PayPal,West,Shipped,1227.33
5725,143,2025-02-26 22:48:39.694315,0.0,PayPal,North,Shipped,2847.14
5726,160,2025-02-09 22:48:39.694315,0.0,PayPal,East,Shipped,2418.82
5727,829,2025-01-12 22:48:39.694316,0.0,Bank Transfer,West,Processing,1778.4
5728,925,2025-06-15 22:48:39.694317,0.0,Bank Transfer,West,Delivered,2754.63
5729,159,2025-02-27 22:48:39.694318,0.0,PayPal,East,Delivered,2201.8900000000003
5730,222,2024-10-16 22:48:39.694318,0.0,Credit Card,North,Processing,191.12
5731,164,2025-04-13 22:48:39.694319,0.0,PayPal,West,Delivered,931.29
5732,343,2025-03-26 22:48:39.694320,0.0,Debit Card,South,Delivered,596.02
5733,119,2025-07-13 22:48:39.694321,0.0,Credit Card,West,Delivered,1660.33
5734,35,2024-12-16 22:48:39.694321,0.0,Debit Card,South,Delivered,541.03
5735,784,2025-01-23 22:48:39.694322,0.0,PayPal,North,Delivered,1590.33
5736,55,2024-11-08 22:48:39.694323,0.0,Credit Card,East,Delivered,583.3199999999999
5737,789,2024-12-02 22:48:39.694324,0.0,PayPal,North,Shipped,1894.8
5738,906,2024-08-11 22:48:39.694326,0.0,Credit Card,West,Delivered,196.35
5739,244,2024-12-19 22:48:39.694326,0.0,Credit Card,West,Delivered,1287.37
5740,363,2025-02-07 22:48:39.694327,0.0,Debit Card,East,Shipped,605.03
5741,821,2025-04-25 22:48:39.694328,0.0,Bank Transfer,North,Shipped,124.07
5742,718,2024-09-04 22:48:39.694329,0.0,Bank Transfer,North,Shipped,1381.16
5743,702,2024-08-27 22:48:39.694329,0.0,Debit Card,East,Shipped,1649.22
5744,779,2024-10-17 22:48:39.694330,0.0,Credit Card,North,Shipped,1314.39
5745,429,2025-06-17 22:48:39.694331,0.0,Debit Card,West,Delivered,4093.83
5746,329,2024-08-09 22:48:39.694332,0.0,Bank Transfer,West,Delivered,390.0
5747,501,2025-06-27 22:48:39.694333,0.0,Debit Card,West,Delivered,1420.28
5748,389,2025-04-06 22:48:39.694333,0.0,Credit Card,East,Shipped,2654.6000000000004
5749,248,2025-03-13 22:48:39.694334,0.0,PayPal,South,Shipped,30.8
5750,220,2024-09-29 22:48:39.694335,0.0,Credit Card,South,Shipped,579.2
5751,267,2025-05-12 22:48:39.694336,0.0,PayPal,East,Shipped,462.53999999999996
5752,467,2024-09-06 22:48:39.694336,0.0,Debit Card,North,Delivered,2671.9
5753,670,2025-07-21 22:48:39.694337,0.0,Credit Card,North,Shipped,1639.98
5754,978,2024-12-25 22:48:39.694338,0.0,PayPal,East,Delivered,1366.19
5755,571,2025-01-26 22:48:39.694339,0.0,PayPal,North,Processing,1976.29
5756,792,2025-04-08 22:48:39.694339,0.0,Credit Card,East,Delivered,1126.59
5757,375,2024-10-10 22:48:39.694340,0.0,PayPal,North,Delivered,236.44
5758,23,2025-01-14 22:48:39.694341,0.0,Debit Card,West,Processing,1695.85
5759,769,2024-11-04 22:48:39.694342,0.0,Credit Card,North,Processing,1981.93
5760,89,2025-01-26 22:48:39.694342,0.0,Credit Card,East,Delivered,29.82
5761,231,2024-12-16 22:48:39.694343,0.0,PayPal,East,Shipped,495.48
5762,828,2025-03-03 22:48:39.694344,0.0,Credit Card,North,Processing,1923.84
5763,205,2025-05-29 22:48:39.694345,0.0,Debit Card,South,Delivered,2245.63
5764,313,2024-12-21 22:48:39.694345,0.0,Credit Card,North,Shipped,3589.87
5765,693,2025-06-08 22:48:39.694346,0.0,Bank Transfer,East,Delivered,396.12
5766,198,2025-03-15 22:48:39.694347,0.0,Debit Card,East,Cancelled,630.24
5767,54,2024-10-25 22:48:39.694348,0.0,Debit Card,West,Processing,2088.2999999999997
5768,891,2024-12-23 22:48:39.694348,0.0,Bank Transfer,East,Processing,2295.1000000000004
5769,919,2025-03-15 22:48:39.694349,0.0,PayPal,South,Delivered,714.92
5770,310,2024-12-29 22:48:39.694350,0.0,Bank Transfer,North,Shipped,1771.96
5771,26,2024-09-07 22:48:39.694351,0.0,Credit Card,North,Delivered,842.66
5772,314,2024-11-26 22:48:39.694351,0.0,Bank Transfer,East,Shipped,1660.7299999999998
5773,238,2024-09-26 22:48:39.694352,0.0,PayPal,South,Shipped,396.2
5774,496,2024-10-30 22:48:39.694353,0.0,Credit Card,North,Cancelled,789.61
5775,817,2025-05-12 22:48:39.694354,0.0,Debit Card,East,Delivered,2981.6699999999996
5776,666,2025-06-16 22:48:39.694354,0.0,PayPal,North,Delivered,815.46
5777,665,2025-01-15 22:48:39.694355,0.0,Debit Card,South,Processing,354.65999999999997
5778,94,2025-06-06 22:48:39.694356,0.0,Credit Card,North,Delivered,1284.23
5779,906,2025-02-01 22:48:39.694357,0.0,PayPal,North,Delivered,1273.31
5780,592,2024-11-19 22:48:39.694357,0.0,PayPal,West,Delivered,2338.89
5781,976,2025-03-30 22:48:39.694358,0.0,Debit Card,West,Processing,1300.68
5782,680,2025-04-07 22:48:39.694359,0.0,Credit Card,East,Shipped,967.4
5783,928,2025-03-14 22:48:39.694360,0.0,PayPal,West,Shipped,2638.2400000000002
5784,618,2024-11-01 22:48:39.694360,0.0,Credit Card,North,Processing,1328.51
5785,453,2025-06-07 22:48:39.694361,0.0,PayPal,East,Shipped,1996.5500000000002
5786,566,2024-12-21 22:48:39.694362,0.0,Bank Transfer,South,Shipped,243.84
5787,897,2024-09-16 22:48:39.694363,0.0,PayPal,North,Shipped,39.48
5788,539,2025-01-09 22:48:39.694363,0.0,Credit Card,South,Delivered,1205.8
5789,360,2024-12-11 22:48:39.694364,0.0,Debit Card,West,Shipped,718.41
5790,132,2025-04-17 22:48:39.694365,0.0,Debit Card,South,Shipped,905.81
5791,85,2024-08-23 22:48:39.694366,0.0,Debit Card,East,Shipped,2662.6099999999997
5792,768,2024-10-06 22:48:39.694366,0.0,Bank Transfer,West,Shipped,2362.98
5793,607,2024-09-06 22:48:39.694367,0.0,Debit Card,North,Processing,2301.53
5794,687,2025-05-23 22:48:39.694368,0.0,Debit Card,East,Delivered,2532.9
5795,59,2025-02-28 22:48:39.694369,0.0,Bank Transfer,West,Delivered,355.08
5796,617,2025-02-05 22:48:39.694369,0.0,Credit Card,South,Processing,1041.03
5797,750,2025-02-05 22:48:39.694370,0.0,Debit Card,South,Shipped,464.22
5798,590,2024-11-17 22:48:39.694371,0.0,Credit Card,East,Processing,614.3299999999999
5799,88,2025-06-24 22:48:39.694372,0.0,PayPal,North,Delivered,3818.76
5800,579,2024-10-21 22:48:39.694372,0.0,PayPal,West,Delivered,1706.67
5801,683,2024-10-10 22:48:39.694373,0.0,Credit Card,West,Delivered,2045.79
5802,207,2024-11-11 22:48:39.694374,0.0,PayPal,North,Processing,1273.23
5803,940,2024-08-23 22:48:39.694375,0.0,Bank Transfer,West,Delivered,419.07
5804,477,2024-12-02 22:48:39.694375,0.0,Debit Card,South,Processing,439.18
5805,98,2024-09-24 22:48:39.694376,0.0,Credit Card,North,Delivered,2321.3
5806,829,2024-09-10 22:48:39.694377,0.0,Bank Transfer,West,Delivered,1081.02
5807,129,2025-01-18 22:48:39.694377,0.0,PayPal,North,Delivered,810.88
5808,613,2025-03-01 22:48:39.694378,0.0,PayPal,North,Shipped,2303.58
5809,437,2025-07-13 22:48:39.694379,0.0,PayPal,West,Shipped,933.0999999999999
5810,566,2025-02-09 22:48:39.694380,0.0,Credit Card,South,Shipped,2838.6000000000004
5811,511,2024-09-13 22:48:39.694380,0.0,Debit Card,West,Delivered,1413.25
5812,411,2024-12-25 22:48:39.694381,0.0,Bank Transfer,East,Delivered,1717.1399999999999
5813,890,2025-06-12 22:48:39.694382,0.0,Debit Card,West,Processing,1060.62
5814,896,2024-08-04 22:48:39.694383,0.0,Credit Card,North,Processing,2352.9700000000003
5815,948,2025-05-12 22:48:39.694384,0.0,Bank Transfer,East,Delivered,1536.71
5816,561,2025-05-19 22:48:39.694384,0.0,PayPal,North,Delivered,2177.55
5817,900,2024-12-19 22:48:39.694385,0.0,Debit Card,South,Shipped,1139.6
5818,94,2024-09-20 22:48:39.694386,0.0,Debit Card,North,Delivered,3266.93
5819,296,2025-05-31 22:48:39.694387,0.0,PayPal,North,Shipped,1403.57
5820,363,2025-02-04 22:48:39.694387,0.0,Debit Card,East,Shipped,2357.8199999999997
5821,570,2024-12-20 22:48:39.694388,0.0,Bank Transfer,East,Processing,341.88
5822,100,2025-02-12 22:48:39.694389,0.0,Debit Card,South,Delivered,2043.23
5823,561,2025-05-02 22:48:39.694389,0.0,Credit Card,East,Delivered,2066.87
5824,740,2024-09-06 22:48:39.694390,0.0,Bank Transfer,North,Delivered,876.66
5825,164,2024-12-27 22:48:39.694391,0.0,Bank Transfer,East,Processing,463.11
5826,715,2025-05-31 22:48:39.694392,0.0,Debit Card,South,Shipped,3287.1499999999996
5827,371,2025-02-21 22:48:39.694392,0.0,PayPal,South,Delivered,891.5
5828,531,2025-03-07 22:48:39.694393,0.0,PayPal,South,Delivered,720.94
5829,454,2024-12-21 22:48:39.694394,0.0,Bank Transfer,South,Delivered,517.89
5830,641,2025-02-24 22:48:39.694395,0.0,Credit Card,North,Delivered,2002.73
5831,630,2025-02-17 22:48:39.694395,0.0,PayPal,East,Processing,2153.34
5832,641,2024-08-13 22:48:39.694396,0.0,Credit Card,North,Processing,874.8000000000001
5833,651,2024-09-25 22:48:39.694397,0.0,PayPal,South,Shipped,1411.98
5834,217,2024-11-01 22:48:39.694398,0.0,Debit Card,South,Shipped,1473.96
5835,748,2025-05-28 22:48:39.694399,0.0,Credit Card,North,Shipped,4032.74
5836,676,2024-08-27 22:48:39.694400,0.0,Debit Card,West,Delivered,914.3
5837,475,2025-02-24 22:48:39.694400,0.0,Credit Card,North,Shipped,513.21
5838,417,2025-03-04 22:48:39.694401,0.0,Credit Card,South,Shipped,460.83
5839,718,2024-11-13 22:48:39.694402,0.0,PayPal,East,Delivered,1430.8200000000002
5840,933,2024-10-03 22:48:39.694403,0.0,Debit Card,North,Delivered,813.02
5841,87,2024-09-26 22:48:39.694403,0.0,Debit Card,North,Delivered,1420.54
5842,260,2025-06-11 22:48:39.694404,0.0,Debit Card,West,Shipped,1447.92
5843,300,2024-08-12 22:48:39.694405,0.0,Bank Transfer,North,Processing,139.16
5844,681,2024-12-01 22:48:39.694406,0.0,Bank Transfer,West,Delivered,1175.85
5845,5,2025-02-17 22:48:39.694406,0.0,Debit Card,South,Delivered,1959.21
5846,351,2024-12-03 22:48:39.694407,0.0,PayPal,North,Processing,3200.7799999999997
5847,514,2024-10-23 22:48:39.694408,0.0,Bank Transfer,East,Shipped,1163.3700000000001
5848,280,2025-04-03 22:48:39.694409,0.0,Bank Transfer,South,Delivered,1791.81
5849,670,2024-12-16 22:48:39.694409,0.0,Debit Card,North,Processing,242.56
5850,609,2025-02-26 22:48:39.694410,0.0,Debit Card,West,Shipped,2161.88
5851,692,2024-09-18 22:48:39.694411,0.0,Debit Card,North,Shipped,2437.32
5852,642,2025-02-17 22:48:39.694412,0.0,Bank Transfer,North,Shipped,2740.71
5853,722,2024-12-30 22:48:39.694413,0.0,Debit Card,South,Delivered,2849.77
5854,1000,2025-01-25 22:48:39.694413,0.0,Debit Card,North,Delivered,1527.78
5855,805,2025-02-26 22:48:39.694414,0.0,Debit Card,South,Delivered,1541.79
5856,16,2024-09-20 22:48:39.694415,0.0,Debit Card,South,Delivered,2282.42
5857,948,2025-01-15 22:48:39.694416,0.0,Debit Card,West,Processing,647.11
5858,509,2024-09-11 22:48:39.694416,0.0,Credit Card,West,Delivered,2894.64
5859,7,2025-01-17 22:48:39.694417,0.0,Debit Card,South,Processing,1010.2800000000001
5860,13,2025-04-19 22:48:39.694418,0.0,PayPal,South,Processing,651.8
5861,244,2025-03-21 22:48:39.694419,0.0,Bank Transfer,North,Shipped,1802.33
5862,513,2024-10-29 22:48:39.694419,0.0,Bank Transfer,North,Shipped,1343.94
5863,530,2024-07-28 22:48:39.694420,0.0,Credit Card,West,Shipped,1025.25
5864,417,2024-11-18 22:48:39.694421,0.0,PayPal,East,Delivered,1484.85
5865,934,2024-10-16 22:48:39.694422,0.0,PayPal,North,Shipped,355.23
5866,652,2025-07-05 22:48:39.694422,0.0,Bank Transfer,West,Delivered,2544.38
5867,328,2025-04-02 22:48:39.694423,0.0,Bank Transfer,North,Delivered,2508.76
5868,407,2025-06-29 22:48:39.694424,0.0,Bank Transfer,South,Shipped,1027.26
5869,509,2024-08-05 22:48:39.694425,0.0,Bank Transfer,South,Delivered,1805.22
5870,503,2025-01-16 22:48:39.694425,0.0,Debit Card,North,Delivered,769.69
5871,931,2024-12-31 22:48:39.694426,0.0,PayPal,North,Shipped,528.38
5872,333,2024-09-08 22:48:39.694427,0.0,PayPal,West,Delivered,1183.68
5873,519,2025-05-20 22:48:39.694428,0.0,Bank Transfer,West,Delivered,1012.82
5874,985,2025-07-07 22:48:39.694428,0.0,Debit Card,East,Processing,2792.48
5875,362,2025-04-06 22:48:39.694429,0.0,Bank Transfer,North,Delivered,2391.4300000000003
5876,300,2025-07-04 22:48:39.694430,0.0,PayPal,West,Delivered,1311.97
5877,666,2025-02-18 22:48:39.694431,0.0,Bank Transfer,South,Shipped,614.2
5878,380,2024-08-27 22:48:39.694432,0.0,Credit Card,North,Shipped,583.39
5879,615,2025-05-12 22:48:39.694432,0.0,Credit Card,West,Delivered,1413.79
5880,844,2024-10-30 22:48:39.694433,0.0,Bank Transfer,South,Delivered,561.7
5881,206,2024-11-09 22:48:39.694434,0.0,PayPal,East,Cancelled,2924.61
5882,67,2025-07-15 22:48:39.694435,0.0,Debit Card,North,Delivered,1677.44
5883,120,2025-01-04 22:48:39.694435,0.0,Credit Card,South,Shipped,2720.4
5884,421,2025-02-16 22:48:39.694436,0.0,Debit Card,North,Shipped,1094.74
5885,266,2024-08-24 22:48:39.694437,0.0,PayPal,East,Shipped,3290.14
5886,925,2025-02-24 22:48:39.694437,0.0,Credit Card,East,Delivered,995.4300000000001
5887,116,2025-04-10 22:48:39.694438,0.0,Debit Card,West,Delivered,2048.42
5888,231,2025-05-03 22:48:39.694439,0.0,Credit Card,South,Delivered,1274.7600000000002
5889,403,2024-11-28 22:48:39.694440,0.0,Credit Card,South,Shipped,155.19
5890,814,2025-05-09 22:48:39.694441,0.0,Debit Card,East,Shipped,3126.01
5891,491,2025-07-13 22:48:39.694441,0.0,Debit Card,North,Shipped,803.29
5892,992,2024-12-11 22:48:39.694442,0.0,PayPal,South,Delivered,989.27
5893,492,2025-06-14 22:48:39.694443,0.0,Debit Card,North,Delivered,2729.0699999999997
5894,712,2024-11-05 22:48:39.694444,0.0,Debit Card,East,Shipped,2385.46
5895,933,2025-05-12 22:48:39.694444,0.0,Debit Card,South,Cancelled,1440.4399999999998
5896,614,2024-08-16 22:48:39.694445,0.0,PayPal,North,Shipped,674.44
5897,270,2024-08-27 22:48:39.694446,0.0,Bank Transfer,North,Delivered,2664.0
5898,73,2024-11-25 22:48:39.694447,0.0,Bank Transfer,East,Delivered,229.94
5899,94,2025-05-30 22:48:39.694447,0.0,Bank Transfer,West,Shipped,683.4300000000001
5900,440,2025-07-13 22:48:39.694448,0.0,PayPal,South,Delivered,597.54
5901,550,2024-08-30 22:48:39.694449,0.0,Bank Transfer,West,Delivered,859.65
5902,461,2025-04-22 22:48:39.694449,0.0,PayPal,South,Delivered,934.0
5903,692,2025-03-01 22:48:39.694450,0.0,Debit Card,North,Cancelled,889.55
5904,100,2024-10-19 22:48:39.694451,0.0,Bank Transfer,North,Shipped,1944.8
5905,857,2025-05-19 22:48:39.694452,0.0,Debit Card,West,Shipped,1553.93
5906,938,2024-11-04 22:48:39.694452,0.0,PayPal,East,Delivered,1453.13
5907,296,2024-11-18 22:48:39.694453,0.0,PayPal,East,Delivered,59.11
5908,436,2024-08-10 22:48:39.694454,0.0,PayPal,North,Shipped,1600.25
5909,470,2024-12-14 22:48:39.694455,0.0,Bank Transfer,South,Delivered,2873.48
5910,564,2025-03-12 22:48:39.694455,0.0,Debit Card,West,Delivered,945.06
5911,626,2024-09-22 22:48:39.694456,0.0,Debit Card,East,Delivered,2336.63
5912,353,2024-08-11 22:48:39.694457,0.0,Bank Transfer,South,Processing,2206.54
5913,305,2024-12-20 22:48:39.694458,0.0,Credit Card,South,Cancelled,1130.7
5914,302,2024-08-25 22:48:39.694458,0.0,Debit Card,East,Processing,3306.91
5915,243,2025-03-22 22:48:39.694459,0.0,Bank Transfer,East,Processing,2764.9
5916,911,2025-04-28 22:48:39.694460,0.0,Debit Card,South,Delivered,1846.3400000000001
5917,687,2024-09-01 22:48:39.694461,0.0,PayPal,West,Shipped,1988.91
5918,326,2024-08-24 22:48:39.694461,0.0,Debit Card,West,Processing,139.72
5919,371,2024-08-22 22:48:39.694462,0.0,Credit Card,West,Delivered,1278.1000000000001
5920,482,2024-09-07 22:48:39.694463,0.0,Credit Card,West,Shipped,1388.34
5921,792,2025-04-21 22:48:39.694464,0.0,Bank Transfer,West,Processing,485.93
5922,556,2025-03-09 22:48:39.694464,0.0,Credit Card,South,Delivered,1543.43
5923,716,2025-05-16 22:48:39.694465,0.0,Bank Transfer,South,Shipped,3344.1200000000003
5924,312,2025-04-23 22:48:39.694466,0.0,PayPal,South,Shipped,1923.54
5925,91,2024-09-27 22:48:39.694467,0.0,Debit Card,West,Delivered,2646.53
5926,128,2025-05-05 22:48:39.694468,0.0,Debit Card,South,Shipped,1478.62
5927,118,2025-07-15 22:48:39.694468,0.0,Debit Card,South,Shipped,2984.55
5928,90,2024-11-24 22:48:39.694469,0.0,Credit Card,South,Processing,390.12
5929,653,2025-01-26 22:48:39.694470,0.0,Bank Transfer,South,Shipped,1758.97
5930,681,2025-01-16 22:48:39.694470,0.0,Credit Card,West,Delivered,838.4100000000001
5931,848,2025-03-27 22:48:39.694471,0.0,Debit Card,East,Delivered,320.91
5932,341,2024-12-02 22:48:39.694472,0.0,Bank Transfer,East,Delivered,1157.01
5933,842,2025-05-03 22:48:39.694473,0.0,Bank Transfer,South,Delivered,2820.1200000000003
5934,182,2024-11-04 22:48:39.694473,0.0,Credit Card,South,Delivered,3087.83
5935,996,2025-01-13 22:48:39.694474,0.0,Debit Card,North,Processing,2906.75
5936,52,2025-03-16 22:48:39.694475,0.0,PayPal,West,Shipped,940.74
5937,437,2024-07-31 22:48:39.694475,0.0,Credit Card,West,Delivered,580.86
5938,200,2024-09-03 22:48:39.694476,0.0,Credit Card,East,Delivered,1061.07
5939,974,2025-03-12 22:48:39.694477,0.0,Bank Transfer,West,Processing,391.74
5940,992,2025-04-25 22:48:39.694478,0.0,PayPal,South,Processing,173.78
5941,609,2025-06-17 22:48:39.694478,0.0,Bank Transfer,West,Processing,468.77000000000004
5942,222,2025-02-25 22:48:39.694479,0.0,Bank Transfer,South,Delivered,1351.45
5943,287,2024-07-23 22:48:39.694480,0.0,Bank Transfer,West,Delivered,195.69
5944,346,2024-08-09 22:48:39.694481,0.0,Bank Transfer,North,Shipped,2165.04
5945,143,2025-04-03 22:48:39.694482,0.0,PayPal,East,Delivered,1668.9
5946,187,2025-01-05 22:48:39.694482,0.0,Debit Card,North,Shipped,1398.4
5947,251,2025-03-02 22:48:39.694483,0.0,Debit Card,North,Shipped,202.87
5948,338,2024-08-24 22:48:39.694484,0.0,Bank Transfer,North,Delivered,2069.23
5949,229,2024-12-18 22:48:39.694485,0.0,PayPal,North,Cancelled,1803.8
5950,800,2025-07-03 22:48:39.694485,0.0,Bank Transfer,West,Processing,2176.21
5951,729,2024-11-03 22:48:39.694486,0.0,Bank Transfer,South,Processing,1873.36
5952,645,2025-06-29 22:48:39.694487,0.0,Bank Transfer,West,Processing,1671.85
5953,196,2025-06-04 22:48:39.694488,0.0,Debit Card,West,Processing,2399.12
5954,428,2025-07-15 22:48:39.694489,0.0,Credit Card,East,Processing,1121.23
5955,42,2025-06-29 22:48:39.694489,0.0,Credit Card,North,Processing,1423.5500000000002
5956,231,2025-05-08 22:48:39.694490,0.0,PayPal,North,Cancelled,2577.55
5957,788,2024-09-05 22:48:39.694491,0.0,PayPal,East,Processing,106.53999999999999
5958,237,2025-01-16 22:48:39.694491,0.0,Debit Card,North,Processing,124.05000000000001
5959,732,2025-06-22 22:48:39.694492,0.0,PayPal,North,Delivered,1584.01
5960,738,2025-04-08 22:48:39.694493,0.0,Debit Card,East,Cancelled,1172.08
5961,192,2025-05-26 22:48:39.694494,0.0,Debit Card,North,Shipped,1015.12
5962,692,2024-09-15 22:48:39.694494,0.0,Bank Transfer,North,Processing,2059.31
5963,305,2024-08-15 22:48:39.694495,0.0,PayPal,North,Delivered,641.82
5964,225,2024-10-12 22:48:39.694496,0.0,PayPal,North,Delivered,914.47
5965,923,2024-09-06 22:48:39.694497,0.0,PayPal,South,Delivered,630.31
5966,604,2025-05-11 22:48:39.694498,0.0,Credit Card,West,Delivered,286.63
5967,789,2025-03-28 22:48:39.694498,0.0,Bank Transfer,North,Shipped,2250.88
5968,813,2024-12-26 22:48:39.694499,0.0,PayPal,East,Shipped,241.53000000000003
5969,340,2024-11-12 22:48:39.694500,0.0,Credit Card,North,Shipped,1441.8000000000002
5970,144,2025-07-18 22:48:39.694501,0.0,Credit Card,West,Shipped,2318.42
5971,26,2024-11-24 22:48:39.694501,0.0,Bank Transfer,South,Delivered,1547.24
5972,159,2024-11-25 22:48:39.694502,0.0,Debit Card,West,Processing,1519.8200000000002
5973,367,2024-10-27 22:48:39.694503,0.0,Debit Card,East,Delivered,3847.67
5974,31,2025-06-27 22:48:39.694504,0.0,Bank Transfer,West,Shipped,170.99
5975,156,2025-01-12 22:48:39.694504,0.0,Bank Transfer,South,Delivered,934.62
5976,996,2025-05-11 22:48:39.694505,0.0,Bank Transfer,North,Cancelled,1869.5200000000002
5977,758,2025-02-27 22:48:39.694506,0.0,PayPal,West,Shipped,3170.16
5978,55,2025-03-11 22:48:39.694507,0.0,Debit Card,East,Delivered,1375.53
5979,826,2025-05-09 22:48:39.694507,0.0,Credit Card,North,Delivered,2255.4900000000002
5980,647,2025-03-22 22:48:39.694508,0.0,PayPal,North,Delivered,2414.92
5981,578,2025-04-15 22:48:39.694509,0.0,Debit Card,East,Delivered,834.34
5982,246,2025-01-02 22:48:39.694509,0.0,Debit Card,South,Delivered,41.06
5983,516,2025-03-21 22:48:39.694510,0.0,PayPal,South,Processing,1949.3000000000002
5984,991,2024-09-10 22:48:39.694511,0.0,PayPal,South,Processing,2134.05
5985,772,2024-08-28 22:48:39.694512,0.0,Bank Transfer,West,Delivered,1222.1799999999998
5986,741,2024-10-03 22:48:39.694513,0.0,Bank Transfer,West,Delivered,2957.06
5987,38,2025-06-21 22:48:39.694513,0.0,PayPal,East,Shipped,2195.13
5988,989,2024-12-07 22:48:39.694514,0.0,PayPal,West,Delivered,1305.44
5989,574,2024-12-02 22:48:39.694515,0.0,Bank Transfer,North,Shipped,3680.8199999999997
5990,542,2025-01-25 22:48:39.694516,0.0,Bank Transfer,South,Shipped,1052.58
5991,803,2025-06-24 22:48:39.694516,0.0,Bank Transfer,South,Shipped,849.8700000000001
5992,24,2024-09-08 22:48:39.694517,0.0,Bank Transfer,East,Delivered,305.65
5993,27,2024-11-25 22:48:39.694518,0.0,Bank Transfer,North,Processing,3019.8
5994,144,2025-02-03 22:48:39.694519,0.0,Bank Transfer,North,Delivered,2866.41
5995,622,2025-05-14 22:48:39.694519,0.0,Credit Card,North,Delivered,3363.63
5996,972,2025-02-15 22:48:39.694520,0.0,Bank Transfer,West,Delivered,1763.56
5997,152,2025-03-31 22:48:39.694521,0.0,PayPal,West,Shipped,1290.96
5998,128,2024-10-22 22:48:39.694522,0.0,Debit Card,South,Shipped,904.68
5999,399,2024-10-13 22:48:39.694522,0.0,PayPal,South,Shipped,1388.1999999999998
6000,913,2025-03-17 22:48:39.694523,0.0,Credit Card,East,Delivered,2310.04
6001,352,2024-12-03 22:48:39.694524,0.0,Debit Card,North,Delivered,474.92
6002,872,2024-08-27 22:48:39.694525,0.0,Credit Card,West,Processing,1917.95
6003,84,2025-01-09 22:48:39.694526,0.0,Bank Transfer,East,Shipped,48.54
6004,528,2025-01-12 22:48:39.694526,0.0,Bank Transfer,North,Delivered,3193.2
6005,202,2025-01-31 22:48:39.694527,0.0,Credit Card,West,Cancelled,396.72
6006,726,2024-09-21 22:48:39.694528,0.0,Debit Card,North,Shipped,317.55
6007,895,2025-02-02 22:48:39.694529,0.0,Debit Card,South,Shipped,1364.24
6008,486,2025-07-03 22:48:39.694529,0.0,PayPal,East,Delivered,3076.1000000000004
6009,41,2024-12-08 22:48:39.694530,0.0,Bank Transfer,North,Delivered,206.81
6010,186,2025-02-16 22:48:39.694531,0.0,PayPal,East,Shipped,1096.46
6011,863,2024-10-31 22:48:39.694532,0.0,Bank Transfer,North,Shipped,743.16
6012,497,2025-06-25 22:48:39.694532,0.0,PayPal,West,Delivered,1301.0
6013,75,2025-02-23 22:48:39.694533,0.0,Bank Transfer,North,Shipped,881.46
6014,892,2024-09-04 22:48:39.694534,0.0,PayPal,North,Processing,161.06
6015,844,2025-01-17 22:48:39.694535,0.0,Credit Card,North,Delivered,1054.1000000000001
6016,252,2025-03-07 22:48:39.694536,0.0,Bank Transfer,South,Shipped,1423.98
6017,522,2024-09-05 22:48:39.694536,0.0,Debit Card,North,Delivered,1530.6399999999999
6018,589,2024-12-13 22:48:39.694537,0.0,Debit Card,West,Shipped,1340.79
6019,127,2025-04-23 22:48:39.694538,0.0,PayPal,West,Delivered,1862.52
6020,10,2024-11-28 22:48:39.694539,0.0,Debit Card,North,Shipped,860.0
6021,854,2024-08-17 22:48:39.694539,0.0,Credit Card,South,Delivered,3175.06
6022,478,2024-09-09 22:48:39.694540,0.0,Debit Card,South,Delivered,1430.55
6023,300,2025-01-29 22:48:39.694541,0.0,Credit Card,West,Delivered,299.7
6024,159,2024-08-25 22:48:39.694542,0.0,Bank Transfer,North,Cancelled,1696.89
6025,902,2024-11-07 22:48:39.694542,0.0,Bank Transfer,East,Delivered,452.34
6026,950,2024-10-05 22:48:39.694543,0.0,PayPal,West,Processing,1510.96
6027,686,2024-07-30 22:48:39.694544,0.0,Bank Transfer,East,Delivered,584.9300000000001
6028,11,2025-02-17 22:48:39.694545,0.0,Credit Card,North,Cancelled,1087.37
6029,747,2024-07-25 22:48:39.694545,0.0,Bank Transfer,East,Delivered,975.02
6030,487,2024-09-03 22:48:39.694546,0.0,Bank Transfer,East,Processing,490.13
6031,732,2025-05-03 22:48:39.694547,0.0,Credit Card,East,Delivered,1192.02
6032,523,2024-09-17 22:48:39.694548,0.0,Credit Card,West,Delivered,3975.74
6033,611,2024-12-05 22:48:39.694548,0.0,Credit Card,West,Delivered,1537.8200000000002
6034,330,2024-07-26 22:48:39.694549,0.0,Debit Card,North,Delivered,939.52
6035,984,2025-06-13 22:48:39.694550,0.0,PayPal,East,Processing,259.75
6036,533,2025-02-23 22:48:39.694551,0.0,PayPal,North,Processing,830.9
6037,134,2025-06-30 22:48:39.694552,0.0,Credit Card,North,Delivered,2519.47
6038,596,2024-07-24 22:48:39.694552,0.0,Credit Card,West,Processing,2518.0
6039,740,2025-04-18 22:48:39.694553,0.0,Credit Card,North,Processing,2807.43
6040,199,2025-03-10 22:48:39.694554,0.0,Credit Card,North,Delivered,583.73
6041,154,2025-05-11 22:48:39.694554,0.0,PayPal,North,Processing,1541.99
6042,85,2025-06-26 22:48:39.694555,0.0,Credit Card,South,Delivered,423.4
6043,351,2024-09-27 22:48:39.694556,0.0,Bank Transfer,East,Cancelled,2242.27
6044,394,2025-05-05 22:48:39.694557,0.0,PayPal,West,Shipped,1809.46
6045,342,2025-02-15 22:48:39.694557,0.0,Bank Transfer,South,Delivered,568.1600000000001
6046,872,2025-07-11 22:48:39.694558,0.0,PayPal,South,Processing,1305.37
6047,976,2025-04-23 22:48:39.694559,0.0,Debit Card,North,Cancelled,1212.69
6048,488,2024-09-25 22:48:39.694560,0.0,PayPal,South,Delivered,1771.7199999999998
6049,996,2025-04-14 22:48:39.694560,0.0,Credit Card,North,Delivered,1441.1399999999999
6050,852,2025-04-23 22:48:39.694561,0.0,PayPal,North,Delivered,1299.12
6051,520,2025-01-22 22:48:39.694562,0.0,Credit Card,East,Shipped,2410.9700000000003
6052,100,2024-09-29 22:48:39.694563,0.0,PayPal,South,Delivered,1498.8600000000001
6053,573,2024-08-19 22:48:39.694564,0.0,Bank Transfer,North,Delivered,339.63
6054,767,2025-03-09 22:48:39.694564,0.0,Bank Transfer,East,Processing,5281.9
6055,293,2025-02-20 22:48:39.694565,0.0,Debit Card,South,Processing,689.96
6056,876,2024-08-04 22:48:39.694566,0.0,PayPal,South,Shipped,1972.1799999999998
6057,135,2025-01-26 22:48:39.694567,0.0,Credit Card,South,Delivered,699.48
6058,103,2025-01-12 22:48:39.694567,0.0,PayPal,West,Delivered,1995.57
6059,154,2024-09-08 22:48:39.694568,0.0,Credit Card,West,Processing,452.80000000000007
6060,854,2025-07-13 22:48:39.694569,0.0,Bank Transfer,North,Delivered,1994.78
6061,355,2025-01-02 22:48:39.694570,0.0,Debit Card,East,Delivered,60.14
6062,271,2024-09-22 22:48:39.694571,0.0,Debit Card,West,Delivered,2659.57
6063,602,2024-12-10 22:48:39.694571,0.0,Debit Card,West,Delivered,3921.73
6064,31,2025-04-30 22:48:39.694572,0.0,PayPal,West,Processing,1286.56
6065,610,2024-10-04 22:48:39.694573,0.0,Credit Card,West,Delivered,2867.19
6066,755,2024-11-29 22:48:39.694574,0.0,Debit Card,West,Shipped,908.44
6067,825,2025-05-15 22:48:39.694574,0.0,Credit Card,West,Processing,3134.71
6068,39,2025-07-13 22:48:39.694575,0.0,Bank Transfer,West,Shipped,1694.3200000000002
6069,569,2025-02-10 22:48:39.694576,0.0,Bank Transfer,East,Delivered,2024.29
6070,285,2025-02-06 22:48:39.694577,0.0,Credit Card,North,Processing,716.3
6071,311,2025-05-04 22:48:39.694577,0.0,Credit Card,South,Delivered,1069.48
6072,947,2024-11-22 22:48:39.694578,0.0,PayPal,North,Delivered,2922.19
6073,609,2024-08-06 22:48:39.694579,0.0,PayPal,East,Processing,1452.9
6074,624,2024-08-29 22:48:39.694580,0.0,PayPal,West,Delivered,1052.66
6075,907,2025-05-26 22:48:39.694580,0.0,Credit Card,West,Processing,1165.86
6076,363,2025-04-03 22:48:39.694581,0.0,Bank Transfer,North,Delivered,298.07
6077,927,2024-12-14 22:48:39.694582,0.0,Credit Card,North,Shipped,2297.4800000000005
6078,534,2025-02-01 22:48:39.694584,0.0,Credit Card,West,Delivered,2102.26
6079,391,2025-05-17 22:48:39.694585,0.0,Bank Transfer,West,Delivered,2559.7000000000003
6080,919,2025-04-15 22:48:39.694585,0.0,Debit Card,South,Delivered,2896.99
6081,43,2025-01-14 22:48:39.694586,0.0,Debit Card,South,Shipped,1093.4099999999999
6082,41,2024-11-07 22:48:39.694587,0.0,Credit Card,North,Shipped,3048.18
6083,668,2025-05-17 22:48:39.694587,0.0,Bank Transfer,South,Delivered,824.31
6084,573,2025-03-16 22:48:39.694588,0.0,Bank Transfer,South,Shipped,2805.9
6085,114,2025-05-19 22:48:39.694589,0.0,Debit Card,West,Delivered,1186.49
6086,963,2025-03-19 22:48:39.694590,0.0,Credit Card,East,Shipped,1171.15
6087,907,2024-12-21 22:48:39.694590,0.0,PayPal,East,Delivered,3707.0499999999997
6088,777,2024-09-24 22:48:39.694591,0.0,Bank Transfer,West,Delivered,1047.48
6089,108,2025-05-28 22:48:39.694592,0.0,Credit Card,North,Delivered,2104.46
6090,62,2025-05-30 22:48:39.694593,0.0,Debit Card,North,Delivered,2824.7
6091,866,2025-02-06 22:48:39.694594,0.0,Bank Transfer,North,Cancelled,569.37
6092,611,2025-03-23 22:48:39.694594,0.0,PayPal,North,Delivered,187.5
6093,884,2025-06-14 22:48:39.694595,0.0,Credit Card,East,Shipped,2278.12
6094,988,2025-02-28 22:48:39.694596,0.0,Credit Card,East,Delivered,3448.02
6095,992,2024-10-20 22:48:39.694596,0.0,Credit Card,North,Delivered,1857.81
6096,570,2024-11-30 22:48:39.694597,0.0,Debit Card,South,Shipped,1403.8000000000002
6097,926,2024-09-23 22:48:39.694598,0.0,Bank Transfer,East,Delivered,3324.99
6098,980,2024-09-24 22:48:39.694599,0.0,Debit Card,West,Processing,1692.85
6099,145,2025-04-01 22:48:39.694600,0.0,Bank Transfer,North,Shipped,750.02
6100,311,2024-10-30 22:48:39.694600,0.0,Debit Card,North,Shipped,631.9100000000001
6101,490,2024-10-30 22:48:39.694601,0.0,Bank Transfer,South,Delivered,2096.66
6102,145,2024-11-20 22:48:39.694602,0.0,Debit Card,West,Shipped,2516.76
6103,648,2024-08-06 22:48:39.694603,0.0,Debit Card,West,Delivered,2460.57
6104,395,2025-01-01 22:48:39.694603,0.0,Bank Transfer,West,Shipped,3273.5
6105,655,2024-11-29 22:48:39.694604,0.0,PayPal,East,Processing,1325.3899999999999
6106,292,2024-10-04 22:48:39.694605,0.0,Debit Card,East,Delivered,2761.63
6107,827,2025-07-13 22:48:39.694606,0.0,Debit Card,West,Delivered,1533.62
6108,438,2025-07-06 22:48:39.694606,0.0,Credit Card,West,Processing,1771.7
6109,663,2024-12-24 22:48:39.694607,0.0,Credit Card,West,Delivered,287.61
6110,655,2025-03-14 22:48:39.694608,0.0,PayPal,East,Shipped,1199.61
6111,594,2025-06-27 22:48:39.694608,0.0,PayPal,West,Shipped,672.45
6112,439,2024-12-12 22:48:39.694609,0.0,Debit Card,West,Delivered,2200.54
6113,1000,2025-06-30 22:48:39.694610,0.0,Bank Transfer,West,Delivered,430.32
6114,788,2025-01-19 22:48:39.694611,0.0,PayPal,South,Delivered,2179.83
6115,299,2025-05-03 22:48:39.694611,0.0,PayPal,North,Delivered,4182.91
6116,947,2024-11-10 22:48:39.694612,0.0,Bank Transfer,South,Processing,4318.25
6117,995,2024-08-09 22:48:39.694613,0.0,Bank Transfer,South,Shipped,1920.35
6118,565,2025-07-01 22:48:39.694614,0.0,Credit Card,North,Processing,759.15
6119,348,2025-05-19 22:48:39.694614,0.0,PayPal,West,Delivered,2133.51
6120,910,2025-07-08 22:48:39.694615,0.0,Credit Card,North,Delivered,786.32
6121,259,2025-04-06 22:48:39.694616,0.0,Credit Card,East,Delivered,1746.06
6122,795,2025-05-27 22:48:39.694617,0.0,Bank Transfer,North,Shipped,1265.73
6123,518,2024-12-12 22:48:39.694617,0.0,Debit Card,West,Delivered,2036.51
6124,217,2024-11-13 22:48:39.694618,0.0,Debit Card,South,Delivered,2920.84
6125,518,2025-07-05 22:48:39.694619,0.0,Debit Card,East,Cancelled,2270.0099999999998
6126,364,2025-04-16 22:48:39.694620,0.0,PayPal,South,Processing,153.38
6127,289,2025-04-16 22:48:39.694620,0.0,Bank Transfer,West,Processing,1358.56
6128,807,2025-04-01 22:48:39.694621,0.0,Credit Card,North,Shipped,371.7
6129,784,2025-03-20 22:48:39.694622,0.0,Credit Card,East,Shipped,1428.93
6130,331,2025-01-03 22:48:39.694623,0.0,Credit Card,South,Delivered,865.9300000000001
6131,431,2025-03-17 22:48:39.694623,0.0,Debit Card,South,Processing,524.01
6132,258,2025-01-25 22:48:39.694624,0.0,Bank Transfer,East,Processing,1386.3000000000002
6133,97,2024-09-03 22:48:39.694625,0.0,PayPal,West,Delivered,140.75
6134,617,2025-03-12 22:48:39.694626,0.0,Bank Transfer,South,Shipped,821.6700000000001
6135,434,2025-06-12 22:48:39.694627,0.0,Credit Card,West,Delivered,2634.8199999999997
6136,277,2024-08-30 22:48:39.694627,0.0,Bank Transfer,West,Processing,643.34
6137,336,2025-05-24 22:48:39.694628,0.0,Credit Card,North,Shipped,257.85
6138,737,2025-05-23 22:48:39.694629,0.0,Debit Card,West,Delivered,1075.19
6139,25,2025-01-26 22:48:39.694630,0.0,PayPal,South,Processing,26.88
6140,353,2024-09-17 22:48:39.694630,0.0,Bank Transfer,North,Shipped,724.76
6141,924,2025-07-09 22:48:39.694631,0.0,Bank Transfer,West,Shipped,1724.98
6142,507,2025-03-03 22:48:39.694632,0.0,PayPal,East,Processing,1321.0
6143,667,2025-01-24 22:48:39.694633,0.0,Debit Card,South,Processing,740.19
6144,306,2024-08-08 22:48:39.694633,0.0,Bank Transfer,East,Delivered,1396.61
6145,261,2024-09-19 22:48:39.694634,0.0,Debit Card,North,Delivered,1731.71
6146,190,2025-04-20 22:48:39.694636,0.0,Credit Card,West,Processing,17.77
6147,352,2024-09-14 22:48:39.694637,0.0,Bank Transfer,North,Processing,3902.74
6148,333,2024-10-01 22:48:39.694638,0.0,PayPal,East,Delivered,1744.99
6149,244,2025-05-23 22:48:39.694639,0.0,PayPal,North,Delivered,2165.15
6150,852,2024-12-27 22:48:39.694639,0.0,Credit Card,North,Delivered,226.17
6151,936,2024-11-14 22:48:39.694640,0.0,Credit Card,North,Delivered,1455.2
6152,473,2024-12-05 22:48:39.694641,0.0,Debit Card,West,Processing,1904.73
6153,258,2024-11-19 22:48:39.694642,0.0,PayPal,East,Delivered,366.5
6154,775,2024-09-19 22:48:39.694642,0.0,Bank Transfer,North,Delivered,1188.66
6155,101,2025-07-17 22:48:39.694643,0.0,Credit Card,East,Delivered,2949.2
6156,508,2025-05-11 22:48:39.694644,0.0,Debit Card,East,Shipped,3061.29
6157,879,2024-10-13 22:48:39.694645,0.0,PayPal,South,Shipped,1674.43
6158,342,2025-02-22 22:48:39.694645,0.0,PayPal,East,Delivered,1638.9
6159,627,2025-04-12 22:48:39.694646,0.0,Bank Transfer,East,Delivered,2509.6600000000003
6160,128,2025-06-24 22:48:39.694647,0.0,Bank Transfer,West,Delivered,1989.6299999999999
6161,960,2024-09-20 22:48:39.694648,0.0,PayPal,North,Delivered,1392.16
6162,940,2025-03-04 22:48:39.694648,0.0,Bank Transfer,South,Shipped,2752.96
6163,851,2025-04-16 22:48:39.694649,0.0,PayPal,West,Delivered,10.68
6164,922,2024-08-08 22:48:39.694650,0.0,PayPal,East,Processing,1882.7
6165,536,2025-02-15 22:48:39.694651,0.0,Credit Card,South,Delivered,242.56
6166,901,2025-04-18 22:48:39.694651,0.0,Bank Transfer,West,Delivered,1424.76
6167,273,2025-03-01 22:48:39.694652,0.0,Credit Card,East,Processing,207.19
6168,995,2025-06-20 22:48:39.694653,0.0,Bank Transfer,North,Shipped,2083.44
6169,684,2025-04-05 22:48:39.694654,0.0,PayPal,West,Delivered,1319.91
6170,203,2025-02-07 22:48:39.694654,0.0,Debit Card,East,Delivered,355.88000000000005
6171,989,2025-04-08 22:48:39.694655,0.0,Bank Transfer,North,Delivered,1657.72
6172,46,2025-04-22 22:48:39.694656,0.0,Credit Card,South,Cancelled,626.42
6173,277,2024-11-10 22:48:39.694657,0.0,Debit Card,West,Delivered,874.64
6174,695,2024-11-02 22:48:39.694657,0.0,Debit Card,North,Processing,1873.2
6175,334,2025-05-08 22:48:39.694658,0.0,Debit Card,West,Processing,595.35
6176,979,2024-12-14 22:48:39.694659,0.0,Credit Card,West,Processing,2456.7299999999996
6177,10,2025-04-29 22:48:39.694660,0.0,Bank Transfer,South,Delivered,1745.52
6178,408,2025-01-27 22:48:39.694660,0.0,Debit Card,North,Shipped,2605.63
6179,510,2025-05-02 22:48:39.694661,0.0,PayPal,West,Processing,1737.06
6180,567,2024-11-22 22:48:39.694662,0.0,PayPal,South,Delivered,1845.1100000000001
6181,217,2024-08-03 22:48:39.694663,0.0,PayPal,North,Cancelled,1298.01
6182,377,2024-11-13 22:48:39.694663,0.0,Debit Card,North,Delivered,30.8
6183,259,2024-10-22 22:48:39.694664,0.0,PayPal,West,Processing,1344.63
6184,972,2025-03-10 22:48:39.694665,0.0,Bank Transfer,South,Delivered,1246.88
6185,590,2025-06-12 22:48:39.694666,0.0,Credit Card,South,Processing,1706.1599999999999
6186,613,2024-11-28 22:48:39.694666,0.0,Credit Card,North,Delivered,1492.44
6187,394,2024-09-25 22:48:39.694667,0.0,Credit Card,East,Delivered,1286.01
6188,456,2025-05-02 22:48:39.694668,0.0,PayPal,East,Delivered,1769.17
6189,600,2025-02-08 22:48:39.694668,0.0,Debit Card,North,Processing,992.49
6190,690,2025-04-21 22:48:39.694669,0.0,PayPal,North,Shipped,597.54
6191,499,2024-12-31 22:48:39.694670,0.0,Credit Card,East,Delivered,361.61
6192,135,2025-05-10 22:48:39.694671,0.0,Bank Transfer,South,Processing,991.6600000000001
6193,801,2024-11-27 22:48:39.694671,0.0,PayPal,East,Shipped,737.13
6194,884,2025-05-19 22:48:39.694672,0.0,PayPal,North,Delivered,546.54
6195,753,2025-01-03 22:48:39.694673,0.0,Debit Card,East,Shipped,3827.0
6196,733,2024-11-25 22:48:39.694674,0.0,Debit Card,West,Delivered,1572.08
6197,786,2024-08-03 22:48:39.694674,0.0,Bank Transfer,South,Delivered,668.84
6198,103,2025-02-09 22:48:39.694675,0.0,Debit Card,East,Delivered,1261.64
6199,92,2024-10-29 22:48:39.694676,0.0,Credit Card,North,Shipped,400.46000000000004
6200,35,2025-05-03 22:48:39.694677,0.0,PayPal,East,Shipped,572.47
6201,628,2024-10-28 22:48:39.694677,0.0,Bank Transfer,South,Processing,1040.97
6202,861,2025-03-14 22:48:39.694678,0.0,Credit Card,West,Delivered,873.5699999999999
6203,797,2025-06-26 22:48:39.694679,0.0,Credit Card,East,Shipped,545.6199999999999
6204,226,2025-01-18 22:48:39.694680,0.0,PayPal,North,Shipped,2668.06
6205,934,2025-03-05 22:48:39.694680,0.0,PayPal,West,Delivered,1014.1800000000001
6206,59,2025-01-31 22:48:39.694681,0.0,Debit Card,South,Delivered,916.85
6207,508,2025-01-05 22:48:39.694682,0.0,Credit Card,West,Cancelled,1648.15
6208,690,2025-07-19 22:48:39.694683,0.0,PayPal,South,Delivered,1571.0399999999997
6209,600,2024-08-25 22:48:39.694683,0.0,Bank Transfer,West,Delivered,1857.24
6210,21,2025-01-19 22:48:39.694684,0.0,Bank Transfer,East,Delivered,1240.9499999999998
6211,868,2025-05-13 22:48:39.694685,0.0,Credit Card,West,Cancelled,1462.5
6212,271,2025-05-19 22:48:39.694686,0.0,Bank Transfer,West,Delivered,153.78
6213,669,2024-09-14 22:48:39.694686,0.0,Credit Card,East,Shipped,196.78
6214,478,2025-05-27 22:48:39.694687,0.0,PayPal,North,Shipped,3407.46
6215,6,2025-05-15 22:48:39.694688,0.0,Credit Card,South,Delivered,309.84000000000003
6216,58,2024-11-16 22:48:39.694689,0.0,PayPal,North,Delivered,124.24
6217,394,2025-02-09 22:48:39.694689,0.0,PayPal,South,Delivered,1900.44
6218,294,2025-03-08 22:48:39.694690,0.0,PayPal,North,Delivered,2702.2599999999998
6219,355,2024-12-03 22:48:39.694691,0.0,Credit Card,East,Delivered,1102.77
6220,142,2025-05-06 22:48:39.694692,0.0,Bank Transfer,North,Delivered,142.89
6221,350,2024-12-14 22:48:39.694692,0.0,Debit Card,West,Shipped,952.94
6222,175,2025-01-05 22:48:39.694693,0.0,Debit Card,South,Processing,1425.5
6223,984,2025-01-11 22:48:39.694694,0.0,PayPal,East,Shipped,2320.8
6224,27,2024-08-23 22:48:39.694694,0.0,Debit Card,South,Processing,1744.88
6225,135,2025-03-19 22:48:39.694695,0.0,Credit Card,South,Shipped,1492.29
6226,544,2025-04-03 22:48:39.694696,0.0,Debit Card,East,Processing,990.3000000000001
6227,30,2025-02-16 22:48:39.694697,0.0,Credit Card,West,Delivered,1257.92
6228,990,2024-08-26 22:48:39.694697,0.0,PayPal,West,Delivered,2547.26
6229,444,2025-07-11 22:48:39.694698,0.0,PayPal,West,Shipped,2659.91
6230,849,2025-06-13 22:48:39.694699,0.0,Credit Card,East,Delivered,4242.4
6231,400,2025-01-16 22:48:39.694700,0.0,Debit Card,West,Processing,1015.2
6232,683,2024-08-29 22:48:39.694700,0.0,PayPal,North,Shipped,1414.33
6233,697,2025-06-03 22:48:39.694701,0.0,Bank Transfer,West,Shipped,2857.35
6234,307,2025-05-06 22:48:39.694702,0.0,Debit Card,North,Processing,828.3399999999999
6235,771,2025-05-20 22:48:39.694703,0.0,Bank Transfer,South,Delivered,2485.02
6236,756,2024-07-29 22:48:39.694704,0.0,PayPal,East,Processing,787.9
6237,733,2024-10-14 22:48:39.694704,0.0,Debit Card,South,Delivered,2555.4900000000002
6238,410,2025-04-18 22:48:39.694705,0.0,PayPal,South,Shipped,1276.4299999999998
6239,282,2025-03-04 22:48:39.694706,0.0,Bank Transfer,West,Cancelled,494.0
6240,723,2025-05-28 22:48:39.694707,0.0,Credit Card,West,Delivered,4293.09
6241,136,2025-07-06 22:48:39.694707,0.0,Bank Transfer,South,Shipped,375.0
6242,619,2025-02-27 22:48:39.694708,0.0,Debit Card,South,Delivered,855.16
6243,896,2024-08-25 22:48:39.694709,0.0,Bank Transfer,West,Shipped,842.1299999999999
6244,291,2024-10-14 22:48:39.694710,0.0,Credit Card,South,Delivered,1983.4299999999998
6245,802,2025-03-24 22:48:39.694710,0.0,Bank Transfer,East,Shipped,2971.19
6246,861,2025-04-05 22:48:39.694711,0.0,PayPal,South,Delivered,281.5
6247,251,2024-08-18 22:48:39.694712,0.0,Credit Card,East,Delivered,1894.1000000000001
6248,129,2025-01-15 22:48:39.694713,0.0,Bank Transfer,South,Delivered,247.90000000000003
6249,339,2024-11-11 22:48:39.694713,0.0,PayPal,East,Delivered,153.78
6250,480,2024-11-26 22:48:39.694714,0.0,Credit Card,South,Processing,1008.95
6251,499,2024-09-06 22:48:39.694715,0.0,Credit Card,South,Delivered,2295.39
6252,729,2025-04-17 22:48:39.694716,0.0,Credit Card,South,Shipped,1297.8
6253,466,2025-05-23 22:48:39.694716,0.0,PayPal,North,Delivered,2205.21
6254,75,2025-04-30 22:48:39.694717,0.0,Credit Card,South,Shipped,1599.1799999999998
6255,297,2024-12-27 22:48:39.694718,0.0,Credit Card,East,Delivered,1101.7
6256,57,2024-07-28 22:48:39.694719,0.0,Debit Card,East,Delivered,2398.43
6257,80,2024-09-02 22:48:39.694719,0.0,PayPal,East,Shipped,2293.98
6258,882,2025-01-18 22:48:39.694720,0.0,Bank Transfer,South,Processing,2037.6
6259,545,2025-01-14 22:48:39.694721,0.0,Credit Card,East,Delivered,1356.0
6260,520,2024-11-09 22:48:39.694722,0.0,Bank Transfer,East,Delivered,2173.6
6261,224,2025-04-25 22:48:39.694723,0.0,Credit Card,South,Delivered,1242.77
6262,923,2025-02-11 22:48:39.694723,0.0,Debit Card,East,Shipped,2021.49
6263,453,2025-04-06 22:48:39.694724,0.0,Debit Card,East,Delivered,1706.9099999999999
6264,670,2024-10-26 22:48:39.694725,0.0,PayPal,East,Delivered,523.23
6265,536,2024-12-22 22:48:39.694726,0.0,PayPal,South,Delivered,229.94
6266,944,2025-03-02 22:48:39.694726,0.0,Debit Card,East,Processing,1641.46
6267,631,2025-06-07 22:48:39.694727,0.0,Debit Card,South,Shipped,1896.95
6268,514,2025-05-04 22:48:39.694728,0.0,Credit Card,North,Delivered,1282.95
6269,992,2024-12-31 22:48:39.694729,0.0,Credit Card,East,Delivered,1280.3
6270,70,2025-01-08 22:48:39.694730,0.0,Bank Transfer,North,Shipped,3868.56
6271,963,2025-03-03 22:48:39.694730,0.0,Bank Transfer,West,Delivered,275.45
6272,541,2025-05-10 22:48:39.694731,0.0,Credit Card,East,Processing,2269.12
6273,247,2024-08-09 22:48:39.694732,0.0,Credit Card,East,Delivered,3844.71
6274,693,2025-04-13 22:48:39.694733,0.0,PayPal,East,Delivered,1833.1
6275,956,2025-05-07 22:48:39.694733,0.0,Debit Card,South,Delivered,589.8
6276,843,2024-10-08 22:48:39.694734,0.0,Credit Card,North,Shipped,463.11
6277,300,2025-05-19 22:48:39.694735,0.0,Credit Card,North,Shipped,3229.99
6278,843,2024-08-29 22:48:39.694736,0.0,Credit Card,South,Delivered,1200.22
6279,858,2025-06-10 22:48:39.694737,0.0,PayPal,South,Cancelled,1602.77
6280,56,2024-12-13 22:48:39.694737,0.0,Bank Transfer,South,Processing,1078.16
6281,686,2025-03-17 22:48:39.694738,0.0,Credit Card,North,Shipped,343.63
6282,24,2024-09-04 22:48:39.694739,0.0,Credit Card,North,Delivered,2891.52
6283,935,2025-06-10 22:48:39.694739,0.0,Bank Transfer,North,Delivered,4339.0
6284,962,2024-11-15 22:48:39.694740,0.0,Bank Transfer,West,Delivered,3057.9
6285,775,2025-07-07 22:48:39.694741,0.0,Credit Card,East,Processing,355.23
6286,682,2025-04-29 22:48:39.694742,0.0,Bank Transfer,North,Processing,1039.74
6287,263,2025-06-03 22:48:39.694742,0.0,Debit Card,East,Delivered,1567.6499999999999
6288,156,2024-09-06 22:48:39.694743,0.0,Debit Card,South,Shipped,1495.9299999999998
6289,180,2025-04-21 22:48:39.694744,0.0,PayPal,North,Delivered,2163.49
6290,610,2025-05-30 22:48:39.694745,0.0,Bank Transfer,West,Delivered,722.5
6291,602,2024-12-01 22:48:39.694746,0.0,Credit Card,West,Shipped,472.77
6292,557,2024-10-04 22:48:39.694746,0.0,PayPal,West,Cancelled,770.27
6293,880,2025-04-16 22:48:39.694747,0.0,Bank Transfer,East,Delivered,1203.77
6294,930,2024-10-12 22:48:39.694748,0.0,Credit Card,North,Delivered,918.46
6295,707,2024-09-21 22:48:39.694749,0.0,PayPal,West,Delivered,2252.71
6296,65,2024-11-07 22:48:39.694749,0.0,Bank Transfer,South,Shipped,248.14
6297,457,2025-07-15 22:48:39.694750,0.0,Credit Card,East,Delivered,1302.13
6298,528,2025-02-19 22:48:39.694751,0.0,Credit Card,East,Processing,2622.37
6299,603,2025-04-14 22:48:39.694752,0.0,Bank Transfer,North,Delivered,1780.19
6300,49,2024-12-28 22:48:39.694752,0.0,PayPal,North,Shipped,1551.0100000000002
6301,761,2025-01-15 22:48:39.694753,0.0,Debit Card,West,Delivered,1696.1
6302,377,2024-12-25 22:48:39.694754,0.0,Debit Card,West,Delivered,683.76
6303,425,2025-04-29 22:48:39.694755,0.0,Bank Transfer,West,Cancelled,2110.16
6304,725,2024-12-02 22:48:39.694755,0.0,Debit Card,West,Delivered,1653.0900000000001
6305,409,2024-09-15 22:48:39.694756,0.0,PayPal,East,Shipped,2828.1
6306,257,2025-05-06 22:48:39.694757,0.0,PayPal,North,Delivered,581.59
6307,963,2024-07-24 22:48:39.694758,0.0,PayPal,East,Shipped,259.0
6308,311,2024-11-05 22:48:39.694758,0.0,PayPal,West,Processing,1642.96
6309,297,2025-01-16 22:48:39.694759,0.0,Bank Transfer,East,Delivered,1468.67
6310,798,2025-04-17 22:48:39.694760,0.0,Credit Card,South,Shipped,3160.52
6311,668,2024-09-02 22:48:39.694761,0.0,Credit Card,South,Shipped,1832.4899999999998
6312,37,2024-08-02 22:48:39.694761,0.0,PayPal,North,Delivered,768.12
6313,62,2025-05-13 22:48:39.694762,0.0,PayPal,West,Delivered,1049.16
6314,209,2024-09-08 22:48:39.694763,0.0,PayPal,West,Delivered,2462.26
6315,41,2025-03-29 22:48:39.694764,0.0,Debit Card,East,Delivered,1805.17
6316,382,2025-01-31 22:48:39.694764,0.0,PayPal,East,Delivered,825.61
6317,157,2025-07-07 22:48:39.694765,0.0,Debit Card,West,Processing,2860.9
6318,441,2025-06-26 22:48:39.694766,0.0,Bank Transfer,South,Delivered,1290.3899999999999
6319,14,2025-03-20 22:48:39.694767,0.0,Credit Card,West,Delivered,1657.75
6320,377,2024-10-31 22:48:39.694767,0.0,PayPal,West,Delivered,732.55
6321,11,2024-10-28 22:48:39.694768,0.0,Debit Card,South,Processing,354.65999999999997
6322,408,2025-04-10 22:48:39.694769,0.0,Debit Card,East,Delivered,242.56
6323,63,2025-01-09 22:48:39.694770,0.0,PayPal,West,Processing,1044.02
6324,735,2024-11-24 22:48:39.694771,0.0,Credit Card,South,Delivered,845.38
6325,202,2025-01-18 22:48:39.694771,0.0,Credit Card,West,Shipped,1730.1399999999999
6326,511,2024-12-01 22:48:39.694772,0.0,Bank Transfer,West,Delivered,3177.69
6327,467,2025-02-12 22:48:39.694773,0.0,PayPal,North,Shipped,1348.51
6328,472,2024-12-21 22:48:39.694773,0.0,Bank Transfer,West,Delivered,468.21999999999997
6329,293,2025-02-16 22:48:39.694774,0.0,PayPal,South,Shipped,589.05
6330,962,2024-11-26 22:48:39.694775,0.0,Debit Card,West,Processing,723.17
6331,268,2024-07-23 22:48:39.694776,0.0,Bank Transfer,South,Shipped,514.89
6332,43,2024-10-22 22:48:39.694776,0.0,Credit Card,South,Shipped,728.9
6333,925,2025-04-19 22:48:39.694777,0.0,Debit Card,West,Processing,1202.05
6334,55,2025-05-02 22:48:39.694778,0.0,PayPal,South,Shipped,12.42
6335,361,2025-07-21 22:48:39.694779,0.0,Credit Card,South,Delivered,925.72
6336,307,2024-10-24 22:48:39.694779,0.0,Bank Transfer,West,Processing,2032.8899999999999
6337,195,2025-05-15 22:48:39.694780,0.0,PayPal,West,Delivered,2268.38
6338,154,2024-10-08 22:48:39.694781,0.0,Debit Card,North,Shipped,1029.04
6339,886,2025-02-26 22:48:39.694782,0.0,Debit Card,East,Shipped,1786.32
6340,138,2025-01-28 22:48:39.694782,0.0,PayPal,North,Delivered,1746.69
6341,528,2024-09-26 22:48:39.694783,0.0,Bank Transfer,West,Delivered,2991.32
6342,571,2025-05-01 22:48:39.694784,0.0,PayPal,East,Shipped,548.99
6343,113,2024-08-17 22:48:39.694785,0.0,PayPal,East,Delivered,2123.41
6344,520,2024-12-07 22:48:39.694785,0.0,Debit Card,North,Processing,339.42
6345,60,2025-05-04 22:48:39.694786,0.0,Debit Card,North,Cancelled,579.04
6346,839,2025-01-04 22:48:39.694787,0.0,Debit Card,East,Delivered,1492.29
6347,602,2025-04-03 22:48:39.694788,0.0,Bank Transfer,East,Shipped,53.31
6348,138,2025-03-18 22:48:39.694788,0.0,Debit Card,South,Shipped,1235.55
6349,645,2025-06-22 22:48:39.694789,0.0,PayPal,South,Shipped,259.59
6350,6,2024-07-31 22:48:39.694790,0.0,Debit Card,East,Processing,2127.14
6351,995,2025-03-03 22:48:39.694791,0.0,Debit Card,West,Processing,2640.0699999999997
6352,695,2025-05-10 22:48:39.694791,0.0,PayPal,East,Delivered,1696.12
6353,91,2025-06-07 22:48:39.694792,0.0,Bank Transfer,North,Shipped,463.34
6354,739,2025-04-14 22:48:39.694793,0.0,Debit Card,East,Delivered,673.72
6355,217,2025-01-24 22:48:39.694794,0.0,Debit Card,South,Shipped,2523.22
6356,218,2024-10-09 22:48:39.694794,0.0,Credit Card,South,Delivered,632.7
6357,155,2025-01-30 22:48:39.694795,0.0,Debit Card,East,Shipped,3320.07
6358,335,2025-07-18 22:48:39.694796,0.0,Credit Card,East,Delivered,1754.9
6359,777,2025-02-25 22:48:39.694797,0.0,Debit Card,West,Processing,537.0
6360,280,2025-03-02 22:48:39.694797,0.0,Credit Card,South,Shipped,660.2
6361,53,2025-03-13 22:48:39.694798,0.0,Bank Transfer,East,Shipped,3121.03
6362,319,2025-01-04 22:48:39.694799,0.0,Bank Transfer,East,Shipped,1753.01
6363,491,2024-07-27 22:48:39.694800,0.0,Credit Card,North,Shipped,217.35000000000002
6364,354,2024-09-13 22:48:39.694800,0.0,Debit Card,North,Processing,1259.81
6365,65,2024-09-21 22:48:39.694801,0.0,Credit Card,North,Cancelled,836.32
6366,971,2025-04-20 22:48:39.694802,0.0,Credit Card,West,Delivered,1114.8799999999999
6367,249,2024-10-03 22:48:39.694803,0.0,Bank Transfer,East,Shipped,794.0
6368,667,2025-04-26 22:48:39.694803,0.0,Credit Card,South,Delivered,1690.02
6369,463,2025-04-28 22:48:39.694804,0.0,Credit Card,North,Delivered,359.88
6370,803,2025-06-09 22:48:39.694805,0.0,Bank Transfer,South,Delivered,2310.2799999999997
6371,327,2024-08-30 22:48:39.694806,0.0,Debit Card,South,Shipped,1465.3000000000002
6372,85,2025-04-18 22:48:39.694806,0.0,Debit Card,North,Shipped,989.6999999999999
6373,822,2025-06-21 22:48:39.694807,0.0,Bank Transfer,North,Delivered,1087.7
6374,716,2024-12-06 22:48:39.694808,0.0,PayPal,South,Shipped,1307.2199999999998
6375,149,2025-01-02 22:48:39.694809,0.0,PayPal,South,Shipped,1065.44
6376,41,2024-09-02 22:48:39.694809,0.0,Bank Transfer,North,Delivered,4427.09
6377,993,2024-09-27 22:48:39.694810,0.0,Bank Transfer,West,Delivered,1160.76
6378,310,2025-01-07 22:48:39.694811,0.0,PayPal,West,Processing,395.52
6379,613,2025-06-23 22:48:39.694811,0.0,Bank Transfer,South,Delivered,1260.18
6380,649,2024-10-17 22:48:39.694812,0.0,Bank Transfer,South,Delivered,1599.99
6381,262,2025-04-16 22:48:39.694813,0.0,PayPal,South,Shipped,2813.83
6382,952,2024-12-25 22:48:39.694814,0.0,PayPal,East,Delivered,2514.44
6383,922,2025-01-31 22:48:39.694814,0.0,Bank Transfer,South,Delivered,2562.59
6384,341,2025-05-06 22:48:39.694815,0.0,PayPal,North,Delivered,549.49
6385,714,2025-05-13 22:48:39.694816,0.0,Debit Card,South,Delivered,1233.4
6386,188,2025-06-10 22:48:39.694817,0.0,PayPal,South,Cancelled,510.98
6387,141,2024-09-13 22:48:39.694817,0.0,Credit Card,West,Shipped,661.4300000000001
6388,874,2025-02-01 22:48:39.694818,0.0,Debit Card,South,Shipped,419.22
6389,48,2025-05-20 22:48:39.694819,0.0,PayPal,North,Shipped,2797.23
6390,413,2024-10-18 22:48:39.694820,0.0,PayPal,South,Processing,495.52
6391,584,2025-03-10 22:48:39.694820,0.0,Credit Card,North,Delivered,1006.12
6392,404,2025-07-08 22:48:39.694821,0.0,PayPal,North,Processing,745.94
6393,2,2025-06-30 22:48:39.694822,0.0,Bank Transfer,East,Delivered,786.5999999999999
6394,309,2024-11-12 22:48:39.694823,0.0,Debit Card,South,Delivered,4009.16
6395,165,2025-05-02 22:48:39.694823,0.0,Bank Transfer,North,Delivered,1364.65
6396,869,2024-09-11 22:48:39.694824,0.0,Credit Card,East,Processing,3226.1800000000003
6397,151,2024-09-09 22:48:39.694825,0.0,PayPal,West,Shipped,717.04
6398,349,2024-10-08 22:48:39.694826,0.0,Credit Card,East,Delivered,1345.55
6399,800,2025-06-23 22:48:39.694826,0.0,PayPal,North,Processing,217.4
6400,464,2025-02-03 22:48:39.694827,0.0,Credit Card,East,Shipped,1227.09
6401,911,2024-11-12 22:48:39.694828,0.0,Credit Card,West,Processing,1957.8
6402,492,2024-10-02 22:48:39.694829,0.0,PayPal,West,Delivered,1215.65
6403,178,2024-11-21 22:48:39.694829,0.0,Credit Card,South,Shipped,399.21
6404,246,2025-04-14 22:48:39.694830,0.0,Credit Card,South,Shipped,762.89
6405,682,2025-05-02 22:48:39.694831,0.0,Bank Transfer,North,Processing,3565.29
6406,561,2025-04-02 22:48:39.694831,0.0,Credit Card,North,Shipped,440.06
6407,20,2024-08-11 22:48:39.694832,0.0,Credit Card,North,Delivered,132.23
6408,52,2025-01-03 22:48:39.694833,0.0,Credit Card,West,Delivered,1360.29
6409,654,2024-12-06 22:48:39.694834,0.0,Credit Card,East,Delivered,1106.54
6410,179,2025-04-04 22:48:39.694835,0.0,Debit Card,West,Delivered,2291.08
6411,777,2024-12-17 22:48:39.694835,0.0,Bank Transfer,West,Shipped,28.46
6412,976,2024-08-20 22:48:39.694836,0.0,Bank Transfer,South,Delivered,451.07
6413,703,2025-02-04 22:48:39.694837,0.0,PayPal,West,Shipped,4987.37
6414,780,2024-10-19 22:48:39.694837,0.0,PayPal,West,Shipped,1382.6799999999998
6415,947,2024-11-29 22:48:39.694838,0.0,PayPal,South,Delivered,2663.11
6416,120,2025-01-29 22:48:39.694839,0.0,PayPal,North,Processing,803.3
6417,214,2025-05-10 22:48:39.694840,0.0,Credit Card,East,Processing,1746.27
6418,253,2024-12-30 22:48:39.694841,0.0,Bank Transfer,South,Delivered,1142.31
6419,9,2025-05-19 22:48:39.694842,0.0,PayPal,West,Shipped,2027.29
6420,276,2025-04-07 22:48:39.694843,0.0,Debit Card,North,Delivered,1640.65
6421,122,2024-12-07 22:48:39.694843,0.0,Debit Card,East,Delivered,904.8900000000001
6422,561,2025-07-07 22:48:39.694844,0.0,Credit Card,East,Delivered,2482.52
6423,538,2024-09-19 22:48:39.694845,0.0,PayPal,East,Processing,1873.01
6424,821,2025-01-06 22:48:39.694846,0.0,Credit Card,East,Shipped,2387.34
6425,417,2025-05-07 22:48:39.694847,0.0,Bank Transfer,West,Shipped,3292.7799999999997
6426,84,2025-04-01 22:48:39.694847,0.0,Bank Transfer,South,Delivered,236.88
6427,367,2025-04-12 22:48:39.694848,0.0,Credit Card,North,Processing,1817.8200000000002
6428,757,2024-11-05 22:48:39.694849,0.0,PayPal,West,Cancelled,2383.79
6429,142,2025-03-06 22:48:39.694849,0.0,Debit Card,East,Shipped,2224.14
6430,663,2024-09-04 22:48:39.694850,0.0,Debit Card,East,Processing,2365.62
6431,628,2025-06-23 22:48:39.694851,0.0,Bank Transfer,South,Shipped,1110.99
6432,801,2024-08-11 22:48:39.694852,0.0,Credit Card,East,Delivered,599.95
6433,272,2025-07-18 22:48:39.694852,0.0,Bank Transfer,West,Delivered,285.39
6434,388,2025-04-10 22:48:39.694853,0.0,Credit Card,West,Shipped,1202.56
6435,877,2024-10-21 22:48:39.694854,0.0,Debit Card,West,Cancelled,254.66
6436,126,2025-01-17 22:48:39.694855,0.0,Debit Card,East,Delivered,1470.3000000000002
6437,646,2025-04-16 22:48:39.694855,0.0,Credit Card,East,Delivered,509.8
6438,517,2024-11-24 22:48:39.694856,0.0,Debit Card,South,Shipped,2906.93
6439,333,2024-11-24 22:48:39.694857,0.0,Debit Card,West,Cancelled,592.2
6440,357,2025-01-18 22:48:39.694857,0.0,Credit Card,South,Shipped,899.4200000000001
6441,155,2025-05-14 22:48:39.694858,0.0,PayPal,West,Delivered,1932.71
6442,881,2025-04-04 22:48:39.694859,0.0,Debit Card,West,Shipped,1685.6799999999998
6443,703,2024-12-29 22:48:39.694860,0.0,Debit Card,East,Shipped,1816.85
6444,851,2025-04-09 22:48:39.694860,0.0,Bank Transfer,East,Delivered,1039.54
6445,600,2024-12-09 22:48:39.694861,0.0,Bank Transfer,South,Shipped,971.8
6446,509,2024-12-04 22:48:39.694862,0.0,PayPal,South,Shipped,366.5
6447,48,2024-09-21 22:48:39.694863,0.0,Bank Transfer,South,Shipped,1034.2
6448,8,2024-08-05 22:48:39.694863,0.0,Bank Transfer,South,Delivered,1275.45
6449,496,2025-06-05 22:48:39.694864,0.0,Bank Transfer,East,Delivered,926.68
6450,837,2025-04-26 22:48:39.694865,0.0,Credit Card,South,Delivered,809.16
6451,689,2025-03-16 22:48:39.694866,0.0,Credit Card,North,Processing,1836.29
6452,899,2025-04-04 22:48:39.694866,0.0,Bank Transfer,North,Shipped,1082.81
6453,442,2024-10-12 22:48:39.694867,0.0,Bank Transfer,North,Delivered,670.1099999999999
6454,724,2025-05-02 22:48:39.694868,0.0,PayPal,West,Shipped,1364.17
6455,224,2024-12-30 22:48:39.694869,0.0,Bank Transfer,North,Processing,1707.27
6456,604,2024-12-12 22:48:39.694870,0.0,PayPal,North,Delivered,2521.55
6457,217,2024-10-30 22:48:39.694870,0.0,PayPal,East,Processing,1873.56
6458,928,2024-11-16 22:48:39.694871,0.0,Debit Card,West,Shipped,414.38
6459,504,2025-04-18 22:48:39.694872,0.0,Credit Card,East,Delivered,418.32
6460,496,2024-08-15 22:48:39.694873,0.0,Credit Card,West,Shipped,2342.2999999999997
6461,418,2024-12-26 22:48:39.694873,0.0,Bank Transfer,East,Processing,950.5
6462,760,2024-12-19 22:48:39.694874,0.0,Debit Card,North,Cancelled,305.1
6463,996,2024-12-09 22:48:39.694875,0.0,Credit Card,North,Shipped,713.04
6464,597,2025-05-23 22:48:39.694876,0.0,Credit Card,North,Delivered,1938.17
6465,629,2025-05-31 22:48:39.694876,0.0,Credit Card,South,Processing,1439.34
6466,149,2024-10-29 22:48:39.694877,0.0,Debit Card,East,Cancelled,1897.57
6467,479,2024-08-05 22:48:39.694878,0.0,PayPal,West,Delivered,970.5
6468,719,2025-04-15 22:48:39.694879,0.0,PayPal,North,Processing,1042.99
6469,850,2024-11-26 22:48:39.694879,0.0,Debit Card,North,Shipped,407.73
6470,152,2024-12-04 22:48:39.694880,0.0,Credit Card,North,Shipped,2774.2700000000004
6471,482,2025-03-23 22:48:39.694881,0.0,Debit Card,East,Delivered,173.96
6472,434,2024-09-29 22:48:39.694882,0.0,Bank Transfer,South,Delivered,809.16
6473,168,2024-08-04 22:48:39.694882,0.0,Debit Card,West,Shipped,2138.31
6474,335,2025-05-05 22:48:39.694883,0.0,Debit Card,North,Delivered,3549.58
6475,164,2024-10-14 22:48:39.694884,0.0,Bank Transfer,East,Shipped,271.65
6476,532,2025-04-04 22:48:39.694885,0.0,PayPal,East,Processing,2151.65
6477,585,2024-09-08 22:48:39.694885,0.0,PayPal,West,Processing,3367.7799999999997
6478,281,2024-10-31 22:48:39.694886,0.0,PayPal,East,Delivered,3265.14
6479,842,2025-07-18 22:48:39.694887,0.0,Debit Card,East,Cancelled,1328.7
6480,167,2025-02-17 22:48:39.694888,0.0,Bank Transfer,South,Shipped,1158.3
6481,825,2024-12-13 22:48:39.694888,0.0,Bank Transfer,North,Delivered,282.35
6482,134,2025-05-31 22:48:39.694889,0.0,Credit Card,North,Delivered,2999.3
6483,897,2024-08-11 22:48:39.694890,0.0,Credit Card,West,Delivered,2880.72
6484,706,2024-10-05 22:48:39.694891,0.0,Credit Card,West,Delivered,176.2
6485,225,2025-06-10 22:48:39.694891,0.0,Bank Transfer,East,Processing,2485.26
6486,690,2024-12-11 22:48:39.694892,0.0,Debit Card,South,Shipped,1519.97
6487,531,2024-08-03 22:48:39.694893,0.0,PayPal,West,Delivered,442.81
6488,717,2025-05-01 22:48:39.694894,0.0,PayPal,East,Delivered,3247.31
6489,567,2025-03-13 22:48:39.694894,0.0,Bank Transfer,West,Shipped,715.45
6490,829,2025-01-29 22:48:39.694895,0.0,PayPal,South,Shipped,1973.77
6491,453,2024-09-13 22:48:39.694896,0.0,Credit Card,South,Shipped,53.31
6492,405,2025-06-19 22:48:39.694897,0.0,Credit Card,West,Processing,1315.02
6493,153,2024-08-11 22:48:39.694897,0.0,Debit Card,South,Cancelled,1969.06
6494,115,2024-08-05 22:48:39.694898,0.0,Debit Card,South,Processing,1484.5100000000002
6495,957,2025-02-06 22:48:39.694899,0.0,PayPal,West,Processing,269.54
6496,79,2025-03-19 22:48:39.694900,0.0,Credit Card,South,Shipped,4187.17
6497,179,2025-05-05 22:48:39.694900,0.0,Credit Card,East,Processing,657.4
6498,970,2025-03-27 22:48:39.694901,0.0,Credit Card,West,Shipped,45.01
6499,129,2025-03-21 22:48:39.694902,0.0,Bank Transfer,North,Shipped,3049.23
6500,336,2024-12-27 22:48:39.694903,0.0,Debit Card,South,Processing,2850.0
6501,817,2025-05-28 22:48:39.694903,0.0,Debit Card,East,Processing,1287.54
6502,389,2025-03-27 22:48:39.694904,0.0,Credit Card,East,Processing,2175.23
6503,622,2025-01-27 22:48:39.694905,0.0,Bank Transfer,East,Processing,1286.91
6504,235,2025-07-03 22:48:39.694906,0.0,PayPal,South,Delivered,1928.3400000000001
6505,452,2024-10-19 22:48:39.694906,0.0,Bank Transfer,West,Delivered,485.12
6506,523,2025-05-30 22:48:39.694907,0.0,Credit Card,South,Shipped,2380.79
6507,387,2024-10-01 22:48:39.694908,0.0,Debit Card,West,Cancelled,907.4000000000001
6508,173,2025-04-30 22:48:39.694909,0.0,Debit Card,East,Shipped,2736.08
6509,521,2024-09-02 22:48:39.694910,0.0,Credit Card,West,Shipped,1071.2
6510,195,2025-01-01 22:48:39.694910,0.0,PayPal,East,Delivered,639.78
6511,122,2024-12-09 22:48:39.694911,0.0,PayPal,South,Shipped,1614.3899999999999
6512,521,2024-09-01 22:48:39.694912,0.0,PayPal,West,Delivered,2566.8399999999997
6513,398,2024-11-03 22:48:39.694913,0.0,Bank Transfer,East,Processing,1190.34
6514,220,2025-07-20 22:48:39.694914,0.0,Credit Card,West,Delivered,2558.84
6515,957,2025-07-16 22:48:39.694914,0.0,PayPal,West,Shipped,2396.31
6516,875,2025-02-25 22:48:39.694915,0.0,Credit Card,East,Delivered,3412.39
6517,946,2025-02-05 22:48:39.694916,0.0,Bank Transfer,South,Processing,1440.0
6518,285,2024-08-18 22:48:39.694917,0.0,Credit Card,South,Shipped,1654.43
6519,545,2024-12-06 22:48:39.694917,0.0,Bank Transfer,South,Shipped,211.66
6520,791,2024-10-27 22:48:39.694918,0.0,Debit Card,East,Delivered,1023.1800000000001
6521,260,2025-06-02 22:48:39.694919,0.0,Credit Card,West,Delivered,1089.84
6522,743,2024-11-17 22:48:39.694920,0.0,Bank Transfer,East,Delivered,3672.1499999999996
6523,441,2025-03-09 22:48:39.694921,0.0,Bank Transfer,East,Delivered,989.75
6524,832,2025-06-04 22:48:39.694921,0.0,Bank Transfer,South,Shipped,2431.29
6525,187,2025-05-20 22:48:39.694922,0.0,Debit Card,East,Delivered,3890.85
6526,208,2024-09-21 22:48:39.694923,0.0,Bank Transfer,East,Processing,3008.94
6527,399,2024-09-14 22:48:39.694924,0.0,Credit Card,East,Shipped,1186.56
6528,98,2024-09-14 22:48:39.694924,0.0,PayPal,East,Shipped,1589.54
6529,327,2025-07-13 22:48:39.694925,0.0,Bank Transfer,West,Shipped,1585.19
6530,346,2024-10-22 22:48:39.694926,0.0,PayPal,East,Shipped,593.58
6531,705,2025-06-15 22:48:39.694927,0.0,Bank Transfer,West,Delivered,1229.36
6532,392,2024-09-19 22:48:39.694927,0.0,PayPal,East,Delivered,2641.7599999999998
6533,504,2025-06-16 22:48:39.694928,0.0,Debit Card,North,Processing,962.3600000000001
6534,110,2025-04-17 22:48:39.694929,0.0,PayPal,North,Delivered,467.59
6535,130,2024-09-06 22:48:39.694930,0.0,Debit Card,East,Processing,1780.52
6536,564,2025-02-14 22:48:39.694930,0.0,Bank Transfer,East,Shipped,375.0
6537,45,2025-04-25 22:48:39.694931,0.0,PayPal,South,Processing,1547.8000000000002
6538,222,2025-05-04 22:48:39.694932,0.0,Credit Card,West,Processing,3888.52
6539,623,2025-01-08 22:48:39.694933,0.0,Debit Card,North,Shipped,1793.36
6540,203,2025-01-16 22:48:39.694933,0.0,Bank Transfer,South,Shipped,418.98
6541,593,2025-05-06 22:48:39.694934,0.0,PayPal,North,Delivered,279.0
6542,852,2025-01-31 22:48:39.694935,0.0,Bank Transfer,South,Delivered,1741.1399999999999
6543,898,2025-03-02 22:48:39.694935,0.0,Credit Card,South,Shipped,3117.8199999999997
6544,201,2024-12-29 22:48:39.694936,0.0,Debit Card,North,Shipped,2345.41
6545,115,2025-03-04 22:48:39.694937,0.0,Credit Card,North,Cancelled,2087.73
6546,864,2025-03-05 22:48:39.694938,0.0,Debit Card,West,Processing,2284.01
6547,12,2025-04-17 22:48:39.694938,0.0,Credit Card,South,Delivered,2665.29
6548,358,2025-04-14 22:48:39.694939,0.0,Credit Card,West,Shipped,213.6
6549,470,2024-11-14 22:48:39.694940,0.0,Bank Transfer,North,Delivered,1011.6600000000001
6550,587,2024-08-31 22:48:39.694940,0.0,Bank Transfer,South,Delivered,1449.78
6551,725,2025-03-18 22:48:39.694941,0.0,PayPal,North,Delivered,1766.1599999999999
6552,729,2025-07-04 22:48:39.694942,0.0,Credit Card,West,Delivered,1207.31
6553,302,2024-12-24 22:48:39.694943,0.0,Debit Card,South,Delivered,3258.6899999999996
6554,920,2025-06-23 22:48:39.694944,0.0,PayPal,South,Shipped,2875.13
6555,360,2025-04-28 22:48:39.694944,0.0,Bank Transfer,West,Processing,2468.6400000000003
6556,728,2024-08-02 22:48:39.694945,0.0,PayPal,West,Shipped,2705.84
6557,716,2025-04-13 22:48:39.694946,0.0,Bank Transfer,South,Delivered,826.29
6558,277,2025-04-10 22:48:39.694947,0.0,Debit Card,North,Processing,984.46
6559,619,2024-09-04 22:48:39.694947,0.0,PayPal,East,Processing,4328.0
6560,74,2025-02-01 22:48:39.694948,0.0,Bank Transfer,West,Cancelled,1149.56
6561,614,2025-06-02 22:48:39.694949,0.0,Debit Card,North,Shipped,451.45000000000005
6562,438,2024-08-23 22:48:39.694950,0.0,Debit Card,East,Delivered,779.72
6563,344,2024-08-23 22:48:39.694950,0.0,Bank Transfer,East,Processing,209.69
6564,305,2024-10-19 22:48:39.694951,0.0,Credit Card,South,Processing,671.92
6565,1000,2025-05-04 22:48:39.694952,0.0,PayPal,West,Processing,2312.31
6566,799,2025-01-05 22:48:39.694953,0.0,Bank Transfer,East,Delivered,1378.81
6567,368,2024-11-01 22:48:39.694953,0.0,Credit Card,West,Shipped,3211.66
6568,272,2025-03-25 22:48:39.694954,0.0,Bank Transfer,East,Shipped,688.14
6569,955,2024-08-22 22:48:39.694955,0.0,Debit Card,North,Processing,1874.08
6570,30,2024-08-09 22:48:39.694956,0.0,Credit Card,West,Shipped,351.84
6571,97,2024-09-16 22:48:39.694956,0.0,Bank Transfer,East,Shipped,1537.8799999999999
6572,72,2024-12-31 22:48:39.694957,0.0,PayPal,South,Shipped,1267.06
6573,733,2025-03-03 22:48:39.694958,0.0,Credit Card,West,Shipped,785.12
6574,511,2024-12-23 22:48:39.694959,0.0,Bank Transfer,West,Shipped,3624.5899999999997
6575,262,2025-05-16 22:48:39.694959,0.0,PayPal,West,Delivered,1723.58
6576,8,2024-10-02 22:48:39.694960,0.0,Bank Transfer,West,Delivered,2619.93
6577,28,2024-11-18 22:48:39.694961,0.0,PayPal,West,Shipped,3017.82
6578,946,2025-06-20 22:48:39.694962,0.0,PayPal,East,Cancelled,385.67
6579,542,2025-01-23 22:48:39.694962,0.0,Debit Card,North,Processing,2340.06
6580,352,2024-12-28 22:48:39.694963,0.0,PayPal,North,Shipped,2295.93
6581,801,2025-05-27 22:48:39.694964,0.0,PayPal,East,Delivered,2418.96
6582,448,2024-10-22 22:48:39.694965,0.0,Credit Card,East,Processing,543.06
6583,869,2025-01-30 22:48:39.694965,0.0,PayPal,South,Processing,686.64
6584,944,2024-11-25 22:48:39.694966,0.0,Debit Card,West,Delivered,2531.15
6585,837,2024-08-28 22:48:39.694967,0.0,Credit Card,West,Processing,818.4100000000001
6586,447,2025-05-18 22:48:39.694968,0.0,Credit Card,West,Delivered,2583.5099999999998
6587,120,2025-02-04 22:48:39.694968,0.0,PayPal,West,Cancelled,1455.31
6588,637,2025-01-08 22:48:39.694969,0.0,Credit Card,South,Shipped,1268.56
6589,805,2025-02-26 22:48:39.694970,0.0,PayPal,East,Delivered,3158.21
6590,11,2025-01-15 22:48:39.694971,0.0,Credit Card,East,Shipped,1705.79
6591,80,2025-01-23 22:48:39.694971,0.0,Debit Card,South,Delivered,1170.31
6592,583,2024-10-29 22:48:39.694972,0.0,Credit Card,West,Delivered,2566.67
6593,636,2025-01-07 22:48:39.694973,0.0,Debit Card,West,Delivered,1087.1100000000001
6594,452,2025-07-21 22:48:39.694974,0.0,Bank Transfer,West,Processing,1403.52
6595,245,2025-02-13 22:48:39.694974,0.0,Debit Card,East,Delivered,618.36
6596,386,2025-05-15 22:48:39.694975,0.0,PayPal,West,Delivered,141.06
6597,66,2024-12-02 22:48:39.694976,0.0,Bank Transfer,East,Shipped,1129.74
6598,938,2025-02-13 22:48:39.694977,0.0,PayPal,East,Processing,2563.75
6599,283,2025-03-02 22:48:39.694977,0.0,Bank Transfer,East,Delivered,1166.25
6600,828,2025-03-09 22:48:39.694978,0.0,Credit Card,North,Delivered,539.28
6601,987,2024-08-30 22:48:39.694979,0.0,PayPal,South,Shipped,1827.65
6602,592,2024-09-21 22:48:39.694980,0.0,Debit Card,North,Shipped,2074.47
6603,116,2025-01-04 22:48:39.694980,0.0,Credit Card,East,Processing,1738.1599999999999
6604,638,2024-07-31 22:48:39.694981,0.0,PayPal,North,Shipped,1435.1399999999999
6605,398,2025-02-24 22:48:39.694982,0.0,PayPal,South,Delivered,2664.65
6606,91,2025-02-21 22:48:39.694983,0.0,Debit Card,West,Delivered,830.9
6607,114,2024-12-09 22:48:39.694983,0.0,Bank Transfer,West,Delivered,2085.81
6608,243,2025-05-11 22:48:39.694984,0.0,PayPal,North,Processing,4164.9
6609,109,2024-07-25 22:48:39.694985,0.0,PayPal,East,Delivered,2184.2
6610,379,2024-09-29 22:48:39.694986,0.0,Bank Transfer,North,Shipped,255.04
6611,748,2025-03-25 22:48:39.694986,0.0,PayPal,North,Processing,1813.28
6612,259,2025-02-26 22:48:39.694987,0.0,Credit Card,North,Shipped,2245.82
6613,816,2024-12-16 22:48:39.694988,0.0,Bank Transfer,North,Delivered,1093.1599999999999
6614,306,2024-08-15 22:48:39.694989,0.0,Debit Card,East,Shipped,965.8100000000001
6615,380,2025-07-03 22:48:39.694989,0.0,Credit Card,South,Delivered,230.67000000000002
6616,673,2025-04-21 22:48:39.694990,0.0,Bank Transfer,South,Shipped,687.34
6617,899,2024-09-23 22:48:39.694991,0.0,PayPal,East,Delivered,2163.46
6618,559,2024-12-24 22:48:39.694992,0.0,PayPal,East,Delivered,1806.98
6619,227,2025-05-31 22:48:39.694992,0.0,PayPal,West,Processing,923.8
6620,739,2024-10-22 22:48:39.694993,0.0,Debit Card,North,Processing,786.32
6621,233,2025-04-03 22:48:39.694994,0.0,Debit Card,West,Delivered,10.68
6622,79,2024-08-24 22:48:39.694995,0.0,Bank Transfer,West,Shipped,483.77
6623,865,2025-02-13 22:48:39.694996,0.0,Debit Card,East,Shipped,201.62
6624,784,2025-05-04 22:48:39.694996,0.0,Credit Card,West,Delivered,2314.6400000000003
6625,628,2024-12-01 22:48:39.694997,0.0,Debit Card,West,Shipped,2134.38
6626,269,2025-06-02 22:48:39.694998,0.0,Credit Card,North,Processing,311.19
6627,480,2025-02-23 22:48:39.694998,0.0,Debit Card,West,Delivered,912.1800000000001
6628,63,2024-12-16 22:48:39.694999,0.0,PayPal,South,Shipped,56.42999999999999
6629,426,2024-08-13 22:48:39.695000,0.0,Credit Card,East,Delivered,1742.0
6630,168,2025-04-28 22:48:39.695001,0.0,Debit Card,East,Shipped,1304.42
6631,711,2025-05-11 22:48:39.695001,0.0,Debit Card,North,Delivered,356.16
6632,837,2024-10-02 22:48:39.695002,0.0,Bank Transfer,West,Delivered,1241.47
6633,186,2024-11-03 22:48:39.695003,0.0,PayPal,North,Processing,2859.36
6634,744,2025-04-14 22:48:39.695004,0.0,Credit Card,South,Shipped,959.99
6635,588,2024-12-09 22:48:39.695004,0.0,Credit Card,West,Shipped,2349.86
6636,166,2024-08-04 22:48:39.695005,0.0,Debit Card,East,Shipped,2555.96
6637,494,2024-08-18 22:48:39.695006,0.0,Credit Card,South,Delivered,479.64
6638,709,2025-03-27 22:48:39.695006,0.0,Bank Transfer,West,Delivered,2468.74
6639,7,2025-01-09 22:48:39.695007,0.0,Bank Transfer,South,Processing,459.28
6640,401,2024-09-22 22:48:39.695008,0.0,PayPal,South,Shipped,481.55999999999995
6641,395,2025-05-21 22:48:39.695009,0.0,Bank Transfer,East,Delivered,3604.37
6642,221,2025-06-21 22:48:39.695009,0.0,Bank Transfer,South,Delivered,1886.5
6643,873,2025-01-14 22:48:39.695010,0.0,PayPal,West,Processing,3054.11
6644,417,2024-12-01 22:48:39.695011,0.0,Debit Card,West,Shipped,1744.42
6645,820,2025-03-13 22:48:39.695012,0.0,PayPal,South,Delivered,3186.4700000000003
6646,145,2025-01-02 22:48:39.695012,0.0,Credit Card,West,Delivered,62.97
6647,249,2025-05-26 22:48:39.695013,0.0,Bank Transfer,South,Delivered,1212.0700000000002
6648,702,2024-11-17 22:48:39.695014,0.0,Bank Transfer,North,Delivered,999.49
6649,863,2025-03-29 22:48:39.695015,0.0,PayPal,East,Shipped,2625.06
6650,865,2025-03-21 22:48:39.695016,0.0,Bank Transfer,West,Shipped,965.3
6651,911,2025-01-13 22:48:39.695016,0.0,Bank Transfer,South,Delivered,930.4200000000001
6652,897,2024-09-23 22:48:39.695017,0.0,Debit Card,East,Delivered,1188.97
6653,361,2025-02-15 22:48:39.695018,0.0,Debit Card,West,Shipped,2453.26
6654,428,2025-03-04 22:48:39.695018,0.0,Debit Card,East,Delivered,1557.88
6655,260,2024-10-06 22:48:39.695019,0.0,Credit Card,West,Processing,2922.25
6656,259,2025-06-01 22:48:39.695020,0.0,Debit Card,South,Processing,2346.02
6657,906,2024-09-25 22:48:39.695021,0.0,Bank Transfer,North,Shipped,546.99
6658,539,2025-01-13 22:48:39.695021,0.0,Debit Card,East,Processing,496.04999999999995
6659,878,2024-11-04 22:48:39.695022,0.0,Credit Card,North,Delivered,1789.1100000000001
6660,411,2024-12-06 22:48:39.695023,0.0,Debit Card,North,Delivered,1776.6499999999999
6661,348,2024-09-29 22:48:39.695024,0.0,PayPal,West,Delivered,1865.23
6662,960,2025-05-09 22:48:39.695024,0.0,Bank Transfer,West,Delivered,2278.02
6663,858,2025-06-20 22:48:39.695025,0.0,Debit Card,North,Delivered,1915.72
6664,80,2025-01-30 22:48:39.695026,0.0,Credit Card,North,Processing,786.32
6665,809,2025-03-08 22:48:39.695027,0.0,Credit Card,North,Shipped,1001.3699999999999
6666,59,2025-05-27 22:48:39.695027,0.0,Credit Card,South,Delivered,2330.34
6667,723,2025-04-09 22:48:39.695028,0.0,Debit Card,North,Processing,2254.87
6668,841,2025-01-12 22:48:39.695029,0.0,Credit Card,East,Delivered,1412.64
6669,439,2025-07-04 22:48:39.695029,0.0,Credit Card,West,Delivered,4476.47
6670,589,2025-05-04 22:48:39.695030,0.0,Debit Card,West,Processing,3077.1099999999997
6671,878,2024-11-12 22:48:39.695031,0.0,Bank Transfer,South,Delivered,1291.02
6672,123,2024-08-16 22:48:39.695032,0.0,PayPal,North,Delivered,1099.48
6673,546,2025-03-24 22:48:39.695032,0.0,Credit Card,East,Delivered,2123.27
6674,209,2024-08-12 22:48:39.695033,0.0,PayPal,East,Shipped,2712.15
6675,736,2025-02-07 22:48:39.695034,0.0,Credit Card,South,Shipped,2554.08
6676,790,2025-05-24 22:48:39.695035,0.0,Credit Card,West,Delivered,486.6
6677,206,2024-07-23 22:48:39.695035,0.0,PayPal,North,Processing,539.96
6678,204,2025-07-02 22:48:39.695036,0.0,Bank Transfer,West,Delivered,871.2
6679,767,2024-12-21 22:48:39.695037,0.0,Debit Card,North,Processing,661.53
6680,591,2024-08-26 22:48:39.695038,0.0,Credit Card,North,Delivered,1156.49
6681,248,2025-05-26 22:48:39.695038,0.0,PayPal,South,Delivered,1024.21
6682,666,2025-04-07 22:48:39.695039,0.0,Credit Card,East,Processing,168.0
6683,795,2025-02-15 22:48:39.695040,0.0,Bank Transfer,West,Delivered,2189.08
6684,752,2024-11-25 22:48:39.695041,0.0,Credit Card,East,Shipped,670.1800000000001
6685,993,2024-10-20 22:48:39.695041,0.0,Debit Card,West,Shipped,1917.64
6686,408,2025-03-22 22:48:39.695042,0.0,PayPal,West,Delivered,1557.63
6687,189,2025-06-05 22:48:39.695043,0.0,Credit Card,South,Processing,649.77
6688,212,2024-09-19 22:48:39.695044,0.0,Bank Transfer,South,Delivered,946.2
6689,536,2025-07-19 22:48:39.695045,0.0,Debit Card,East,Delivered,1618.99
6690,367,2024-11-21 22:48:39.695045,0.0,PayPal,East,Delivered,137.43
6691,905,2025-07-12 22:48:39.695046,0.0,PayPal,West,Delivered,2133.44
6692,593,2025-05-14 22:48:39.695047,0.0,Debit Card,North,Processing,1966.6899999999998
6693,132,2025-06-02 22:48:39.695047,0.0,Credit Card,South,Delivered,847.8
6694,988,2025-03-19 22:48:39.695048,0.0,Credit Card,East,Shipped,569.49
6695,617,2025-01-07 22:48:39.695049,0.0,Bank Transfer,South,Shipped,1652.0300000000002
6696,460,2025-04-17 22:48:39.695050,0.0,Bank Transfer,East,Shipped,2241.67
6697,594,2025-03-31 22:48:39.695050,0.0,PayPal,West,Delivered,1717.09
6698,105,2025-06-01 22:48:39.695051,0.0,PayPal,South,Delivered,1041.54
6699,597,2024-08-15 22:48:39.695052,0.0,Debit Card,West,Processing,243.3
6700,418,2025-04-21 22:48:39.695053,0.0,Debit Card,West,Shipped,99.4
6701,264,2025-02-04 22:48:39.695053,0.0,Debit Card,South,Delivered,639.78
6702,988,2024-10-22 22:48:39.695054,0.0,Bank Transfer,West,Cancelled,2801.5499999999997
6703,816,2025-05-07 22:48:39.695055,0.0,PayPal,South,Delivered,2146.8199999999997
6704,457,2025-04-15 22:48:39.695056,0.0,PayPal,South,Delivered,2986.11
6705,866,2025-01-22 22:48:39.695056,0.0,Credit Card,East,Shipped,1589.1200000000001
6706,431,2025-07-09 22:48:39.695057,0.0,Bank Transfer,North,Delivered,1246.42
6707,387,2025-04-16 22:48:39.695058,0.0,Bank Transfer,West,Shipped,1760.1
6708,931,2025-05-24 22:48:39.695059,0.0,Debit Card,South,Processing,3106.62
6709,406,2025-04-08 22:48:39.695059,0.0,Credit Card,East,Processing,479.64
6710,387,2025-05-08 22:48:39.695060,0.0,Credit Card,North,Delivered,2042.0600000000002
6711,185,2024-08-01 22:48:39.695061,0.0,Debit Card,West,Processing,2018.4
6712,590,2024-11-20 22:48:39.695062,0.0,Debit Card,East,Shipped,9.55
6713,175,2024-11-17 22:48:39.695062,0.0,Credit Card,West,Delivered,341.78999999999996
6714,471,2025-01-09 22:48:39.695063,0.0,Debit Card,South,Delivered,2541.1099999999997
6715,103,2025-03-07 22:48:39.695064,0.0,Credit Card,East,Shipped,1411.5
6716,3,2024-08-31 22:48:39.695064,0.0,Credit Card,West,Shipped,2605.93
6717,930,2025-04-21 22:48:39.695065,0.0,Debit Card,East,Delivered,1381.12
6718,458,2024-11-07 22:48:39.695066,0.0,PayPal,North,Delivered,360.47
6719,180,2025-02-11 22:48:39.695067,0.0,Credit Card,North,Delivered,851.0699999999999
6720,302,2025-04-26 22:48:39.695067,0.0,PayPal,West,Delivered,1105.4
6721,384,2025-01-30 22:48:39.695068,0.0,Bank Transfer,West,Shipped,1594.57
6722,804,2024-11-24 22:48:39.695069,0.0,PayPal,South,Delivered,362.83
6723,869,2025-07-07 22:48:39.695070,0.0,Bank Transfer,North,Delivered,109.6
6724,421,2025-07-06 22:48:39.695070,0.0,Bank Transfer,North,Shipped,1331.48
6725,120,2024-12-26 22:48:39.695071,0.0,PayPal,West,Shipped,3042.06
6726,653,2024-12-16 22:48:39.695072,0.0,PayPal,South,Cancelled,347.47
6727,477,2025-03-16 22:48:39.695073,0.0,PayPal,North,Delivered,1066.4299999999998
6728,100,2024-11-08 22:48:39.695073,0.0,Credit Card,North,Shipped,1654.12
6729,624,2025-01-19 22:48:39.695074,0.0,Bank Transfer,South,Shipped,2031.0800000000002
6730,981,2025-02-12 22:48:39.695075,0.0,PayPal,East,Processing,1243.21
6731,94,2024-09-30 22:48:39.695076,0.0,Bank Transfer,North,Cancelled,2543.3999999999996
6732,624,2025-07-06 22:48:39.695076,0.0,Debit Card,East,Cancelled,1279.0
6733,594,2024-12-02 22:48:39.695077,0.0,Credit Card,West,Delivered,1270.7099999999998
6734,434,2024-08-06 22:48:39.695078,0.0,PayPal,West,Delivered,1848.13
6735,946,2025-04-29 22:48:39.695079,0.0,Debit Card,East,Shipped,303.18
6736,979,2025-04-29 22:48:39.695080,0.0,PayPal,South,Processing,1656.4499999999998
6737,213,2024-12-12 22:48:39.695081,0.0,Credit Card,South,Delivered,945.9399999999999
6738,592,2024-11-21 22:48:39.695081,0.0,Debit Card,West,Shipped,503.55
6739,283,2024-07-27 22:48:39.695082,0.0,Debit Card,West,Delivered,827.3700000000001
6740,630,2025-02-20 22:48:39.695083,0.0,Bank Transfer,East,Shipped,2404.8900000000003
6741,266,2025-03-12 22:48:39.695084,0.0,Debit Card,East,Delivered,3558.92
6742,790,2025-03-13 22:48:39.695084,0.0,Debit Card,West,Delivered,1090.98
6743,608,2025-02-28 22:48:39.695085,0.0,Bank Transfer,West,Processing,1477.59
6744,1000,2025-02-25 22:48:39.695086,0.0,Bank Transfer,North,Delivered,4492.92
6745,927,2025-04-15 22:48:39.695087,0.0,PayPal,East,Delivered,815.86
6746,653,2024-10-20 22:48:39.695087,0.0,Debit Card,East,Shipped,1957.4699999999998
6747,207,2025-01-23 22:48:39.695088,0.0,PayPal,North,Processing,2206.21
6748,880,2024-10-19 22:48:39.695089,0.0,Debit Card,West,Delivered,1391.3600000000001
6749,8,2025-05-26 22:48:39.695090,0.0,PayPal,South,Shipped,1036.8400000000001
6750,881,2025-06-09 22:48:39.695090,0.0,PayPal,East,Delivered,2636.42
6751,546,2024-10-09 22:48:39.695091,0.0,Credit Card,West,Processing,2622.94
6752,833,2025-07-16 22:48:39.695092,0.0,Bank Transfer,South,Shipped,1364.8600000000001
6753,471,2024-09-06 22:48:39.695093,0.0,Debit Card,West,Shipped,1096.8000000000002
6754,481,2024-08-24 22:48:39.695093,0.0,PayPal,West,Shipped,1139.15
6755,484,2024-09-13 22:48:39.695094,0.0,Bank Transfer,South,Processing,2300.5499999999997
6756,657,2025-05-11 22:48:39.695095,0.0,Debit Card,North,Shipped,634.49
6757,819,2024-12-05 22:48:39.695096,0.0,Credit Card,East,Processing,359.3
6758,54,2025-04-09 22:48:39.695098,0.0,Bank Transfer,North,Shipped,1328.6
6759,93,2025-07-17 22:48:39.695098,0.0,Debit Card,East,Processing,2605.57
6760,272,2025-04-29 22:48:39.695099,0.0,Bank Transfer,North,Shipped,176.49
6761,238,2025-07-20 22:48:39.695100,0.0,Debit Card,East,Shipped,4533.51
6762,628,2025-04-25 22:48:39.695101,0.0,PayPal,West,Delivered,1314.99
6763,270,2024-11-11 22:48:39.695101,0.0,Credit Card,West,Processing,1232.94
6764,684,2024-12-03 22:48:39.695102,0.0,Bank Transfer,South,Processing,2921.1499999999996
6765,62,2024-11-05 22:48:39.695103,0.0,Debit Card,South,Shipped,1431.81
6766,342,2024-12-03 22:48:39.695104,0.0,PayPal,North,Shipped,2069.05
6767,696,2024-10-13 22:48:39.695104,0.0,PayPal,East,Shipped,740.55
6768,255,2025-07-02 22:48:39.695105,0.0,Credit Card,East,Shipped,1844.95
6769,121,2024-10-18 22:48:39.695106,0.0,Debit Card,East,Delivered,1385.45
6770,40,2024-09-11 22:48:39.695107,0.0,Credit Card,East,Shipped,228.9
6771,273,2024-09-10 22:48:39.695107,0.0,Credit Card,South,Delivered,440.33
6772,530,2025-03-21 22:48:39.695108,0.0,PayPal,East,Delivered,84.3
6773,266,2024-12-09 22:48:39.695109,0.0,Bank Transfer,North,Cancelled,517.56
6774,839,2024-11-24 22:48:39.695110,0.0,PayPal,East,Shipped,954.38
6775,576,2025-02-21 22:48:39.695110,0.0,Bank Transfer,West,Delivered,1738.8999999999999
6776,531,2025-01-19 22:48:39.695111,0.0,PayPal,South,Shipped,2237.88
6777,513,2025-06-02 22:48:39.695112,0.0,PayPal,West,Shipped,2805.4700000000003
6778,385,2025-04-17 22:48:39.695113,0.0,Bank Transfer,East,Shipped,858.4300000000001
6779,42,2025-04-14 22:48:39.695113,0.0,Bank Transfer,East,Delivered,1686.51
6780,903,2024-12-14 22:48:39.695114,0.0,Bank Transfer,West,Shipped,376.01
6781,462,2024-12-21 22:48:39.695115,0.0,Bank Transfer,South,Shipped,1321.3799999999999
6782,630,2025-07-18 22:48:39.695116,0.0,Debit Card,South,Delivered,2202.94
6783,268,2025-04-21 22:48:39.695116,0.0,PayPal,East,Processing,134.31
6784,202,2025-01-09 22:48:39.695117,0.0,Debit Card,West,Processing,2803.1400000000003
6785,468,2024-07-24 22:48:39.695118,0.0,Credit Card,South,Shipped,820.66
6786,360,2025-03-03 22:48:39.695119,0.0,Credit Card,East,Shipped,248.2
6787,119,2025-02-25 22:48:39.695119,0.0,Bank Transfer,West,Shipped,1515.17
6788,92,2024-11-29 22:48:39.695120,0.0,Credit Card,North,Delivered,2576.7699999999995
6789,358,2025-05-22 22:48:39.695121,0.0,Credit Card,North,Processing,1157.01
6790,715,2025-05-30 22:48:39.695122,0.0,Debit Card,North,Processing,2281.32
6791,647,2024-10-21 22:48:39.695122,0.0,Debit Card,South,Shipped,716.44
6792,91,2024-12-21 22:48:39.695123,0.0,Debit Card,North,Delivered,337.65
6793,325,2024-10-14 22:48:39.695124,0.0,Credit Card,North,Delivered,2191.32
6794,56,2024-09-24 22:48:39.695125,0.0,Debit Card,West,Shipped,1581.53
6795,357,2025-04-11 22:48:39.695125,0.0,PayPal,South,Shipped,3204.9300000000003
6796,997,2024-12-20 22:48:39.695126,0.0,Bank Transfer,West,Delivered,2822.88
6797,967,2024-12-04 22:48:39.695127,0.0,Bank Transfer,North,Cancelled,1390.74
6798,983,2024-08-29 22:48:39.695128,0.0,Bank Transfer,West,Shipped,1962.57
6799,419,2025-02-20 22:48:39.695128,0.0,Credit Card,West,Delivered,618.36
6800,230,2024-12-27 22:48:39.695129,0.0,Debit Card,East,Delivered,1273.56
6801,147,2024-10-16 22:48:39.695130,0.0,PayPal,North,Shipped,2559.1
6802,93,2024-08-30 22:48:39.695131,0.0,Debit Card,East,Delivered,110.19
6803,983,2025-07-19 22:48:39.695131,0.0,Debit Card,East,Delivered,2017.94
6804,222,2025-01-22 22:48:39.695132,0.0,Debit Card,East,Processing,1755.66
6805,158,2025-02-04 22:48:39.695133,0.0,Debit Card,North,Delivered,2547.21
6806,680,2024-11-23 22:48:39.695134,0.0,Debit Card,South,Delivered,1155.6399999999999
6807,845,2025-01-24 22:48:39.695134,0.0,Bank Transfer,South,Delivered,2638.48
6808,595,2024-09-04 22:48:39.695135,0.0,Credit Card,South,Delivered,1566.12
6809,629,2025-05-30 22:48:39.695136,0.0,Credit Card,South,Delivered,700.47
6810,354,2025-02-21 22:48:39.695137,0.0,Credit Card,South,Processing,1780.23
6811,888,2025-03-17 22:48:39.695137,0.0,PayPal,East,Processing,1415.3300000000002
6812,245,2025-06-24 22:48:39.695138,0.0,Bank Transfer,South,Processing,2072.01
6813,816,2024-10-14 22:48:39.695139,0.0,Credit Card,South,Processing,2684.77
6814,879,2025-05-05 22:48:39.695140,0.0,Bank Transfer,East,Processing,2543.22
6815,307,2025-04-12 22:48:39.695140,0.0,Bank Transfer,East,Delivered,317.05
6816,307,2024-11-10 22:48:39.695141,0.0,Credit Card,East,Delivered,2729.94
6817,495,2024-09-14 22:48:39.695142,0.0,PayPal,West,Shipped,527.8199999999999
6818,433,2025-03-04 22:48:39.695143,0.0,PayPal,North,Cancelled,2200.87
6819,303,2024-10-27 22:48:39.695143,0.0,PayPal,East,Processing,2615.2200000000003
6820,288,2025-07-01 22:48:39.695144,0.0,Credit Card,South,Delivered,1396.3000000000002
6821,536,2025-02-21 22:48:39.695145,0.0,Debit Card,North,Shipped,809.1
6822,300,2025-06-02 22:48:39.695146,0.0,PayPal,South,Processing,3269.96
6823,162,2024-10-07 22:48:39.695146,0.0,Bank Transfer,South,Delivered,2368.22
6824,45,2024-11-09 22:48:39.695147,0.0,Credit Card,West,Delivered,542.16
6825,818,2024-10-12 22:48:39.695148,0.0,Bank Transfer,West,Processing,1205.81
6826,707,2024-11-07 22:48:39.695149,0.0,Debit Card,South,Delivered,1104.49
6827,168,2025-01-15 22:48:39.695149,0.0,Bank Transfer,South,Shipped,2483.72
6828,488,2024-12-24 22:48:39.695150,0.0,PayPal,West,Delivered,2053.8
6829,385,2024-11-26 22:48:39.695151,0.0,Bank Transfer,West,Processing,764.7
6830,898,2025-02-21 22:48:39.695151,0.0,Credit Card,South,Delivered,1390.38
6831,569,2025-05-27 22:48:39.695152,0.0,Credit Card,North,Delivered,2542.21
6832,999,2024-09-20 22:48:39.695153,0.0,PayPal,North,Processing,2623.94
6833,760,2024-11-30 22:48:39.695154,0.0,PayPal,West,Shipped,1223.74
6834,614,2024-08-25 22:48:39.695154,0.0,Bank Transfer,East,Delivered,2993.54
6835,956,2025-02-14 22:48:39.695155,0.0,Debit Card,West,Delivered,2585.96
6836,673,2024-12-04 22:48:39.695156,0.0,PayPal,East,Processing,1356.6599999999999
6837,341,2024-08-19 22:48:39.695157,0.0,PayPal,East,Processing,592.2
6838,269,2024-09-24 22:48:39.695158,0.0,Bank Transfer,South,Delivered,2546.3199999999997
6839,594,2024-08-31 22:48:39.695158,0.0,Credit Card,West,Delivered,1412.7
6840,548,2025-01-07 22:48:39.695159,0.0,Debit Card,South,Shipped,417.12
6841,225,2024-08-09 22:48:39.695160,0.0,Debit Card,South,Shipped,562.1
6842,597,2024-12-21 22:48:39.695161,0.0,Credit Card,South,Processing,1799.07
6843,572,2024-08-09 22:48:39.695161,0.0,Credit Card,West,Delivered,1074.4499999999998
6844,986,2025-03-02 22:48:39.695162,0.0,PayPal,West,Cancelled,1541.07
6845,982,2025-04-26 22:48:39.695163,0.0,Credit Card,North,Delivered,2126.81
6846,32,2024-08-27 22:48:39.695164,0.0,Debit Card,West,Shipped,1371.25
6847,478,2025-06-29 22:48:39.695164,0.0,Bank Transfer,North,Delivered,999.9200000000001
6848,682,2025-04-16 22:48:39.695165,0.0,Credit Card,North,Shipped,1051.27
6849,241,2025-04-08 22:48:39.695166,0.0,Credit Card,West,Processing,64.03
6850,546,2025-02-24 22:48:39.695167,0.0,Debit Card,West,Shipped,1087.92
6851,425,2025-07-07 22:48:39.695168,0.0,Bank Transfer,South,Delivered,777.33
6852,113,2024-11-14 22:48:39.695168,0.0,PayPal,North,Delivered,1097.71
6853,131,2024-08-28 22:48:39.695169,0.0,Bank Transfer,East,Delivered,471.54
6854,180,2024-10-04 22:48:39.695170,0.0,Debit Card,North,Processing,848.77
6855,82,2025-04-22 22:48:39.695171,0.0,Bank Transfer,South,Delivered,470.48
6856,753,2024-07-27 22:48:39.695171,0.0,PayPal,East,Delivered,676.7
6857,981,2025-06-27 22:48:39.695172,0.0,Debit Card,North,Shipped,1946.47
6858,60,2024-09-29 22:48:39.695173,0.0,PayPal,South,Shipped,67.89
6859,497,2025-06-16 22:48:39.695174,0.0,Bank Transfer,East,Cancelled,1732.25
6860,270,2024-08-22 22:48:39.695174,0.0,Debit Card,South,Processing,821.1600000000001
6861,305,2025-04-04 22:48:39.695175,0.0,Debit Card,East,Shipped,2195.61
6862,105,2025-07-20 22:48:39.695176,0.0,Debit Card,West,Delivered,1348.7399999999998
6863,967,2024-11-14 22:48:39.695177,0.0,PayPal,West,Shipped,2115.8500000000004
6864,98,2025-03-08 22:48:39.695177,0.0,Bank Transfer,South,Cancelled,3237.52
6865,132,2025-06-16 22:48:39.695178,0.0,Bank Transfer,West,Processing,273.27
6866,707,2025-05-31 22:48:39.695179,0.0,Credit Card,North,Delivered,1733.6699999999998
6867,345,2025-02-03 22:48:39.695180,0.0,Debit Card,West,Delivered,2742.88
6868,156,2025-01-20 22:48:39.695180,0.0,Credit Card,West,Processing,2110.39
6869,95,2025-05-27 22:48:39.695181,0.0,Bank Transfer,East,Shipped,2191.35
6870,901,2024-10-05 22:48:39.695182,0.0,PayPal,West,Shipped,2935.5299999999997
6871,890,2025-03-24 22:48:39.695183,0.0,Credit Card,South,Shipped,67.89
6872,943,2025-02-15 22:48:39.695183,0.0,Debit Card,East,Shipped,393.5
6873,223,2025-01-16 22:48:39.695184,0.0,PayPal,West,Delivered,2405.17
6874,579,2024-08-17 22:48:39.695185,0.0,Credit Card,South,Shipped,1273.84
6875,965,2025-02-21 22:48:39.695186,0.0,Bank Transfer,West,Processing,1176.19
6876,956,2025-07-01 22:48:39.695186,0.0,Credit Card,South,Delivered,2296.91
6877,264,2025-01-30 22:48:39.695187,0.0,Bank Transfer,East,Delivered,145.24
6878,643,2024-12-19 22:48:39.695188,0.0,Bank Transfer,North,Shipped,719.34
6879,863,2024-09-08 22:48:39.695189,0.0,Credit Card,West,Shipped,4870.16
6880,837,2025-01-25 22:48:39.695189,0.0,PayPal,South,Delivered,1486.2
6881,265,2025-07-16 22:48:39.695190,0.0,Bank Transfer,North,Processing,1891.57
6882,900,2024-09-03 22:48:39.695191,0.0,Debit Card,West,Delivered,1935.4900000000002
6883,393,2024-07-30 22:48:39.695192,0.0,PayPal,East,Delivered,2023.75
6884,973,2024-10-26 22:48:39.695192,0.0,Bank Transfer,East,Shipped,2174.37
6885,78,2024-12-23 22:48:39.695193,0.0,PayPal,North,Delivered,1281.08
6886,745,2025-01-15 22:48:39.695194,0.0,Bank Transfer,West,Cancelled,3584.6099999999997
6887,249,2024-08-15 22:48:39.695195,0.0,Credit Card,South,Cancelled,1198.1
6888,997,2025-02-08 22:48:39.695195,0.0,Credit Card,North,Delivered,2491.26
6889,575,2024-11-21 22:48:39.695196,0.0,Credit Card,West,Processing,3611.97
6890,407,2025-01-15 22:48:39.695197,0.0,Bank Transfer,South,Delivered,1153.9
6891,698,2024-09-12 22:48:39.695198,0.0,Credit Card,South,Delivered,478.28
6892,845,2025-07-08 22:48:39.695198,0.0,Bank Transfer,North,Shipped,546.86
6893,653,2024-11-10 22:48:39.695199,0.0,Debit Card,West,Shipped,1111.24
6894,968,2024-09-07 22:48:39.695200,0.0,PayPal,North,Delivered,1546.4
6895,207,2024-12-17 22:48:39.695201,0.0,Debit Card,North,Delivered,1827.49
6896,717,2024-10-25 22:48:39.695202,0.0,Credit Card,West,Delivered,1037.8400000000001
6897,390,2024-09-27 22:48:39.695202,0.0,PayPal,North,Processing,1405.64
6898,453,2024-08-09 22:48:39.695203,0.0,Credit Card,West,Delivered,3011.5699999999997
6899,476,2024-11-04 22:48:39.695204,0.0,Credit Card,West,Delivered,69.86
6900,744,2024-08-09 22:48:39.695205,0.0,Credit Card,North,Delivered,3956.6200000000003
6901,5,2025-03-12 22:48:39.695205,0.0,Debit Card,West,Shipped,230.16
6902,383,2024-09-26 22:48:39.695206,0.0,Credit Card,South,Shipped,255.49
6903,778,2025-07-18 22:48:39.695207,0.0,Bank Transfer,South,Shipped,1777.22
6904,3,2024-10-14 22:48:39.695207,0.0,Credit Card,West,Delivered,1043.19
6905,209,2025-06-21 22:48:39.695208,0.0,Bank Transfer,South,Shipped,1282.74
6906,264,2024-11-13 22:48:39.695209,0.0,PayPal,North,Cancelled,3559.14
6907,537,2025-03-21 22:48:39.695210,0.0,Bank Transfer,North,Delivered,2871.59
6908,847,2024-10-16 22:48:39.695210,0.0,Debit Card,West,Delivered,319.89
6909,197,2025-07-17 22:48:39.695211,0.0,Credit Card,South,Processing,2214.79
6910,657,2025-03-21 22:48:39.695212,0.0,Credit Card,East,Delivered,1560.82
6911,627,2024-08-18 22:48:39.695213,0.0,Bank Transfer,North,Shipped,1894.5
6912,618,2024-08-12 22:48:39.695214,0.0,Credit Card,North,Shipped,1637.31
6913,451,2025-07-16 22:48:39.695214,0.0,Bank Transfer,West,Shipped,44.77
6914,720,2025-06-24 22:48:39.695215,0.0,PayPal,West,Delivered,1640.81
6915,281,2025-06-18 22:48:39.695216,0.0,Bank Transfer,East,Cancelled,1714.3700000000001
6916,203,2024-11-20 22:48:39.695217,0.0,Debit Card,East,Delivered,1249.7
6917,719,2025-03-12 22:48:39.695217,0.0,PayPal,North,Shipped,550.9
6918,523,2025-03-12 22:48:39.695218,0.0,Bank Transfer,South,Delivered,2864.18
6919,210,2025-05-04 22:48:39.695219,0.0,Bank Transfer,East,Delivered,44.77
6920,105,2024-09-14 22:48:39.695220,0.0,Bank Transfer,South,Shipped,1005.54
6921,570,2024-09-13 22:48:39.695220,0.0,PayPal,East,Cancelled,674.67
6922,254,2024-10-24 22:48:39.695221,0.0,PayPal,South,Delivered,487.59
6923,888,2024-09-01 22:48:39.695222,0.0,Credit Card,North,Processing,1618.9399999999998
6924,812,2025-05-18 22:48:39.695223,0.0,Debit Card,South,Shipped,251.19000000000003
6925,829,2025-03-25 22:48:39.695223,0.0,PayPal,East,Delivered,46.2
6926,306,2025-01-24 22:48:39.695224,0.0,Debit Card,East,Delivered,1765.87
6927,66,2025-05-01 22:48:39.695225,0.0,Credit Card,East,Delivered,1184.1599999999999
6928,486,2025-02-27 22:48:39.695226,0.0,Credit Card,North,Delivered,1283.96
6929,267,2024-11-08 22:48:39.695226,0.0,Debit Card,North,Delivered,1935.5699999999997
6930,641,2025-06-30 22:48:39.695227,0.0,Bank Transfer,South,Delivered,2594.7200000000003
6931,982,2024-12-03 22:48:39.695228,0.0,Credit Card,West,Shipped,1499.6999999999998
6932,24,2025-04-28 22:48:39.695229,0.0,Bank Transfer,South,Cancelled,3902.69
6933,779,2024-08-13 22:48:39.695229,0.0,Debit Card,West,Processing,2376.84
6934,360,2024-09-29 22:48:39.695230,0.0,Credit Card,West,Processing,128.88
6935,276,2025-03-16 22:48:39.695231,0.0,Debit Card,West,Delivered,1916.4099999999999
6936,902,2024-08-12 22:48:39.695232,0.0,Bank Transfer,South,Delivered,2901.08
6937,219,2025-02-20 22:48:39.695232,0.0,PayPal,West,Processing,1229.5500000000002
6938,618,2025-01-29 22:48:39.695233,0.0,Debit Card,North,Delivered,2300.3
6939,624,2024-08-08 22:48:39.695234,0.0,PayPal,East,Delivered,1762.87
6940,982,2025-02-04 22:48:39.695235,0.0,Debit Card,West,Delivered,2394.5
6941,694,2025-04-25 22:48:39.695236,0.0,Credit Card,South,Delivered,1581.9
6942,166,2024-11-11 22:48:39.695236,0.0,PayPal,East,Delivered,1807.74
6943,768,2025-02-03 22:48:39.695237,0.0,Credit Card,South,Cancelled,198.63
6944,364,2024-09-13 22:48:39.695238,0.0,PayPal,East,Processing,1962.54
6945,214,2025-01-14 22:48:39.695239,0.0,PayPal,South,Delivered,1492.17
6946,224,2025-01-26 22:48:39.695239,0.0,Debit Card,West,Delivered,739.53
6947,384,2025-06-24 22:48:39.695240,0.0,Credit Card,North,Delivered,2162.5200000000004
6948,930,2024-10-11 22:48:39.695241,0.0,Credit Card,South,Shipped,378.36
6949,747,2025-04-13 22:48:39.695242,0.0,Debit Card,South,Delivered,3018.5
6950,276,2024-09-25 22:48:39.695242,0.0,PayPal,West,Delivered,2116.89
6951,666,2025-04-10 22:48:39.695243,0.0,Credit Card,East,Delivered,885.94
6952,852,2025-04-20 22:48:39.695244,0.0,Credit Card,South,Shipped,2588.1499999999996
6953,506,2024-12-28 22:48:39.695245,0.0,PayPal,West,Delivered,1467.1
6954,889,2025-04-29 22:48:39.695245,0.0,Bank Transfer,South,Shipped,1067.32
6955,86,2024-10-26 22:48:39.695246,0.0,Bank Transfer,South,Shipped,2745.95
6956,191,2025-03-29 22:48:39.695247,0.0,Bank Transfer,North,Cancelled,1706.0899999999997
6957,483,2024-07-27 22:48:39.695248,0.0,Bank Transfer,West,Cancelled,66.56
6958,201,2024-08-27 22:48:39.695248,0.0,Bank Transfer,South,Cancelled,551.8
6959,278,2025-01-25 22:48:39.695249,0.0,Debit Card,North,Shipped,887.97
6960,75,2025-06-10 22:48:39.695250,0.0,Debit Card,North,Processing,1236.27
6961,344,2024-09-24 22:48:39.695251,0.0,PayPal,North,Shipped,1987.8
6962,230,2024-11-28 22:48:39.695251,0.0,PayPal,East,Processing,1939.1299999999999
6963,359,2025-03-04 22:48:39.695252,0.0,Debit Card,South,Shipped,1009.2700000000001
6964,181,2024-12-04 22:48:39.695253,0.0,PayPal,South,Delivered,932.31
6965,957,2024-07-27 22:48:39.695254,0.0,PayPal,South,Delivered,623.8
6966,578,2024-08-02 22:48:39.695254,0.0,Bank Transfer,North,Processing,2184.0
6967,493,2025-05-28 22:48:39.695255,0.0,Debit Card,North,Delivered,469.5
6968,284,2024-11-16 22:48:39.695256,0.0,Debit Card,West,Delivered,2947.0499999999997
6969,901,2025-06-30 22:48:39.695257,0.0,Bank Transfer,West,Processing,1479.92
6970,506,2025-03-29 22:48:39.695258,0.0,Credit Card,East,Shipped,886.9
6971,413,2024-08-03 22:48:39.695258,0.0,PayPal,South,Processing,945.3
6972,246,2024-11-25 22:48:39.695259,0.0,PayPal,South,Delivered,2097.7799999999997
6973,94,2024-09-05 22:48:39.695260,0.0,Credit Card,South,Shipped,2945.94
6974,371,2024-12-07 22:48:39.695261,0.0,PayPal,West,Processing,1171.07
6975,736,2025-05-09 22:48:39.695261,0.0,PayPal,North,Delivered,485.29999999999995
6976,863,2025-02-18 22:48:39.695262,0.0,Debit Card,South,Processing,1240.85
6977,916,2025-05-28 22:48:39.695263,0.0,Bank Transfer,West,Delivered,900.61
6978,451,2024-12-26 22:48:39.695264,0.0,Debit Card,South,Shipped,800.28
6979,187,2025-04-18 22:48:39.695264,0.0,PayPal,North,Shipped,490.7
6980,518,2024-07-25 22:48:39.695265,0.0,Bank Transfer,South,Shipped,728.6099999999999
6981,672,2025-07-19 22:48:39.695266,0.0,Bank Transfer,East,Delivered,153.84
6982,999,2025-01-26 22:48:39.695266,0.0,PayPal,West,Shipped,3008.6800000000003
6983,321,2024-08-03 22:48:39.695267,0.0,Credit Card,North,Processing,1453.6399999999999
6984,471,2024-08-27 22:48:39.695268,0.0,Bank Transfer,South,Shipped,3012.9
6985,417,2024-10-13 22:48:39.695269,0.0,Debit Card,North,Delivered,792.4
6986,846,2024-09-03 22:48:39.695270,0.0,Credit Card,South,Shipped,1036.45
6987,245,2025-01-26 22:48:39.695270,0.0,Debit Card,West,Shipped,1938.82
6988,466,2024-09-29 22:48:39.695271,0.0,Bank Transfer,North,Delivered,799.94
6989,681,2025-03-17 22:48:39.695272,0.0,Credit Card,East,Delivered,1016.35
6990,177,2024-08-01 22:48:39.695273,0.0,Bank Transfer,North,Delivered,3900.2799999999997
6991,560,2024-09-23 22:48:39.695273,0.0,Debit Card,West,Shipped,1320.2
6992,567,2025-03-31 22:48:39.695274,0.0,Bank Transfer,East,Delivered,440.33
6993,990,2024-12-05 22:48:39.695275,0.0,Debit Card,South,Delivered,2855.37
6994,105,2024-08-10 22:48:39.695276,0.0,PayPal,East,Processing,487.71000000000004
6995,585,2025-01-18 22:48:39.695276,0.0,Debit Card,North,Delivered,2141.45
6996,77,2025-07-02 22:48:39.695277,0.0,Bank Transfer,West,Delivered,2273.57
6997,990,2025-07-11 22:48:39.695278,0.0,Debit Card,South,Delivered,959.28
6998,805,2025-04-13 22:48:39.695279,0.0,Debit Card,East,Shipped,2849.3399999999997
6999,435,2024-08-03 22:48:39.695279,0.0,PayPal,West,Processing,297.67
7000,397,2024-11-04 22:48:39.695280,0.0,Debit Card,West,Delivered,2823.3199999999997
7001,219,2024-11-25 22:48:39.695281,0.0,Bank Transfer,South,Shipped,136.5
7002,217,2025-04-20 22:48:39.695282,0.0,Bank Transfer,West,Processing,1410.03
7003,456,2025-07-21 22:48:39.695282,0.0,Bank Transfer,South,Processing,2537.81
7004,72,2024-09-28 22:48:39.695283,0.0,Bank Transfer,North,Shipped,512.97
7005,126,2025-05-21 22:48:39.695284,0.0,PayPal,South,Processing,2741.96
7006,954,2024-08-02 22:48:39.695285,0.0,PayPal,West,Shipped,287.2
7007,958,2024-11-27 22:48:39.695285,0.0,Credit Card,North,Delivered,806.5500000000001
7008,485,2024-08-07 22:48:39.695286,0.0,Bank Transfer,East,Processing,14.9
7009,92,2025-02-17 22:48:39.695287,0.0,PayPal,South,Shipped,1201.61
7010,100,2025-06-21 22:48:39.695288,0.0,Bank Transfer,North,Processing,1820.07
7011,149,2025-07-01 22:48:39.695288,0.0,Bank Transfer,South,Delivered,1917.31
7012,511,2025-01-22 22:48:39.695289,0.0,Bank Transfer,West,Delivered,2075.85
7013,333,2024-08-09 22:48:39.695290,0.0,Bank Transfer,North,Processing,1275.54
7014,828,2024-10-26 22:48:39.695291,0.0,Debit Card,South,Processing,2026.69
7015,749,2025-01-21 22:48:39.695291,0.0,Credit Card,East,Delivered,1726.8
7016,109,2024-09-10 22:48:39.695292,0.0,Bank Transfer,West,Delivered,1508.78
7017,665,2025-03-06 22:48:39.695293,0.0,Bank Transfer,West,Shipped,574.22
7018,530,2025-03-12 22:48:39.695294,0.0,Debit Card,South,Delivered,855.72
7019,559,2024-11-21 22:48:39.695294,0.0,Debit Card,North,Delivered,3436.97
7020,522,2024-08-22 22:48:39.695295,0.0,Credit Card,South,Processing,1805.7
7021,310,2025-01-01 22:48:39.695296,0.0,Bank Transfer,West,Delivered,1440.3
7022,890,2025-03-05 22:48:39.695297,0.0,Debit Card,South,Processing,562.62
7023,472,2024-10-23 22:48:39.695297,0.0,Bank Transfer,North,Processing,1036.3999999999999
7024,320,2025-06-08 22:48:39.695298,0.0,Credit Card,North,Shipped,2828.1000000000004
7025,951,2025-07-17 22:48:39.695299,0.0,Debit Card,East,Delivered,275.75
7026,627,2024-08-29 22:48:39.695300,0.0,Credit Card,East,Processing,2547.56
7027,607,2025-03-02 22:48:39.695300,0.0,PayPal,West,Processing,1352.71
7028,478,2025-03-04 22:48:39.695301,0.0,Credit Card,West,Delivered,404.64
7029,848,2025-06-20 22:48:39.695302,0.0,PayPal,North,Shipped,1074.26
7030,249,2024-12-06 22:48:39.695303,0.0,Credit Card,West,Delivered,2138.27
7031,440,2025-03-04 22:48:39.695304,0.0,Credit Card,East,Delivered,2445.7
7032,262,2025-04-25 22:48:39.695304,0.0,Credit Card,South,Processing,2143.69
7033,235,2025-03-13 22:48:39.695305,0.0,Bank Transfer,West,Delivered,1120.65
7034,578,2024-07-22 22:48:39.695306,0.0,Debit Card,South,Shipped,1441.47
7035,762,2024-11-03 22:48:39.695306,0.0,Debit Card,East,Shipped,2069.8900000000003
7036,597,2024-10-27 22:48:39.695307,0.0,Credit Card,North,Delivered,2109.4
7037,476,2025-04-23 22:48:39.695308,0.0,PayPal,South,Shipped,1467.27
7038,549,2024-12-08 22:48:39.695309,0.0,Credit Card,East,Delivered,1129.1
7039,383,2025-04-27 22:48:39.695309,0.0,Debit Card,South,Shipped,1300.1599999999999
7040,64,2025-05-01 22:48:39.695310,0.0,Debit Card,South,Shipped,2517.11
7041,594,2024-08-15 22:48:39.695311,0.0,Credit Card,North,Delivered,2104.11
7042,806,2025-05-15 22:48:39.695312,0.0,Debit Card,North,Processing,3269.58
7043,561,2025-03-28 22:48:39.695313,0.0,Credit Card,East,Delivered,1227.48
7044,892,2025-06-10 22:48:39.695313,0.0,Credit Card,West,Shipped,1950.78
7045,662,2025-01-01 22:48:39.695314,0.0,Bank Transfer,West,Delivered,1487.4
7046,396,2024-11-01 22:48:39.695315,0.0,Bank Transfer,East,Processing,1345.09
7047,684,2025-06-17 22:48:39.695316,0.0,Credit Card,North,Delivered,148.36
7048,126,2024-07-27 22:48:39.695316,0.0,PayPal,South,Processing,2827.7799999999997
7049,309,2025-04-04 22:48:39.695317,0.0,Bank Transfer,West,Shipped,1559.6100000000001
7050,165,2025-04-21 22:48:39.695318,0.0,Bank Transfer,South,Delivered,1439.17
7051,9,2025-02-26 22:48:39.695319,0.0,Debit Card,East,Shipped,2473.4
7052,247,2024-10-30 22:48:39.695319,0.0,Debit Card,East,Shipped,2421.24
7053,876,2025-06-01 22:48:39.695320,0.0,PayPal,North,Shipped,1594.56
7054,115,2025-07-21 22:48:39.695321,0.0,PayPal,North,Processing,2435.16
7055,301,2024-10-29 22:48:39.695322,0.0,Credit Card,North,Processing,1760.05
7056,322,2025-05-10 22:48:39.695322,0.0,Bank Transfer,West,Delivered,949.84
7057,20,2024-07-30 22:48:39.695323,0.0,Debit Card,South,Shipped,1654.6100000000001
7058,332,2025-04-12 22:48:39.695324,0.0,Debit Card,North,Shipped,2785.1
7059,936,2024-07-31 22:48:39.695325,0.0,PayPal,West,Delivered,832.08
7060,305,2025-01-01 22:48:39.695325,0.0,Credit Card,South,Delivered,1410.3700000000001
7061,148,2024-08-19 22:48:39.695326,0.0,Credit Card,East,Shipped,1907.16
7062,749,2025-03-04 22:48:39.695327,0.0,Credit Card,West,Delivered,373.28
7063,963,2025-02-12 22:48:39.695328,0.0,Debit Card,South,Cancelled,1001.3800000000001
7064,109,2024-10-18 22:48:39.695328,0.0,PayPal,East,Delivered,236.72
7065,649,2025-04-30 22:48:39.695329,0.0,PayPal,West,Shipped,970.5
7066,360,2025-02-02 22:48:39.695330,0.0,Debit Card,East,Delivered,1696.53
7067,307,2025-05-14 22:48:39.695331,0.0,PayPal,East,Cancelled,936.4
7068,538,2025-06-01 22:48:39.695331,0.0,PayPal,South,Delivered,851.98
7069,23,2024-09-07 22:48:39.695332,0.0,Credit Card,East,Delivered,2108.49
7070,31,2024-11-06 22:48:39.695333,0.0,PayPal,North,Shipped,1458.63
7071,875,2024-09-03 22:48:39.695334,0.0,PayPal,South,Shipped,831.26
7072,22,2025-04-06 22:48:39.695334,0.0,Bank Transfer,North,Delivered,1064.98
7073,531,2024-12-12 22:48:39.695335,0.0,PayPal,South,Processing,2657.0299999999997
7074,12,2024-08-02 22:48:39.695336,0.0,Bank Transfer,West,Shipped,1484.4
7075,475,2025-07-11 22:48:39.695337,0.0,Debit Card,North,Shipped,1876.53
7076,952,2025-01-18 22:48:39.695337,0.0,Debit Card,West,Processing,3118.83
7077,325,2025-04-11 22:48:39.695338,0.0,Credit Card,West,Delivered,1000.5999999999999
7078,148,2024-08-24 22:48:39.695339,0.0,Credit Card,East,Shipped,386.52
7079,648,2025-02-01 22:48:39.695340,0.0,PayPal,East,Delivered,1484.15
7080,505,2024-11-14 22:48:39.695340,0.0,Debit Card,North,Delivered,1594.87
7081,463,2024-09-28 22:48:39.695341,0.0,Debit Card,West,Delivered,841.84
7082,951,2025-03-26 22:48:39.695342,0.0,Debit Card,North,Processing,1993.61
7083,198,2024-12-05 22:48:39.695343,0.0,PayPal,West,Shipped,716.3
7084,610,2025-01-31 22:48:39.695343,0.0,Bank Transfer,West,Delivered,349.74
7085,47,2024-11-26 22:48:39.695344,0.0,PayPal,North,Shipped,698.28
7086,449,2024-09-30 22:48:39.695345,0.0,Bank Transfer,West,Delivered,2862.46
7087,983,2025-05-03 22:48:39.695346,0.0,Credit Card,North,Shipped,2143.4399999999996
7088,408,2024-09-10 22:48:39.695346,0.0,Bank Transfer,East,Delivered,3416.7
7089,990,2025-03-01 22:48:39.695347,0.0,Bank Transfer,North,Shipped,2354.5
7090,268,2024-08-28 22:48:39.695348,0.0,Bank Transfer,South,Processing,357.88
7091,145,2024-08-15 22:48:39.695349,0.0,Bank Transfer,North,Delivered,2062.41
7092,374,2024-09-14 22:48:39.695350,0.0,Debit Card,South,Processing,2193.62
7093,504,2024-11-16 22:48:39.695350,0.0,Bank Transfer,West,Processing,53.76
7094,430,2024-10-11 22:48:39.695351,0.0,Bank Transfer,South,Delivered,1665.07
7095,908,2024-10-21 22:48:39.695352,0.0,Bank Transfer,West,Shipped,2374.59
7096,782,2025-05-04 22:48:39.695353,0.0,Credit Card,North,Delivered,947.9399999999999
7097,288,2025-02-22 22:48:39.695353,0.0,PayPal,East,Processing,343.63
7098,874,2024-12-27 22:48:39.695355,0.0,Credit Card,North,Delivered,1323.96
7099,130,2025-04-27 22:48:39.695356,0.0,Bank Transfer,North,Delivered,1585.23
7100,520,2025-05-31 22:48:39.695357,0.0,Bank Transfer,South,Shipped,1059.94
7101,679,2025-02-24 22:48:39.695357,0.0,Debit Card,South,Delivered,1132.06
7102,530,2025-06-13 22:48:39.695358,0.0,Debit Card,East,Delivered,1037.26
7103,279,2025-03-02 22:48:39.695359,0.0,PayPal,South,Delivered,2974.7999999999997
7104,624,2024-09-15 22:48:39.695360,0.0,Credit Card,South,Shipped,2979.37
7105,306,2025-04-05 22:48:39.695360,0.0,Credit Card,South,Shipped,1442.19
7106,873,2025-04-16 22:48:39.695361,0.0,Debit Card,South,Delivered,2691.39
7107,672,2024-12-22 22:48:39.695362,0.0,Bank Transfer,West,Delivered,1849.5
7108,576,2024-12-13 22:48:39.695363,0.0,Bank Transfer,North,Delivered,924.2
7109,435,2024-07-29 22:48:39.695363,0.0,Bank Transfer,North,Shipped,3157.12
7110,89,2025-01-05 22:48:39.695364,0.0,Debit Card,North,Shipped,1572.21
7111,852,2025-01-08 22:48:39.695365,0.0,Debit Card,West,Delivered,1371.0
7112,638,2024-09-17 22:48:39.695366,0.0,Credit Card,West,Delivered,942.1200000000001
7113,271,2024-11-27 22:48:39.695366,0.0,Bank Transfer,North,Delivered,1851.68
7114,234,2025-05-12 22:48:39.695367,0.0,Debit Card,East,Shipped,585.72
7115,63,2025-04-20 22:48:39.695368,0.0,Debit Card,South,Delivered,1497.96
7116,699,2025-04-28 22:48:39.695369,0.0,Bank Transfer,West,Processing,926.48
7117,52,2025-04-14 22:48:39.695369,0.0,Bank Transfer,East,Delivered,1501.81
7118,940,2024-11-24 22:48:39.695370,0.0,Debit Card,North,Shipped,3038.58
7119,254,2025-04-29 22:48:39.695371,0.0,Credit Card,East,Processing,648.65
7120,33,2025-02-25 22:48:39.695371,0.0,Bank Transfer,South,Delivered,153.38
7121,189,2024-10-07 22:48:39.695372,0.0,PayPal,South,Shipped,2969.2000000000003
7122,871,2024-11-12 22:48:39.695373,0.0,Bank Transfer,West,Delivered,1935.39
7123,130,2024-09-14 22:48:39.695374,0.0,Debit Card,West,Shipped,247.94
7124,273,2025-05-19 22:48:39.695375,0.0,PayPal,South,Delivered,631.32
7125,136,2024-11-27 22:48:39.695375,0.0,Bank Transfer,East,Shipped,1545.84
7126,729,2025-06-26 22:48:39.695376,0.0,PayPal,West,Delivered,1737.81
7127,978,2025-07-15 22:48:39.695377,0.0,Credit Card,West,Processing,391.22
7128,616,2025-06-09 22:48:39.695378,0.0,PayPal,East,Processing,702.6
7129,406,2025-06-25 22:48:39.695378,0.0,PayPal,South,Delivered,66.77
7130,233,2024-11-09 22:48:39.695379,0.0,PayPal,East,Delivered,2795.51
7131,434,2024-12-02 22:48:39.695380,0.0,Credit Card,West,Delivered,479.64
7132,494,2024-12-07 22:48:39.695381,0.0,Credit Card,North,Processing,2586.63
7133,169,2025-03-06 22:48:39.695381,0.0,Bank Transfer,West,Cancelled,320.04
7134,357,2024-08-04 22:48:39.695382,0.0,PayPal,East,Processing,1080.67
7135,787,2025-04-21 22:48:39.695383,0.0,Credit Card,East,Delivered,1284.96
7136,664,2025-05-24 22:48:39.695384,0.0,Bank Transfer,South,Shipped,1436.87
7137,984,2025-05-17 22:48:39.695384,0.0,Credit Card,East,Shipped,1773.59
7138,374,2024-11-18 22:48:39.695385,0.0,Debit Card,West,Processing,1288.5
7139,843,2024-10-16 22:48:39.695386,0.0,Credit Card,South,Delivered,1831.6599999999999
7140,416,2024-11-30 22:48:39.695387,0.0,Bank Transfer,West,Shipped,1010.4599999999999
7141,300,2025-01-13 22:48:39.695387,0.0,Credit Card,West,Delivered,1239.74
7142,171,2024-11-03 22:48:39.695388,0.0,Debit Card,East,Shipped,3494.7400000000002
7143,567,2025-02-16 22:48:39.695389,0.0,Debit Card,West,Shipped,1700.41
7144,534,2025-04-09 22:48:39.695390,0.0,Credit Card,West,Delivered,774.27
7145,416,2024-10-16 22:48:39.695390,0.0,Credit Card,West,Shipped,2476.71
7146,922,2024-10-08 22:48:39.695391,0.0,Bank Transfer,West,Processing,1520.73
7147,923,2024-08-26 22:48:39.695392,0.0,PayPal,East,Shipped,1367.4099999999999
7148,935,2025-06-06 22:48:39.695393,0.0,Bank Transfer,East,Shipped,1085.85
7149,524,2024-09-17 22:48:39.695393,0.0,Debit Card,West,Shipped,811.9599999999999
7150,421,2025-02-18 22:48:39.695394,0.0,Credit Card,North,Cancelled,278.32
7151,799,2025-02-10 22:48:39.695395,0.0,Credit Card,East,Delivered,1755.5400000000002
7152,258,2025-04-18 22:48:39.695396,0.0,Credit Card,East,Delivered,1102.6100000000001
7153,510,2024-10-25 22:48:39.695397,0.0,Credit Card,North,Shipped,1165.26
7154,273,2024-08-15 22:48:39.695397,0.0,Bank Transfer,East,Processing,1003.04
7155,934,2024-09-25 22:48:39.695398,0.0,PayPal,North,Delivered,279.9
7156,790,2024-10-03 22:48:39.695399,0.0,Bank Transfer,West,Delivered,521.01
7157,186,2025-06-15 22:48:39.695400,0.0,PayPal,North,Shipped,1768.8600000000001
7158,923,2024-12-24 22:48:39.695400,0.0,PayPal,South,Processing,821.26
7159,29,2025-07-17 22:48:39.695401,0.0,PayPal,South,Delivered,1783.87
7160,623,2025-03-30 22:48:39.695402,0.0,Bank Transfer,West,Shipped,1258.6299999999999
7161,478,2024-09-06 22:48:39.695402,0.0,Debit Card,East,Delivered,2909.3999999999996
7162,37,2024-12-21 22:48:39.695403,0.0,Bank Transfer,North,Shipped,1671.95
7163,972,2025-01-28 22:48:39.695404,0.0,Debit Card,North,Shipped,1563.6
7164,693,2025-07-03 22:48:39.695405,0.0,Bank Transfer,East,Shipped,918.94
7165,48,2025-06-14 22:48:39.695405,0.0,Credit Card,North,Shipped,893.5500000000001
7166,434,2024-12-24 22:48:39.695406,0.0,Credit Card,South,Shipped,536.1899999999999
7167,786,2025-02-24 22:48:39.695407,0.0,Bank Transfer,North,Shipped,270.0
7168,706,2025-03-05 22:48:39.695408,0.0,Credit Card,South,Delivered,1179.4
7169,931,2024-11-24 22:48:39.695408,0.0,PayPal,East,Shipped,1922.95
7170,63,2025-04-17 22:48:39.695409,0.0,Bank Transfer,West,Delivered,2030.1
7171,771,2025-01-18 22:48:39.695410,0.0,Bank Transfer,South,Shipped,234.88
7172,650,2025-01-29 22:48:39.695411,0.0,Bank Transfer,North,Shipped,2334.59
7173,109,2025-02-17 22:48:39.695412,0.0,Bank Transfer,South,Delivered,146.28
7174,812,2024-12-31 22:48:39.695412,0.0,Debit Card,North,Processing,1848.24
7175,449,2024-11-05 22:48:39.695413,0.0,Bank Transfer,East,Delivered,2307.62
7176,928,2025-04-14 22:48:39.695414,0.0,PayPal,East,Processing,741.1700000000001
7177,681,2025-05-18 22:48:39.695415,0.0,Bank Transfer,South,Processing,1142.6
7178,110,2025-01-19 22:48:39.695415,0.0,Debit Card,West,Shipped,826.62
7179,594,2024-09-18 22:48:39.695416,0.0,Debit Card,North,Delivered,1807.36
7180,630,2024-11-11 22:48:39.695417,0.0,Debit Card,West,Processing,3000.7200000000003
7181,944,2024-09-12 22:48:39.695418,0.0,Debit Card,North,Shipped,1214.57
7182,154,2025-05-11 22:48:39.695418,0.0,PayPal,South,Delivered,2007.03
7183,138,2024-08-05 22:48:39.695419,0.0,PayPal,North,Shipped,3234.84
7184,839,2025-03-01 22:48:39.695420,0.0,PayPal,North,Shipped,1065.57
7185,15,2024-11-05 22:48:39.695421,0.0,PayPal,North,Shipped,777.02
7186,272,2024-10-15 22:48:39.695421,0.0,PayPal,North,Delivered,1458.56
7187,898,2024-08-01 22:48:39.695422,0.0,Debit Card,East,Delivered,2373.96
7188,611,2024-09-13 22:48:39.695423,0.0,PayPal,North,Delivered,1161.8600000000001
7189,120,2024-10-19 22:48:39.695424,0.0,PayPal,East,Processing,2508.98
7190,488,2025-07-01 22:48:39.695424,0.0,Debit Card,East,Shipped,1603.06
7191,371,2024-09-29 22:48:39.695425,0.0,Credit Card,West,Shipped,235.77
7192,552,2024-09-10 22:48:39.695426,0.0,PayPal,West,Delivered,1500.75
7193,865,2025-04-01 22:48:39.695427,0.0,Debit Card,South,Processing,2383.83
7194,779,2024-09-18 22:48:39.695427,0.0,Credit Card,West,Shipped,1261.3
7195,873,2025-02-10 22:48:39.695428,0.0,Credit Card,East,Shipped,1678.9
7196,624,2025-03-09 22:48:39.695429,0.0,Debit Card,East,Processing,2125.7200000000003
7197,327,2024-10-29 22:48:39.695430,0.0,Bank Transfer,South,Processing,454.18
7198,517,2025-05-02 22:48:39.695430,0.0,PayPal,West,Processing,1764.6599999999999
7199,338,2025-01-28 22:48:39.695431,0.0,Debit Card,East,Delivered,1428.33
7200,160,2025-04-24 22:48:39.695432,0.0,Debit Card,South,Delivered,1722.17
7201,228,2025-07-11 22:48:39.695433,0.0,Debit Card,East,Delivered,1618.71
7202,641,2025-01-26 22:48:39.695433,0.0,Debit Card,South,Delivered,662.1700000000001
7203,864,2024-11-27 22:48:39.695434,0.0,Debit Card,South,Delivered,516.5799999999999
7204,740,2025-07-10 22:48:39.695435,0.0,Bank Transfer,North,Delivered,3048.73
7205,439,2024-11-22 22:48:39.695436,0.0,Credit Card,West,Delivered,986.9
7206,457,2024-08-29 22:48:39.695436,0.0,Bank Transfer,East,Delivered,322.24
7207,954,2024-07-31 22:48:39.695437,0.0,Bank Transfer,South,Processing,883.39
7208,886,2025-07-21 22:48:39.695438,0.0,Credit Card,North,Delivered,1434.05
7209,239,2024-09-10 22:48:39.695439,0.0,Bank Transfer,East,Shipped,723.86
7210,574,2024-10-27 22:48:39.695439,0.0,PayPal,North,Cancelled,22.65
7211,771,2025-04-12 22:48:39.695440,0.0,Bank Transfer,East,Delivered,1564.8600000000001
7212,29,2024-09-27 22:48:39.695441,0.0,Debit Card,South,Delivered,1349.67
7213,128,2024-12-13 22:48:39.695442,0.0,PayPal,South,Delivered,970.64
7214,96,2024-10-13 22:48:39.695442,0.0,Debit Card,West,Shipped,1446.3000000000002
7215,536,2025-06-12 22:48:39.695443,0.0,Credit Card,North,Delivered,1801.3100000000002
7216,992,2024-07-29 22:48:39.695444,0.0,PayPal,East,Delivered,1309.18
7217,325,2025-05-07 22:48:39.695445,0.0,Bank Transfer,North,Shipped,2218.97
7218,210,2025-01-21 22:48:39.695445,0.0,Bank Transfer,North,Delivered,1522.77
7219,651,2024-09-11 22:48:39.695446,0.0,Bank Transfer,South,Delivered,3452.12
7220,732,2025-01-16 22:48:39.695447,0.0,Credit Card,South,Delivered,1274.7
7221,34,2025-03-22 22:48:39.695448,0.0,PayPal,North,Processing,1881.4699999999998
7222,516,2025-06-04 22:48:39.695448,0.0,PayPal,West,Shipped,842.1299999999999
7223,254,2025-07-12 22:48:39.695449,0.0,PayPal,South,Delivered,1342.98
7224,299,2025-04-25 22:48:39.695450,0.0,Credit Card,North,Shipped,226.17
7225,563,2025-01-18 22:48:39.695451,0.0,Debit Card,West,Processing,1121.6499999999999
7226,308,2025-06-01 22:48:39.695451,0.0,Credit Card,North,Delivered,372.21
7227,21,2024-12-03 22:48:39.695452,0.0,PayPal,South,Delivered,631.75
7228,385,2024-10-11 22:48:39.695453,0.0,PayPal,South,Processing,236.72
7229,365,2025-07-10 22:48:39.695454,0.0,Debit Card,East,Delivered,2116.58
7230,809,2025-03-13 22:48:39.695454,0.0,PayPal,North,Cancelled,2988.41
7231,447,2024-10-29 22:48:39.695455,0.0,Debit Card,North,Delivered,2330.25
7232,460,2025-07-12 22:48:39.695456,0.0,Bank Transfer,West,Delivered,900.3299999999999
7233,115,2024-12-23 22:48:39.695457,0.0,PayPal,East,Delivered,1524.57
7234,213,2025-02-06 22:48:39.695458,0.0,PayPal,East,Delivered,343.67
7235,702,2025-06-12 22:48:39.695458,0.0,Debit Card,East,Shipped,744.5999999999999
7236,742,2025-04-21 22:48:39.695459,0.0,Bank Transfer,South,Delivered,1311.3899999999999
7237,980,2025-04-29 22:48:39.695460,0.0,Debit Card,East,Processing,4251.57
7238,665,2025-03-28 22:48:39.695460,0.0,Credit Card,South,Processing,2042.21
7239,984,2025-03-16 22:48:39.695461,0.0,Bank Transfer,East,Processing,702.61
7240,410,2024-11-08 22:48:39.695462,0.0,PayPal,West,Processing,2686.75
7241,149,2024-08-31 22:48:39.695463,0.0,Bank Transfer,West,Processing,2157.83
7242,178,2024-08-02 22:48:39.695463,0.0,PayPal,North,Processing,1018.9200000000001
7243,326,2024-11-05 22:48:39.695464,0.0,Bank Transfer,East,Delivered,1382.49
7244,572,2025-03-29 22:48:39.695465,0.0,Credit Card,East,Delivered,878.31
7245,530,2024-09-25 22:48:39.695466,0.0,Debit Card,East,Delivered,2179.37
7246,224,2025-05-16 22:48:39.695467,0.0,Credit Card,East,Delivered,1301.1000000000001
7247,551,2025-02-18 22:48:39.695467,0.0,Debit Card,North,Cancelled,4013.94
7248,355,2024-07-23 22:48:39.695468,0.0,Bank Transfer,North,Shipped,2786.91
7249,674,2024-07-31 22:48:39.695469,0.0,PayPal,South,Shipped,1531.88
7250,852,2025-01-04 22:48:39.695470,0.0,Debit Card,West,Processing,810.89
7251,430,2025-03-29 22:48:39.695470,0.0,PayPal,South,Delivered,2699.07
7252,307,2025-02-21 22:48:39.695471,0.0,Credit Card,East,Shipped,2207.8
7253,897,2024-08-07 22:48:39.695472,0.0,PayPal,North,Processing,1095.21
7254,950,2025-03-26 22:48:39.695473,0.0,Debit Card,East,Delivered,2483.55
7255,541,2025-01-27 22:48:39.695473,0.0,Debit Card,North,Delivered,895.24
7256,781,2024-10-30 22:48:39.695474,0.0,Credit Card,West,Delivered,46.62
7257,391,2025-04-27 22:48:39.695475,0.0,Bank Transfer,North,Delivered,415.63
7258,204,2025-03-04 22:48:39.695476,0.0,PayPal,West,Delivered,27.089999999999996
7259,582,2024-10-09 22:48:39.695476,0.0,Credit Card,South,Processing,1943.43
7260,709,2025-06-11 22:48:39.695477,0.0,Credit Card,West,Processing,2003.6299999999999
7261,306,2025-01-18 22:48:39.695478,0.0,Bank Transfer,East,Delivered,1940.0900000000001
7262,265,2024-08-12 22:48:39.695479,0.0,Bank Transfer,West,Shipped,470.37
7263,605,2025-03-14 22:48:39.695479,0.0,PayPal,North,Delivered,733.6
7264,233,2025-05-20 22:48:39.695480,0.0,PayPal,South,Processing,2414.9
7265,54,2025-02-24 22:48:39.695481,0.0,Bank Transfer,North,Delivered,391.5
7266,675,2024-10-07 22:48:39.695482,0.0,Debit Card,West,Delivered,1789.01
7267,469,2024-09-03 22:48:39.695482,0.0,Debit Card,North,Delivered,1838.6
7268,792,2025-07-17 22:48:39.695483,0.0,Credit Card,North,Shipped,2634.9
7269,430,2025-01-22 22:48:39.695484,0.0,PayPal,East,Shipped,926.3499999999999
7270,504,2024-08-22 22:48:39.695485,0.0,Debit Card,West,Processing,2278.9
7271,792,2025-06-16 22:48:39.695486,0.0,Credit Card,South,Delivered,3271.8900000000003
7272,833,2025-06-14 22:48:39.695486,0.0,Credit Card,East,Delivered,1171.5
7273,933,2025-06-16 22:48:39.695487,0.0,Credit Card,North,Shipped,2436.11
7274,952,2024-12-27 22:48:39.695488,0.0,Bank Transfer,North,Shipped,384.75
7275,353,2025-01-19 22:48:39.695488,0.0,Debit Card,South,Processing,510.48
7276,623,2024-08-04 22:48:39.695489,0.0,Credit Card,South,Shipped,920.58
7277,556,2025-07-01 22:48:39.695490,0.0,Credit Card,North,Delivered,1879.8400000000001
7278,869,2025-01-13 22:48:39.695491,0.0,PayPal,West,Shipped,2736.6400000000003
7279,29,2025-01-23 22:48:39.695491,0.0,Bank Transfer,West,Delivered,1371.48
7280,600,2025-01-08 22:48:39.695492,0.0,Credit Card,South,Delivered,696.33
7281,972,2024-09-14 22:48:39.695493,0.0,Debit Card,East,Delivered,437.15
7282,991,2025-04-22 22:48:39.695494,0.0,Credit Card,West,Shipped,723.14
7283,713,2024-12-19 22:48:39.695494,0.0,Credit Card,West,Delivered,2132.66
7284,516,2025-04-10 22:48:39.695495,0.0,Bank Transfer,East,Shipped,2485.11
7285,707,2025-06-23 22:48:39.695496,0.0,PayPal,West,Delivered,2159.54
7286,370,2025-04-12 22:48:39.695496,0.0,Debit Card,South,Shipped,170.99
7287,667,2025-03-25 22:48:39.695497,0.0,Bank Transfer,North,Shipped,3256.7599999999998
7288,17,2025-06-08 22:48:39.695498,0.0,Bank Transfer,West,Shipped,607.53
7289,947,2025-03-27 22:48:39.695499,0.0,Bank Transfer,North,Shipped,3181.04
7290,787,2024-08-14 22:48:39.695499,0.0,PayPal,East,Shipped,2042.23
7291,133,2025-04-19 22:48:39.695500,0.0,Debit Card,South,Delivered,2490.52
7292,839,2025-03-03 22:48:39.695501,0.0,Debit Card,East,Processing,1499.31
7293,10,2025-05-28 22:48:39.695502,0.0,PayPal,North,Delivered,226.35
7294,455,2024-12-24 22:48:39.695503,0.0,Credit Card,South,Shipped,773.5699999999999
7295,258,2025-03-23 22:48:39.695503,0.0,PayPal,East,Delivered,1138.49
7296,852,2024-07-27 22:48:39.695504,0.0,Bank Transfer,North,Processing,1103.1799999999998
7297,376,2024-11-16 22:48:39.695505,0.0,Bank Transfer,South,Cancelled,3251.59
7298,337,2025-03-21 22:48:39.695505,0.0,Credit Card,East,Processing,538.95
7299,410,2024-09-12 22:48:39.695506,0.0,Debit Card,South,Delivered,2707.17
7300,154,2024-09-23 22:48:39.695507,0.0,Debit Card,West,Cancelled,452.54999999999995
7301,180,2025-07-15 22:48:39.695508,0.0,Credit Card,South,Delivered,1015.47
7302,406,2024-11-18 22:48:39.695508,0.0,Credit Card,South,Processing,452.34
7303,504,2025-01-05 22:48:39.695509,0.0,Bank Transfer,East,Cancelled,2872.04
7304,618,2025-03-22 22:48:39.695510,0.0,Debit Card,West,Processing,526.41
7305,899,2024-08-16 22:48:39.695511,0.0,Bank Transfer,South,Processing,1657.44
7306,495,2024-09-24 22:48:39.695512,0.0,PayPal,West,Delivered,2158.2200000000003
7307,434,2024-10-06 22:48:39.695512,0.0,PayPal,South,Processing,153.44
7308,577,2024-10-29 22:48:39.695513,0.0,Credit Card,North,Shipped,766.47
7309,739,2024-09-20 22:48:39.695514,0.0,Debit Card,East,Delivered,744.25
7310,529,2024-12-18 22:48:39.695515,0.0,Bank Transfer,North,Delivered,1359.18
7311,690,2024-08-24 22:48:39.695515,0.0,PayPal,North,Shipped,2300.43
7312,780,2024-08-31 22:48:39.695516,0.0,Credit Card,East,Cancelled,595.7099999999999
7313,853,2025-07-03 22:48:39.695517,0.0,Debit Card,North,Delivered,2590.92
7314,627,2025-05-22 22:48:39.695518,0.0,Credit Card,North,Delivered,865.22
7315,800,2025-06-11 22:48:39.695518,0.0,Debit Card,West,Delivered,1693.2600000000002
7316,207,2025-02-25 22:48:39.695519,0.0,Debit Card,South,Delivered,834.76
7317,927,2024-12-13 22:48:39.695520,0.0,Credit Card,East,Delivered,4291.59
7318,892,2024-11-25 22:48:39.695521,0.0,PayPal,South,Delivered,1275.06
7319,787,2025-03-12 22:48:39.695521,0.0,Credit Card,North,Delivered,1700.13
7320,197,2025-01-27 22:48:39.695522,0.0,PayPal,West,Delivered,37.62
7321,692,2025-04-18 22:48:39.695523,0.0,Debit Card,South,Delivered,2827.72
7322,57,2025-02-28 22:48:39.695524,0.0,Bank Transfer,North,Shipped,1846.33
7323,279,2025-06-01 22:48:39.695524,0.0,Bank Transfer,West,Processing,1770.4299999999998
7324,438,2025-04-03 22:48:39.695525,0.0,Credit Card,West,Delivered,1059.75
7325,38,2024-12-29 22:48:39.695526,0.0,Bank Transfer,North,Delivered,84.3
7326,898,2025-07-20 22:48:39.695526,0.0,Bank Transfer,North,Cancelled,2154.98
7327,31,2025-07-05 22:48:39.695527,0.0,Debit Card,East,Processing,4215.25
7328,158,2025-06-12 22:48:39.695528,0.0,PayPal,South,Shipped,1889.69
7329,67,2024-09-24 22:48:39.695529,0.0,PayPal,North,Processing,2691.3999999999996
7330,85,2024-09-10 22:48:39.695530,0.0,Credit Card,West,Processing,344.54
7331,552,2024-09-17 22:48:39.695530,0.0,Credit Card,South,Delivered,608.61
7332,242,2024-11-03 22:48:39.695531,0.0,PayPal,North,Shipped,2616.78
7333,671,2025-07-02 22:48:39.695532,0.0,Bank Transfer,North,Delivered,427.5
7334,335,2024-08-15 22:48:39.695533,0.0,Bank Transfer,South,Shipped,336.86
7335,450,2025-06-15 22:48:39.695533,0.0,Bank Transfer,East,Delivered,2847.0
7336,134,2025-02-04 22:48:39.695534,0.0,Credit Card,East,Shipped,745.76
7337,714,2024-07-22 22:48:39.695535,0.0,Credit Card,North,Delivered,1074.23
7338,801,2025-03-02 22:48:39.695536,0.0,Credit Card,East,Shipped,710.46
7339,970,2025-02-28 22:48:39.695536,0.0,PayPal,West,Processing,1371.48
7340,468,2025-07-08 22:48:39.695537,0.0,PayPal,South,Shipped,2604.17
7341,96,2024-12-19 22:48:39.695538,0.0,Bank Transfer,South,Delivered,949.97
7342,682,2024-09-23 22:48:39.695538,0.0,Bank Transfer,West,Processing,1809.15
7343,175,2024-08-22 22:48:39.695539,0.0,Bank Transfer,West,Shipped,3722.23
7344,688,2024-10-22 22:48:39.695540,0.0,PayPal,East,Shipped,686.48
7345,155,2024-10-17 22:48:39.695541,0.0,Bank Transfer,East,Shipped,561.42
7346,523,2025-01-18 22:48:39.695541,0.0,Credit Card,North,Shipped,1506.6
7347,822,2025-06-11 22:48:39.695542,0.0,Bank Transfer,West,Delivered,1576.16
7348,892,2025-03-23 22:48:39.695543,0.0,Bank Transfer,North,Delivered,1777.2400000000002
7349,278,2024-10-23 22:48:39.695544,0.0,Bank Transfer,South,Delivered,1549.1599999999999
7350,377,2025-05-04 22:48:39.695544,0.0,Bank Transfer,South,Shipped,1278.5700000000002
7351,593,2025-02-09 22:48:39.695545,0.0,Credit Card,South,Delivered,4182.61
7352,131,2025-03-15 22:48:39.695546,0.0,PayPal,East,Delivered,1251.9599999999998
7353,754,2024-10-02 22:48:39.695547,0.0,Credit Card,West,Shipped,2046.61
7354,676,2025-02-07 22:48:39.695547,0.0,Credit Card,North,Shipped,2347.96
7355,447,2025-05-16 22:48:39.695548,0.0,Credit Card,West,Delivered,1421.9
7356,122,2025-04-15 22:48:39.695549,0.0,Debit Card,South,Delivered,3493.37
7357,615,2025-07-16 22:48:39.695550,0.0,PayPal,North,Cancelled,1256.04
7358,156,2024-11-20 22:48:39.695550,0.0,Debit Card,West,Processing,1296.4099999999999
7359,372,2025-06-15 22:48:39.695551,0.0,Debit Card,South,Delivered,1822.7
7360,107,2025-03-11 22:48:39.695552,0.0,PayPal,East,Shipped,932.26
7361,876,2025-01-13 22:48:39.695553,0.0,Debit Card,South,Delivered,2828.88
7362,563,2025-02-19 22:48:39.695553,0.0,Credit Card,South,Delivered,3815.42
7363,590,2024-11-16 22:48:39.695554,0.0,Credit Card,North,Delivered,2386.83
7364,992,2025-01-28 22:48:39.695555,0.0,PayPal,East,Delivered,1832.74
7365,359,2025-04-06 22:48:39.695555,0.0,Debit Card,West,Delivered,860.8
7366,969,2025-04-08 22:48:39.695556,0.0,Debit Card,East,Delivered,2472.89
7367,828,2024-07-25 22:48:39.695557,0.0,PayPal,West,Delivered,1633.8899999999999
7368,907,2024-12-24 22:48:39.695558,0.0,Debit Card,South,Cancelled,1228.92
7369,503,2025-03-29 22:48:39.695558,0.0,Debit Card,North,Delivered,1235.98
7370,34,2024-10-27 22:48:39.695559,0.0,Credit Card,North,Shipped,497.51
7371,53,2024-09-08 22:48:39.695560,0.0,PayPal,South,Processing,1030.3799999999999
7372,770,2025-06-22 22:48:39.695561,0.0,Bank Transfer,North,Processing,1325.85
7373,815,2024-09-20 22:48:39.695561,0.0,Debit Card,South,Processing,2389.0299999999997
7374,224,2024-12-21 22:48:39.695562,0.0,Credit Card,East,Delivered,3469.1800000000003
7375,308,2024-11-18 22:48:39.695563,0.0,Credit Card,West,Shipped,3525.78
7376,829,2025-06-25 22:48:39.695563,0.0,Debit Card,West,Shipped,1961.88
7377,46,2025-05-10 22:48:39.695564,0.0,PayPal,South,Processing,2870.65
7378,140,2025-07-12 22:48:39.695565,0.0,Credit Card,East,Delivered,2502.54
7379,575,2024-09-06 22:48:39.695566,0.0,Debit Card,North,Processing,2024.4599999999998
7380,901,2024-09-10 22:48:39.695566,0.0,PayPal,East,Shipped,2330.38
7381,740,2024-09-19 22:48:39.695567,0.0,Credit Card,East,Processing,1247.24
7382,898,2025-05-10 22:48:39.695568,0.0,Debit Card,South,Delivered,1885.82
7383,589,2025-05-09 22:48:39.695569,0.0,Bank Transfer,East,Delivered,1493.17
7384,729,2025-05-16 22:48:39.695569,0.0,Debit Card,South,Delivered,3124.98
7385,676,2024-11-06 22:48:39.695570,0.0,Credit Card,South,Delivered,1859.4900000000002
7386,366,2025-07-04 22:48:39.695571,0.0,Bank Transfer,South,Processing,264.08
7387,216,2025-04-29 22:48:39.695572,0.0,PayPal,East,Cancelled,2029.63
7388,419,2025-05-25 22:48:39.695572,0.0,Debit Card,East,Processing,1950.2
7389,638,2025-01-15 22:48:39.695573,0.0,Debit Card,North,Cancelled,2991.79
7390,262,2025-01-24 22:48:39.695574,0.0,PayPal,East,Delivered,892.36
7391,98,2025-06-29 22:48:39.695575,0.0,Credit Card,East,Delivered,1134.54
7392,24,2025-01-09 22:48:39.695575,0.0,PayPal,West,Delivered,1870.1599999999999
7393,166,2025-03-25 22:48:39.695576,0.0,Debit Card,South,Processing,2187.1
7394,554,2024-10-02 22:48:39.695577,0.0,Credit Card,North,Shipped,2290.97
7395,144,2024-08-27 22:48:39.695578,0.0,PayPal,South,Delivered,1613.62
7396,478,2024-09-09 22:48:39.695578,0.0,PayPal,South,Shipped,639.78
7397,266,2025-04-24 22:48:39.695579,0.0,Debit Card,East,Delivered,384.8
7398,15,2025-01-01 22:48:39.695580,0.0,Debit Card,East,Shipped,1476.19
7399,73,2025-06-26 22:48:39.695581,0.0,Credit Card,North,Shipped,856.2
7400,750,2025-05-04 22:48:39.695581,0.0,Credit Card,West,Delivered,180.92000000000002
7401,626,2025-01-20 22:48:39.695582,0.0,Credit Card,South,Processing,527.8199999999999
7402,883,2025-01-02 22:48:39.695583,0.0,Debit Card,South,Shipped,3421.86
7403,336,2025-06-21 22:48:39.695584,0.0,Bank Transfer,East,Shipped,2766.8900000000003
7404,174,2024-10-17 22:48:39.695584,0.0,Debit Card,South,Delivered,2603.1
7405,305,2025-02-18 22:48:39.695585,0.0,Credit Card,South,Processing,1510.8400000000001
7406,380,2025-04-11 22:48:39.695586,0.0,Bank Transfer,North,Shipped,2012.6
7407,365,2025-06-03 22:48:39.695587,0.0,Bank Transfer,West,Delivered,2614.33
7408,367,2024-08-31 22:48:39.695587,0.0,Credit Card,South,Cancelled,2241.71
7409,920,2025-05-15 22:48:39.695588,0.0,Bank Transfer,South,Shipped,3461.3
7410,940,2024-10-14 22:48:39.695589,0.0,Credit Card,North,Delivered,2591.9
7411,926,2025-02-19 22:48:39.695590,0.0,Bank Transfer,North,Delivered,949.53
7412,287,2025-02-16 22:48:39.695590,0.0,Bank Transfer,East,Shipped,2725.7400000000002
7413,69,2025-04-09 22:48:39.695591,0.0,PayPal,East,Processing,2601.64
7414,656,2024-12-10 22:48:39.695592,0.0,PayPal,North,Processing,970.5
7415,589,2024-07-26 22:48:39.695593,0.0,Debit Card,North,Delivered,1183.98
7416,148,2024-07-23 22:48:39.695594,0.0,Debit Card,South,Delivered,2426.15
7417,453,2024-11-05 22:48:39.695594,0.0,Debit Card,South,Delivered,3257.09
7418,609,2024-09-19 22:48:39.695595,0.0,PayPal,East,Delivered,1223.9099999999999
7419,231,2025-04-02 22:48:39.695596,0.0,Debit Card,North,Delivered,2219.68
7420,828,2025-03-11 22:48:39.695597,0.0,Credit Card,North,Delivered,1265.71
7421,114,2025-01-08 22:48:39.695598,0.0,Bank Transfer,East,Delivered,138.55
7422,29,2024-12-06 22:48:39.695598,0.0,Bank Transfer,West,Delivered,732.87
7423,201,2024-12-28 22:48:39.695599,0.0,Bank Transfer,West,Shipped,61.26
7424,119,2025-01-19 22:48:39.695600,0.0,Bank Transfer,West,Shipped,2463.4799999999996
7425,617,2025-04-27 22:48:39.695600,0.0,PayPal,South,Delivered,1914.22
7426,996,2025-03-19 22:48:39.695601,0.0,Debit Card,South,Shipped,681.87
7427,128,2025-02-09 22:48:39.695602,0.0,Debit Card,West,Processing,1866.9899999999998
7428,669,2025-05-05 22:48:39.695603,0.0,Bank Transfer,South,Shipped,786.32
7429,956,2025-02-28 22:48:39.695603,0.0,Debit Card,North,Shipped,809.16
7430,967,2024-11-05 22:48:39.695604,0.0,Credit Card,West,Shipped,1207.05
7431,948,2025-04-20 22:48:39.695605,0.0,Bank Transfer,North,Delivered,1725.8899999999999
7432,885,2024-09-07 22:48:39.695606,0.0,Bank Transfer,East,Shipped,2210.76
7433,557,2025-01-14 22:48:39.695606,0.0,Debit Card,South,Shipped,2227.48
7434,517,2025-07-10 22:48:39.695607,0.0,Bank Transfer,North,Cancelled,2891.2799999999997
7435,207,2025-02-13 22:48:39.695608,0.0,Bank Transfer,North,Shipped,2027.56
7436,784,2025-03-06 22:48:39.695609,0.0,Credit Card,South,Processing,462.74
7437,566,2024-09-27 22:48:39.695610,0.0,PayPal,South,Processing,3138.03
7438,594,2025-06-15 22:48:39.695611,0.0,PayPal,North,Processing,669.23
7439,681,2024-08-04 22:48:39.695612,0.0,PayPal,North,Shipped,2301.37
7440,18,2024-11-24 22:48:39.695613,0.0,Credit Card,West,Delivered,486.6
7441,928,2025-07-08 22:48:39.695614,0.0,Credit Card,East,Processing,1589.57
7442,644,2025-01-24 22:48:39.695614,0.0,PayPal,North,Delivered,1869.21
7443,976,2025-05-03 22:48:39.695615,0.0,Debit Card,West,Processing,1255.68
7444,925,2025-07-05 22:48:39.695616,0.0,Bank Transfer,West,Delivered,301.62
7445,264,2025-04-05 22:48:39.695617,0.0,Credit Card,East,Delivered,2235.17
7446,958,2025-06-21 22:48:39.695617,0.0,Bank Transfer,West,Delivered,674.08
7447,142,2025-01-04 22:48:39.695618,0.0,PayPal,South,Shipped,2861.52
7448,381,2024-11-28 22:48:39.695619,0.0,Credit Card,South,Delivered,341.98
7449,579,2024-09-18 22:48:39.695620,0.0,Bank Transfer,East,Delivered,1564.6
7450,991,2024-10-10 22:48:39.695620,0.0,Debit Card,North,Delivered,710.64
7451,823,2024-08-20 22:48:39.695621,0.0,Bank Transfer,East,Delivered,372.71999999999997
7452,38,2024-09-18 22:48:39.695622,0.0,Debit Card,South,Processing,769.4399999999999
7453,391,2024-11-29 22:48:39.695623,0.0,Bank Transfer,West,Processing,2681.97
7454,301,2025-01-31 22:48:39.695623,0.0,Debit Card,West,Delivered,3722.77
7455,469,2025-03-11 22:48:39.695624,0.0,Credit Card,South,Delivered,1478.44
7456,353,2024-11-30 22:48:39.695625,0.0,Bank Transfer,West,Shipped,1914.97
7457,669,2025-04-26 22:48:39.695626,0.0,Debit Card,East,Delivered,452.37
7458,315,2025-03-13 22:48:39.695626,0.0,Bank Transfer,West,Delivered,1562.0099999999998
7459,331,2024-12-03 22:48:39.695627,0.0,Credit Card,West,Shipped,2312.5
7460,498,2024-08-15 22:48:39.695628,0.0,Credit Card,West,Delivered,521.13
7461,775,2024-08-02 22:48:39.695629,0.0,Debit Card,East,Processing,738.22
7462,636,2025-03-01 22:48:39.695632,0.0,Debit Card,West,Delivered,337.16
7463,425,2024-10-18 22:48:39.695633,0.0,PayPal,East,Shipped,3273.04
7464,349,2024-11-19 22:48:39.695633,0.0,Credit Card,West,Processing,71.97
7465,273,2024-11-05 22:48:39.695634,0.0,Bank Transfer,West,Shipped,1358.45
7466,474,2024-08-30 22:48:39.695635,0.0,Debit Card,North,Processing,2395.67
7467,71,2025-07-02 22:48:39.695636,0.0,PayPal,West,Processing,978.84
7468,577,2025-04-06 22:48:39.695636,0.0,Debit Card,North,Shipped,978.6
7469,326,2024-10-18 22:48:39.695637,0.0,PayPal,West,Processing,1406.94
7470,501,2025-04-13 22:48:39.695638,0.0,Bank Transfer,East,Processing,848.28
7471,632,2025-03-27 22:48:39.695639,0.0,Debit Card,North,Shipped,369.11
7472,400,2024-08-30 22:48:39.695639,0.0,Credit Card,West,Delivered,470.9
7473,42,2024-10-12 22:48:39.695640,0.0,Debit Card,East,Shipped,3225.95
7474,931,2025-03-24 22:48:39.695641,0.0,Bank Transfer,South,Processing,2774.29
7475,621,2025-04-02 22:48:39.695642,0.0,Bank Transfer,East,Delivered,849.4
7476,897,2025-02-18 22:48:39.695643,0.0,Bank Transfer,North,Processing,1744.71
7477,590,2025-02-13 22:48:39.695643,0.0,PayPal,West,Shipped,1671.1399999999999
7478,541,2024-12-08 22:48:39.695644,0.0,Credit Card,West,Processing,174.51
7479,72,2025-06-13 22:48:39.695645,0.0,Debit Card,South,Delivered,42.69
7480,551,2024-08-05 22:48:39.695646,0.0,Bank Transfer,South,Shipped,567.87
7481,807,2024-09-26 22:48:39.695646,0.0,Bank Transfer,West,Shipped,3193.4900000000002
7482,553,2024-08-18 22:48:39.695647,0.0,Bank Transfer,West,Shipped,924.2
7483,270,2025-04-09 22:48:39.695648,0.0,Bank Transfer,North,Shipped,1321.06
7484,421,2025-05-21 22:48:39.695649,0.0,Credit Card,West,Delivered,897.69
7485,408,2024-07-28 22:48:39.695649,0.0,Bank Transfer,North,Processing,4978.639999999999
7486,527,2024-08-29 22:48:39.695650,0.0,Debit Card,North,Delivered,1783.53
7487,652,2025-03-17 22:48:39.695651,0.0,Debit Card,South,Delivered,1578.71
7488,285,2025-02-17 22:48:39.695651,0.0,PayPal,South,Processing,544.5
7489,653,2025-06-23 22:48:39.695652,0.0,Bank Transfer,South,Delivered,1471.2300000000002
7490,231,2025-02-24 22:48:39.695653,0.0,PayPal,South,Shipped,1551.77
7491,821,2025-07-14 22:48:39.695654,0.0,Credit Card,East,Delivered,414.79
7492,266,2025-05-10 22:48:39.695654,0.0,PayPal,East,Delivered,32.12
7493,798,2024-10-10 22:48:39.695655,0.0,PayPal,West,Processing,1159.27
7494,259,2024-09-17 22:48:39.695656,0.0,Credit Card,South,Processing,888.6099999999999
7495,384,2025-06-28 22:48:39.695657,0.0,PayPal,West,Processing,1695.04
7496,734,2025-03-23 22:48:39.695657,0.0,Debit Card,South,Delivered,440.42999999999995
7497,464,2025-06-26 22:48:39.695658,0.0,Credit Card,South,Shipped,345.48
7498,560,2024-12-17 22:48:39.695659,0.0,PayPal,South,Shipped,2658.1400000000003
7499,56,2025-05-07 22:48:39.695660,0.0,PayPal,North,Shipped,1142.58
7500,999,2024-12-02 22:48:39.695661,0.0,Debit Card,West,Shipped,477.18
7501,966,2024-10-08 22:48:39.695661,0.0,Debit Card,West,Delivered,2164.69
7502,306,2025-07-17 22:48:39.695662,0.0,Bank Transfer,South,Shipped,3335.14
7503,670,2025-06-20 22:48:39.695663,0.0,Credit Card,South,Delivered,1025.7
7504,585,2024-11-14 22:48:39.695664,0.0,PayPal,East,Processing,1098.8400000000001
7505,154,2025-02-15 22:48:39.695664,0.0,PayPal,North,Delivered,1395.59
7506,204,2024-12-09 22:48:39.695665,0.0,Bank Transfer,South,Processing,2866.31
7507,241,2025-01-16 22:48:39.695666,0.0,PayPal,South,Delivered,1537.07
7508,558,2024-10-04 22:48:39.695666,0.0,Credit Card,West,Shipped,1126.4
7509,999,2025-01-08 22:48:39.695667,0.0,Debit Card,South,Delivered,1320.99
7510,188,2025-06-25 22:48:39.695668,0.0,Credit Card,South,Processing,1935.97
7511,941,2024-12-08 22:48:39.695669,0.0,Credit Card,East,Shipped,1340.79
7512,242,2025-01-14 22:48:39.695669,0.0,Bank Transfer,East,Cancelled,942.3
7513,302,2025-07-01 22:48:39.695670,0.0,Debit Card,West,Shipped,1260.1
7514,232,2024-10-22 22:48:39.695671,0.0,Bank Transfer,North,Delivered,829.58
7515,948,2024-11-12 22:48:39.695672,0.0,Debit Card,North,Processing,824.52
7516,4,2024-10-20 22:48:39.695672,0.0,Debit Card,South,Delivered,1802.2
7517,605,2024-10-28 22:48:39.695673,0.0,Credit Card,North,Processing,1982.5599999999997
7518,87,2025-06-01 22:48:39.695674,0.0,Bank Transfer,North,Delivered,576.68
7519,652,2025-04-10 22:48:39.695675,0.0,Credit Card,North,Delivered,2515.88
7520,52,2024-10-11 22:48:39.695675,0.0,Bank Transfer,North,Delivered,544.63
7521,227,2024-10-28 22:48:39.695676,0.0,Bank Transfer,West,Shipped,2198.09
7522,18,2024-11-02 22:48:39.695677,0.0,Bank Transfer,South,Delivered,2848.4
7523,212,2025-04-18 22:48:39.695678,0.0,Bank Transfer,East,Shipped,71.97
7524,165,2025-03-31 22:48:39.695678,0.0,Credit Card,South,Shipped,2811.77
7525,863,2024-09-04 22:48:39.695679,0.0,PayPal,North,Shipped,2943.3
7526,191,2024-10-01 22:48:39.695680,0.0,Credit Card,East,Shipped,1265.75
7527,225,2025-06-05 22:48:39.695681,0.0,Bank Transfer,East,Delivered,2231.2400000000002
7528,847,2024-11-30 22:48:39.695681,0.0,PayPal,East,Delivered,762.6899999999999
7529,680,2025-05-16 22:48:39.695682,0.0,Bank Transfer,East,Shipped,2675.2
7530,313,2024-11-06 22:48:39.695683,0.0,Debit Card,West,Shipped,926.3000000000001
7531,755,2025-02-01 22:48:39.695684,0.0,PayPal,South,Shipped,2199.1400000000003
7532,946,2024-09-12 22:48:39.695684,0.0,Credit Card,South,Delivered,1475.6599999999999
7533,381,2025-05-11 22:48:39.695685,0.0,Credit Card,South,Shipped,1568.2199999999998
7534,740,2025-05-11 22:48:39.695686,0.0,Debit Card,East,Processing,1459.11
7535,881,2024-11-19 22:48:39.695687,0.0,Bank Transfer,West,Shipped,778.88
7536,566,2025-02-11 22:48:39.695687,0.0,PayPal,West,Shipped,1399.0200000000002
7537,152,2025-02-21 22:48:39.695688,0.0,Credit Card,South,Shipped,594.01
7538,126,2024-12-25 22:48:39.695689,0.0,PayPal,West,Delivered,2489.3
7539,451,2025-02-10 22:48:39.695690,0.0,Bank Transfer,East,Shipped,628.12
7540,550,2025-04-10 22:48:39.695690,0.0,Debit Card,North,Shipped,1811.74
7541,921,2025-05-18 22:48:39.695691,0.0,Credit Card,West,Shipped,1793.7399999999998
7542,845,2025-03-03 22:48:39.695692,0.0,Bank Transfer,South,Shipped,1661.76
7543,435,2025-03-17 22:48:39.695692,0.0,PayPal,North,Delivered,1651.1799999999998
7544,153,2024-10-08 22:48:39.695693,0.0,Credit Card,East,Shipped,1004.4300000000001
7545,939,2025-04-15 22:48:39.695694,0.0,PayPal,North,Delivered,2302.4300000000003
7546,407,2024-08-08 22:48:39.695695,0.0,Bank Transfer,South,Processing,331.98
7547,225,2024-09-24 22:48:39.695695,0.0,PayPal,North,Delivered,774.1800000000001
7548,55,2025-05-10 22:48:39.695696,0.0,PayPal,North,Shipped,601.37
7549,975,2025-02-21 22:48:39.695697,0.0,PayPal,North,Shipped,3936.06
7550,600,2025-06-19 22:48:39.695698,0.0,Debit Card,East,Delivered,2107.46
7551,519,2025-02-08 22:48:39.695699,0.0,Debit Card,West,Processing,1273.79
7552,987,2025-04-29 22:48:39.695699,0.0,Credit Card,South,Shipped,561.8199999999999
7553,39,2024-11-10 22:48:39.695700,0.0,Debit Card,South,Delivered,1832.1
7554,992,2025-06-30 22:48:39.695701,0.0,Debit Card,North,Delivered,1842.95
7555,583,2024-10-05 22:48:39.695702,0.0,Credit Card,North,Delivered,445.4
7556,964,2025-05-27 22:48:39.695702,0.0,Credit Card,North,Processing,1892.22
7557,739,2024-09-15 22:48:39.695703,0.0,PayPal,North,Cancelled,1997.6399999999999
7558,844,2024-12-03 22:48:39.695704,0.0,PayPal,South,Delivered,1648.05
7559,903,2025-04-16 22:48:39.695705,0.0,PayPal,South,Shipped,566.58
7560,37,2025-05-22 22:48:39.695705,0.0,PayPal,East,Delivered,273.99
7561,75,2024-12-10 22:48:39.695706,0.0,PayPal,North,Processing,753.16
7562,990,2025-03-15 22:48:39.695707,0.0,Credit Card,East,Processing,1537.3
7563,492,2024-07-23 22:48:39.695708,0.0,Credit Card,East,Delivered,47.98
7564,727,2024-09-19 22:48:39.695708,0.0,PayPal,East,Delivered,1117.77
7565,902,2025-02-27 22:48:39.695709,0.0,Debit Card,South,Shipped,426.38
7566,534,2025-01-10 22:48:39.695710,0.0,Credit Card,West,Shipped,1731.22
7567,943,2025-01-18 22:48:39.695711,0.0,Debit Card,South,Delivered,348.39
7568,335,2025-06-12 22:48:39.695711,0.0,Credit Card,East,Delivered,161.02
7569,275,2025-02-23 22:48:39.695712,0.0,PayPal,South,Shipped,80.53
7570,91,2024-08-26 22:48:39.695713,0.0,PayPal,South,Shipped,2258.04
7571,734,2025-04-13 22:48:39.695714,0.0,Credit Card,South,Shipped,2427.07
7572,42,2025-06-10 22:48:39.695714,0.0,Bank Transfer,East,Delivered,3661.83
7573,984,2025-06-25 22:48:39.695715,0.0,Debit Card,West,Shipped,1120.72
7574,884,2025-02-21 22:48:39.695716,0.0,Credit Card,West,Delivered,206.81
7575,798,2024-12-09 22:48:39.695717,0.0,Credit Card,West,Shipped,254.31
7576,858,2024-09-06 22:48:39.695717,0.0,Bank Transfer,West,Shipped,2588.1099999999997
7577,66,2025-02-08 22:48:39.695718,0.0,Credit Card,East,Delivered,2564.5
7578,242,2024-10-11 22:48:39.695719,0.0,Credit Card,East,Shipped,2336.33
7579,712,2025-07-04 22:48:39.695720,0.0,Bank Transfer,North,Processing,2180.39
7580,820,2024-09-16 22:48:39.695720,0.0,Debit Card,South,Delivered,1827.99
7581,170,2024-10-15 22:48:39.695721,0.0,Credit Card,South,Delivered,1837.97
7582,706,2024-11-03 22:48:39.695722,0.0,Bank Transfer,South,Delivered,696.04
7583,31,2025-01-25 22:48:39.695723,0.0,PayPal,East,Shipped,1308.61
7584,361,2024-09-07 22:48:39.695723,0.0,Debit Card,West,Delivered,2186.2200000000003
7585,691,2024-12-12 22:48:39.695724,0.0,Debit Card,South,Delivered,1910.4
7586,643,2025-05-21 22:48:39.695725,0.0,PayPal,East,Processing,2082.77
7587,272,2024-08-21 22:48:39.695726,0.0,Bank Transfer,South,Processing,2697.62
7588,190,2025-05-28 22:48:39.695726,0.0,Debit Card,East,Processing,782.8199999999999
7589,743,2024-08-15 22:48:39.695727,0.0,Debit Card,South,Delivered,3657.57
7590,555,2025-01-02 22:48:39.695728,0.0,Credit Card,South,Processing,2506.33
7591,347,2025-05-16 22:48:39.695729,0.0,Bank Transfer,South,Processing,2534.27
7592,290,2025-04-28 22:48:39.695730,0.0,Debit Card,North,Processing,1535.25
7593,607,2024-08-06 22:48:39.695730,0.0,Debit Card,East,Delivered,1071.08
7594,313,2025-02-17 22:48:39.695731,0.0,PayPal,South,Processing,2771.94
7595,831,2025-01-26 22:48:39.695732,0.0,Debit Card,North,Shipped,1738.96
7596,117,2024-11-01 22:48:39.695733,0.0,PayPal,South,Delivered,2486.23
7597,29,2025-06-14 22:48:39.695733,0.0,Debit Card,North,Shipped,1363.52
7598,908,2024-11-02 22:48:39.695734,0.0,Debit Card,West,Delivered,1750.27
7599,938,2024-12-13 22:48:39.695735,0.0,Credit Card,North,Processing,879.77
7600,127,2024-09-20 22:48:39.695736,0.0,Debit Card,East,Shipped,46.2
7601,434,2024-11-08 22:48:39.695736,0.0,Debit Card,South,Shipped,195.69
7602,630,2025-05-16 22:48:39.695737,0.0,Bank Transfer,South,Delivered,669.62
7603,827,2025-04-19 22:48:39.695738,0.0,Credit Card,East,Processing,760.96
7604,304,2025-06-06 22:48:39.695739,0.0,PayPal,South,Shipped,1191.26
7605,164,2024-08-23 22:48:39.695739,0.0,Bank Transfer,West,Delivered,1776.8200000000002
7606,955,2024-09-28 22:48:39.695740,0.0,Debit Card,West,Delivered,1133.83
7607,661,2024-10-09 22:48:39.695741,0.0,PayPal,East,Cancelled,3105.96
7608,374,2025-06-02 22:48:39.695742,0.0,Debit Card,North,Shipped,1719.25
7609,533,2024-07-31 22:48:39.695742,0.0,PayPal,North,Shipped,1969.53
7610,832,2024-09-19 22:48:39.695743,0.0,Bank Transfer,West,Shipped,1217.5
7611,884,2024-10-15 22:48:39.695744,0.0,Bank Transfer,South,Shipped,2146.59
7612,352,2025-04-02 22:48:39.695745,0.0,Bank Transfer,West,Shipped,734.48
7613,293,2025-03-28 22:48:39.695746,0.0,Debit Card,West,Delivered,1857.8400000000001
7614,890,2025-02-05 22:48:39.695746,0.0,PayPal,East,Shipped,2072.21
7615,572,2024-09-11 22:48:39.695747,0.0,Bank Transfer,East,Cancelled,2249.81
7616,782,2025-04-13 22:48:39.695748,0.0,PayPal,South,Processing,3092.2599999999998
7617,743,2024-11-06 22:48:39.695749,0.0,Debit Card,East,Shipped,3025.12
7618,732,2025-02-15 22:48:39.695749,0.0,Credit Card,North,Delivered,1001.55
7619,467,2024-09-01 22:48:39.695750,0.0,PayPal,East,Delivered,365.67
7620,775,2024-08-30 22:48:39.695751,0.0,Debit Card,East,Shipped,4191.7
7621,460,2025-03-27 22:48:39.695752,0.0,Credit Card,South,Processing,509.32
7622,150,2025-03-18 22:48:39.695752,0.0,PayPal,East,Shipped,3692.83
7623,429,2025-04-23 22:48:39.695753,0.0,Bank Transfer,North,Shipped,1959.6100000000001
7624,947,2024-09-26 22:48:39.695754,0.0,Bank Transfer,North,Shipped,2531.34
7625,795,2024-12-11 22:48:39.695755,0.0,Bank Transfer,East,Processing,2542.14
7626,384,2025-05-02 22:48:39.695755,0.0,Credit Card,North,Delivered,2508.83
7627,52,2025-05-06 22:48:39.695756,0.0,Credit Card,East,Processing,231.78
7628,932,2024-09-11 22:48:39.695757,0.0,Debit Card,North,Delivered,1376.76
7629,623,2025-07-01 22:48:39.695757,0.0,Credit Card,South,Delivered,2250.19
7630,653,2025-05-31 22:48:39.695758,0.0,Debit Card,North,Delivered,2458.7799999999997
7631,822,2024-09-09 22:48:39.695759,0.0,Credit Card,East,Delivered,2921.54
7632,406,2024-08-31 22:48:39.695760,0.0,Credit Card,East,Processing,3576.9
7633,653,2024-08-26 22:48:39.695761,0.0,Credit Card,West,Processing,1139.73
7634,534,2024-12-02 22:48:39.695761,0.0,Debit Card,South,Shipped,1954.24
7635,967,2025-06-02 22:48:39.695762,0.0,PayPal,East,Shipped,1209.42
7636,18,2024-09-18 22:48:39.695763,0.0,Debit Card,West,Shipped,2273.55
7637,471,2024-11-23 22:48:39.695764,0.0,Debit Card,East,Delivered,1823.42
7638,134,2024-09-12 22:48:39.695764,0.0,Bank Transfer,North,Delivered,2583.4700000000003
7639,396,2025-05-18 22:48:39.695765,0.0,Bank Transfer,North,Delivered,1891.7900000000002
7640,97,2024-09-16 22:48:39.695766,0.0,PayPal,South,Delivered,1470.81
7641,734,2025-06-25 22:48:39.695767,0.0,Credit Card,North,Shipped,487.71
7642,434,2025-02-13 22:48:39.695767,0.0,Bank Transfer,West,Delivered,3032.17
7643,663,2025-04-12 22:48:39.695768,0.0,Credit Card,South,Shipped,809.7
7644,945,2025-01-03 22:48:39.695769,0.0,Bank Transfer,North,Processing,2181.71
7645,534,2025-01-24 22:48:39.695770,0.0,Bank Transfer,South,Shipped,213.41
7646,238,2024-12-03 22:48:39.695770,0.0,Debit Card,East,Processing,2186.3
7647,886,2025-03-07 22:48:39.695771,0.0,PayPal,South,Shipped,1626.65
7648,746,2025-02-05 22:48:39.695772,0.0,Bank Transfer,East,Shipped,1172.63
7649,453,2025-05-29 22:48:39.695773,0.0,Bank Transfer,West,Delivered,1908.31
7650,7,2024-08-12 22:48:39.695773,0.0,Credit Card,West,Delivered,2333.5
7651,187,2025-03-04 22:48:39.695774,0.0,Credit Card,South,Delivered,1692.61
7652,518,2025-01-23 22:48:39.695775,0.0,PayPal,West,Delivered,3289.6400000000003
7653,802,2025-03-28 22:48:39.695775,0.0,PayPal,East,Processing,1255.78
7654,588,2025-05-29 22:48:39.695776,0.0,Debit Card,South,Processing,1778.8799999999999
7655,322,2024-11-19 22:48:39.695777,0.0,Bank Transfer,East,Processing,2404.62
7656,625,2025-04-21 22:48:39.695778,0.0,Debit Card,West,Delivered,2571.43
7657,123,2025-03-21 22:48:39.695779,0.0,Debit Card,North,Delivered,348.54
7658,454,2025-04-19 22:48:39.695779,0.0,Credit Card,South,Delivered,1303.82
7659,558,2024-12-13 22:48:39.695780,0.0,Bank Transfer,East,Delivered,1387.73
7660,346,2024-10-20 22:48:39.695781,0.0,Bank Transfer,West,Shipped,1250.98
7661,257,2024-10-02 22:48:39.695782,0.0,Debit Card,North,Processing,28.650000000000002
7662,868,2025-01-15 22:48:39.695782,0.0,Credit Card,East,Delivered,135.72
7663,477,2025-01-03 22:48:39.695783,0.0,Bank Transfer,West,Shipped,1149.81
7664,238,2024-09-10 22:48:39.695784,0.0,PayPal,South,Shipped,445.4
7665,305,2024-12-08 22:48:39.695785,0.0,Credit Card,West,Shipped,530.8
7666,3,2025-06-11 22:48:39.695785,0.0,Debit Card,West,Delivered,412.06
7667,672,2024-07-27 22:48:39.695786,0.0,Credit Card,East,Delivered,3082.19
7668,327,2025-06-29 22:48:39.695787,0.0,PayPal,East,Delivered,692.14
7669,554,2025-01-29 22:48:39.695787,0.0,PayPal,South,Processing,1562.19
7670,184,2025-07-19 22:48:39.695788,0.0,PayPal,West,Delivered,1819.07
7671,160,2025-02-05 22:48:39.695789,0.0,Credit Card,East,Shipped,1311.67
7672,21,2024-08-13 22:48:39.695790,0.0,Bank Transfer,West,Shipped,2233.65
7673,215,2025-07-10 22:48:39.695791,0.0,Bank Transfer,South,Delivered,19.740000000000002
7674,541,2025-03-20 22:48:39.695791,0.0,Credit Card,East,Processing,1438.3799999999999
7675,252,2025-01-06 22:48:39.695792,0.0,PayPal,East,Shipped,829.9100000000001
7676,847,2025-03-14 22:48:39.695793,0.0,Credit Card,North,Delivered,740.0699999999999
7677,934,2025-07-02 22:48:39.695793,0.0,Credit Card,South,Delivered,1618.0300000000002
7678,133,2024-09-23 22:48:39.695794,0.0,Bank Transfer,South,Shipped,404.23
7679,980,2024-12-12 22:48:39.695795,0.0,PayPal,West,Delivered,1052.69
7680,704,2025-03-07 22:48:39.695796,0.0,Debit Card,East,Delivered,2724.61
7681,135,2025-05-01 22:48:39.695797,0.0,Debit Card,West,Shipped,1307.94
7682,941,2025-04-20 22:48:39.695797,0.0,Credit Card,East,Delivered,3005.06
7683,4,2024-08-16 22:48:39.695798,0.0,Credit Card,East,Shipped,89.54
7684,621,2025-07-21 22:48:39.695799,0.0,Debit Card,East,Delivered,1993.6799999999998
7685,958,2024-12-21 22:48:39.695800,0.0,PayPal,North,Delivered,1378.07
7686,628,2025-03-07 22:48:39.695800,0.0,Debit Card,South,Delivered,2809.91
7687,786,2024-08-12 22:48:39.695801,0.0,Bank Transfer,West,Shipped,928.86
7688,122,2024-10-05 22:48:39.695802,0.0,Bank Transfer,South,Processing,298.30999999999995
7689,922,2025-05-19 22:48:39.695803,0.0,PayPal,South,Shipped,1570.29
7690,392,2025-06-11 22:48:39.695803,0.0,PayPal,East,Shipped,1726.11
7691,254,2025-06-24 22:48:39.695804,0.0,Bank Transfer,East,Delivered,709.83
7692,695,2024-10-21 22:48:39.695805,0.0,Debit Card,South,Shipped,2492.54
7693,372,2024-12-17 22:48:39.695806,0.0,Bank Transfer,North,Processing,988.3599999999999
7694,580,2024-07-22 22:48:39.695806,0.0,PayPal,West,Shipped,2721.17
7695,516,2024-10-17 22:48:39.695807,0.0,Bank Transfer,East,Shipped,1144.7800000000002
7696,62,2024-08-03 22:48:39.695808,0.0,Bank Transfer,North,Shipped,399.04999999999995
7697,223,2024-11-23 22:48:39.695809,0.0,PayPal,South,Delivered,2072.27
7698,676,2024-10-24 22:48:39.695809,0.0,Debit Card,South,Delivered,1822.48
7699,757,2025-02-01 22:48:39.695810,0.0,Credit Card,South,Shipped,1494.21
7700,579,2025-05-26 22:48:39.695811,0.0,Bank Transfer,North,Delivered,2442.31
7701,876,2024-08-02 22:48:39.695812,0.0,Debit Card,East,Shipped,4235.41
7702,368,2024-10-19 22:48:39.695812,0.0,Credit Card,South,Processing,533.37
7703,320,2024-12-06 22:48:39.695813,0.0,Bank Transfer,South,Delivered,2676.76
7704,565,2025-07-05 22:48:39.695814,0.0,Debit Card,East,Cancelled,441.02
7705,762,2024-12-09 22:48:39.695815,0.0,Credit Card,East,Delivered,1171.84
7706,702,2025-02-14 22:48:39.695815,0.0,PayPal,West,Delivered,1233.73
7707,749,2025-04-21 22:48:39.695816,0.0,Credit Card,West,Processing,183.78
7708,579,2024-10-29 22:48:39.695817,0.0,Debit Card,West,Cancelled,824.97
7709,390,2025-02-05 22:48:39.695818,0.0,Credit Card,East,Shipped,917.3599999999999
7710,197,2025-07-02 22:48:39.695818,0.0,Debit Card,South,Delivered,839.65
7711,529,2025-04-24 22:48:39.695819,0.0,Bank Transfer,West,Shipped,487.28
7712,952,2025-05-27 22:48:39.695820,0.0,Credit Card,West,Delivered,3639.05
7713,711,2025-03-09 22:48:39.695821,0.0,Bank Transfer,West,Shipped,2228.96
7714,284,2025-02-05 22:48:39.695821,0.0,Credit Card,East,Shipped,281.23
7715,506,2025-07-01 22:48:39.695822,0.0,Debit Card,West,Shipped,471.44
7716,864,2025-05-31 22:48:39.695823,0.0,Bank Transfer,South,Shipped,2020.09
7717,715,2024-12-24 22:48:39.695823,0.0,PayPal,West,Delivered,627.48
7718,827,2024-08-14 22:48:39.695824,0.0,Bank Transfer,South,Delivered,607.82
7719,414,2024-12-26 22:48:39.695825,0.0,Debit Card,South,Shipped,1476.98
7720,937,2024-09-23 22:48:39.695826,0.0,Credit Card,East,Shipped,3157.19
7721,937,2024-08-16 22:48:39.695827,0.0,Bank Transfer,North,Shipped,2153.92
7722,656,2024-12-16 22:48:39.695827,0.0,Bank Transfer,West,Shipped,3129.91
7723,627,2024-11-16 22:48:39.695828,0.0,Bank Transfer,East,Delivered,1136.4299999999998
7724,722,2024-08-13 22:48:39.695829,0.0,PayPal,South,Shipped,1536.34
7725,830,2024-11-10 22:48:39.695830,0.0,Credit Card,North,Shipped,848.13
7726,187,2025-07-13 22:48:39.695830,0.0,PayPal,South,Delivered,829.2900000000001
7727,248,2024-09-14 22:48:39.695831,0.0,Bank Transfer,West,Shipped,1259.6799999999998
7728,227,2024-07-26 22:48:39.695832,0.0,Debit Card,North,Delivered,3490.18
7729,193,2025-02-16 22:48:39.695833,0.0,Bank Transfer,West,Shipped,3022.17
7730,176,2025-06-15 22:48:39.695833,0.0,Debit Card,North,Delivered,906.77
7731,154,2024-11-10 22:48:39.695834,0.0,Credit Card,East,Processing,585.1800000000001
7732,400,2024-11-29 22:48:39.695835,0.0,PayPal,South,Cancelled,449.78
7733,824,2025-04-06 22:48:39.695836,0.0,PayPal,South,Processing,740.06
7734,828,2024-10-12 22:48:39.695836,0.0,Credit Card,East,Shipped,355.12
7735,431,2024-09-02 22:48:39.695837,0.0,PayPal,North,Delivered,1915.64
7736,646,2025-05-24 22:48:39.695838,0.0,Credit Card,West,Shipped,1061.07
7737,234,2024-07-27 22:48:39.695839,0.0,Credit Card,West,Delivered,1283.93
7738,621,2025-04-14 22:48:39.695839,0.0,Debit Card,South,Delivered,3300.67
7739,3,2024-09-03 22:48:39.695840,0.0,Credit Card,East,Shipped,2815.31
7740,46,2025-06-17 22:48:39.695841,0.0,Credit Card,North,Delivered,866.13
7741,47,2024-11-29 22:48:39.695842,0.0,Credit Card,West,Delivered,1056.42
7742,473,2025-05-04 22:48:39.695842,0.0,Bank Transfer,North,Delivered,722.76
7743,793,2025-01-23 22:48:39.695843,0.0,Debit Card,West,Shipped,947.15
7744,837,2025-03-20 22:48:39.695844,0.0,Bank Transfer,North,Processing,1322.56
7745,848,2025-06-03 22:48:39.695845,0.0,Bank Transfer,South,Processing,499.52
7746,511,2025-01-28 22:48:39.695845,0.0,PayPal,West,Shipped,1756.04
7747,492,2024-09-08 22:48:39.695846,0.0,Debit Card,North,Processing,1580.79
7748,200,2024-10-24 22:48:39.695847,0.0,PayPal,East,Processing,259.53000000000003
7749,296,2025-06-24 22:48:39.695848,0.0,Bank Transfer,West,Processing,2189.01
7750,864,2025-06-10 22:48:39.695848,0.0,Debit Card,South,Shipped,1587.63
7751,7,2025-05-21 22:48:39.695849,0.0,Debit Card,West,Shipped,728.5699999999999
7752,65,2024-10-06 22:48:39.695850,0.0,Bank Transfer,West,Processing,304.06
7753,793,2025-04-09 22:48:39.695851,0.0,Credit Card,South,Delivered,2408.48
7754,669,2024-08-08 22:48:39.695851,0.0,Bank Transfer,East,Shipped,2736.1
7755,881,2025-04-30 22:48:39.695852,0.0,Debit Card,North,Delivered,549.1800000000001
7756,241,2025-04-21 22:48:39.695853,0.0,PayPal,North,Delivered,2006.83
7757,821,2024-09-25 22:48:39.695854,0.0,Bank Transfer,North,Shipped,141.06
7758,975,2025-01-06 22:48:39.695854,0.0,Credit Card,South,Processing,2018.26
7759,586,2025-03-26 22:48:39.695855,0.0,Credit Card,North,Delivered,2848.1099999999997
7760,893,2025-01-17 22:48:39.695856,0.0,Debit Card,East,Processing,1718.81
7761,263,2025-04-10 22:48:39.695857,0.0,PayPal,North,Delivered,361.74
7762,982,2024-10-20 22:48:39.695857,0.0,Debit Card,North,Delivered,450.64
7763,116,2025-06-01 22:48:39.695858,0.0,Debit Card,West,Shipped,1537.15
7764,43,2025-02-03 22:48:39.695859,0.0,Credit Card,North,Shipped,1564.01
7765,8,2024-07-29 22:48:39.695859,0.0,Credit Card,East,Shipped,2665.5299999999997
7766,223,2025-03-07 22:48:39.695860,0.0,Bank Transfer,West,Processing,1428.6899999999998
7767,430,2025-06-29 22:48:39.695861,0.0,PayPal,West,Delivered,1345.52
7768,542,2025-03-17 22:48:39.695862,0.0,Credit Card,West,Processing,3323.5699999999997
7769,492,2024-09-02 22:48:39.695862,0.0,Debit Card,West,Processing,1117.66
7770,741,2025-06-08 22:48:39.695863,0.0,Credit Card,South,Delivered,966.04
7771,937,2024-12-26 22:48:39.695864,0.0,Credit Card,South,Shipped,1007.8799999999999
7772,502,2024-10-05 22:48:39.695865,0.0,Debit Card,East,Processing,3243.4700000000003
7773,972,2025-04-21 22:48:39.695865,0.0,Debit Card,South,Delivered,2391.9300000000003
7774,80,2025-04-05 22:48:39.695866,0.0,Debit Card,West,Processing,3401.2200000000003
7775,892,2024-10-03 22:48:39.695867,0.0,Debit Card,West,Delivered,1066.58
7776,958,2025-02-20 22:48:39.695868,0.0,Credit Card,West,Delivered,1566.37
7777,870,2025-01-18 22:48:39.695868,0.0,Debit Card,West,Delivered,220.51
7778,772,2024-10-30 22:48:39.695870,0.0,PayPal,South,Delivered,1282.95
7779,770,2025-02-08 22:48:39.695871,0.0,Credit Card,South,Delivered,1129.61
7780,210,2025-06-19 22:48:39.695872,0.0,Debit Card,West,Processing,44.730000000000004
7781,344,2025-05-21 22:48:39.695872,0.0,PayPal,North,Delivered,4303.3
7782,31,2025-04-18 22:48:39.695873,0.0,Debit Card,East,Shipped,1928.65
7783,318,2024-11-10 22:48:39.695874,0.0,PayPal,East,Delivered,2514.28
7784,472,2024-08-09 22:48:39.695875,0.0,Bank Transfer,West,Shipped,725.06
7785,308,2025-05-14 22:48:39.695875,0.0,PayPal,South,Delivered,1500.66
7786,410,2024-09-09 22:48:39.695876,0.0,Debit Card,West,Delivered,1593.55
7787,212,2024-09-04 22:48:39.695877,0.0,Debit Card,South,Delivered,2989.15
7788,322,2025-01-19 22:48:39.695878,0.0,Credit Card,South,Processing,3008.75
7789,482,2025-01-15 22:48:39.695878,0.0,Bank Transfer,South,Delivered,866.38
7790,819,2024-07-30 22:48:39.695879,0.0,Debit Card,North,Cancelled,1302.95
7791,243,2024-10-09 22:48:39.695880,0.0,Credit Card,South,Cancelled,686.1
7792,673,2024-11-15 22:48:39.695881,0.0,Debit Card,North,Processing,1834.04
7793,971,2024-11-19 22:48:39.695881,0.0,PayPal,North,Delivered,740.29
7794,939,2024-12-12 22:48:39.695882,0.0,Bank Transfer,West,Delivered,469.49
7795,452,2025-03-23 22:48:39.695883,0.0,Debit Card,South,Delivered,3303.33
7796,79,2025-07-03 22:48:39.695884,0.0,Debit Card,North,Shipped,557.77
7797,636,2024-09-15 22:48:39.695884,0.0,Credit Card,West,Shipped,450.97
7798,665,2025-06-16 22:48:39.695885,0.0,Debit Card,East,Processing,555.48
7799,589,2025-07-10 22:48:39.695886,0.0,Bank Transfer,South,Processing,2220.18
7800,759,2024-09-12 22:48:39.695887,0.0,Debit Card,West,Processing,503.19
7801,834,2024-08-08 22:48:39.695887,0.0,Credit Card,North,Delivered,912.04
7802,233,2024-09-02 22:48:39.695888,0.0,PayPal,South,Delivered,2323.55
7803,503,2025-05-01 22:48:39.695889,0.0,Debit Card,South,Shipped,1913.51
7804,149,2025-04-14 22:48:39.695890,0.0,Bank Transfer,South,Shipped,1810.35
7805,468,2025-07-08 22:48:39.695891,0.0,PayPal,North,Delivered,3062.7
7806,760,2025-01-25 22:48:39.695891,0.0,Credit Card,North,Delivered,850.42
7807,201,2025-02-05 22:48:39.695892,0.0,PayPal,West,Delivered,3043.21
7808,457,2024-10-15 22:48:39.695893,0.0,Credit Card,East,Delivered,1017.65
7809,751,2024-10-08 22:48:39.695894,0.0,PayPal,South,Processing,433.18
7810,921,2025-01-26 22:48:39.695894,0.0,Debit Card,East,Processing,58.27
7811,811,2024-07-28 22:48:39.695895,0.0,PayPal,South,Delivered,1230.82
7812,612,2024-12-18 22:48:39.695896,0.0,Credit Card,East,Delivered,2689.23
7813,379,2024-11-20 22:48:39.695897,0.0,PayPal,North,Shipped,1041.73
7814,896,2025-02-27 22:48:39.695897,0.0,Debit Card,North,Delivered,2224.8
7815,582,2024-10-29 22:48:39.695898,0.0,Bank Transfer,South,Shipped,1108.5
7816,732,2024-12-03 22:48:39.695899,0.0,Debit Card,East,Processing,4022.4500000000003
7817,646,2024-10-08 22:48:39.695900,0.0,Credit Card,North,Cancelled,465.33
7818,780,2025-01-15 22:48:39.695900,0.0,Debit Card,North,Shipped,786.38
7819,598,2025-02-09 22:48:39.695901,0.0,Bank Transfer,North,Delivered,509.32
7820,587,2024-10-22 22:48:39.695902,0.0,Credit Card,South,Shipped,2245.14
7821,816,2025-06-21 22:48:39.695903,0.0,Debit Card,North,Shipped,3311.87
7822,919,2025-01-08 22:48:39.695903,0.0,Debit Card,South,Cancelled,518.5799999999999
7823,672,2025-02-01 22:48:39.695904,0.0,Bank Transfer,North,Delivered,1837.11
7824,896,2025-05-30 22:48:39.695905,0.0,PayPal,West,Shipped,454.19
7825,78,2025-04-29 22:48:39.695906,0.0,PayPal,East,Shipped,1145.2
7826,781,2024-10-23 22:48:39.695906,0.0,Credit Card,East,Shipped,334.23
7827,127,2024-10-20 22:48:39.695907,0.0,Debit Card,North,Shipped,511.27
7828,211,2025-02-19 22:48:39.695908,0.0,Bank Transfer,South,Delivered,2521.06
7829,352,2024-09-20 22:48:39.695909,0.0,PayPal,South,Processing,2986.8500000000004
7830,480,2025-04-25 22:48:39.695909,0.0,PayPal,East,Delivered,1034.57
7831,567,2025-02-26 22:48:39.695910,0.0,Debit Card,North,Delivered,1443.92
7832,400,2025-03-17 22:48:39.695911,0.0,Bank Transfer,East,Processing,53.76
7833,121,2025-03-27 22:48:39.695912,0.0,Bank Transfer,South,Shipped,178.36
7834,570,2024-08-17 22:48:39.695912,0.0,Credit Card,West,Shipped,2303.08
7835,74,2024-09-02 22:48:39.695913,0.0,Bank Transfer,East,Shipped,847.7
7836,424,2025-01-15 22:48:39.695914,0.0,PayPal,South,Delivered,1549.48
7837,84,2025-07-11 22:48:39.695915,0.0,Debit Card,North,Delivered,1437.4199999999998
7838,802,2024-07-23 22:48:39.695915,0.0,Bank Transfer,South,Processing,1386.66
7839,13,2025-06-10 22:48:39.695916,0.0,PayPal,South,Processing,1516.2
7840,249,2025-05-27 22:48:39.695917,0.0,Credit Card,East,Processing,1150.01
7841,28,2024-07-31 22:48:39.695918,0.0,PayPal,East,Cancelled,2548.5699999999997
7842,551,2024-09-19 22:48:39.695918,0.0,PayPal,North,Delivered,1929.08
7843,442,2024-12-19 22:48:39.695919,0.0,Bank Transfer,West,Cancelled,1843.63
7844,740,2025-06-28 22:48:39.695920,0.0,Bank Transfer,East,Delivered,2095.0699999999997
7845,271,2025-01-24 22:48:39.695921,0.0,PayPal,North,Delivered,2314.77
7846,873,2025-04-30 22:48:39.695921,0.0,Bank Transfer,South,Cancelled,885.8299999999999
7847,826,2025-05-27 22:48:39.695922,0.0,Bank Transfer,North,Delivered,1149.02
7848,323,2024-12-11 22:48:39.695923,0.0,Debit Card,South,Shipped,1191.53
7849,213,2024-08-15 22:48:39.695924,0.0,PayPal,West,Delivered,2149.75
7850,649,2024-08-25 22:48:39.695924,0.0,PayPal,South,Delivered,1730.1200000000001
7851,696,2025-04-16 22:48:39.695925,0.0,Debit Card,South,Processing,2438.7999999999997
7852,11,2024-08-11 22:48:39.695926,0.0,Bank Transfer,East,Shipped,1538.3600000000001
7853,343,2025-05-15 22:48:39.695927,0.0,Bank Transfer,West,Shipped,2765.46
7854,614,2025-06-22 22:48:39.695927,0.0,Bank Transfer,West,Delivered,1637.39
7855,927,2024-08-01 22:48:39.695928,0.0,Debit Card,East,Cancelled,2187.33
7856,341,2025-01-14 22:48:39.695929,0.0,PayPal,South,Shipped,1372.27
7857,769,2024-08-14 22:48:39.695930,0.0,Debit Card,West,Delivered,694.92
7858,77,2025-05-27 22:48:39.695930,0.0,Debit Card,North,Delivered,2378.01
7859,400,2025-04-18 22:48:39.695931,0.0,PayPal,North,Shipped,3751.34
7860,781,2024-12-25 22:48:39.695932,0.0,Credit Card,North,Shipped,251.29
7861,877,2025-01-07 22:48:39.695933,0.0,Debit Card,East,Cancelled,966.38
7862,446,2024-09-11 22:48:39.695933,0.0,Credit Card,West,Delivered,2300.69
7863,865,2025-06-09 22:48:39.695934,0.0,Debit Card,North,Delivered,2128.02
7864,704,2025-02-24 22:48:39.695935,0.0,Credit Card,South,Delivered,2117.98
7865,233,2025-05-19 22:48:39.695936,0.0,PayPal,East,Shipped,1961.94
7866,99,2024-09-05 22:48:39.695936,0.0,Debit Card,East,Processing,470.9
7867,26,2024-10-22 22:48:39.695937,0.0,Bank Transfer,North,Delivered,773.04
7868,456,2025-02-08 22:48:39.695938,0.0,PayPal,West,Cancelled,2911.0
7869,243,2024-10-25 22:48:39.695939,0.0,PayPal,West,Delivered,703.99
7870,93,2024-09-20 22:48:39.695939,0.0,Debit Card,South,Processing,1676.6000000000001
7871,868,2025-02-08 22:48:39.695940,0.0,Bank Transfer,West,Processing,1881.17
7872,919,2025-01-30 22:48:39.695941,0.0,PayPal,South,Delivered,1864.62
7873,1,2024-10-25 22:48:39.695942,0.0,Credit Card,North,Processing,1101.83
7874,665,2024-07-29 22:48:39.695942,0.0,PayPal,North,Processing,524.03
7875,360,2024-07-22 22:48:39.695943,0.0,Credit Card,North,Processing,889.34
7876,31,2024-12-28 22:48:39.695944,0.0,Debit Card,West,Delivered,2071.83
7877,61,2025-02-19 22:48:39.695945,0.0,Credit Card,South,Shipped,173.96
7878,499,2025-04-10 22:48:39.695946,0.0,Credit Card,North,Delivered,802.22
7879,736,2025-06-29 22:48:39.695946,0.0,Debit Card,South,Delivered,2043.3899999999999
7880,432,2025-04-21 22:48:39.695947,0.0,Credit Card,South,Shipped,710.16
7881,398,2024-11-06 22:48:39.695948,0.0,Debit Card,North,Shipped,3928.8900000000003
7882,828,2025-01-29 22:48:39.695949,0.0,Debit Card,North,Processing,1314.99
7883,532,2024-11-10 22:48:39.695949,0.0,Credit Card,West,Processing,4682.1900000000005
7884,118,2024-10-23 22:48:39.695950,0.0,Credit Card,East,Delivered,2271.59
7885,256,2024-11-27 22:48:39.695951,0.0,PayPal,North,Delivered,874.15
7886,793,2025-04-25 22:48:39.695952,0.0,Bank Transfer,North,Delivered,1755.8400000000001
7887,328,2025-05-29 22:48:39.695952,0.0,Credit Card,South,Delivered,2402.01
7888,791,2025-07-14 22:48:39.695953,0.0,Debit Card,East,Shipped,1193.5900000000001
7889,276,2024-11-02 22:48:39.695954,0.0,PayPal,East,Delivered,3049.67
7890,891,2024-07-22 22:48:39.695955,0.0,Debit Card,East,Shipped,3047.3599999999997
7891,494,2025-04-01 22:48:39.695955,0.0,Credit Card,West,Shipped,1059.8600000000001
7892,780,2025-04-22 22:48:39.695956,0.0,PayPal,South,Cancelled,1062.82
7893,295,2024-11-17 22:48:39.695957,0.0,Bank Transfer,North,Processing,1928.28
7894,798,2024-08-05 22:48:39.695958,0.0,Bank Transfer,West,Processing,435.4
7895,914,2025-02-06 22:48:39.695958,0.0,Debit Card,South,Shipped,2695.62
7896,372,2024-08-04 22:48:39.695959,0.0,PayPal,East,Delivered,844.22
7897,113,2025-01-30 22:48:39.695960,0.0,PayPal,South,Shipped,3587.0299999999997
7898,318,2025-04-10 22:48:39.695961,0.0,Debit Card,West,Cancelled,1495.77
7899,269,2025-06-04 22:48:39.695961,0.0,Bank Transfer,East,Shipped,2729.48
7900,225,2024-08-09 22:48:39.695962,0.0,Credit Card,West,Delivered,331.07
7901,176,2024-11-07 22:48:39.695963,0.0,Credit Card,West,Shipped,1353.6
7902,519,2024-10-17 22:48:39.695964,0.0,Credit Card,North,Delivered,4477.349999999999
7903,983,2025-02-04 22:48:39.695964,0.0,Debit Card,East,Cancelled,1600.9099999999999
7904,470,2025-01-06 22:48:39.695965,0.0,PayPal,West,Cancelled,1057.82
7905,679,2024-10-23 22:48:39.695966,0.0,Bank Transfer,North,Delivered,1543.71
7906,276,2025-02-01 22:48:39.695967,0.0,Credit Card,North,Delivered,2612.41
7907,446,2024-07-28 22:48:39.695967,0.0,Credit Card,South,Delivered,2587.08
7908,76,2024-11-19 22:48:39.695968,0.0,Debit Card,North,Delivered,872.38
7909,334,2025-06-13 22:48:39.695969,0.0,Debit Card,East,Shipped,2617.29
7910,825,2024-10-05 22:48:39.695970,0.0,Bank Transfer,South,Shipped,1744.81
7911,13,2025-02-17 22:48:39.695970,0.0,Credit Card,South,Shipped,1326.6399999999999
7912,570,2025-04-02 22:48:39.695971,0.0,PayPal,South,Processing,2170.6800000000003
7913,337,2024-08-02 22:48:39.695972,0.0,Debit Card,North,Shipped,290.04
7914,788,2025-04-17 22:48:39.695973,0.0,Debit Card,East,Cancelled,2475.96
7915,987,2024-10-31 22:48:39.695973,0.0,Debit Card,East,Shipped,2043.8200000000002
7916,746,2024-08-04 22:48:39.695974,0.0,Bank Transfer,East,Delivered,2821.6800000000003
7917,527,2025-05-26 22:48:39.695975,0.0,Credit Card,North,Cancelled,2492.89
7918,269,2024-10-19 22:48:39.695976,0.0,Debit Card,North,Processing,2285.53
7919,748,2025-01-28 22:48:39.695976,0.0,Credit Card,West,Delivered,2635.6
7920,601,2025-03-11 22:48:39.695977,0.0,Bank Transfer,North,Delivered,682.4300000000001
7921,244,2024-10-14 22:48:39.695978,0.0,Debit Card,North,Delivered,4694.51
7922,575,2024-09-01 22:48:39.695979,0.0,Credit Card,South,Delivered,2613.51
7923,20,2025-01-27 22:48:39.695979,0.0,PayPal,North,Shipped,2620.89
7924,33,2024-12-24 22:48:39.695980,0.0,PayPal,West,Shipped,516.59
7925,503,2024-10-14 22:48:39.695981,0.0,PayPal,East,Delivered,1669.63
7926,819,2025-06-17 22:48:39.695982,0.0,Debit Card,North,Delivered,2084.25
7927,664,2025-03-06 22:48:39.695982,0.0,Bank Transfer,North,Processing,1373.33
7928,46,2024-12-17 22:48:39.695983,0.0,Credit Card,North,Delivered,256.69
7929,366,2025-07-06 22:48:39.695984,0.0,Credit Card,North,Processing,3089.7
7930,38,2024-08-18 22:48:39.695985,0.0,Debit Card,West,Processing,986.6
7931,967,2025-07-07 22:48:39.695986,0.0,PayPal,East,Processing,2739.62
7932,454,2025-04-25 22:48:39.695986,0.0,PayPal,South,Processing,2983.23
7933,874,2024-11-14 22:48:39.695987,0.0,Bank Transfer,North,Delivered,2813.2799999999997
7934,664,2025-07-03 22:48:39.695988,0.0,PayPal,East,Shipped,513.0600000000001
7935,424,2025-06-15 22:48:39.695989,0.0,Credit Card,North,Delivered,131.06
7936,45,2025-01-16 22:48:39.695989,0.0,PayPal,North,Delivered,1829.8899999999999
7937,709,2025-01-04 22:48:39.695990,0.0,Credit Card,South,Delivered,2244.07
7938,231,2025-06-17 22:48:39.695991,0.0,PayPal,South,Delivered,381.03999999999996
7939,65,2024-12-24 22:48:39.695991,0.0,Bank Transfer,North,Delivered,1687.99
7940,973,2025-02-22 22:48:39.695992,0.0,PayPal,East,Delivered,2850.0099999999998
7941,830,2024-08-30 22:48:39.695993,0.0,Credit Card,North,Delivered,2629.21
7942,336,2025-04-10 22:48:39.695994,0.0,Debit Card,North,Delivered,672.8
7943,773,2025-03-26 22:48:39.695994,0.0,Credit Card,North,Shipped,1810.3300000000002
7944,49,2024-08-29 22:48:39.695995,0.0,Bank Transfer,North,Delivered,348.11
7945,797,2025-04-05 22:48:39.695996,0.0,Bank Transfer,North,Shipped,1028.76
7946,328,2025-04-18 22:48:39.695997,0.0,Debit Card,North,Cancelled,756.28
7947,348,2025-05-18 22:48:39.695997,0.0,PayPal,North,Shipped,2218.29
7948,461,2025-06-04 22:48:39.695998,0.0,PayPal,North,Delivered,2325.16
7949,114,2025-01-11 22:48:39.695999,0.0,PayPal,East,Shipped,1844.04
7950,313,2024-09-06 22:48:39.696000,0.0,Credit Card,South,Delivered,1070.82
7951,171,2025-04-06 22:48:39.696000,0.0,PayPal,South,Delivered,2247.81
7952,908,2025-02-14 22:48:39.696001,0.0,Bank Transfer,East,Processing,3366.31
7953,908,2024-09-05 22:48:39.696002,0.0,Debit Card,West,Delivered,608.61
7954,734,2025-07-01 22:48:39.696003,0.0,Debit Card,East,Processing,361.57
7955,271,2024-09-10 22:48:39.696003,0.0,Credit Card,West,Shipped,1245.24
7956,289,2024-11-14 22:48:39.696004,0.0,Credit Card,West,Cancelled,2224.95
7957,606,2024-07-29 22:48:39.696005,0.0,Bank Transfer,South,Delivered,890.8
7958,145,2025-05-30 22:48:39.696006,0.0,Bank Transfer,East,Delivered,627.71
7959,603,2024-12-12 22:48:39.696006,0.0,Bank Transfer,East,Shipped,2086.87
7960,434,2025-01-23 22:48:39.696007,0.0,Bank Transfer,North,Shipped,2425.5699999999997
7961,753,2025-07-19 22:48:39.696008,0.0,Credit Card,South,Processing,281.23
7962,879,2024-11-25 22:48:39.696008,0.0,Bank Transfer,West,Shipped,1238.94
7963,907,2024-08-04 22:48:39.696009,0.0,PayPal,West,Shipped,213.29
7964,94,2025-06-01 22:48:39.696010,0.0,PayPal,North,Delivered,1007.91
7965,831,2025-06-09 22:48:39.696011,0.0,Bank Transfer,South,Shipped,1114.6699999999998
7966,763,2025-06-29 22:48:39.696011,0.0,Debit Card,East,Delivered,3647.87
7967,19,2025-01-30 22:48:39.696012,0.0,Credit Card,West,Delivered,2083.01
7968,939,2025-03-28 22:48:39.696013,0.0,Debit Card,West,Processing,3556.71
7969,381,2024-08-08 22:48:39.696014,0.0,Credit Card,North,Shipped,1409.48
7970,437,2025-05-21 22:48:39.696015,0.0,Credit Card,West,Delivered,775.8900000000001
7971,540,2025-02-01 22:48:39.696015,0.0,Debit Card,West,Shipped,2392.84
7972,281,2025-06-29 22:48:39.696016,0.0,Credit Card,South,Processing,150.48
7973,123,2025-04-29 22:48:39.696017,0.0,Debit Card,South,Shipped,387.12
7974,40,2024-10-07 22:48:39.696017,0.0,Debit Card,South,Delivered,1233.4199999999998
7975,434,2025-02-12 22:48:39.696018,0.0,Credit Card,North,Shipped,3273.57
7976,82,2024-09-26 22:48:39.696019,0.0,Credit Card,North,Shipped,1445.79
7977,246,2025-01-08 22:48:39.696020,0.0,Credit Card,North,Shipped,2628.82
7978,299,2025-01-27 22:48:39.696020,0.0,Debit Card,South,Delivered,1980.74
7979,856,2024-10-03 22:48:39.696021,0.0,Credit Card,West,Delivered,3926.1000000000004
7980,695,2025-07-16 22:48:39.696022,0.0,PayPal,East,Delivered,170.87
7981,544,2024-08-02 22:48:39.696023,0.0,Bank Transfer,South,Shipped,2787.56
7982,315,2025-02-01 22:48:39.696024,0.0,Credit Card,East,Processing,1422.46
7983,21,2025-05-03 22:48:39.696024,0.0,Bank Transfer,South,Shipped,2426.1099999999997
7984,325,2024-09-20 22:48:39.696025,0.0,Bank Transfer,West,Shipped,1402.77
7985,597,2025-01-02 22:48:39.696026,0.0,Credit Card,South,Delivered,509.32
7986,748,2025-05-12 22:48:39.696027,0.0,PayPal,North,Delivered,1674.57
7987,56,2024-12-24 22:48:39.696027,0.0,Debit Card,South,Shipped,942.63
7988,191,2024-09-01 22:48:39.696028,0.0,Debit Card,West,Shipped,372.71999999999997
7989,772,2024-10-18 22:48:39.696029,0.0,Debit Card,East,Shipped,168.93
7990,921,2024-10-27 22:48:39.696030,0.0,Debit Card,East,Delivered,2480.59
7991,654,2025-07-03 22:48:39.696030,0.0,Debit Card,North,Shipped,602.19
7992,257,2024-12-30 22:48:39.696031,0.0,Credit Card,West,Shipped,2359.85
7993,59,2024-12-07 22:48:39.696032,0.0,Bank Transfer,North,Processing,2165.31
7994,843,2025-07-05 22:48:39.696033,0.0,Credit Card,West,Shipped,1076.6100000000001
7995,880,2024-08-06 22:48:39.696033,0.0,PayPal,East,Delivered,939.83
7996,905,2025-04-20 22:48:39.696034,0.0,Debit Card,West,Delivered,80.31
7997,846,2025-01-16 22:48:39.696035,0.0,Debit Card,South,Delivered,1484.1200000000001
7998,103,2025-02-04 22:48:39.696036,0.0,Debit Card,East,Delivered,2452.18
7999,365,2025-04-28 22:48:39.696036,0.0,PayPal,North,Processing,2020.3899999999999
8000,418,2025-01-25 22:48:39.696037,0.0,Bank Transfer,South,Processing,2408.1099999999997
8001,275,2024-11-14 22:48:39.696038,0.0,PayPal,South,Delivered,978.84
8002,974,2025-02-26 22:48:39.696038,0.0,Credit Card,East,Shipped,1074.4499999999998
8003,240,2024-11-21 22:48:39.696039,0.0,Debit Card,East,Processing,125.94
8004,315,2024-11-26 22:48:39.696040,0.0,Debit Card,West,Cancelled,2374.3
8005,447,2024-08-30 22:48:39.696041,0.0,PayPal,West,Shipped,535.98
8006,181,2024-12-09 22:48:39.696041,0.0,Bank Transfer,South,Shipped,3637.01
8007,429,2024-11-24 22:48:39.696042,0.0,Credit Card,North,Shipped,1556.0
8008,372,2024-12-11 22:48:39.696043,0.0,Bank Transfer,South,Cancelled,1662.9099999999999
8009,275,2025-01-24 22:48:39.696044,0.0,Credit Card,North,Delivered,1155.44
8010,738,2025-03-30 22:48:39.696044,0.0,PayPal,East,Delivered,1515.89
8011,82,2025-04-24 22:48:39.696045,0.0,Debit Card,North,Delivered,331.07
8012,162,2024-11-12 22:48:39.696046,0.0,PayPal,South,Delivered,1256.6
8013,731,2025-01-11 22:48:39.696047,0.0,Debit Card,West,Processing,1505.67
8014,263,2025-05-20 22:48:39.696047,0.0,Credit Card,South,Shipped,2188.69
8015,994,2024-08-13 22:48:39.696048,0.0,PayPal,South,Delivered,1340.1
8016,582,2025-01-20 22:48:39.696049,0.0,Debit Card,North,Delivered,575.21
8017,795,2025-07-08 22:48:39.696050,0.0,Credit Card,East,Processing,2086.0600000000004
8018,743,2024-12-13 22:48:39.696050,0.0,Bank Transfer,West,Shipped,1395.06
8019,44,2024-08-04 22:48:39.696051,0.0,Credit Card,South,Processing,3156.4999999999995
8020,581,2025-01-22 22:48:39.696052,0.0,Credit Card,North,Delivered,676.88
8021,401,2025-01-25 22:48:39.696053,0.0,PayPal,North,Processing,2151.6
8022,798,2024-09-18 22:48:39.696053,0.0,PayPal,North,Shipped,474.03
8023,775,2024-09-07 22:48:39.696054,0.0,Credit Card,North,Processing,392.76
8024,963,2025-07-04 22:48:39.696055,0.0,Credit Card,West,Shipped,1081.13
8025,373,2024-11-27 22:48:39.696056,0.0,PayPal,South,Delivered,183.04
8026,376,2024-07-30 22:48:39.696056,0.0,Bank Transfer,East,Processing,2054.84
8027,782,2024-09-07 22:48:39.696057,0.0,Debit Card,East,Shipped,1052.65
8028,71,2025-02-09 22:48:39.696058,0.0,Bank Transfer,North,Processing,2675.13
8029,814,2025-03-13 22:48:39.696059,0.0,Debit Card,West,Delivered,1087.57
8030,651,2025-03-21 22:48:39.696059,0.0,Bank Transfer,West,Processing,174.67
8031,81,2024-08-13 22:48:39.696060,0.0,Debit Card,West,Shipped,890.16
8032,257,2025-05-31 22:48:39.696061,0.0,Bank Transfer,West,Delivered,2413.73
8033,226,2024-10-13 22:48:39.696062,0.0,Bank Transfer,South,Delivered,217.86
8034,942,2025-01-26 22:48:39.696062,0.0,Bank Transfer,North,Shipped,918.26
8035,660,2025-04-28 22:48:39.696063,0.0,Bank Transfer,West,Processing,1260.02
8036,169,2025-03-12 22:48:39.696064,0.0,Credit Card,South,Shipped,659.8
8037,845,2025-04-19 22:48:39.696065,0.0,Debit Card,South,Processing,2032.23
8038,282,2025-04-06 22:48:39.696065,0.0,Credit Card,East,Shipped,1804.83
8039,720,2025-02-19 22:48:39.696066,0.0,Credit Card,South,Delivered,981.1
8040,891,2025-03-01 22:48:39.696067,0.0,Credit Card,North,Delivered,408.75
8041,575,2025-04-16 22:48:39.696068,0.0,Debit Card,East,Delivered,600.2
8042,302,2024-08-25 22:48:39.696068,0.0,Bank Transfer,East,Processing,867.51
8043,477,2025-03-24 22:48:39.696069,0.0,Bank Transfer,East,Processing,1958.5299999999997
8044,87,2024-07-26 22:48:39.696070,0.0,Credit Card,West,Delivered,1329.81
8045,64,2024-08-01 22:48:39.696071,0.0,Debit Card,West,Delivered,2215.3199999999997
8046,880,2025-07-04 22:48:39.696071,0.0,PayPal,North,Delivered,1103.38
8047,982,2024-10-02 22:48:39.696072,0.0,Credit Card,North,Shipped,466.19
8048,1000,2025-03-16 22:48:39.696073,0.0,Debit Card,North,Shipped,472.78
8049,816,2025-04-12 22:48:39.696074,0.0,Debit Card,West,Cancelled,2301.54
8050,966,2025-04-23 22:48:39.696074,0.0,Bank Transfer,West,Shipped,2980.34
8051,529,2025-01-06 22:48:39.696075,0.0,PayPal,East,Delivered,1301.08
8052,327,2024-11-10 22:48:39.696076,0.0,Debit Card,East,Shipped,459.47
8053,793,2024-12-02 22:48:39.696077,0.0,Credit Card,East,Shipped,11.72
8054,541,2024-09-21 22:48:39.696077,0.0,Credit Card,East,Delivered,1993.47
8055,858,2025-06-07 22:48:39.696078,0.0,PayPal,South,Processing,1079.4099999999999
8056,506,2024-11-30 22:48:39.696079,0.0,Bank Transfer,South,Delivered,1653.7599999999998
8057,156,2024-12-08 22:48:39.696080,0.0,Debit Card,South,Processing,1373.0500000000002
8058,902,2024-10-27 22:48:39.696080,0.0,PayPal,West,Processing,58.27
8059,390,2025-05-11 22:48:39.696081,0.0,Bank Transfer,West,Processing,378.14
8060,711,2025-03-28 22:48:39.696082,0.0,Credit Card,West,Shipped,1173.2
8061,704,2024-12-21 22:48:39.696082,0.0,Bank Transfer,East,Delivered,990.5999999999999
8062,744,2025-05-21 22:48:39.696083,0.0,PayPal,North,Shipped,2101.23
8063,983,2024-09-08 22:48:39.696084,0.0,PayPal,East,Shipped,2489.63
8064,466,2025-01-19 22:48:39.696085,0.0,Bank Transfer,East,Delivered,1219.51
8065,612,2024-12-07 22:48:39.696086,0.0,PayPal,North,Delivered,1555.74
8066,97,2024-12-13 22:48:39.696086,0.0,PayPal,West,Shipped,239.02
8067,309,2024-08-14 22:48:39.696087,0.0,Bank Transfer,North,Shipped,1489.92
8068,665,2024-08-10 22:48:39.696088,0.0,Credit Card,South,Delivered,3115.2799999999997
8069,596,2024-12-10 22:48:39.696088,0.0,Credit Card,North,Delivered,2572.86
8070,156,2025-02-03 22:48:39.696089,0.0,Debit Card,North,Delivered,3375.73
8071,741,2025-06-01 22:48:39.696090,0.0,PayPal,North,Shipped,267.54
8072,882,2025-02-07 22:48:39.696091,0.0,Debit Card,West,Delivered,1463.33
8073,331,2024-10-07 22:48:39.696091,0.0,PayPal,East,Processing,1040.7
8074,896,2025-05-24 22:48:39.696092,0.0,PayPal,North,Shipped,2052.18
8075,575,2025-01-13 22:48:39.696093,0.0,Debit Card,North,Delivered,1977.23
8076,338,2024-12-18 22:48:39.696094,0.0,PayPal,North,Delivered,655.66
8077,101,2025-05-23 22:48:39.696094,0.0,Debit Card,West,Delivered,1830.8600000000001
8078,202,2025-06-13 22:48:39.696095,0.0,PayPal,South,Delivered,2834.26
8079,248,2025-01-13 22:48:39.696096,0.0,PayPal,South,Delivered,2976.7700000000004
8080,300,2024-11-27 22:48:39.696096,0.0,Credit Card,North,Processing,248.2
8081,767,2025-05-23 22:48:39.696097,0.0,Bank Transfer,South,Shipped,950.0999999999999
8082,78,2025-02-26 22:48:39.696098,0.0,Bank Transfer,West,Delivered,2374.63
8083,948,2025-04-30 22:48:39.696099,0.0,PayPal,East,Delivered,3110.8999999999996
8084,66,2025-01-27 22:48:39.696099,0.0,Bank Transfer,West,Delivered,729.4699999999999
8085,63,2025-04-30 22:48:39.696100,0.0,PayPal,South,Delivered,1614.32
8086,183,2025-05-10 22:48:39.696101,0.0,Bank Transfer,East,Cancelled,1960.1299999999999
8087,671,2025-02-23 22:48:39.696102,0.0,PayPal,East,Shipped,366.18
8088,58,2025-07-08 22:48:39.696102,0.0,Bank Transfer,East,Shipped,3360.7
8089,199,2025-02-20 22:48:39.696103,0.0,Bank Transfer,East,Shipped,661.82
8090,739,2025-06-07 22:48:39.696104,0.0,Bank Transfer,East,Delivered,258.91
8091,189,2025-07-18 22:48:39.696105,0.0,PayPal,East,Delivered,414.38
8092,409,2025-01-19 22:48:39.696105,0.0,PayPal,West,Processing,2779.99
8093,5,2024-07-31 22:48:39.696106,0.0,Credit Card,North,Cancelled,1857.47
8094,771,2025-06-10 22:48:39.696107,0.0,Credit Card,East,Delivered,1281.31
8095,207,2024-12-01 22:48:39.696108,0.0,Credit Card,South,Delivered,940.04
8096,297,2025-03-23 22:48:39.696109,0.0,Bank Transfer,East,Shipped,77.4
8097,954,2024-11-30 22:48:39.696109,0.0,Debit Card,East,Processing,2618.75
8098,292,2024-09-20 22:48:39.696110,0.0,Credit Card,West,Delivered,1743.91
8099,738,2025-05-17 22:48:39.696111,0.0,Credit Card,East,Delivered,2623.55
8100,475,2025-03-03 22:48:39.696112,0.0,Credit Card,East,Delivered,1339.2900000000002
8101,653,2024-10-03 22:48:39.696112,0.0,Credit Card,North,Processing,1382.52
8102,520,2024-11-21 22:48:39.696113,0.0,PayPal,North,Delivered,1762.6
8103,367,2025-01-29 22:48:39.696114,0.0,Debit Card,East,Delivered,1227.33
8104,302,2025-06-18 22:48:39.696115,0.0,Debit Card,East,Delivered,1672.22
8105,822,2024-11-26 22:48:39.696115,0.0,Debit Card,South,Delivered,3856.39
8106,917,2025-05-17 22:48:39.696116,0.0,Debit Card,South,Delivered,1605.67
8107,770,2025-07-19 22:48:39.696117,0.0,Bank Transfer,West,Processing,2429.8499999999995
8108,169,2024-12-21 22:48:39.696118,0.0,Bank Transfer,South,Processing,2610.2
8109,314,2024-12-17 22:48:39.696118,0.0,Bank Transfer,South,Processing,2758.4800000000005
8110,565,2024-08-04 22:48:39.696119,0.0,Credit Card,East,Delivered,510.42
8111,471,2024-09-09 22:48:39.696120,0.0,Credit Card,West,Delivered,1565.05
8112,955,2025-02-10 22:48:39.696121,0.0,PayPal,East,Cancelled,793.88
8113,483,2024-08-27 22:48:39.696122,0.0,Bank Transfer,South,Delivered,3620.67
8114,570,2025-01-09 22:48:39.696122,0.0,Bank Transfer,East,Processing,1340.9
8115,46,2024-12-18 22:48:39.696123,0.0,Debit Card,West,Shipped,1846.0900000000001
8116,686,2024-08-05 22:48:39.696124,0.0,Debit Card,South,Delivered,3772.77
8117,54,2025-05-11 22:48:39.696125,0.0,Credit Card,West,Delivered,1545.18
8118,290,2025-06-20 22:48:39.696126,0.0,Bank Transfer,West,Delivered,1978.28
8119,228,2025-06-10 22:48:39.696127,0.0,Debit Card,North,Shipped,1772.8300000000002
8120,360,2024-12-12 22:48:39.696128,0.0,Bank Transfer,East,Processing,920.26
8121,983,2025-05-18 22:48:39.696129,0.0,PayPal,South,Delivered,1787.54
8122,876,2024-12-17 22:48:39.696129,0.0,PayPal,West,Delivered,4171.41
8123,124,2025-05-09 22:48:39.696130,0.0,PayPal,East,Delivered,1772.27
8124,810,2024-08-28 22:48:39.696131,0.0,PayPal,West,Processing,2891.46
8125,387,2024-10-28 22:48:39.696131,0.0,Bank Transfer,South,Delivered,631.41
8126,904,2024-12-27 22:48:39.696132,0.0,PayPal,West,Shipped,1550.63
8127,171,2025-02-09 22:48:39.696133,0.0,Credit Card,East,Shipped,1635.46
8128,623,2025-01-06 22:48:39.696134,0.0,Debit Card,South,Shipped,4278.6
8129,68,2024-12-02 22:48:39.696135,0.0,Bank Transfer,East,Cancelled,2743.94
8130,934,2025-04-29 22:48:39.696135,0.0,Credit Card,North,Processing,1954.98
8131,743,2025-02-19 22:48:39.696136,0.0,Credit Card,North,Delivered,984.89
8132,817,2024-12-25 22:48:39.696137,0.0,Debit Card,South,Delivered,2407.13
8133,401,2024-12-15 22:48:39.696137,0.0,PayPal,West,Delivered,1671.9399999999998
8134,809,2025-04-23 22:48:39.696138,0.0,Bank Transfer,North,Cancelled,2274.94
8135,980,2025-05-26 22:48:39.696139,0.0,PayPal,South,Processing,1413.6
8136,896,2025-04-20 22:48:39.696140,0.0,Debit Card,West,Delivered,234.51
8137,562,2024-12-20 22:48:39.696140,0.0,Credit Card,South,Delivered,1412.38
8138,881,2025-03-22 22:48:39.696141,0.0,Bank Transfer,South,Shipped,729.9000000000001
8139,998,2025-02-19 22:48:39.696142,0.0,Bank Transfer,South,Shipped,1889.87
8140,211,2025-03-03 22:48:39.696143,0.0,PayPal,East,Delivered,1335.54
8141,735,2025-05-17 22:48:39.696143,0.0,PayPal,North,Shipped,2560.3
8142,681,2024-07-26 22:48:39.696144,0.0,Debit Card,West,Processing,1477.1899999999998
8143,418,2025-05-11 22:48:39.696145,0.0,Debit Card,East,Processing,341.38
8144,59,2024-11-05 22:48:39.696146,0.0,Bank Transfer,North,Processing,194.21
8145,909,2025-06-20 22:48:39.696146,0.0,Credit Card,West,Processing,1690.74
8146,768,2024-07-23 22:48:39.696147,0.0,Debit Card,West,Cancelled,606.91
8147,580,2025-03-16 22:48:39.696148,0.0,Credit Card,West,Processing,2107.03
8148,823,2025-02-19 22:48:39.696149,0.0,Debit Card,North,Processing,1328.34
8149,609,2025-04-25 22:48:39.696149,0.0,PayPal,West,Delivered,343.67
8150,258,2025-02-17 22:48:39.696150,0.0,PayPal,West,Delivered,1190.45
8151,757,2025-01-30 22:48:39.696151,0.0,Debit Card,North,Delivered,859.6099999999999
8152,687,2024-09-10 22:48:39.696152,0.0,Credit Card,North,Processing,932.71
8153,727,2024-09-19 22:48:39.696152,0.0,Bank Transfer,East,Processing,106.47
8154,992,2025-03-03 22:48:39.696153,0.0,Bank Transfer,North,Delivered,1979.3200000000002
8155,956,2025-07-16 22:48:39.696154,0.0,Credit Card,South,Delivered,2533.37
8156,834,2024-09-25 22:48:39.696155,0.0,PayPal,East,Delivered,1157.1699999999998
8157,509,2025-01-07 22:48:39.696155,0.0,Bank Transfer,South,Processing,1772.8
8158,233,2024-11-11 22:48:39.696156,0.0,Credit Card,South,Delivered,2420.2799999999997
8159,178,2025-04-15 22:48:39.696157,0.0,Debit Card,South,Processing,1672.74
8160,138,2025-01-27 22:48:39.696157,0.0,PayPal,North,Delivered,1271.2
8161,291,2025-04-03 22:48:39.696158,0.0,PayPal,West,Shipped,2460.81
8162,763,2025-06-25 22:48:39.696159,0.0,Bank Transfer,North,Shipped,625.6800000000001
8163,482,2025-04-18 22:48:39.696160,0.0,PayPal,West,Processing,209.69
8164,219,2025-03-06 22:48:39.696160,0.0,Debit Card,West,Delivered,1227.33
8165,793,2025-01-31 22:48:39.696161,0.0,Bank Transfer,East,Processing,1728.96
8166,685,2024-09-16 22:48:39.696162,0.0,PayPal,West,Cancelled,1144.47
8167,263,2025-02-27 22:48:39.696163,0.0,Debit Card,North,Delivered,2167.25
8168,131,2024-10-25 22:48:39.696163,0.0,Credit Card,East,Shipped,1824.5100000000002
8169,54,2025-02-23 22:48:39.696164,0.0,PayPal,West,Processing,1917.0700000000002
8170,193,2025-01-20 22:48:39.696165,0.0,Bank Transfer,West,Processing,558.26
8171,572,2024-12-20 22:48:39.696166,0.0,Debit Card,West,Delivered,305.66999999999996
8172,247,2025-01-24 22:48:39.696166,0.0,Credit Card,South,Shipped,1271.4
8173,903,2025-01-10 22:48:39.696167,0.0,PayPal,North,Cancelled,2043.5299999999997
8174,68,2025-04-12 22:48:39.696168,0.0,PayPal,West,Processing,1408.47
8175,48,2025-02-14 22:48:39.696169,0.0,PayPal,South,Processing,1466.57
8176,791,2025-06-06 22:48:39.696169,0.0,Debit Card,East,Delivered,457.76
8177,596,2025-05-20 22:48:39.696170,0.0,Debit Card,East,Delivered,952.4399999999999
8178,421,2024-07-24 22:48:39.696171,0.0,Credit Card,East,Delivered,1478.49
8179,128,2024-12-27 22:48:39.696172,0.0,PayPal,West,Delivered,1453.02
8180,995,2024-08-19 22:48:39.696173,0.0,Bank Transfer,East,Delivered,1861.89
8181,613,2025-05-04 22:48:39.696173,0.0,PayPal,South,Processing,1056.1399999999999
8182,486,2024-12-20 22:48:39.696174,0.0,PayPal,West,Processing,4085.68
8183,737,2024-12-19 22:48:39.696175,0.0,Credit Card,South,Delivered,2259.87
8184,810,2024-12-08 22:48:39.696176,0.0,Debit Card,East,Shipped,2194.29
8185,360,2025-04-20 22:48:39.696176,0.0,Bank Transfer,East,Delivered,2300.37
8186,514,2024-08-06 22:48:39.696177,0.0,Credit Card,North,Delivered,2876.6000000000004
8187,352,2024-11-17 22:48:39.696178,0.0,Debit Card,East,Shipped,1872.94
8188,435,2025-05-02 22:48:39.696178,0.0,Credit Card,East,Shipped,2038.62
8189,840,2025-04-05 22:48:39.696179,0.0,Bank Transfer,North,Cancelled,2301.02
8190,74,2024-11-22 22:48:39.696180,0.0,Bank Transfer,South,Shipped,2531.56
8191,733,2025-02-21 22:48:39.696181,0.0,Debit Card,South,Processing,393.18
8192,177,2025-03-17 22:48:39.696181,0.0,Bank Transfer,East,Delivered,3449.06
8193,75,2025-02-09 22:48:39.696182,0.0,Bank Transfer,North,Shipped,1321.64
8194,467,2024-07-25 22:48:39.696183,0.0,Bank Transfer,East,Delivered,1010.1899999999999
8195,621,2025-04-21 22:48:39.696184,0.0,Debit Card,South,Shipped,2058.3
8196,134,2025-05-17 22:48:39.696184,0.0,Credit Card,South,Shipped,2882.46
8197,9,2025-03-19 22:48:39.696185,0.0,PayPal,West,Delivered,707.4200000000001
8198,122,2024-12-26 22:48:39.696186,0.0,PayPal,South,Delivered,2276.19
8199,875,2024-09-06 22:48:39.696187,0.0,Debit Card,North,Shipped,884.12
8200,779,2024-11-30 22:48:39.696187,0.0,PayPal,East,Delivered,2754.1
8201,484,2025-05-08 22:48:39.696188,0.0,PayPal,North,Delivered,1418.29
8202,424,2024-12-01 22:48:39.696189,0.0,Debit Card,North,Delivered,70.98
8203,102,2025-02-13 22:48:39.696190,0.0,PayPal,West,Delivered,1028.78
8204,475,2025-01-28 22:48:39.696190,0.0,Credit Card,East,Delivered,511.33
8205,15,2025-04-14 22:48:39.696191,0.0,Debit Card,North,Delivered,1279.8000000000002
8206,660,2025-06-19 22:48:39.696192,0.0,Bank Transfer,West,Processing,1300.54
8207,428,2025-05-12 22:48:39.696193,0.0,Bank Transfer,East,Shipped,707.3100000000001
8208,234,2024-07-22 22:48:39.696193,0.0,Credit Card,East,Delivered,1327.17
8209,311,2024-08-15 22:48:39.696194,0.0,Credit Card,West,Delivered,3433.02
8210,239,2025-03-31 22:48:39.696195,0.0,Bank Transfer,West,Cancelled,2168.41
8211,34,2024-11-22 22:48:39.696196,0.0,PayPal,South,Shipped,2526.41
8212,996,2025-03-29 22:48:39.696197,0.0,Credit Card,East,Delivered,53.76
8213,275,2024-10-24 22:48:39.696197,0.0,Debit Card,North,Shipped,3924.6899999999996
8214,822,2024-12-14 22:48:39.696198,0.0,PayPal,South,Delivered,786.5999999999999
8215,699,2025-04-13 22:48:39.696199,0.0,PayPal,South,Shipped,933.6
8216,979,2025-03-17 22:48:39.696200,0.0,Credit Card,West,Delivered,2302.96
8217,280,2025-02-03 22:48:39.696200,0.0,Bank Transfer,East,Processing,1489.61
8218,231,2025-04-22 22:48:39.696201,0.0,Bank Transfer,South,Delivered,2714.25
8219,423,2025-01-24 22:48:39.696202,0.0,Debit Card,North,Delivered,470.64
8220,529,2025-07-08 22:48:39.696202,0.0,Credit Card,South,Processing,44.7
8221,590,2025-06-14 22:48:39.696203,0.0,Credit Card,South,Delivered,2436.81
8222,793,2025-01-07 22:48:39.696204,0.0,PayPal,East,Delivered,66.56
8223,973,2024-08-26 22:48:39.696205,0.0,Bank Transfer,East,Delivered,2192.0
8224,278,2024-09-15 22:48:39.696205,0.0,Credit Card,South,Delivered,973.1400000000001
8225,177,2024-08-01 22:48:39.696206,0.0,Bank Transfer,South,Processing,128.88
8226,653,2025-05-01 22:48:39.696207,0.0,Bank Transfer,East,Shipped,2043.0099999999998
8227,291,2025-06-08 22:48:39.696208,0.0,Credit Card,South,Shipped,968.82
8228,469,2024-07-22 22:48:39.696208,0.0,Bank Transfer,East,Delivered,2200.15
8229,831,2024-12-12 22:48:39.696209,0.0,PayPal,North,Processing,1031.54
8230,983,2025-05-05 22:48:39.696210,0.0,Credit Card,West,Delivered,1591.3500000000001
8231,945,2025-06-30 22:48:39.696211,0.0,Credit Card,East,Delivered,776.38
8232,481,2025-03-05 22:48:39.696211,0.0,PayPal,South,Delivered,1543.94
8233,135,2025-01-14 22:48:39.696212,0.0,Debit Card,North,Processing,474.03
8234,801,2024-10-26 22:48:39.696213,0.0,Credit Card,South,Delivered,3256.43
8235,7,2025-02-02 22:48:39.696214,0.0,PayPal,West,Delivered,2320.87
8236,893,2024-09-26 22:48:39.696215,0.0,Credit Card,South,Cancelled,2896.25
8237,541,2025-03-28 22:48:39.696215,0.0,Debit Card,South,Delivered,1699.38
8238,986,2025-05-14 22:48:39.696216,0.0,Credit Card,North,Delivered,2123.8
8239,606,2025-06-01 22:48:39.696217,0.0,Bank Transfer,West,Delivered,1958.03
8240,519,2025-03-12 22:48:39.696218,0.0,Debit Card,East,Shipped,2469.84
8241,545,2024-10-19 22:48:39.696218,0.0,PayPal,West,Delivered,2118.41
8242,214,2024-10-24 22:48:39.696219,0.0,PayPal,West,Processing,2143.52
8243,406,2024-12-16 22:48:39.696220,0.0,Credit Card,North,Delivered,372.18
8244,178,2025-05-03 22:48:39.696221,0.0,PayPal,West,Delivered,1484.85
8245,619,2024-09-20 22:48:39.696221,0.0,PayPal,West,Delivered,1734.71
8246,244,2024-12-18 22:48:39.696222,0.0,PayPal,North,Shipped,1300.59
8247,79,2025-04-21 22:48:39.696223,0.0,PayPal,North,Processing,1366.79
8248,593,2024-09-29 22:48:39.696224,0.0,PayPal,East,Processing,347.86
8249,122,2024-11-15 22:48:39.696224,0.0,Credit Card,South,Processing,1972.51
8250,867,2025-03-25 22:48:39.696225,0.0,PayPal,East,Delivered,411.83000000000004
8251,350,2024-12-25 22:48:39.696226,0.0,Credit Card,South,Delivered,1372.33
8252,668,2024-11-19 22:48:39.696226,0.0,Credit Card,West,Cancelled,352.4
8253,207,2024-07-23 22:48:39.696227,0.0,Debit Card,East,Delivered,2730.94
8254,114,2025-07-06 22:48:39.696228,0.0,Debit Card,North,Delivered,908.41
8255,465,2025-03-15 22:48:39.696229,0.0,Debit Card,North,Delivered,773.04
8256,245,2024-12-19 22:48:39.696230,0.0,Debit Card,West,Delivered,2739.71
8257,934,2025-01-03 22:48:39.696230,0.0,Debit Card,South,Shipped,151.96
8258,625,2025-05-02 22:48:39.696231,0.0,PayPal,West,Shipped,2347.13
8259,749,2025-07-06 22:48:39.696232,0.0,Bank Transfer,North,Delivered,4131.27
8260,833,2024-12-20 22:48:39.696232,0.0,PayPal,South,Processing,1671.63
8261,463,2024-10-03 22:48:39.696233,0.0,Credit Card,East,Processing,362.14
8262,112,2025-05-18 22:48:39.696234,0.0,Credit Card,North,Delivered,1354.11
8263,51,2025-02-06 22:48:39.696235,0.0,PayPal,East,Processing,44.77
8264,887,2024-08-30 22:48:39.696236,0.0,PayPal,South,Shipped,625.6800000000001
8265,343,2024-12-25 22:48:39.696236,0.0,PayPal,South,Shipped,1635.76
8266,719,2024-11-16 22:48:39.696237,0.0,Credit Card,West,Processing,1439.28
8267,194,2025-06-14 22:48:39.696238,0.0,Debit Card,North,Shipped,2548.71
8268,753,2024-09-05 22:48:39.696239,0.0,Credit Card,East,Processing,1970.84
8269,947,2025-06-12 22:48:39.696239,0.0,Debit Card,South,Delivered,782.81
8270,76,2025-06-10 22:48:39.696240,0.0,Credit Card,East,Delivered,669.94
8271,153,2025-03-30 22:48:39.696241,0.0,Credit Card,South,Delivered,2403.54
8272,556,2024-11-19 22:48:39.696242,0.0,Debit Card,North,Delivered,3495.33
8273,220,2024-08-10 22:48:39.696242,0.0,PayPal,West,Processing,1545.0
8274,362,2025-03-12 22:48:39.696243,0.0,PayPal,South,Delivered,2908.27
8275,171,2025-07-13 22:48:39.696244,0.0,Bank Transfer,North,Processing,562.46
8276,259,2025-07-15 22:48:39.696245,0.0,Bank Transfer,North,Processing,193.27
8277,383,2024-08-14 22:48:39.696245,0.0,Debit Card,East,Delivered,3285.35
8278,288,2025-04-28 22:48:39.696246,0.0,Debit Card,West,Processing,1729.56
8279,330,2024-12-02 22:48:39.696247,0.0,Bank Transfer,South,Shipped,1080.69
8280,360,2025-01-31 22:48:39.696247,0.0,Debit Card,South,Delivered,2458.3900000000003
8281,143,2024-07-23 22:48:39.696248,0.0,Credit Card,East,Delivered,2542.8900000000003
8282,703,2024-09-08 22:48:39.696249,0.0,Bank Transfer,East,Shipped,842.1299999999999
8283,648,2024-12-09 22:48:39.696250,0.0,Debit Card,South,Cancelled,490.7
8284,307,2025-03-12 22:48:39.696251,0.0,Bank Transfer,East,Delivered,1261.72
8285,819,2025-03-23 22:48:39.696251,0.0,Credit Card,South,Delivered,1695.62
8286,162,2024-08-03 22:48:39.696252,0.0,Debit Card,South,Cancelled,304.06
8287,446,2025-01-04 22:48:39.696253,0.0,PayPal,North,Processing,1351.92
8288,701,2024-09-04 22:48:39.696254,0.0,PayPal,South,Shipped,1484.82
8289,330,2024-11-21 22:48:39.696254,0.0,Bank Transfer,North,Shipped,912.14
8290,605,2024-10-19 22:48:39.696255,0.0,Credit Card,North,Delivered,1080.1
8291,477,2025-07-06 22:48:39.696256,0.0,PayPal,West,Processing,1032.21
8292,585,2025-01-15 22:48:39.696257,0.0,PayPal,East,Delivered,2272.5299999999997
8293,668,2025-05-28 22:48:39.696257,0.0,Bank Transfer,South,Cancelled,1376.1399999999999
8294,938,2025-06-02 22:48:39.696258,0.0,Credit Card,East,Cancelled,271.29
8295,88,2024-12-25 22:48:39.696259,0.0,Debit Card,West,Delivered,339.09000000000003
8296,714,2025-03-01 22:48:39.696260,0.0,Debit Card,West,Delivered,150.14
8297,399,2025-05-02 22:48:39.696260,0.0,Credit Card,East,Delivered,16.06
8298,154,2024-09-21 22:48:39.696261,0.0,Bank Transfer,South,Delivered,112.52
8299,550,2024-12-23 22:48:39.696262,0.0,Credit Card,North,Shipped,730.26
8300,508,2025-04-01 22:48:39.696263,0.0,Bank Transfer,South,Delivered,813.8700000000001
8301,775,2025-03-30 22:48:39.696263,0.0,Debit Card,East,Delivered,2904.68
8302,373,2025-03-11 22:48:39.696264,0.0,Credit Card,South,Delivered,1946.9499999999998
8303,892,2025-04-11 22:48:39.696265,0.0,PayPal,South,Delivered,2176.5699999999997
8304,829,2024-09-04 22:48:39.696266,0.0,Debit Card,North,Processing,2029.1
8305,309,2025-01-29 22:48:39.696266,0.0,PayPal,West,Delivered,2531.79
8306,697,2025-05-16 22:48:39.696267,0.0,Bank Transfer,South,Delivered,1902.27
8307,848,2025-03-20 22:48:39.696268,0.0,Credit Card,East,Shipped,2394.55
8308,559,2024-09-04 22:48:39.696269,0.0,Bank Transfer,South,Shipped,1684.91
8309,612,2025-06-29 22:48:39.696269,0.0,Debit Card,West,Shipped,2665.48
8310,792,2024-12-02 22:48:39.696270,0.0,Debit Card,North,Delivered,546.54
8311,123,2025-01-30 22:48:39.696271,0.0,Debit Card,East,Shipped,978.5600000000001
8312,179,2024-08-03 22:48:39.696272,0.0,Credit Card,West,Delivered,598.12
8313,141,2025-04-01 22:48:39.696272,0.0,Bank Transfer,East,Delivered,889.4399999999999
8314,392,2025-05-05 22:48:39.696273,0.0,Bank Transfer,West,Processing,882.1899999999999
8315,224,2025-03-25 22:48:39.696274,0.0,Debit Card,East,Processing,2020.79
8316,590,2024-08-21 22:48:39.696274,0.0,Bank Transfer,East,Processing,1600.66
8317,563,2024-10-29 22:48:39.696275,0.0,Debit Card,North,Delivered,1583.88
8318,12,2024-11-01 22:48:39.696276,0.0,Credit Card,South,Delivered,1808.1
8319,440,2024-08-04 22:48:39.696277,0.0,Debit Card,West,Processing,1232.1399999999999
8320,206,2024-08-17 22:48:39.696278,0.0,Debit Card,West,Shipped,2764.65
8321,500,2024-10-17 22:48:39.696278,0.0,Debit Card,North,Delivered,2452.83
8322,315,2024-08-02 22:48:39.696279,0.0,Credit Card,North,Shipped,2813.0699999999997
8323,349,2025-05-16 22:48:39.696280,0.0,Credit Card,East,Delivered,1228.02
8324,876,2024-10-02 22:48:39.696281,0.0,Credit Card,West,Cancelled,966.72
8325,1000,2025-04-01 22:48:39.696281,0.0,PayPal,South,Delivered,1966.8899999999999
8326,748,2025-02-28 22:48:39.696282,0.0,Credit Card,West,Delivered,2404.69
8327,352,2024-12-20 22:48:39.696283,0.0,PayPal,East,Delivered,2339.43
8328,463,2024-08-29 22:48:39.696284,0.0,Bank Transfer,South,Shipped,2944.3199999999997
8329,216,2025-04-09 22:48:39.696284,0.0,PayPal,West,Delivered,3199.09
8330,56,2025-02-08 22:48:39.696285,0.0,Debit Card,South,Delivered,1697.13
8331,597,2025-03-31 22:48:39.696286,0.0,PayPal,North,Processing,175.69
8332,88,2024-12-05 22:48:39.696287,0.0,PayPal,West,Processing,1694.29
8333,191,2025-04-06 22:48:39.696287,0.0,PayPal,West,Delivered,1918.42
8334,660,2025-05-26 22:48:39.696288,0.0,Credit Card,East,Cancelled,1536.96
8335,176,2024-12-02 22:48:39.696289,0.0,Credit Card,East,Delivered,1057.12
8336,675,2024-09-30 22:48:39.696290,0.0,Bank Transfer,North,Delivered,187.5
8337,219,2025-03-10 22:48:39.696291,0.0,Bank Transfer,North,Delivered,1180.8700000000001
8338,118,2025-01-23 22:48:39.696291,0.0,Debit Card,West,Shipped,1241.49
8339,423,2025-04-26 22:48:39.696292,0.0,Bank Transfer,East,Delivered,2849.09
8340,741,2025-07-11 22:48:39.696293,0.0,Credit Card,North,Shipped,2176.02
8341,492,2025-04-11 22:48:39.696294,0.0,Bank Transfer,East,Delivered,257.94
8342,414,2025-04-13 22:48:39.696294,0.0,Credit Card,East,Cancelled,1209.9299999999998
8343,222,2025-05-02 22:48:39.696295,0.0,Debit Card,East,Processing,1819.01
8344,414,2024-09-23 22:48:39.696296,0.0,Credit Card,South,Shipped,1212.23
8345,299,2025-04-27 22:48:39.696296,0.0,PayPal,South,Processing,542.04
8346,1,2025-01-05 22:48:39.696297,0.0,PayPal,North,Delivered,3107.33
8347,318,2024-09-26 22:48:39.696298,0.0,Credit Card,West,Processing,597.41
8348,369,2025-02-18 22:48:39.696299,0.0,Credit Card,East,Processing,934.78
8349,684,2024-07-23 22:48:39.696299,0.0,Bank Transfer,North,Delivered,1473.31
8350,971,2025-04-22 22:48:39.696300,0.0,Bank Transfer,South,Delivered,714.51
8351,253,2025-06-06 22:48:39.696301,0.0,Bank Transfer,North,Cancelled,1289.3200000000002
8352,345,2024-08-08 22:48:39.696302,0.0,Bank Transfer,West,Shipped,474.62
8353,501,2025-03-01 22:48:39.696303,0.0,PayPal,South,Delivered,2598.1800000000003
8354,408,2024-11-11 22:48:39.696303,0.0,Debit Card,West,Delivered,2224.2
8355,228,2024-12-14 22:48:39.696304,0.0,Bank Transfer,East,Cancelled,95.12
8356,36,2024-09-02 22:48:39.696305,0.0,Bank Transfer,West,Processing,724.19
8357,23,2025-05-29 22:48:39.696306,0.0,Bank Transfer,North,Processing,727.66
8358,240,2025-03-30 22:48:39.696306,0.0,Debit Card,South,Delivered,1806.94
8359,53,2024-11-03 22:48:39.696307,0.0,Debit Card,East,Cancelled,1235.8
8360,801,2025-06-08 22:48:39.696308,0.0,Credit Card,West,Shipped,671.78
8361,103,2024-12-02 22:48:39.696309,0.0,Credit Card,South,Delivered,1236.32
8362,394,2025-06-28 22:48:39.696310,0.0,Debit Card,East,Delivered,77.89
8363,707,2024-08-27 22:48:39.696310,0.0,Bank Transfer,South,Delivered,2142.9
8364,601,2025-06-17 22:48:39.696311,0.0,PayPal,West,Delivered,1736.0700000000002
8365,932,2025-02-23 22:48:39.696312,0.0,PayPal,West,Delivered,2719.96
8366,978,2025-05-27 22:48:39.696313,0.0,Debit Card,East,Delivered,181.23
8367,409,2025-02-03 22:48:39.696313,0.0,Credit Card,East,Processing,878.3399999999999
8368,480,2025-01-07 22:48:39.696314,0.0,Debit Card,North,Delivered,4384.48
8369,811,2025-03-27 22:48:39.696315,0.0,Credit Card,West,Shipped,1336.75
8370,863,2024-12-10 22:48:39.696316,0.0,Credit Card,North,Delivered,1156.83
8371,677,2024-10-11 22:48:39.696316,0.0,Credit Card,South,Delivered,537.98
8372,740,2024-07-24 22:48:39.696317,0.0,PayPal,North,Shipped,1788.08
8373,55,2024-12-18 22:48:39.696318,0.0,PayPal,West,Delivered,904.74
8374,864,2024-12-06 22:48:39.696319,0.0,Bank Transfer,North,Processing,2576.49
8375,778,2024-10-29 22:48:39.696319,0.0,Debit Card,South,Shipped,745.16
8376,791,2024-09-02 22:48:39.696320,0.0,Credit Card,North,Delivered,2494.35
8377,639,2025-05-03 22:48:39.696321,0.0,Bank Transfer,North,Delivered,834.72
8378,944,2025-02-14 22:48:39.696322,0.0,PayPal,West,Processing,671.92
8379,920,2025-07-14 22:48:39.696322,0.0,Credit Card,South,Delivered,1144.92
8380,490,2025-04-02 22:48:39.696323,0.0,Debit Card,West,Cancelled,1997.7400000000002
8381,680,2024-10-11 22:48:39.696324,0.0,Credit Card,East,Delivered,500.53999999999996
8382,709,2024-12-11 22:48:39.696325,0.0,Credit Card,East,Delivered,606.43
8383,280,2025-06-23 22:48:39.696325,0.0,PayPal,West,Shipped,2066.67
8384,330,2025-06-22 22:48:39.696326,0.0,Bank Transfer,East,Processing,1451.16
8385,502,2025-01-09 22:48:39.696327,0.0,Bank Transfer,South,Delivered,3866.21
8386,402,2024-12-18 22:48:39.696328,0.0,Bank Transfer,West,Delivered,1578.33
8387,841,2025-01-08 22:48:39.696328,0.0,PayPal,North,Delivered,1303.9
8388,143,2024-11-25 22:48:39.696329,0.0,Bank Transfer,North,Shipped,1752.33
8389,187,2025-05-21 22:48:39.696330,0.0,Credit Card,West,Delivered,978.93
8390,882,2025-01-22 22:48:39.696330,0.0,Bank Transfer,South,Delivered,2430.68
8391,169,2025-01-13 22:48:39.696331,0.0,Credit Card,West,Shipped,2542.62
8392,852,2025-06-12 22:48:39.696332,0.0,PayPal,East,Processing,758.85
8393,451,2024-08-20 22:48:39.696333,0.0,Debit Card,North,Delivered,3527.64
8394,44,2025-07-11 22:48:39.696333,0.0,Credit Card,East,Shipped,528.52
8395,83,2025-07-06 22:48:39.696334,0.0,Debit Card,West,Shipped,2088.96
8396,570,2025-04-03 22:48:39.696335,0.0,Credit Card,South,Cancelled,1325.08
8397,808,2024-11-09 22:48:39.696336,0.0,PayPal,West,Processing,1656.5
8398,32,2024-12-20 22:48:39.696337,0.0,Credit Card,North,Delivered,2598.32
8399,603,2025-05-27 22:48:39.696337,0.0,Bank Transfer,East,Shipped,326.96000000000004
8400,299,2025-07-05 22:48:39.696338,0.0,Debit Card,North,Delivered,170.99
8401,91,2024-07-31 22:48:39.696339,0.0,Credit Card,East,Delivered,2324.2400000000002
8402,800,2024-12-23 22:48:39.696340,0.0,PayPal,West,Delivered,2659.62
8403,265,2024-07-27 22:48:39.696340,0.0,PayPal,West,Shipped,511.57
8404,226,2024-12-15 22:48:39.696341,0.0,Debit Card,South,Delivered,787.04
8405,216,2024-12-17 22:48:39.696342,0.0,Debit Card,West,Processing,1498.45
8406,910,2025-06-16 22:48:39.696343,0.0,PayPal,West,Delivered,1265.61
8407,524,2025-05-23 22:48:39.696343,0.0,PayPal,North,Shipped,1487.06
8408,155,2024-08-19 22:48:39.696344,0.0,Debit Card,West,Processing,1802.34
8409,536,2024-12-19 22:48:39.696345,0.0,Debit Card,West,Processing,842.3
8410,129,2025-03-15 22:48:39.696346,0.0,Debit Card,North,Delivered,2430.33
8411,220,2025-03-01 22:48:39.696346,0.0,PayPal,North,Processing,1791.44
8412,617,2025-03-31 22:48:39.696347,0.0,Bank Transfer,North,Delivered,1632.56
8413,333,2024-10-16 22:48:39.696348,0.0,Bank Transfer,North,Processing,355.12
8414,482,2024-10-07 22:48:39.696349,0.0,PayPal,North,Processing,207.82
8415,102,2025-03-11 22:48:39.696349,0.0,PayPal,North,Shipped,727.34
8416,172,2024-08-31 22:48:39.696350,0.0,Debit Card,West,Delivered,2689.9799999999996
8417,825,2025-07-01 22:48:39.696351,0.0,PayPal,East,Shipped,508.11
8418,678,2025-03-22 22:48:39.696352,0.0,PayPal,South,Shipped,707.3100000000001
8419,737,2025-02-12 22:48:39.696352,0.0,PayPal,West,Processing,1170.8
8420,380,2024-12-28 22:48:39.696353,0.0,Debit Card,North,Delivered,1911.02
8421,388,2025-07-19 22:48:39.696354,0.0,PayPal,West,Delivered,1898.08
8422,269,2025-04-29 22:48:39.696355,0.0,Bank Transfer,North,Cancelled,1922.0
8423,770,2025-01-23 22:48:39.696355,0.0,Debit Card,East,Shipped,1747.6699999999998
8424,545,2024-12-03 22:48:39.696356,0.0,PayPal,North,Shipped,3430.1899999999996
8425,279,2025-02-16 22:48:39.696357,0.0,Bank Transfer,South,Shipped,1838.03
8426,403,2024-10-27 22:48:39.696358,0.0,Credit Card,South,Shipped,558.27
8427,791,2025-04-04 22:48:39.696358,0.0,Debit Card,East,Shipped,958.23
8428,817,2025-07-06 22:48:39.696359,0.0,Debit Card,East,Delivered,1670.77
8429,369,2024-10-31 22:48:39.696360,0.0,Bank Transfer,West,Delivered,467.62
8430,457,2025-04-15 22:48:39.696361,0.0,Credit Card,North,Processing,75.98
8431,560,2024-11-01 22:48:39.696361,0.0,Bank Transfer,West,Delivered,1025.51
8432,931,2025-02-20 22:48:39.696362,0.0,Bank Transfer,South,Cancelled,48.36
8433,676,2025-03-05 22:48:39.696363,0.0,Debit Card,South,Delivered,939.74
8434,724,2024-12-27 22:48:39.696364,0.0,Bank Transfer,South,Shipped,762.9300000000001
8435,64,2024-08-03 22:48:39.696364,0.0,Bank Transfer,East,Delivered,1070.28
8436,430,2025-05-15 22:48:39.696365,0.0,PayPal,West,Delivered,1589.62
8437,494,2024-11-08 22:48:39.696366,0.0,Credit Card,North,Processing,478.46
8438,707,2024-12-01 22:48:39.696367,0.0,PayPal,North,Delivered,1433.86
8439,138,2024-08-19 22:48:39.696367,0.0,Credit Card,East,Delivered,2902.54
8440,662,2025-05-13 22:48:39.696368,0.0,Bank Transfer,West,Delivered,2826.89
8441,268,2025-01-05 22:48:39.696369,0.0,PayPal,South,Shipped,1834.1499999999999
8442,662,2025-02-25 22:48:39.696370,0.0,Debit Card,West,Delivered,932.38
8443,162,2025-05-10 22:48:39.696370,0.0,Credit Card,West,Delivered,499.85
8444,513,2025-04-20 22:48:39.696371,0.0,Debit Card,North,Delivered,300.96
8445,715,2024-12-27 22:48:39.696372,0.0,PayPal,North,Delivered,906.48
8446,317,2024-09-06 22:48:39.696373,0.0,Bank Transfer,West,Processing,3020.16
8447,757,2025-05-26 22:48:39.696373,0.0,PayPal,East,Delivered,585.72
8448,136,2024-12-22 22:48:39.696374,0.0,Bank Transfer,West,Delivered,955.26
8449,879,2025-03-12 22:48:39.696375,0.0,Bank Transfer,East,Shipped,562.5
8450,130,2025-07-03 22:48:39.696376,0.0,PayPal,East,Delivered,2289.9700000000003
8451,986,2025-01-09 22:48:39.696376,0.0,Debit Card,South,Delivered,1876.8299999999997
8452,201,2024-09-28 22:48:39.696377,0.0,PayPal,East,Shipped,631.85
8453,473,2025-05-18 22:48:39.696378,0.0,PayPal,West,Shipped,1631.65
8454,439,2025-05-09 22:48:39.696379,0.0,Credit Card,East,Shipped,1070.1
8455,804,2024-10-12 22:48:39.696379,0.0,PayPal,West,Delivered,1915.47
8456,100,2025-07-01 22:48:39.696380,0.0,PayPal,East,Shipped,3315.0
8457,473,2024-10-29 22:48:39.696381,0.0,PayPal,South,Processing,1440.33
8458,353,2025-01-12 22:48:39.696382,0.0,Bank Transfer,North,Processing,2252.08
8459,240,2024-12-10 22:48:39.696383,0.0,Bank Transfer,East,Shipped,632.0999999999999
8460,508,2025-03-31 22:48:39.696384,0.0,Credit Card,South,Cancelled,1520.83
8461,42,2025-07-05 22:48:39.696385,0.0,Credit Card,West,Shipped,1689.26
8462,310,2025-01-19 22:48:39.696386,0.0,Bank Transfer,North,Delivered,680.16
8463,193,2024-09-04 22:48:39.696386,0.0,Bank Transfer,East,Shipped,2831.42
8464,194,2024-09-29 22:48:39.696387,0.0,Debit Card,West,Delivered,2316.5600000000004
8465,993,2024-12-09 22:48:39.696388,0.0,Bank Transfer,West,Shipped,20.11
8466,178,2024-09-20 22:48:39.696389,0.0,Bank Transfer,East,Delivered,695.89
8467,828,2025-02-25 22:48:39.696390,0.0,Credit Card,West,Processing,236.39999999999998
8468,165,2024-08-13 22:48:39.696390,0.0,Credit Card,East,Processing,3180.27
8469,471,2025-05-22 22:48:39.696391,0.0,Debit Card,South,Delivered,213.29
8470,121,2025-04-10 22:48:39.696392,0.0,PayPal,North,Delivered,2273.19
8471,414,2025-04-11 22:48:39.696393,0.0,Debit Card,East,Delivered,3113.91
8472,928,2025-04-23 22:48:39.696393,0.0,Bank Transfer,West,Shipped,438.75
8473,702,2025-06-04 22:48:39.696394,0.0,PayPal,East,Delivered,2623.2299999999996
8474,574,2025-04-18 22:48:39.696395,0.0,Bank Transfer,North,Processing,491.42
8475,38,2025-04-05 22:48:39.696396,0.0,Bank Transfer,East,Processing,2831.6
8476,919,2025-05-23 22:48:39.696396,0.0,PayPal,South,Shipped,2009.8600000000001
8477,920,2024-12-27 22:48:39.696397,0.0,Credit Card,East,Shipped,84.75
8478,933,2024-12-16 22:48:39.696398,0.0,Bank Transfer,East,Delivered,177.73
8479,436,2025-04-30 22:48:39.696398,0.0,PayPal,East,Processing,2868.51
8480,560,2024-08-04 22:48:39.696399,0.0,Credit Card,South,Shipped,1921.1699999999998
8481,848,2025-05-30 22:48:39.696400,0.0,Debit Card,East,Processing,1597.75
8482,580,2025-04-03 22:48:39.696401,0.0,Bank Transfer,West,Delivered,1279.1399999999999
8483,418,2024-10-26 22:48:39.696402,0.0,Debit Card,West,Delivered,1470.3899999999999
8484,636,2024-11-04 22:48:39.696402,0.0,PayPal,East,Delivered,1884.51
8485,299,2024-12-08 22:48:39.696403,0.0,Credit Card,East,Delivered,1570.64
8486,475,2024-12-11 22:48:39.696404,0.0,Credit Card,South,Shipped,1214.02
8487,575,2025-07-03 22:48:39.696405,0.0,Debit Card,East,Shipped,203.57999999999998
8488,617,2025-05-25 22:48:39.696405,0.0,PayPal,West,Shipped,2202.44
8489,862,2024-10-07 22:48:39.696406,0.0,Debit Card,East,Delivered,347.18
8490,90,2025-07-04 22:48:39.696407,0.0,Bank Transfer,East,Shipped,3781.74
8491,215,2025-03-14 22:48:39.696408,0.0,Bank Transfer,West,Delivered,2270.46
8492,84,2024-10-23 22:48:39.696408,0.0,Bank Transfer,South,Shipped,1870.2
8493,343,2024-09-20 22:48:39.696409,0.0,PayPal,North,Delivered,574.4
8494,820,2025-07-09 22:48:39.696410,0.0,Bank Transfer,South,Delivered,1280.93
8495,906,2024-12-13 22:48:39.696411,0.0,Credit Card,East,Processing,1220.92
8496,923,2025-07-18 22:48:39.696411,0.0,PayPal,North,Processing,2359.64
8497,983,2025-02-26 22:48:39.696412,0.0,Credit Card,South,Delivered,2425.75
8498,355,2024-12-21 22:48:39.696413,0.0,Bank Transfer,West,Shipped,699.25
8499,558,2025-07-02 22:48:39.696414,0.0,PayPal,South,Delivered,1084.54
8500,343,2024-12-24 22:48:39.696414,0.0,Debit Card,North,Delivered,1351.92
8501,354,2024-09-16 22:48:39.696415,0.0,PayPal,West,Delivered,1493.95
8502,72,2025-06-24 22:48:39.696416,0.0,Credit Card,South,Shipped,738.97
8503,190,2025-04-16 22:48:39.696417,0.0,Bank Transfer,South,Shipped,1971.67
8504,484,2024-10-31 22:48:39.696417,0.0,Bank Transfer,East,Cancelled,2461.81
8505,839,2024-12-08 22:48:39.696418,0.0,Debit Card,South,Processing,1761.51
8506,770,2024-10-29 22:48:39.696419,0.0,Credit Card,South,Shipped,726.54
8507,376,2025-05-16 22:48:39.696420,0.0,Bank Transfer,East,Cancelled,2328.91
8508,275,2024-09-13 22:48:39.696420,0.0,PayPal,South,Delivered,1208.7
8509,592,2025-03-18 22:48:39.696421,0.0,Debit Card,North,Processing,1709.73
8510,386,2025-07-13 22:48:39.696422,0.0,Bank Transfer,North,Delivered,994.26
8511,198,2025-01-11 22:48:39.696423,0.0,PayPal,East,Delivered,1052.8899999999999
8512,990,2024-10-08 22:48:39.696423,0.0,Credit Card,North,Delivered,204.75
8513,663,2024-08-07 22:48:39.696424,0.0,Credit Card,East,Delivered,134.77
8514,896,2025-03-23 22:48:39.696425,0.0,Bank Transfer,East,Shipped,1103.29
8515,922,2024-11-06 22:48:39.696426,0.0,PayPal,South,Delivered,1425.35
8516,724,2024-08-01 22:48:39.696426,0.0,Debit Card,South,Shipped,880.66
8517,626,2025-03-15 22:48:39.696427,0.0,Bank Transfer,West,Processing,729.5899999999999
8518,733,2024-12-13 22:48:39.696428,0.0,PayPal,North,Delivered,2000.32
8519,613,2025-06-26 22:48:39.696429,0.0,PayPal,West,Delivered,1479.7199999999998
8520,293,2025-06-15 22:48:39.696429,0.0,PayPal,East,Shipped,54.63
8521,704,2024-10-20 22:48:39.696430,0.0,PayPal,West,Delivered,1065.94
8522,482,2025-07-09 22:48:39.696431,0.0,Bank Transfer,North,Shipped,3547.96
8523,996,2024-12-07 22:48:39.696432,0.0,Debit Card,East,Shipped,557.9300000000001
8524,60,2024-09-03 22:48:39.696432,0.0,PayPal,West,Processing,1013.17
8525,94,2025-01-30 22:48:39.696433,0.0,Credit Card,East,Shipped,1764.09
8526,633,2025-04-06 22:48:39.696434,0.0,PayPal,West,Shipped,1840.69
8527,914,2025-04-16 22:48:39.696435,0.0,PayPal,South,Shipped,768.55
8528,11,2024-09-24 22:48:39.696435,0.0,Debit Card,West,Processing,584.75
8529,899,2024-09-16 22:48:39.696436,0.0,PayPal,West,Shipped,785.87
8530,778,2025-01-01 22:48:39.696437,0.0,PayPal,West,Shipped,770.5500000000001
8531,225,2024-10-31 22:48:39.696438,0.0,PayPal,South,Cancelled,1310.31
8532,984,2024-09-02 22:48:39.696438,0.0,Debit Card,East,Shipped,1715.3700000000001
8533,54,2024-08-03 22:48:39.696439,0.0,Bank Transfer,West,Processing,2017.05
8534,234,2025-06-26 22:48:39.696440,0.0,PayPal,West,Shipped,312.15
8535,855,2025-04-11 22:48:39.696441,0.0,PayPal,South,Delivered,365.07
8536,643,2025-06-27 22:48:39.696441,0.0,Credit Card,South,Shipped,1920.56
8537,856,2024-11-21 22:48:39.696442,0.0,Credit Card,North,Shipped,1520.9899999999998
8538,558,2025-02-08 22:48:39.696443,0.0,Credit Card,East,Cancelled,863.64
8539,380,2024-08-14 22:48:39.696444,0.0,Credit Card,South,Shipped,1610.6800000000003
8540,296,2024-08-09 22:48:39.696444,0.0,Credit Card,South,Delivered,1413.09
8541,910,2025-01-27 22:48:39.696445,0.0,Credit Card,West,Shipped,928.26
8542,319,2025-03-25 22:48:39.696446,0.0,Credit Card,East,Delivered,1521.1699999999998
8543,553,2025-01-13 22:48:39.696447,0.0,Debit Card,East,Delivered,725.4200000000001
8544,754,2025-05-21 22:48:39.696447,0.0,Credit Card,East,Delivered,160.62
8545,379,2025-01-30 22:48:39.696448,0.0,Debit Card,East,Shipped,1776.73
8546,976,2024-09-27 22:48:39.696449,0.0,Bank Transfer,East,Shipped,1834.0
8547,513,2024-07-27 22:48:39.696450,0.0,Bank Transfer,North,Processing,2663.59
8548,870,2025-05-09 22:48:39.696450,0.0,Credit Card,South,Delivered,1869.1799999999998
8549,54,2024-12-17 22:48:39.696451,0.0,Bank Transfer,North,Delivered,863.52
8550,222,2025-06-11 22:48:39.696452,0.0,Debit Card,East,Delivered,80.66
8551,646,2025-03-11 22:48:39.696453,0.0,Debit Card,West,Delivered,2132.11
8552,70,2025-05-05 22:48:39.696453,0.0,Credit Card,North,Processing,1144.22
8553,896,2025-02-22 22:48:39.696454,0.0,Credit Card,South,Shipped,1940.28
8554,242,2024-07-25 22:48:39.696455,0.0,Bank Transfer,North,Shipped,688.56
8555,494,2024-10-20 22:48:39.696456,0.0,Debit Card,East,Shipped,1343.81
8556,454,2024-12-13 22:48:39.696456,0.0,Credit Card,South,Processing,2410.4700000000003
8557,314,2024-12-22 22:48:39.696457,0.0,Debit Card,North,Processing,639.78
8558,578,2024-10-05 22:48:39.696458,0.0,Credit Card,North,Shipped,457.89
8559,486,2024-12-04 22:48:39.696458,0.0,Debit Card,South,Delivered,1005.86
8560,66,2024-09-27 22:48:39.696459,0.0,Credit Card,East,Processing,797.32
8561,746,2025-06-18 22:48:39.696460,0.0,Debit Card,West,Shipped,1608.94
8562,24,2025-07-19 22:48:39.696461,0.0,Debit Card,North,Delivered,852.1800000000001
8563,353,2024-12-21 22:48:39.696461,0.0,Credit Card,South,Delivered,1680.71
8564,624,2024-12-18 22:48:39.696462,0.0,PayPal,South,Shipped,1386.42
8565,130,2025-03-27 22:48:39.696463,0.0,Bank Transfer,North,Processing,1921.01
8566,656,2025-07-01 22:48:39.696464,0.0,Bank Transfer,North,Delivered,2655.27
8567,93,2024-12-21 22:48:39.696464,0.0,Debit Card,East,Shipped,258.91
8568,494,2025-07-07 22:48:39.696465,0.0,Debit Card,West,Shipped,635.65
8569,744,2025-04-26 22:48:39.696466,0.0,Debit Card,East,Shipped,18.06
8570,221,2024-09-21 22:48:39.696467,0.0,PayPal,West,Delivered,892.84
8571,253,2025-06-01 22:48:39.696467,0.0,Credit Card,South,Shipped,484.94000000000005
8572,170,2025-06-09 22:48:39.696468,0.0,PayPal,East,Delivered,474.03000000000003
8573,852,2024-10-09 22:48:39.696469,0.0,Bank Transfer,South,Delivered,1621.1100000000001
8574,285,2025-01-24 22:48:39.696470,0.0,PayPal,East,Shipped,157.6
8575,505,2024-07-26 22:48:39.696470,0.0,Debit Card,South,Delivered,2117.92
8576,846,2025-04-22 22:48:39.696471,0.0,Bank Transfer,North,Delivered,1155.98
8577,706,2025-02-06 22:48:39.696472,0.0,Bank Transfer,South,Processing,2464.98
8578,968,2025-04-22 22:48:39.696473,0.0,PayPal,West,Delivered,1602.8500000000001
8579,287,2025-06-10 22:48:39.696473,0.0,Credit Card,North,Delivered,834.42
8580,825,2025-03-03 22:48:39.696474,0.0,Credit Card,North,Delivered,3626.4700000000003
8581,93,2024-09-15 22:48:39.696475,0.0,PayPal,East,Delivered,480.38
8582,367,2024-07-23 22:48:39.696476,0.0,Bank Transfer,West,Shipped,1604.49
8583,458,2025-01-28 22:48:39.696476,0.0,Credit Card,West,Delivered,1955.9
8584,91,2024-11-12 22:48:39.696477,0.0,PayPal,South,Delivered,2193.09
8585,186,2025-05-13 22:48:39.696478,0.0,Bank Transfer,South,Processing,2591.38
8586,794,2024-11-28 22:48:39.696479,0.0,Bank Transfer,West,Shipped,710.16
8587,381,2024-08-12 22:48:39.696479,0.0,PayPal,North,Delivered,1198.77
8588,361,2025-02-27 22:48:39.696480,0.0,PayPal,East,Shipped,751.26
8589,120,2025-02-16 22:48:39.696481,0.0,Credit Card,North,Processing,745.5999999999999
8590,483,2025-02-28 22:48:39.696482,0.0,Debit Card,South,Cancelled,1508.1
8591,26,2025-06-24 22:48:39.696483,0.0,Debit Card,North,Delivered,483.40999999999997
8592,165,2024-12-05 22:48:39.696483,0.0,Debit Card,East,Delivered,124.05000000000001
8593,716,2025-03-01 22:48:39.696484,0.0,PayPal,West,Processing,2596.0299999999997
8594,907,2024-07-29 22:48:39.696485,0.0,Debit Card,East,Delivered,2573.1000000000004
8595,829,2024-08-23 22:48:39.696486,0.0,Credit Card,South,Processing,1476.18
8596,137,2024-07-28 22:48:39.696486,0.0,Debit Card,South,Shipped,3014.13
8597,206,2024-12-01 22:48:39.696487,0.0,Debit Card,North,Processing,2388.76
8598,283,2025-06-12 22:48:39.696488,0.0,PayPal,East,Shipped,1404.4099999999999
8599,644,2025-04-14 22:48:39.696488,0.0,Debit Card,North,Processing,3962.9199999999996
8600,921,2025-02-08 22:48:39.696489,0.0,Bank Transfer,West,Delivered,1861.72
8601,248,2024-08-27 22:48:39.696490,0.0,Bank Transfer,South,Delivered,1712.72
8602,797,2025-07-17 22:48:39.696491,0.0,Bank Transfer,East,Delivered,2406.6499999999996
8603,853,2024-12-21 22:48:39.696492,0.0,Credit Card,North,Delivered,2002.43
8604,15,2024-08-31 22:48:39.696492,0.0,Credit Card,East,Shipped,2386.92
8605,522,2025-07-03 22:48:39.696493,0.0,Bank Transfer,South,Shipped,343.26
8606,317,2025-02-19 22:48:39.696494,0.0,Debit Card,West,Shipped,1189.66
8607,802,2025-03-19 22:48:39.696494,0.0,PayPal,West,Shipped,404.23
8608,502,2025-03-26 22:48:39.696495,0.0,Bank Transfer,West,Shipped,2356.13
8609,713,2025-04-09 22:48:39.696496,0.0,PayPal,West,Delivered,1307.52
8610,130,2025-01-31 22:48:39.696497,0.0,Credit Card,South,Delivered,872.94
8611,557,2025-06-12 22:48:39.696497,0.0,Debit Card,North,Shipped,488.84
8612,266,2024-10-20 22:48:39.696498,0.0,Debit Card,West,Delivered,357.57
8613,783,2025-06-08 22:48:39.696499,0.0,Credit Card,South,Processing,1592.33
8614,837,2024-12-23 22:48:39.696500,0.0,Debit Card,South,Processing,731.12
8615,794,2025-04-14 22:48:39.696501,0.0,PayPal,North,Delivered,2086.73
8616,385,2024-09-09 22:48:39.696501,0.0,Bank Transfer,North,Delivered,810.6600000000001
8617,857,2025-06-22 22:48:39.696502,0.0,Debit Card,North,Processing,3523.58
8618,417,2024-11-28 22:48:39.696503,0.0,Credit Card,West,Delivered,2987.97
8619,41,2025-01-13 22:48:39.696504,0.0,PayPal,East,Shipped,601.41
8620,921,2024-12-14 22:48:39.696504,0.0,Debit Card,West,Processing,1812.06
8621,732,2024-10-16 22:48:39.696505,0.0,Debit Card,West,Delivered,1944.5
8622,375,2025-04-26 22:48:39.696506,0.0,PayPal,West,Processing,485.12
8623,804,2025-01-21 22:48:39.696506,0.0,Bank Transfer,West,Cancelled,1296.9099999999999
8624,557,2024-11-30 22:48:39.696507,0.0,Credit Card,North,Shipped,2045.49
8625,118,2025-02-01 22:48:39.696508,0.0,Debit Card,South,Shipped,1484.4
8626,148,2024-11-27 22:48:39.696509,0.0,Debit Card,North,Delivered,2371.9800000000005
8627,36,2025-06-04 22:48:39.696509,0.0,Credit Card,North,Delivered,2055.87
8628,367,2025-01-14 22:48:39.696510,0.0,PayPal,North,Delivered,2419.78
8629,582,2025-06-05 22:48:39.696511,0.0,Debit Card,East,Processing,3215.19
8630,575,2025-01-10 22:48:39.696512,0.0,PayPal,West,Shipped,2262.85
8631,655,2025-05-11 22:48:39.696512,0.0,Bank Transfer,South,Processing,1130.29
8632,751,2024-11-08 22:48:39.696513,0.0,PayPal,West,Delivered,259.59
8633,594,2024-08-01 22:48:39.696514,0.0,PayPal,East,Shipped,1388.83
8634,167,2024-08-27 22:48:39.696515,0.0,Bank Transfer,North,Processing,968.04
8635,859,2024-08-17 22:48:39.696515,0.0,PayPal,South,Shipped,1968.1
8636,212,2025-05-07 22:48:39.696516,0.0,Bank Transfer,East,Delivered,124.05000000000001
8637,588,2024-09-26 22:48:39.696517,0.0,PayPal,South,Delivered,1845.3700000000001
8638,720,2024-11-15 22:48:39.696518,0.0,Bank Transfer,North,Delivered,2290.1000000000004
8639,741,2025-06-09 22:48:39.696519,0.0,PayPal,North,Shipped,1483.53
8640,874,2025-01-06 22:48:39.696519,0.0,Debit Card,North,Shipped,1908.5
8641,818,2025-04-20 22:48:39.696520,0.0,Credit Card,North,Shipped,3095.7799999999997
8642,738,2025-07-17 22:48:39.696521,0.0,PayPal,East,Processing,1786.8200000000002
8643,844,2024-12-25 22:48:39.696522,0.0,Credit Card,South,Shipped,2028.7199999999998
8644,35,2024-09-17 22:48:39.696522,0.0,Bank Transfer,East,Processing,1437.6
8645,41,2024-10-14 22:48:39.696523,0.0,PayPal,West,Processing,3063.69
8646,786,2025-03-02 22:48:39.696524,0.0,Debit Card,East,Processing,801.22
8647,877,2025-02-13 22:48:39.696525,0.0,Credit Card,East,Delivered,393.16
8648,122,2025-06-11 22:48:39.696525,0.0,Debit Card,East,Delivered,200.31
8649,137,2025-05-08 22:48:39.696526,0.0,Credit Card,West,Cancelled,960.98
8650,361,2024-12-16 22:48:39.696527,0.0,PayPal,East,Processing,1782.12
8651,551,2024-10-27 22:48:39.696527,0.0,PayPal,South,Delivered,1644.5
8652,745,2025-02-27 22:48:39.696528,0.0,Bank Transfer,South,Delivered,1441.1399999999999
8653,588,2024-10-29 22:48:39.696529,0.0,PayPal,North,Processing,1016.25
8654,568,2025-04-20 22:48:39.696530,0.0,Bank Transfer,East,Delivered,1283.17
8655,443,2025-03-24 22:48:39.696531,0.0,Credit Card,North,Delivered,3903.5
8656,690,2025-01-06 22:48:39.696531,0.0,Bank Transfer,West,Shipped,2990.08
8657,224,2024-11-03 22:48:39.696532,0.0,Debit Card,East,Processing,2144.54
8658,408,2024-08-19 22:48:39.696533,0.0,PayPal,North,Delivered,1012.5799999999999
8659,771,2024-10-21 22:48:39.696534,0.0,PayPal,East,Processing,3148.8199999999997
8660,800,2024-10-17 22:48:39.696534,0.0,PayPal,West,Processing,1409.8799999999999
8661,983,2024-12-09 22:48:39.696535,0.0,Debit Card,South,Shipped,2453.67
8662,118,2024-12-07 22:48:39.696536,0.0,Credit Card,West,Shipped,3032.17
8663,648,2024-09-29 22:48:39.696536,0.0,Credit Card,East,Shipped,1016.3900000000001
8664,859,2024-10-05 22:48:39.696537,0.0,PayPal,South,Processing,2582.2799999999997
8665,858,2024-09-03 22:48:39.696538,0.0,Bank Transfer,West,Shipped,1351.03
8666,649,2024-12-04 22:48:39.696539,0.0,Debit Card,South,Shipped,496.04999999999995
8667,955,2025-04-18 22:48:39.696540,0.0,Debit Card,South,Delivered,2424.46
8668,716,2024-11-17 22:48:39.696540,0.0,Debit Card,West,Shipped,1926.93
8669,193,2025-02-03 22:48:39.696541,0.0,PayPal,West,Shipped,2904.19
8670,246,2025-01-21 22:48:39.696542,0.0,Credit Card,North,Cancelled,2351.6
8671,116,2024-08-13 22:48:39.696543,0.0,Credit Card,South,Delivered,398.86
8672,348,2024-08-16 22:48:39.696543,0.0,PayPal,East,Delivered,524.01
8673,297,2025-01-27 22:48:39.696544,0.0,Bank Transfer,South,Delivered,1450.84
8674,381,2025-03-15 22:48:39.696545,0.0,Debit Card,South,Delivered,837.94
8675,24,2024-08-12 22:48:39.696546,0.0,Credit Card,South,Processing,1963.76
8676,661,2024-12-27 22:48:39.696547,0.0,PayPal,North,Shipped,1652.4099999999999
8677,397,2025-06-18 22:48:39.696547,0.0,Bank Transfer,South,Delivered,935.06
8678,424,2025-05-28 22:48:39.696548,0.0,Credit Card,South,Delivered,743.73
8679,718,2024-08-26 22:48:39.696549,0.0,PayPal,East,Delivered,2847.73
8680,972,2024-09-04 22:48:39.696550,0.0,Credit Card,East,Cancelled,731.52
8681,672,2025-05-26 22:48:39.696550,0.0,Debit Card,South,Shipped,604.92
8682,263,2025-05-08 22:48:39.696551,0.0,Debit Card,South,Shipped,2804.39
8683,553,2024-12-09 22:48:39.696552,0.0,Credit Card,West,Shipped,2766.32
8684,589,2025-06-10 22:48:39.696553,0.0,PayPal,West,Processing,58.27
8685,30,2025-04-16 22:48:39.696553,0.0,Bank Transfer,North,Processing,2123.46
8686,604,2024-08-25 22:48:39.696554,0.0,Debit Card,South,Delivered,1267.41
8687,825,2025-05-08 22:48:39.696555,0.0,Bank Transfer,North,Delivered,1972.4
8688,280,2025-04-23 22:48:39.696555,0.0,Credit Card,East,Processing,859.89
8689,840,2025-06-03 22:48:39.696556,0.0,Debit Card,West,Cancelled,233.81
8690,482,2024-08-16 22:48:39.696557,0.0,Debit Card,East,Processing,418.6
8691,496,2025-04-10 22:48:39.696558,0.0,PayPal,East,Delivered,2562.38
8692,973,2024-10-15 22:48:39.696558,0.0,Debit Card,North,Shipped,1501.19
8693,519,2025-03-24 22:48:39.696559,0.0,PayPal,South,Shipped,2127.29
8694,55,2024-08-06 22:48:39.696560,0.0,PayPal,East,Processing,1639.5899999999997
8695,796,2024-11-20 22:48:39.696561,0.0,PayPal,West,Delivered,17.580000000000002
8696,465,2024-10-01 22:48:39.696561,0.0,Debit Card,West,Delivered,348.73
8697,747,2024-10-27 22:48:39.696562,0.0,Credit Card,South,Shipped,2270.79
8698,552,2025-06-23 22:48:39.696563,0.0,Credit Card,North,Processing,735.31
8699,410,2024-10-25 22:48:39.696564,0.0,Credit Card,East,Delivered,2044.53
8700,158,2025-01-04 22:48:39.696564,0.0,Debit Card,North,Shipped,2306.12
8701,428,2025-05-08 22:48:39.696565,0.0,PayPal,South,Delivered,1965.9499999999998
8702,634,2025-04-15 22:48:39.696566,0.0,PayPal,East,Delivered,1356.01
8703,435,2025-05-24 22:48:39.696566,0.0,Debit Card,South,Cancelled,665.44
8704,103,2024-12-13 22:48:39.696567,0.0,Credit Card,East,Processing,396.68999999999994
8705,835,2024-08-27 22:48:39.696568,0.0,PayPal,West,Delivered,1439.34
8706,322,2025-02-24 22:48:39.696569,0.0,Bank Transfer,North,Shipped,1283.46
8707,540,2025-06-23 22:48:39.696569,0.0,Credit Card,West,Shipped,911.96
8708,242,2025-06-13 22:48:39.696570,0.0,Bank Transfer,East,Delivered,392.76
8709,703,2025-05-08 22:48:39.696571,0.0,Debit Card,South,Delivered,334.45
8710,782,2024-12-04 22:48:39.696572,0.0,Debit Card,East,Shipped,281.31
8711,482,2024-08-24 22:48:39.696573,0.0,Credit Card,North,Delivered,1119.46
8712,425,2025-07-15 22:48:39.696573,0.0,Bank Transfer,West,Processing,1639.8899999999999
8713,461,2025-04-16 22:48:39.696574,0.0,Bank Transfer,South,Delivered,477.22
8714,536,2025-01-11 22:48:39.696575,0.0,Credit Card,South,Processing,1096.5700000000002
8715,110,2025-07-21 22:48:39.696576,0.0,PayPal,South,Shipped,1357.1100000000001
8716,266,2024-10-11 22:48:39.696576,0.0,Debit Card,West,Delivered,476.31
8717,424,2024-11-09 22:48:39.696577,0.0,Bank Transfer,South,Delivered,2892.64
8718,224,2024-12-19 22:48:39.696578,0.0,Debit Card,West,Delivered,1727.67
8719,399,2024-10-11 22:48:39.696579,0.0,Bank Transfer,North,Delivered,1531.14
8720,444,2025-05-03 22:48:39.696579,0.0,Debit Card,North,Shipped,801.44
8721,663,2024-07-26 22:48:39.696580,0.0,Bank Transfer,East,Delivered,1908.7099999999998
8722,928,2025-06-25 22:48:39.696581,0.0,Bank Transfer,North,Delivered,2069.06
8723,19,2024-12-23 22:48:39.696582,0.0,Credit Card,South,Cancelled,2178.95
8724,210,2025-06-01 22:48:39.696582,0.0,Debit Card,North,Shipped,1715.18
8725,755,2024-12-23 22:48:39.696583,0.0,Bank Transfer,North,Shipped,1578.72
8726,240,2024-12-12 22:48:39.696584,0.0,Bank Transfer,East,Shipped,1030.35
8727,703,2025-06-06 22:48:39.696584,0.0,Credit Card,South,Delivered,3268.88
8728,482,2025-03-31 22:48:39.696585,0.0,Bank Transfer,South,Shipped,2151.38
8729,619,2025-04-16 22:48:39.696586,0.0,PayPal,East,Delivered,1514.8200000000002
8730,443,2025-06-06 22:48:39.696587,0.0,PayPal,North,Delivered,1738.98
8731,718,2025-04-03 22:48:39.696588,0.0,Credit Card,East,Delivered,572.34
8732,333,2025-06-18 22:48:39.696588,0.0,Debit Card,West,Delivered,1466.0900000000001
8733,675,2024-12-10 22:48:39.696589,0.0,Bank Transfer,West,Delivered,2356.14
8734,184,2024-12-13 22:48:39.696590,0.0,Bank Transfer,South,Processing,2221.23
8735,26,2024-08-24 22:48:39.696591,0.0,Bank Transfer,North,Shipped,1800.5199999999998
8736,749,2025-07-13 22:48:39.696591,0.0,Credit Card,East,Delivered,248.88
8737,16,2024-11-24 22:48:39.696592,0.0,Bank Transfer,West,Delivered,1207.38
8738,443,2025-07-14 22:48:39.696593,0.0,PayPal,South,Delivered,2317.79
8739,171,2025-07-02 22:48:39.696594,0.0,PayPal,South,Delivered,972.1
8740,939,2024-08-09 22:48:39.696594,0.0,Debit Card,West,Shipped,1615.73
8741,799,2025-01-18 22:48:39.696595,0.0,Credit Card,East,Shipped,701.78
8742,164,2024-09-08 22:48:39.696596,0.0,Debit Card,West,Delivered,1574.1200000000001
8743,536,2024-08-14 22:48:39.696597,0.0,Debit Card,East,Cancelled,957.4
8744,146,2024-10-20 22:48:39.696598,0.0,PayPal,South,Processing,2060.71
8745,999,2024-11-26 22:48:39.696598,0.0,Debit Card,North,Processing,3364.96
8746,453,2024-10-09 22:48:39.696599,0.0,PayPal,North,Delivered,1192.35
8747,476,2025-01-05 22:48:39.696600,0.0,Bank Transfer,East,Shipped,568.12
8748,972,2024-12-21 22:48:39.696601,0.0,Bank Transfer,East,Delivered,2977.4700000000003
8749,692,2025-01-11 22:48:39.696601,0.0,Credit Card,East,Shipped,1090.36
8750,755,2024-12-12 22:48:39.696602,0.0,Bank Transfer,North,Shipped,2758.52
8751,733,2024-10-18 22:48:39.696603,0.0,Debit Card,South,Delivered,1102.08
8752,934,2025-05-01 22:48:39.696604,0.0,Bank Transfer,North,Delivered,996.3799999999999
8753,71,2025-02-25 22:48:39.696604,0.0,PayPal,South,Processing,4216.91
8754,771,2025-04-05 22:48:39.696605,0.0,PayPal,West,Processing,397.78
8755,896,2025-07-08 22:48:39.696606,0.0,PayPal,North,Processing,119.59
8756,884,2025-04-19 22:48:39.696607,0.0,Bank Transfer,East,Delivered,3978.5699999999997
8757,811,2024-12-24 22:48:39.696607,0.0,Debit Card,West,Delivered,608.61
8758,517,2024-10-04 22:48:39.696608,0.0,PayPal,South,Processing,3207.89
8759,19,2025-03-13 22:48:39.696609,0.0,Bank Transfer,South,Cancelled,1955.13
8760,426,2024-10-18 22:48:39.696610,0.0,Bank Transfer,North,Delivered,468.19
8761,92,2025-07-14 22:48:39.696610,0.0,PayPal,East,Cancelled,944.48
8762,516,2025-06-08 22:48:39.696611,0.0,PayPal,East,Processing,3918.67
8763,482,2024-08-19 22:48:39.696612,0.0,PayPal,North,Shipped,4009.7
8764,270,2025-03-22 22:48:39.696613,0.0,Debit Card,West,Shipped,1405.69
8765,271,2024-10-03 22:48:39.696613,0.0,Bank Transfer,West,Shipped,1601.52
8766,380,2025-03-02 22:48:39.696614,0.0,Bank Transfer,South,Shipped,2985.62
8767,890,2025-03-23 22:48:39.696615,0.0,PayPal,East,Delivered,591.74
8768,665,2025-04-09 22:48:39.696616,0.0,PayPal,West,Delivered,1317.01
8769,705,2025-04-26 22:48:39.696616,0.0,Bank Transfer,South,Delivered,1140.37
8770,23,2024-10-09 22:48:39.696617,0.0,Bank Transfer,North,Shipped,2272.52
8771,308,2025-02-04 22:48:39.696618,0.0,Bank Transfer,East,Cancelled,2550.3
8772,868,2024-12-06 22:48:39.696619,0.0,Debit Card,North,Shipped,2448.44
8773,376,2025-01-16 22:48:39.696620,0.0,Credit Card,South,Delivered,1974.7
8774,141,2025-07-20 22:48:39.696620,0.0,Credit Card,West,Delivered,2256.6400000000003
8775,595,2025-04-25 22:48:39.696621,0.0,Bank Transfer,North,Shipped,2165.19
8776,633,2025-07-21 22:48:39.696622,0.0,Credit Card,East,Shipped,1078.76
8777,243,2024-09-28 22:48:39.696623,0.0,PayPal,West,Cancelled,771.34
8778,391,2025-01-30 22:48:39.696623,0.0,PayPal,East,Shipped,217.86
8779,387,2025-03-16 22:48:39.696624,0.0,Credit Card,South,Shipped,1364.1899999999998
8780,609,2025-07-18 22:48:39.696625,0.0,Bank Transfer,West,Delivered,1553.83
8781,630,2024-10-22 22:48:39.696626,0.0,Bank Transfer,North,Delivered,2114.37
8782,721,2025-02-15 22:48:39.696627,0.0,Credit Card,East,Shipped,2175.51
8783,520,2025-03-21 22:48:39.696627,0.0,PayPal,North,Shipped,1200.97
8784,281,2024-12-10 22:48:39.696628,0.0,Debit Card,South,Shipped,1640.41
8785,480,2024-08-04 22:48:39.696629,0.0,Credit Card,West,Processing,1307.86
8786,530,2025-04-27 22:48:39.696630,0.0,Debit Card,South,Processing,1868.76
8787,445,2024-12-29 22:48:39.696630,0.0,Credit Card,West,Shipped,2937.53
8788,786,2024-12-23 22:48:39.696631,0.0,Bank Transfer,South,Delivered,433.18
8789,227,2024-08-30 22:48:39.696632,0.0,Credit Card,North,Processing,1467.11
8790,747,2024-09-10 22:48:39.696633,0.0,Credit Card,West,Shipped,3088.0699999999997
8791,384,2025-01-31 22:48:39.696633,0.0,PayPal,North,Shipped,2435.73
8792,586,2025-05-30 22:48:39.696634,0.0,Bank Transfer,East,Delivered,1433.17
8793,892,2025-02-25 22:48:39.696635,0.0,Debit Card,North,Delivered,1626.21
8794,623,2025-06-26 22:48:39.696636,0.0,Credit Card,North,Processing,509.21
8795,123,2025-06-13 22:48:39.696636,0.0,Bank Transfer,West,Delivered,484.96000000000004
8796,410,2024-09-01 22:48:39.696637,0.0,PayPal,West,Delivered,896.99
8797,251,2025-05-05 22:48:39.696638,0.0,Credit Card,West,Shipped,388.15000000000003
8798,735,2024-08-01 22:48:39.696642,0.0,Credit Card,West,Shipped,492.57
8799,738,2024-10-08 22:48:39.696643,0.0,Debit Card,North,Processing,1419.28
8800,470,2025-05-01 22:48:39.696644,0.0,Credit Card,West,Delivered,708.9300000000001
8801,560,2025-01-18 22:48:39.696645,0.0,PayPal,North,Processing,1311.53
8802,776,2025-04-19 22:48:39.696646,0.0,Bank Transfer,East,Delivered,3226.12
8803,614,2024-10-06 22:48:39.696646,0.0,Credit Card,East,Cancelled,1581.07
8804,934,2025-03-05 22:48:39.696647,0.0,Debit Card,South,Processing,1922.9
8805,201,2024-12-25 22:48:39.696648,0.0,Bank Transfer,East,Shipped,1392.84
8806,91,2024-12-26 22:48:39.696649,0.0,Bank Transfer,West,Delivered,1669.3799999999999
8807,339,2024-11-23 22:48:39.696649,0.0,Bank Transfer,North,Shipped,1433.05
8808,703,2024-10-23 22:48:39.696650,0.0,Bank Transfer,South,Shipped,1823.03
8809,298,2024-08-29 22:48:39.696651,0.0,Bank Transfer,East,Delivered,129.78
8810,481,2025-03-02 22:48:39.696652,0.0,Credit Card,North,Cancelled,2262.02
8811,500,2024-11-23 22:48:39.696652,0.0,PayPal,North,Delivered,1086.6599999999999
8812,149,2024-09-27 22:48:39.696653,0.0,Bank Transfer,North,Shipped,2561.35
8813,414,2024-11-01 22:48:39.696654,0.0,Debit Card,East,Delivered,1640.3600000000001
8814,354,2024-10-29 22:48:39.696655,0.0,Debit Card,North,Shipped,660.2
8815,940,2025-05-29 22:48:39.696655,0.0,Credit Card,East,Delivered,1233.74
8816,231,2025-02-20 22:48:39.696656,0.0,Credit Card,South,Delivered,1728.25
8817,963,2024-08-14 22:48:39.696657,0.0,Debit Card,East,Shipped,2174.5899999999997
8818,479,2025-03-11 22:48:39.696658,0.0,PayPal,South,Delivered,2840.95
8819,582,2025-05-24 22:48:39.696658,0.0,Credit Card,South,Cancelled,3878.42
8820,9,2025-03-12 22:48:39.696659,0.0,Credit Card,North,Shipped,1390.18
8821,318,2025-07-01 22:48:39.696660,0.0,Debit Card,West,Processing,2176.53
8822,473,2024-12-25 22:48:39.696661,0.0,Credit Card,East,Shipped,65.23
8823,882,2025-06-01 22:48:39.696661,0.0,Credit Card,North,Cancelled,1580.21
8824,673,2024-12-22 22:48:39.696662,0.0,Credit Card,South,Shipped,1117.92
8825,763,2025-04-30 22:48:39.696663,0.0,PayPal,West,Delivered,2664.1499999999996
8826,75,2024-12-19 22:48:39.696664,0.0,PayPal,North,Shipped,2398.3
8827,195,2025-04-08 22:48:39.696664,0.0,Debit Card,South,Delivered,365.58
8828,370,2025-02-20 22:48:39.696665,0.0,Credit Card,North,Cancelled,1951.73
8829,38,2025-03-04 22:48:39.696666,0.0,Bank Transfer,West,Shipped,1594.41
8830,725,2024-08-05 22:48:39.696667,0.0,Bank Transfer,East,Processing,125.94
8831,138,2024-12-24 22:48:39.696667,0.0,Bank Transfer,West,Delivered,1063.08
8832,932,2025-04-04 22:48:39.696668,0.0,Credit Card,North,Delivered,880.66
8833,180,2024-12-02 22:48:39.696669,0.0,Debit Card,South,Processing,3367.1800000000003
8834,909,2024-12-22 22:48:39.696670,0.0,Credit Card,West,Shipped,1668.03
8835,313,2024-09-27 22:48:39.696670,0.0,Credit Card,North,Delivered,1999.54
8836,59,2025-03-19 22:48:39.696671,0.0,PayPal,North,Delivered,2739.7300000000005
8837,216,2025-05-22 22:48:39.696672,0.0,Credit Card,North,Delivered,1466.4399999999998
8838,800,2024-12-20 22:48:39.696673,0.0,Bank Transfer,South,Delivered,39.74
8839,427,2024-12-31 22:48:39.696673,0.0,Credit Card,East,Shipped,400.94
8840,422,2025-02-07 22:48:39.696674,0.0,Bank Transfer,East,Delivered,2244.34
8841,343,2025-01-22 22:48:39.696675,0.0,PayPal,South,Delivered,3378.72
8842,631,2025-03-29 22:48:39.696676,0.0,Debit Card,South,Delivered,1268.57
8843,383,2024-10-20 22:48:39.696676,0.0,Credit Card,North,Delivered,1449.33
8844,324,2025-01-24 22:48:39.696677,0.0,PayPal,East,Processing,2463.72
8845,189,2025-02-23 22:48:39.696678,0.0,Bank Transfer,East,Shipped,523.5
8846,37,2025-01-10 22:48:39.696679,0.0,Credit Card,South,Delivered,1542.1
8847,708,2024-10-10 22:48:39.696679,0.0,Credit Card,South,Delivered,1696.56
8848,557,2025-03-02 22:48:39.696680,0.0,Debit Card,South,Delivered,3048.83
8849,854,2024-10-25 22:48:39.696681,0.0,Debit Card,South,Delivered,2066.3
8850,440,2025-01-27 22:48:39.696682,0.0,Debit Card,West,Processing,1981.3400000000001
8851,613,2025-06-07 22:48:39.696683,0.0,Credit Card,South,Delivered,477.19
8852,175,2025-05-12 22:48:39.696683,0.0,PayPal,North,Shipped,2065.11
8853,661,2025-06-10 22:48:39.696684,0.0,PayPal,West,Delivered,435.4
8854,83,2025-05-08 22:48:39.696685,0.0,Credit Card,North,Processing,3165.77
8855,247,2024-11-23 22:48:39.696686,0.0,Credit Card,South,Processing,346.03
8856,714,2025-06-08 22:48:39.696686,0.0,Debit Card,West,Shipped,2215.4500000000003
8857,114,2025-01-07 22:48:39.696687,0.0,Credit Card,South,Cancelled,209.69
8858,277,2025-01-02 22:48:39.696688,0.0,Credit Card,West,Delivered,571.11
8859,307,2025-02-28 22:48:39.696689,0.0,Debit Card,South,Delivered,1992.72
8860,270,2025-05-14 22:48:39.696689,0.0,PayPal,South,Processing,1872.5700000000002
8861,351,2025-03-19 22:48:39.696690,0.0,Credit Card,North,Processing,373.53
8862,705,2025-07-07 22:48:39.696691,0.0,PayPal,North,Shipped,734.49
8863,189,2025-02-22 22:48:39.696692,0.0,Debit Card,West,Delivered,134.38
8864,133,2025-03-19 22:48:39.696692,0.0,PayPal,North,Delivered,812.66
8865,970,2025-02-19 22:48:39.696693,0.0,Debit Card,East,Processing,2608.6
8866,741,2024-12-14 22:48:39.696694,0.0,PayPal,South,Cancelled,2463.59
8867,619,2024-09-12 22:48:39.696695,0.0,Debit Card,North,Delivered,1545.84
8868,682,2025-01-04 22:48:39.696695,0.0,Debit Card,South,Shipped,1047.58
8869,518,2024-08-21 22:48:39.696696,0.0,Credit Card,West,Delivered,1416.1
8870,799,2025-07-06 22:48:39.696697,0.0,PayPal,East,Delivered,2620.55
8871,507,2024-10-17 22:48:39.696698,0.0,Debit Card,West,Delivered,132.04
8872,714,2024-08-30 22:48:39.696698,0.0,Bank Transfer,North,Delivered,2639.7400000000002
8873,491,2025-04-29 22:48:39.696699,0.0,Debit Card,East,Delivered,1595.39
8874,132,2025-05-25 22:48:39.696700,0.0,PayPal,West,Shipped,3332.0699999999997
8875,148,2025-03-13 22:48:39.696701,0.0,Credit Card,West,Delivered,684.88
8876,645,2025-05-18 22:48:39.696701,0.0,Bank Transfer,North,Shipped,1901.8
8877,447,2024-11-27 22:48:39.696702,0.0,Debit Card,East,Shipped,1140.47
8878,440,2025-07-21 22:48:39.696703,0.0,Bank Transfer,North,Shipped,105.02
8879,77,2025-02-25 22:48:39.696704,0.0,Debit Card,West,Shipped,1000.3199999999999
8880,22,2024-10-13 22:48:39.696704,0.0,Debit Card,South,Processing,1954.9
8881,329,2025-05-14 22:48:39.696705,0.0,Bank Transfer,East,Shipped,265.58000000000004
8882,108,2025-07-09 22:48:39.696706,0.0,Credit Card,East,Delivered,1673.35
8883,323,2025-07-06 22:48:39.696707,0.0,Credit Card,West,Delivered,372.88
8884,576,2025-06-21 22:48:39.696707,0.0,Credit Card,North,Delivered,714.78
8885,539,2025-02-21 22:48:39.696708,0.0,Debit Card,East,Delivered,2405.13
8886,181,2025-06-17 22:48:39.696709,0.0,Debit Card,West,Shipped,1464.4
8887,237,2025-04-20 22:48:39.696710,0.0,PayPal,East,Delivered,2594.55
8888,583,2025-04-10 22:48:39.696710,0.0,Debit Card,East,Delivered,1519.74
8889,353,2024-11-06 22:48:39.696711,0.0,Bank Transfer,South,Processing,2461.12
8890,493,2024-09-04 22:48:39.696712,0.0,Bank Transfer,East,Shipped,1561.69
8891,326,2024-11-29 22:48:39.696713,0.0,Bank Transfer,East,Delivered,287.61
8892,622,2025-06-28 22:48:39.696713,0.0,PayPal,South,Shipped,2142.84
8893,807,2025-04-04 22:48:39.696714,0.0,Bank Transfer,South,Delivered,738.1
8894,721,2025-05-14 22:48:39.696715,0.0,PayPal,South,Delivered,3482.84
8895,49,2025-03-04 22:48:39.696715,0.0,Debit Card,North,Shipped,44.19
8896,670,2025-02-08 22:48:39.696716,0.0,Debit Card,West,Cancelled,1604.74
8897,367,2025-03-10 22:48:39.696717,0.0,Debit Card,North,Delivered,1685.22
8898,931,2025-06-01 22:48:39.696718,0.0,PayPal,West,Delivered,3350.22
8899,978,2025-02-23 22:48:39.696718,0.0,Bank Transfer,West,Processing,1646.03
8900,105,2024-09-22 22:48:39.696719,0.0,Bank Transfer,West,Cancelled,2160.83
8901,913,2025-02-12 22:48:39.696720,0.0,Debit Card,North,Shipped,1647.8899999999999
8902,873,2025-01-26 22:48:39.696721,0.0,Bank Transfer,West,Delivered,1456.4999999999998
8903,859,2025-07-08 22:48:39.696721,0.0,Credit Card,East,Delivered,155.78
8904,840,2025-01-13 22:48:39.696722,0.0,PayPal,North,Delivered,310.38
8905,807,2024-11-05 22:48:39.696723,0.0,Debit Card,South,Processing,930.66
8906,176,2025-01-13 22:48:39.696724,0.0,PayPal,North,Delivered,308.43
8907,379,2025-06-11 22:48:39.696724,0.0,PayPal,East,Delivered,1450.12
8908,819,2025-06-15 22:48:39.696725,0.0,Debit Card,South,Delivered,2402.92
8909,989,2024-10-06 22:48:39.696726,0.0,Debit Card,West,Processing,1121.6699999999998
8910,95,2024-08-28 22:48:39.696727,0.0,PayPal,West,Delivered,762.6899999999999
8911,237,2024-10-13 22:48:39.696727,0.0,Debit Card,West,Delivered,53.31
8912,127,2025-07-20 22:48:39.696728,0.0,PayPal,East,Delivered,513.27
8913,902,2025-03-11 22:48:39.696729,0.0,Debit Card,South,Delivered,2243.36
8914,90,2024-10-30 22:48:39.696730,0.0,Credit Card,South,Processing,2249.17
8915,626,2024-08-11 22:48:39.696730,0.0,PayPal,East,Delivered,1502.08
8916,958,2024-12-08 22:48:39.696731,0.0,Credit Card,North,Delivered,437.95
8917,494,2025-02-05 22:48:39.696732,0.0,Bank Transfer,North,Shipped,1083.14
8918,355,2024-09-19 22:48:39.696733,0.0,Credit Card,South,Delivered,2696.64
8919,384,2025-05-13 22:48:39.696733,0.0,PayPal,West,Shipped,2412.75
8920,282,2024-11-19 22:48:39.696734,0.0,Bank Transfer,South,Delivered,992.6
8921,371,2025-06-20 22:48:39.696735,0.0,Debit Card,West,Shipped,521.13
8922,640,2024-08-20 22:48:39.696736,0.0,Bank Transfer,North,Processing,707.76
8923,829,2025-07-10 22:48:39.696736,0.0,Debit Card,South,Delivered,738.22
8924,470,2024-09-10 22:48:39.696737,0.0,Debit Card,West,Delivered,1747.54
8925,807,2024-07-23 22:48:39.696738,0.0,PayPal,South,Delivered,2452.72
8926,869,2024-10-03 22:48:39.696739,0.0,PayPal,East,Delivered,1570.76
8927,366,2025-06-09 22:48:39.696739,0.0,Bank Transfer,East,Shipped,2940.2
8928,117,2025-06-09 22:48:39.696740,0.0,PayPal,East,Processing,849.23
8929,124,2025-04-04 22:48:39.696741,0.0,Bank Transfer,North,Shipped,2714.27
8930,1000,2025-05-24 22:48:39.696742,0.0,PayPal,South,Delivered,269.42
8931,946,2024-07-28 22:48:39.696742,0.0,PayPal,North,Processing,2882.38
8932,50,2024-11-02 22:48:39.696743,0.0,Credit Card,East,Processing,1587.41
8933,846,2025-06-22 22:48:39.696744,0.0,PayPal,South,Delivered,372.21
8934,711,2024-10-27 22:48:39.696745,0.0,Credit Card,North,Shipped,1618.06
8935,525,2025-02-09 22:48:39.696745,0.0,Bank Transfer,West,Delivered,2617.86
8936,691,2025-04-29 22:48:39.696746,0.0,Credit Card,East,Delivered,515.7
8937,692,2025-02-22 22:48:39.696747,0.0,PayPal,East,Shipped,2365.53
8938,929,2024-10-30 22:48:39.696748,0.0,Debit Card,East,Delivered,1596.37
8939,608,2025-02-07 22:48:39.696748,0.0,Bank Transfer,South,Shipped,603.78
8940,688,2025-02-13 22:48:39.696749,0.0,Credit Card,South,Shipped,1152.18
8941,125,2025-05-10 22:48:39.696750,0.0,Credit Card,West,Shipped,1297.67
8942,810,2024-09-01 22:48:39.696751,0.0,PayPal,West,Delivered,3787.4
8943,215,2025-03-18 22:48:39.696751,0.0,Credit Card,North,Delivered,2501.73
8944,470,2025-03-18 22:48:39.696752,0.0,Credit Card,South,Shipped,670.8399999999999
8945,752,2025-04-08 22:48:39.696753,0.0,PayPal,South,Shipped,640.23
8946,441,2025-01-05 22:48:39.696754,0.0,Bank Transfer,West,Delivered,1568.7600000000002
8947,8,2024-10-11 22:48:39.696755,0.0,Debit Card,South,Delivered,1419.3
8948,431,2025-05-14 22:48:39.696755,0.0,PayPal,East,Delivered,1218.46
8949,790,2025-01-04 22:48:39.696756,0.0,PayPal,West,Delivered,2573.1499999999996
8950,372,2024-09-17 22:48:39.696757,0.0,Bank Transfer,East,Shipped,1313.31
8951,620,2024-10-01 22:48:39.696758,0.0,Bank Transfer,South,Shipped,190.65
8952,833,2024-11-22 22:48:39.696758,0.0,Bank Transfer,North,Delivered,2037.56
8953,672,2024-11-25 22:48:39.696759,0.0,PayPal,South,Delivered,176.28
8954,580,2025-03-25 22:48:39.696760,0.0,Credit Card,East,Processing,689.1
8955,638,2025-05-04 22:48:39.696761,0.0,Debit Card,West,Cancelled,1333.8400000000001
8956,794,2024-09-16 22:48:39.696761,0.0,Credit Card,West,Delivered,1282.1
8957,699,2025-01-29 22:48:39.696762,0.0,Credit Card,West,Shipped,1945.1000000000001
8958,354,2025-01-15 22:48:39.696763,0.0,PayPal,South,Shipped,1806.9499999999998
8959,461,2025-03-07 22:48:39.696764,0.0,Bank Transfer,East,Delivered,2158.14
8960,358,2025-03-15 22:48:39.696764,0.0,Debit Card,South,Delivered,2946.27
8961,667,2025-06-11 22:48:39.696765,0.0,Credit Card,East,Shipped,1161.02
8962,816,2025-02-12 22:48:39.696766,0.0,Bank Transfer,East,Delivered,60.14
8963,704,2024-09-14 22:48:39.696767,0.0,Bank Transfer,East,Cancelled,602.32
8964,41,2025-03-01 22:48:39.696767,0.0,Debit Card,North,Delivered,2545.62
8965,882,2024-11-30 22:48:39.696768,0.0,Credit Card,East,Delivered,278.82
8966,77,2025-05-28 22:48:39.696769,0.0,PayPal,South,Delivered,371.7
8967,290,2024-11-29 22:48:39.696769,0.0,PayPal,South,Delivered,1882.29
8968,128,2024-09-04 22:48:39.696770,0.0,PayPal,West,Shipped,1921.97
8969,749,2025-04-22 22:48:39.696771,0.0,Debit Card,East,Delivered,2116.48
8970,302,2025-02-03 22:48:39.696772,0.0,Credit Card,East,Shipped,3274.34
8971,129,2025-01-05 22:48:39.696773,0.0,Bank Transfer,North,Processing,1803.81
8972,551,2024-12-08 22:48:39.696773,0.0,PayPal,East,Delivered,1314.96
8973,115,2024-11-22 22:48:39.696774,0.0,PayPal,East,Delivered,211.69
8974,928,2024-12-21 22:48:39.696775,0.0,Debit Card,East,Delivered,1432.98
8975,321,2024-11-22 22:48:39.696775,0.0,Bank Transfer,West,Shipped,3173.05
8976,284,2025-05-13 22:48:39.696776,0.0,Bank Transfer,East,Shipped,1428.93
8977,410,2025-02-21 22:48:39.696777,0.0,Debit Card,North,Delivered,2381.98
8978,990,2025-04-23 22:48:39.696778,0.0,Debit Card,East,Delivered,2678.83
8979,685,2024-09-07 22:48:39.696778,0.0,Debit Card,South,Delivered,375.73
8980,16,2024-11-13 22:48:39.696779,0.0,PayPal,North,Processing,23.99
8981,809,2025-05-23 22:48:39.696780,0.0,Bank Transfer,South,Shipped,1568.5500000000002
8982,811,2024-08-06 22:48:39.696781,0.0,Debit Card,North,Delivered,65.67
8983,87,2025-02-03 22:48:39.696781,0.0,Bank Transfer,South,Shipped,3553.7
8984,899,2025-06-10 22:48:39.696782,0.0,Bank Transfer,West,Processing,1548.2
8985,52,2024-10-18 22:48:39.696783,0.0,PayPal,East,Cancelled,1658.21
8986,574,2025-07-05 22:48:39.696784,0.0,Bank Transfer,West,Delivered,1783.51
8987,555,2025-04-22 22:48:39.696785,0.0,Bank Transfer,North,Cancelled,1793.5600000000002
8988,893,2025-04-26 22:48:39.696785,0.0,Debit Card,West,Cancelled,2467.53
8989,291,2024-10-05 22:48:39.696786,0.0,Bank Transfer,West,Shipped,341.74
8990,273,2025-06-18 22:48:39.696787,0.0,Bank Transfer,South,Delivered,1818.58
8991,610,2025-01-19 22:48:39.696788,0.0,Bank Transfer,West,Delivered,812.88
8992,617,2025-06-01 22:48:39.696788,0.0,PayPal,South,Delivered,2177.05
8993,26,2024-12-13 22:48:39.696789,0.0,Bank Transfer,West,Shipped,2179.58
8994,53,2025-07-17 22:48:39.696790,0.0,PayPal,West,Shipped,391.32
8995,747,2024-12-20 22:48:39.696791,0.0,Bank Transfer,North,Shipped,2026.85
8996,170,2025-04-22 22:48:39.696791,0.0,Bank Transfer,West,Shipped,1439.34
8997,143,2025-06-05 22:48:39.696792,0.0,Bank Transfer,South,Delivered,460.83
8998,869,2025-02-09 22:48:39.696793,0.0,Bank Transfer,North,Processing,773.9000000000001
8999,348,2024-08-01 22:48:39.696794,0.0,Debit Card,East,Processing,1752.5099999999998
9000,656,2025-03-09 22:48:39.696794,0.0,Debit Card,North,Shipped,1893.98
9001,766,2024-12-11 22:48:39.696795,0.0,PayPal,North,Processing,2123.1800000000003
9002,98,2024-09-01 22:48:39.696796,0.0,Debit Card,West,Shipped,2076.9
9003,743,2025-01-19 22:48:39.696796,0.0,Debit Card,North,Cancelled,1710.52
9004,259,2025-01-20 22:48:39.696797,0.0,PayPal,East,Shipped,474.67
9005,452,2025-01-31 22:48:39.696798,0.0,PayPal,South,Shipped,2089.33
9006,933,2024-11-15 22:48:39.696799,0.0,Debit Card,East,Shipped,277.1
9007,24,2025-07-14 22:48:39.696799,0.0,Bank Transfer,West,Shipped,745.63
9008,318,2025-01-11 22:48:39.696800,0.0,Credit Card,South,Delivered,2277.4900000000002
9009,724,2024-09-08 22:48:39.696801,0.0,PayPal,South,Shipped,1147.26
9010,350,2025-05-18 22:48:39.696802,0.0,Bank Transfer,West,Cancelled,381.3
9011,416,2025-07-03 22:48:39.696802,0.0,Debit Card,North,Delivered,2278.98
9012,88,2025-05-04 22:48:39.696803,0.0,PayPal,East,Shipped,3275.67
9013,590,2024-10-24 22:48:39.696804,0.0,Bank Transfer,North,Processing,473.77000000000004
9014,648,2025-07-19 22:48:39.696805,0.0,PayPal,East,Processing,2827.43
9015,655,2025-03-22 22:48:39.696805,0.0,PayPal,North,Delivered,3028.3100000000004
9016,78,2025-03-19 22:48:39.696806,0.0,Bank Transfer,North,Shipped,337.22
9017,628,2025-06-07 22:48:39.696807,0.0,Debit Card,West,Processing,1767.07
9018,813,2025-01-19 22:48:39.696807,0.0,Debit Card,West,Processing,2575.25
9019,188,2025-04-23 22:48:39.696808,0.0,Credit Card,North,Delivered,804.65
9020,196,2024-08-07 22:48:39.696809,0.0,PayPal,North,Shipped,2455.99
9021,694,2025-01-25 22:48:39.696810,0.0,Debit Card,West,Processing,549.1800000000001
9022,370,2025-05-14 22:48:39.696810,0.0,Debit Card,East,Shipped,1930.1299999999999
9023,74,2024-10-08 22:48:39.696811,0.0,Credit Card,South,Processing,142.89
9024,772,2025-04-01 22:48:39.696812,0.0,Bank Transfer,West,Shipped,1796.6100000000001
9025,56,2025-01-07 22:48:39.696813,0.0,Credit Card,South,Shipped,67.19
9026,316,2024-11-25 22:48:39.696814,0.0,PayPal,North,Shipped,3625.9
9027,932,2024-08-05 22:48:39.696814,0.0,Credit Card,West,Processing,215.74
9028,704,2024-11-08 22:48:39.696815,0.0,Credit Card,South,Cancelled,1659.32
9029,981,2024-09-19 22:48:39.696816,0.0,Bank Transfer,West,Shipped,3079.7599999999998
9030,365,2025-02-26 22:48:39.696817,0.0,Debit Card,East,Delivered,1478.85
9031,325,2025-05-29 22:48:39.696817,0.0,PayPal,East,Delivered,1268.27
9032,319,2024-12-19 22:48:39.696818,0.0,Credit Card,West,Processing,1991.1
9033,185,2025-06-10 22:48:39.696819,0.0,Bank Transfer,North,Shipped,1816.45
9034,634,2025-04-09 22:48:39.696820,0.0,Credit Card,West,Shipped,2276.51
9035,911,2025-07-21 22:48:39.696820,0.0,PayPal,West,Processing,1643.33
9036,205,2024-11-04 22:48:39.696821,0.0,Debit Card,North,Delivered,1010.67
9037,703,2024-08-26 22:48:39.696822,0.0,Credit Card,South,Processing,993.55
9038,629,2024-12-11 22:48:39.696823,0.0,Bank Transfer,South,Processing,1735.85
9039,921,2025-03-19 22:48:39.696823,0.0,Bank Transfer,East,Shipped,2909.9
9040,528,2024-11-05 22:48:39.696824,0.0,Credit Card,South,Delivered,2268.35
9041,444,2025-06-29 22:48:39.696825,0.0,Credit Card,South,Delivered,1425.57
9042,852,2025-03-26 22:48:39.696826,0.0,Credit Card,South,Delivered,286.17
9043,307,2025-07-10 22:48:39.696826,0.0,Bank Transfer,North,Shipped,396.73
9044,315,2024-08-20 22:48:39.696827,0.0,Credit Card,West,Shipped,1146.6
9045,273,2024-12-10 22:48:39.696828,0.0,Bank Transfer,West,Shipped,351.45
9046,613,2025-03-04 22:48:39.696829,0.0,Debit Card,North,Processing,867.77
9047,34,2025-04-10 22:48:39.696829,0.0,Credit Card,East,Processing,1809.19
9048,883,2024-09-05 22:48:39.696830,0.0,Credit Card,South,Delivered,2192.4300000000003
9049,744,2025-04-27 22:48:39.696831,0.0,Bank Transfer,East,Shipped,1390.02
9050,234,2025-05-22 22:48:39.696832,0.0,Debit Card,South,Delivered,2112.77
9051,101,2025-07-02 22:48:39.696832,0.0,Debit Card,East,Delivered,608.12
9052,218,2025-04-04 22:48:39.696833,0.0,Bank Transfer,East,Processing,1022.6200000000001
9053,722,2025-03-20 22:48:39.696834,0.0,Credit Card,North,Shipped,248.48
9054,950,2024-11-05 22:48:39.696834,0.0,Credit Card,East,Shipped,2678.95
9055,765,2025-07-11 22:48:39.696835,0.0,Credit Card,South,Delivered,3762.4
9056,530,2024-08-01 22:48:39.696836,0.0,Bank Transfer,North,Delivered,1308.78
9057,105,2025-06-05 22:48:39.696837,0.0,Bank Transfer,North,Delivered,713.69
9058,932,2025-04-14 22:48:39.696837,0.0,PayPal,East,Delivered,960.98
9059,731,2024-08-17 22:48:39.696838,0.0,PayPal,East,Shipped,3015.1
9060,362,2024-09-27 22:48:39.696839,0.0,Debit Card,South,Shipped,1525.56
9061,876,2025-01-27 22:48:39.696840,0.0,Bank Transfer,East,Processing,2483.12
9062,558,2025-01-24 22:48:39.696841,0.0,PayPal,South,Delivered,1443.66
9063,375,2025-07-03 22:48:39.696841,0.0,Credit Card,East,Processing,459.45000000000005
9064,690,2025-04-10 22:48:39.696842,0.0,Debit Card,South,Shipped,363.39
9065,432,2024-12-10 22:48:39.696843,0.0,PayPal,North,Delivered,1047.82
9066,989,2025-03-13 22:48:39.696844,0.0,Bank Transfer,East,Shipped,1894.0400000000002
9067,63,2024-11-13 22:48:39.696845,0.0,Debit Card,North,Delivered,756.28
9068,275,2025-04-04 22:48:39.696845,0.0,Credit Card,North,Processing,1075.1399999999999
9069,892,2025-06-28 22:48:39.696846,0.0,PayPal,North,Delivered,1333.3500000000001
9070,483,2025-07-01 22:48:39.696847,0.0,Debit Card,West,Shipped,806.28
9071,864,2025-07-07 22:48:39.696848,0.0,Bank Transfer,North,Processing,2185.4300000000003
9072,898,2025-01-11 22:48:39.696848,0.0,PayPal,North,Shipped,121.13
9073,466,2024-12-24 22:48:39.696849,0.0,PayPal,West,Delivered,509.65
9074,338,2025-01-09 22:48:39.696850,0.0,Bank Transfer,South,Delivered,1682.07
9075,223,2024-10-28 22:48:39.696850,0.0,Credit Card,East,Delivered,1346.3300000000002
9076,319,2025-02-25 22:48:39.696851,0.0,Credit Card,North,Delivered,1861.24
9077,704,2025-02-14 22:48:39.696852,0.0,Debit Card,West,Delivered,2167.52
9078,740,2025-02-20 22:48:39.696853,0.0,PayPal,South,Delivered,1962.3899999999999
9079,330,2024-11-18 22:48:39.696853,0.0,Credit Card,North,Processing,2135.89
9080,137,2025-03-12 22:48:39.696854,0.0,Bank Transfer,North,Delivered,1985.6
9081,217,2024-11-20 22:48:39.696855,0.0,Debit Card,West,Delivered,1351.92
9082,43,2024-09-20 22:48:39.696856,0.0,Debit Card,East,Processing,1906.0300000000002
9083,146,2025-06-16 22:48:39.696856,0.0,Bank Transfer,East,Delivered,1232.59
9084,208,2025-07-10 22:48:39.696857,0.0,Bank Transfer,North,Delivered,225.21
9085,828,2025-06-25 22:48:39.696858,0.0,PayPal,North,Shipped,1592.73
9086,319,2024-09-07 22:48:39.696859,0.0,Bank Transfer,West,Delivered,861.28
9087,383,2024-12-15 22:48:39.696859,0.0,Credit Card,South,Delivered,1198.1399999999999
9088,278,2025-07-16 22:48:39.696860,0.0,PayPal,North,Shipped,764.32
9089,919,2025-05-15 22:48:39.696861,0.0,PayPal,East,Shipped,844.98
9090,588,2025-07-10 22:48:39.696861,0.0,PayPal,East,Processing,1852.67
9091,985,2024-07-27 22:48:39.696862,0.0,Credit Card,West,Shipped,4013.2999999999997
9092,441,2025-05-11 22:48:39.696863,0.0,PayPal,North,Delivered,673.2
9093,863,2024-11-12 22:48:39.696864,0.0,Debit Card,North,Shipped,406.09000000000003
9094,412,2025-05-14 22:48:39.696865,0.0,Credit Card,North,Cancelled,1520.4
9095,950,2025-03-08 22:48:39.696865,0.0,Credit Card,North,Shipped,2172.9700000000003
9096,324,2025-05-16 22:48:39.696866,0.0,Bank Transfer,North,Delivered,136.44
9097,64,2024-08-16 22:48:39.696867,0.0,Bank Transfer,South,Shipped,576.76
9098,453,2024-08-25 22:48:39.696868,0.0,Bank Transfer,South,Shipped,3415.94
9099,142,2024-09-02 22:48:39.696869,0.0,Debit Card,East,Shipped,1582.62
9100,30,2024-10-30 22:48:39.696869,0.0,Debit Card,South,Shipped,227.81
9101,136,2025-04-07 22:48:39.696870,0.0,Debit Card,North,Shipped,1081.7
9102,675,2025-02-28 22:48:39.696871,0.0,Credit Card,East,Processing,2647.74
9103,872,2024-10-17 22:48:39.696872,0.0,Credit Card,North,Delivered,1591.51
9104,232,2024-12-10 22:48:39.696872,0.0,PayPal,West,Shipped,3339.06
9105,534,2025-07-14 22:48:39.696873,0.0,PayPal,East,Shipped,710.64
9106,682,2025-04-29 22:48:39.696874,0.0,PayPal,South,Delivered,2043.43
9107,556,2024-10-29 22:48:39.696874,0.0,Debit Card,East,Processing,1475.96
9108,438,2025-04-20 22:48:39.696875,0.0,PayPal,North,Shipped,317.51
9109,720,2024-08-13 22:48:39.696876,0.0,PayPal,North,Delivered,1523.1100000000001
9110,590,2024-08-12 22:48:39.696877,0.0,Debit Card,South,Shipped,572.34
9111,75,2025-04-06 22:48:39.696878,0.0,PayPal,East,Delivered,2166.5699999999997
9112,741,2025-04-11 22:48:39.696878,0.0,Debit Card,East,Processing,1962.02
9113,74,2025-02-07 22:48:39.696879,0.0,Debit Card,East,Processing,1109.38
9114,596,2025-06-01 22:48:39.696880,0.0,Credit Card,West,Delivered,642.65
9115,811,2024-09-14 22:48:39.696881,0.0,PayPal,West,Delivered,880.26
9116,960,2024-10-15 22:48:39.696881,0.0,Bank Transfer,East,Delivered,870.5200000000001
9117,741,2025-04-30 22:48:39.696882,0.0,Debit Card,West,Shipped,2070.98
9118,445,2025-02-03 22:48:39.696883,0.0,PayPal,West,Delivered,883.0
9119,146,2024-09-09 22:48:39.696884,0.0,Bank Transfer,North,Processing,745.56
9120,52,2025-02-12 22:48:39.696884,0.0,PayPal,West,Processing,2606.2200000000003
9121,920,2025-07-01 22:48:39.696885,0.0,PayPal,East,Shipped,383.31
9122,582,2024-08-04 22:48:39.696886,0.0,Credit Card,South,Delivered,2440.75
9123,445,2025-05-12 22:48:39.696887,0.0,PayPal,South,Delivered,1474.5
9124,813,2024-12-27 22:48:39.696887,0.0,Debit Card,East,Cancelled,346.03
9125,186,2024-08-13 22:48:39.696888,0.0,PayPal,West,Shipped,2574.92
9126,562,2025-03-26 22:48:39.696889,0.0,PayPal,East,Delivered,2077.5299999999997
9127,433,2025-06-20 22:48:39.696890,0.0,PayPal,West,Delivered,943.18
9128,216,2025-05-01 22:48:39.696890,0.0,Bank Transfer,East,Delivered,568.12
9129,780,2024-12-08 22:48:39.696891,0.0,PayPal,East,Processing,1864.4
9130,732,2025-07-05 22:48:39.696892,0.0,Credit Card,West,Shipped,4142.3
9131,881,2025-03-24 22:48:39.696892,0.0,Debit Card,West,Shipped,1612.8
9132,621,2024-09-16 22:48:39.696893,0.0,Debit Card,North,Processing,1676.8000000000002
9133,980,2024-10-04 22:48:39.696894,0.0,Debit Card,North,Delivered,429.84000000000003
9134,792,2025-02-14 22:48:39.696895,0.0,Credit Card,South,Processing,1999.5700000000002
9135,675,2024-11-13 22:48:39.696895,0.0,Bank Transfer,East,Shipped,649.37
9136,336,2024-10-09 22:48:39.696896,0.0,Debit Card,South,Delivered,1728.47
9137,558,2025-06-30 22:48:39.696897,0.0,PayPal,East,Delivered,2441.97
9138,100,2025-01-31 22:48:39.696898,0.0,Bank Transfer,East,Delivered,1847.45
9139,920,2025-07-21 22:48:39.696899,0.0,PayPal,East,Shipped,3759.72
9140,404,2025-06-06 22:48:39.696900,0.0,PayPal,East,Delivered,1711.73
9141,622,2024-09-04 22:48:39.696901,0.0,PayPal,West,Delivered,825.39
9142,428,2024-08-13 22:48:39.696901,0.0,Debit Card,North,Delivered,3219.3999999999996
9143,222,2025-01-01 22:48:39.696902,0.0,Credit Card,South,Delivered,691.4999999999999
9144,743,2024-10-30 22:48:39.696903,0.0,Credit Card,South,Shipped,1707.37
9145,211,2024-09-18 22:48:39.696904,0.0,Credit Card,East,Delivered,3474.8700000000003
9146,4,2025-01-06 22:48:39.696905,0.0,Debit Card,West,Cancelled,1030.8899999999999
9147,766,2024-09-10 22:48:39.696905,0.0,Debit Card,South,Shipped,1362.1399999999999
9148,54,2025-06-01 22:48:39.696906,0.0,PayPal,South,Shipped,1865.2099999999998
9149,365,2024-10-02 22:48:39.696907,0.0,PayPal,West,Processing,542.34
9150,459,2024-08-30 22:48:39.696907,0.0,Debit Card,North,Delivered,384.75
9151,716,2025-02-11 22:48:39.696908,0.0,Bank Transfer,West,Delivered,1487.8
9152,352,2024-08-28 22:48:39.696909,0.0,Bank Transfer,North,Delivered,1298.28
9153,288,2024-11-30 22:48:39.696910,0.0,PayPal,South,Delivered,1379.72
9154,901,2025-04-08 22:48:39.696911,0.0,Credit Card,South,Processing,2282.8
9155,764,2025-06-04 22:48:39.696911,0.0,PayPal,West,Shipped,1135.08
9156,42,2025-01-08 22:48:39.696912,0.0,PayPal,North,Cancelled,2091.0
9157,490,2025-02-04 22:48:39.696913,0.0,PayPal,South,Shipped,1596.4099999999999
9158,270,2024-12-26 22:48:39.696914,0.0,Debit Card,West,Delivered,970.94
9159,516,2025-05-20 22:48:39.696914,0.0,PayPal,East,Shipped,131.74
9160,486,2024-10-29 22:48:39.696915,0.0,Bank Transfer,North,Delivered,2072.69
9161,82,2025-07-15 22:48:39.696916,0.0,Credit Card,West,Processing,67.86
9162,427,2024-10-14 22:48:39.696917,0.0,Debit Card,West,Delivered,3569.4300000000003
9163,830,2025-05-19 22:48:39.696917,0.0,Bank Transfer,North,Delivered,1212.69
9164,325,2024-10-29 22:48:39.696918,0.0,Bank Transfer,South,Delivered,987.39
9165,566,2024-12-28 22:48:39.696919,0.0,PayPal,South,Delivered,1671.9
9166,122,2025-02-10 22:48:39.696920,0.0,Debit Card,North,Delivered,1636.2600000000002
9167,725,2024-07-24 22:48:39.696920,0.0,Debit Card,North,Delivered,1433.44
9168,443,2025-07-03 22:48:39.696921,0.0,Credit Card,North,Delivered,856.65
9169,814,2025-05-14 22:48:39.696922,0.0,PayPal,East,Delivered,1023.0
9170,658,2025-01-15 22:48:39.696923,0.0,Bank Transfer,East,Delivered,959.67
9171,291,2024-09-01 22:48:39.696923,0.0,Debit Card,East,Shipped,563.2
9172,171,2025-01-17 22:48:39.696924,0.0,PayPal,South,Delivered,2851.9700000000003
9173,304,2024-09-11 22:48:39.696925,0.0,Debit Card,South,Shipped,670.59
9174,654,2024-08-10 22:48:39.696926,0.0,PayPal,South,Delivered,474.78
9175,387,2025-07-19 22:48:39.696926,0.0,PayPal,South,Delivered,405.62
9176,555,2024-09-28 22:48:39.696927,0.0,PayPal,East,Delivered,292.82
9177,578,2024-11-05 22:48:39.696928,0.0,Bank Transfer,South,Shipped,111.19
9178,609,2024-07-27 22:48:39.696929,0.0,Bank Transfer,South,Delivered,2109.7
9179,592,2025-05-25 22:48:39.696930,0.0,Credit Card,West,Delivered,2144.24
9180,260,2024-09-13 22:48:39.696930,0.0,Debit Card,South,Shipped,1483.3899999999999
9181,138,2025-07-20 22:48:39.696931,0.0,PayPal,North,Delivered,2689.05
9182,524,2024-09-29 22:48:39.696932,0.0,Bank Transfer,South,Delivered,1531.86
9183,366,2024-10-23 22:48:39.696933,0.0,Credit Card,North,Cancelled,1559.55
9184,861,2024-08-14 22:48:39.696933,0.0,Bank Transfer,East,Processing,2770.64
9185,214,2024-08-26 22:48:39.696934,0.0,PayPal,North,Delivered,691.5600000000001
9186,315,2025-05-03 22:48:39.696935,0.0,Bank Transfer,South,Delivered,1742.62
9187,937,2025-04-22 22:48:39.696936,0.0,Credit Card,West,Processing,1408.68
9188,494,2024-11-24 22:48:39.696936,0.0,Credit Card,East,Delivered,3546.66
9189,748,2025-01-27 22:48:39.696937,0.0,Bank Transfer,East,Shipped,1297.63
9190,507,2024-11-11 22:48:39.696938,0.0,Credit Card,South,Delivered,2771.11
9191,982,2025-05-18 22:48:39.696939,0.0,Credit Card,West,Delivered,2420.95
9192,682,2025-02-07 22:48:39.696939,0.0,Debit Card,North,Processing,2649.55
9193,654,2024-12-11 22:48:39.696940,0.0,PayPal,South,Shipped,2403.46
9194,725,2024-08-04 22:48:39.696941,0.0,Bank Transfer,East,Delivered,2819.83
9195,785,2024-08-15 22:48:39.696942,0.0,Debit Card,West,Shipped,3546.81
9196,1,2025-06-14 22:48:39.696943,0.0,Credit Card,East,Shipped,5382.07
9197,493,2024-09-01 22:48:39.696943,0.0,PayPal,North,Processing,1448.73
9198,634,2025-04-30 22:48:39.696944,0.0,Credit Card,North,Processing,228.88
9199,503,2025-06-03 22:48:39.696945,0.0,Bank Transfer,North,Shipped,2442.68
9200,365,2025-03-21 22:48:39.696946,0.0,Bank Transfer,West,Shipped,350.40999999999997
9201,193,2024-09-30 22:48:39.696946,0.0,Bank Transfer,West,Delivered,2346.15
9202,342,2024-10-16 22:48:39.696947,0.0,Bank Transfer,East,Delivered,764.7
9203,307,2025-01-29 22:48:39.696948,0.0,Credit Card,South,Shipped,829.56
9204,308,2025-06-20 22:48:39.696949,0.0,Debit Card,North,Shipped,768.12
9205,81,2025-05-25 22:48:39.696949,0.0,PayPal,South,Cancelled,2713.3199999999997
9206,751,2025-02-15 22:48:39.696950,0.0,Bank Transfer,East,Shipped,1441.6100000000001
9207,803,2025-04-23 22:48:39.696951,0.0,Debit Card,East,Shipped,1652.33
9208,951,2024-10-14 22:48:39.696951,0.0,Credit Card,North,Shipped,1413.3
9209,849,2025-02-14 22:48:39.696952,0.0,Credit Card,North,Delivered,608.61
9210,170,2025-06-20 22:48:39.696953,0.0,PayPal,North,Processing,1605.48
9211,595,2025-07-11 22:48:39.696954,0.0,Credit Card,West,Processing,1252.4299999999998
9212,488,2025-01-11 22:48:39.696954,0.0,Credit Card,North,Cancelled,221.33
9213,567,2024-08-25 22:48:39.696955,0.0,PayPal,West,Shipped,269.65
9214,990,2024-12-02 22:48:39.696956,0.0,PayPal,South,Delivered,435.06
9215,674,2024-10-28 22:48:39.696957,0.0,PayPal,East,Delivered,2695.17
9216,604,2024-12-13 22:48:39.696957,0.0,PayPal,North,Shipped,1160.82
9217,899,2024-08-03 22:48:39.696958,0.0,Bank Transfer,South,Processing,158.01
9218,420,2025-01-13 22:48:39.696959,0.0,Debit Card,North,Processing,489.63
9219,236,2025-04-29 22:48:39.696960,0.0,PayPal,North,Delivered,288.37
9220,622,2025-01-10 22:48:39.696961,0.0,Credit Card,North,Delivered,1775.66
9221,16,2024-12-02 22:48:39.696961,0.0,PayPal,West,Delivered,750.72
9222,141,2025-03-29 22:48:39.696962,0.0,Credit Card,North,Delivered,536.8199999999999
9223,308,2024-10-10 22:48:39.696963,0.0,PayPal,North,Shipped,1807.1399999999999
9224,76,2025-02-11 22:48:39.696964,0.0,Debit Card,East,Processing,2055.36
9225,436,2024-10-08 22:48:39.696964,0.0,Bank Transfer,South,Shipped,3806.75
9226,413,2025-01-01 22:48:39.696965,0.0,Debit Card,West,Delivered,3726.0599999999995
9227,870,2025-01-27 22:48:39.696966,0.0,PayPal,West,Delivered,2386.25
9228,592,2025-04-20 22:48:39.696967,0.0,PayPal,South,Delivered,1764.46
9229,742,2025-01-13 22:48:39.696967,0.0,Debit Card,West,Shipped,1665.6499999999999
9230,210,2024-09-06 22:48:39.696968,0.0,Bank Transfer,East,Delivered,3613.09
9231,637,2025-06-22 22:48:39.696969,0.0,Debit Card,North,Delivered,3469.57
9232,265,2024-11-17 22:48:39.696970,0.0,PayPal,West,Delivered,3512.9399999999996
9233,672,2025-03-11 22:48:39.696970,0.0,Bank Transfer,East,Shipped,1346.8500000000001
9234,79,2024-08-17 22:48:39.696971,0.0,Bank Transfer,South,Delivered,2475.2200000000003
9235,282,2024-11-18 22:48:39.696972,0.0,Bank Transfer,East,Shipped,1136.17
9236,979,2024-12-28 22:48:39.696973,0.0,Bank Transfer,North,Delivered,1459.48
9237,919,2025-03-06 22:48:39.696973,0.0,Credit Card,South,Delivered,3344.07
9238,575,2025-05-10 22:48:39.696974,0.0,Debit Card,East,Shipped,746.82
9239,139,2025-02-08 22:48:39.696975,0.0,PayPal,West,Delivered,930.6500000000001
9240,459,2024-11-06 22:48:39.696975,0.0,Credit Card,West,Shipped,970.94
9241,126,2025-01-14 22:48:39.696976,0.0,Credit Card,West,Shipped,2485.0
9242,35,2025-05-03 22:48:39.696977,0.0,Debit Card,South,Shipped,941.75
9243,295,2024-08-06 22:48:39.696978,0.0,Bank Transfer,East,Processing,2133.16
9244,47,2025-01-21 22:48:39.696979,0.0,Bank Transfer,West,Delivered,2754.99
9245,967,2024-07-24 22:48:39.696980,0.0,Credit Card,North,Cancelled,1211.1399999999999
9246,287,2025-06-18 22:48:39.696980,0.0,Credit Card,North,Delivered,2049.5299999999997
9247,243,2024-12-29 22:48:39.696981,0.0,Debit Card,South,Cancelled,4177.09
9248,757,2025-02-28 22:48:39.696982,0.0,PayPal,West,Delivered,981.4
9249,865,2024-08-04 22:48:39.696983,0.0,Debit Card,South,Delivered,2073.5
9250,897,2025-03-07 22:48:39.696983,0.0,PayPal,East,Shipped,532.69
9251,137,2024-08-31 22:48:39.696984,0.0,PayPal,East,Shipped,1494.12
9252,437,2024-11-08 22:48:39.696985,0.0,PayPal,West,Shipped,684.8
9253,732,2024-08-10 22:48:39.696986,0.0,Bank Transfer,North,Shipped,2025.0900000000001
9254,350,2025-07-12 22:48:39.696986,0.0,PayPal,North,Processing,1307.73
9255,956,2024-12-23 22:48:39.696987,0.0,Debit Card,West,Delivered,3718.67
9256,392,2025-02-27 22:48:39.696988,0.0,Bank Transfer,East,Shipped,2948.2299999999996
9257,328,2025-02-16 22:48:39.696989,0.0,Credit Card,East,Delivered,3267.66
9258,301,2025-03-03 22:48:39.696989,0.0,Debit Card,East,Shipped,508.24
9259,624,2024-11-04 22:48:39.696990,0.0,Credit Card,South,Shipped,1456.8200000000002
9260,13,2024-11-23 22:48:39.696991,0.0,Bank Transfer,East,Processing,1844.9
9261,595,2025-05-21 22:48:39.696992,0.0,PayPal,West,Processing,4253.35
9262,613,2025-01-06 22:48:39.696993,0.0,Bank Transfer,West,Delivered,510.92
9263,912,2024-10-05 22:48:39.696993,0.0,Bank Transfer,East,Shipped,1885.46
9264,163,2025-03-02 22:48:39.696994,0.0,Bank Transfer,East,Processing,2488.79
9265,244,2024-08-28 22:48:39.696995,0.0,Credit Card,South,Shipped,1657.89
9266,305,2025-05-06 22:48:39.696996,0.0,Bank Transfer,East,Shipped,3777.7
9267,781,2024-08-12 22:48:39.696996,0.0,Debit Card,North,Delivered,3053.1
9268,833,2025-01-15 22:48:39.696997,0.0,PayPal,West,Shipped,2876.76
9269,393,2024-12-01 22:48:39.696998,0.0,PayPal,East,Processing,458.5
9270,537,2025-07-13 22:48:39.696999,0.0,PayPal,West,Processing,651.19
9271,795,2024-08-15 22:48:39.696999,0.0,Bank Transfer,East,Delivered,1095.47
9272,378,2024-08-28 22:48:39.697000,0.0,Bank Transfer,North,Delivered,39.48
9273,837,2024-11-28 22:48:39.697001,0.0,Credit Card,West,Shipped,257.85
9274,914,2025-04-08 22:48:39.697001,0.0,Bank Transfer,South,Processing,225.60000000000002
9275,334,2025-05-09 22:48:39.697002,0.0,Bank Transfer,North,Processing,1325.85
9276,841,2024-08-12 22:48:39.697003,0.0,PayPal,South,Delivered,1636.23
9277,858,2025-05-20 22:48:39.697004,0.0,Debit Card,East,Delivered,2075.63
9278,410,2024-08-09 22:48:39.697004,0.0,Credit Card,North,Shipped,599.4200000000001
9279,111,2025-06-03 22:48:39.697005,0.0,Bank Transfer,West,Delivered,474.92
9280,260,2024-10-03 22:48:39.697006,0.0,Debit Card,North,Shipped,1685.03
9281,428,2025-06-16 22:48:39.697007,0.0,Bank Transfer,East,Delivered,1459.96
9282,96,2025-06-27 22:48:39.697007,0.0,Bank Transfer,West,Delivered,472.94000000000005
9283,740,2025-03-28 22:48:39.697008,0.0,Debit Card,South,Delivered,68.22
9284,489,2025-07-05 22:48:39.697009,0.0,Debit Card,South,Processing,612.98
9285,26,2024-07-26 22:48:39.697010,0.0,Credit Card,West,Delivered,3790.48
9286,709,2024-10-01 22:48:39.697011,0.0,Credit Card,South,Shipped,1954.05
9287,980,2025-02-11 22:48:39.697011,0.0,Credit Card,West,Shipped,910.95
9288,981,2025-04-05 22:48:39.697012,0.0,PayPal,South,Delivered,555.26
9289,121,2025-07-06 22:48:39.697013,0.0,Debit Card,South,Delivered,2007.94
9290,990,2025-03-22 22:48:39.697014,0.0,Debit Card,North,Processing,3466.25
9291,8,2024-10-09 22:48:39.697014,0.0,Debit Card,South,Delivered,518.44
9292,405,2025-01-21 22:48:39.697015,0.0,Debit Card,West,Delivered,153.15
9293,407,2024-09-14 22:48:39.697016,0.0,PayPal,East,Shipped,2654.65
9294,388,2024-10-18 22:48:39.697017,0.0,PayPal,North,Shipped,2644.35
9295,881,2025-05-05 22:48:39.697017,0.0,Credit Card,West,Shipped,2306.05
9296,168,2024-12-04 22:48:39.697018,0.0,Credit Card,West,Processing,3469.9
9297,484,2024-10-16 22:48:39.697019,0.0,Debit Card,West,Delivered,4271.98
9298,558,2024-11-15 22:48:39.697020,0.0,Bank Transfer,South,Cancelled,2326.83
9299,72,2025-05-05 22:48:39.697020,0.0,PayPal,North,Delivered,738.63
9300,297,2024-08-11 22:48:39.697021,0.0,PayPal,South,Delivered,1236.3
9301,312,2025-04-11 22:48:39.697022,0.0,Credit Card,South,Delivered,1797.78
9302,381,2025-04-21 22:48:39.697023,0.0,Credit Card,West,Processing,623.1899999999999
9303,553,2025-05-04 22:48:39.697023,0.0,PayPal,North,Delivered,3046.76
9304,480,2025-02-08 22:48:39.697024,0.0,PayPal,West,Shipped,2701.16
9305,588,2024-09-02 22:48:39.697025,0.0,Debit Card,North,Shipped,2401.29
9306,10,2024-11-18 22:48:39.697026,0.0,Debit Card,North,Shipped,1407.12
9307,81,2025-05-01 22:48:39.697026,0.0,Debit Card,North,Delivered,2613.94
9308,215,2024-11-17 22:48:39.697027,0.0,Credit Card,West,Delivered,640.52
9309,114,2024-08-09 22:48:39.697028,0.0,Debit Card,South,Processing,681.26
9310,386,2025-04-07 22:48:39.697029,0.0,PayPal,South,Delivered,2138.49
9311,632,2024-09-19 22:48:39.697029,0.0,Credit Card,West,Delivered,2301.5
9312,902,2024-10-05 22:48:39.697030,0.0,Debit Card,West,Shipped,1435.8899999999999
9313,528,2025-07-05 22:48:39.697031,0.0,Debit Card,South,Delivered,1451.9500000000003
9314,39,2025-03-05 22:48:39.697032,0.0,Debit Card,North,Processing,3263.92
9315,911,2025-04-11 22:48:39.697032,0.0,PayPal,South,Shipped,754.72
9316,452,2025-07-11 22:48:39.697033,0.0,Debit Card,West,Delivered,1796.4
9317,102,2024-08-08 22:48:39.697034,0.0,Debit Card,East,Delivered,1261.26
9318,176,2025-06-02 22:48:39.697034,0.0,Bank Transfer,West,Delivered,1531.25
9319,313,2025-07-07 22:48:39.697035,0.0,PayPal,North,Shipped,1909.97
9320,597,2025-04-03 22:48:39.697036,0.0,PayPal,North,Processing,3858.1499999999996
9321,763,2025-05-23 22:48:39.697037,0.0,PayPal,West,Shipped,629.0699999999999
9322,583,2025-04-26 22:48:39.697037,0.0,PayPal,East,Delivered,428.68
9323,340,2024-12-19 22:48:39.697038,0.0,Bank Transfer,South,Delivered,1010.3600000000001
9324,526,2025-01-11 22:48:39.697039,0.0,Bank Transfer,West,Processing,1635.6299999999999
9325,765,2025-03-20 22:48:39.697040,0.0,PayPal,East,Processing,196.8
9326,915,2024-09-29 22:48:39.697040,0.0,PayPal,North,Delivered,814.2
9327,785,2025-01-30 22:48:39.697041,0.0,Bank Transfer,North,Delivered,361.44
9328,812,2025-02-08 22:48:39.697042,0.0,Bank Transfer,North,Delivered,1773.32
9329,888,2024-08-23 22:48:39.697043,0.0,Credit Card,South,Shipped,1912.18
9330,524,2024-11-24 22:48:39.697043,0.0,Bank Transfer,West,Delivered,2100.3100000000004
9331,633,2025-04-22 22:48:39.697044,0.0,Credit Card,South,Delivered,3205.45
9332,361,2024-11-17 22:48:39.697045,0.0,Credit Card,West,Processing,758.46
9333,307,2024-12-29 22:48:39.697046,0.0,Credit Card,North,Delivered,2277.84
9334,148,2025-02-08 22:48:39.697046,0.0,Bank Transfer,South,Delivered,2593.44
9335,503,2024-12-14 22:48:39.697047,0.0,Bank Transfer,West,Delivered,1551.81
9336,291,2025-01-26 22:48:39.697048,0.0,Credit Card,West,Delivered,1160.6799999999998
9337,328,2025-01-26 22:48:39.697049,0.0,PayPal,East,Delivered,2276.92
9338,879,2024-11-19 22:48:39.697049,0.0,Bank Transfer,South,Delivered,1566.8600000000001
9339,427,2025-05-27 22:48:39.697050,0.0,PayPal,North,Delivered,541.71
9340,743,2025-04-15 22:48:39.697051,0.0,Bank Transfer,South,Processing,786.32
9341,742,2025-01-11 22:48:39.697052,0.0,Bank Transfer,North,Processing,2044.21
9342,109,2024-12-31 22:48:39.697052,0.0,Credit Card,West,Delivered,243.64
9343,291,2025-04-21 22:48:39.697053,0.0,PayPal,North,Processing,1744.69
9344,310,2025-01-19 22:48:39.697054,0.0,PayPal,West,Shipped,854.87
9345,798,2024-10-28 22:48:39.697055,0.0,Bank Transfer,South,Cancelled,1959.1299999999999
9346,716,2025-04-28 22:48:39.697055,0.0,Debit Card,East,Processing,2958.79
9347,84,2024-09-15 22:48:39.697056,0.0,Debit Card,South,Delivered,1666.74
9348,804,2025-02-01 22:48:39.697057,0.0,Debit Card,East,Processing,118.22
9349,682,2025-06-28 22:48:39.697058,0.0,Bank Transfer,South,Delivered,3925.53
9350,203,2024-10-31 22:48:39.697058,0.0,PayPal,South,Shipped,693.16
9351,680,2025-06-20 22:48:39.697059,0.0,Credit Card,East,Delivered,400.76
9352,222,2025-01-14 22:48:39.697060,0.0,PayPal,West,Processing,3451.96
9353,236,2024-10-31 22:48:39.697061,0.0,Debit Card,East,Delivered,479.32000000000005
9354,319,2024-09-10 22:48:39.697061,0.0,Credit Card,East,Delivered,576.35
9355,737,2025-02-25 22:48:39.697062,0.0,PayPal,East,Processing,348.54
9356,402,2024-12-24 22:48:39.697063,0.0,Debit Card,West,Shipped,3019.59
9357,145,2025-03-05 22:48:39.697064,0.0,Credit Card,North,Processing,2534.6000000000004
9358,441,2024-10-05 22:48:39.697064,0.0,Bank Transfer,North,Delivered,2554.99
9359,685,2024-10-30 22:48:39.697065,0.0,Credit Card,North,Shipped,296.58
9360,170,2024-09-22 22:48:39.697066,0.0,Debit Card,East,Processing,1500.43
9361,238,2025-04-14 22:48:39.697067,0.0,Credit Card,South,Processing,1509.16
9362,921,2024-10-04 22:48:39.697067,0.0,Debit Card,East,Processing,433.18
9363,425,2024-09-01 22:48:39.697068,0.0,Debit Card,South,Delivered,1150.33
9364,855,2024-08-29 22:48:39.697069,0.0,Debit Card,East,Shipped,1116.08
9365,698,2025-03-15 22:48:39.697070,0.0,Bank Transfer,South,Delivered,3458.23
9366,603,2024-08-18 22:48:39.697071,0.0,Credit Card,North,Processing,392.2
9367,761,2025-03-19 22:48:39.697071,0.0,Bank Transfer,West,Processing,1563.09
9368,255,2024-11-27 22:48:39.697072,0.0,Bank Transfer,West,Delivered,585.1800000000001
9369,146,2024-12-01 22:48:39.697073,0.0,Bank Transfer,East,Shipped,1615.8600000000001
9370,171,2024-11-24 22:48:39.697074,0.0,Credit Card,South,Shipped,1666.58
9371,542,2024-08-28 22:48:39.697074,0.0,Debit Card,West,Processing,1862.9499999999998
9372,666,2024-10-18 22:48:39.697075,0.0,Credit Card,North,Shipped,887.49
9373,538,2025-01-21 22:48:39.697076,0.0,Bank Transfer,South,Shipped,416.64
9374,612,2024-09-27 22:48:39.697077,0.0,Credit Card,South,Delivered,1320.18
9375,494,2025-03-27 22:48:39.697077,0.0,Bank Transfer,South,Delivered,366.04
9376,580,2025-05-16 22:48:39.697078,0.0,Debit Card,West,Processing,2351.2
9377,343,2024-08-03 22:48:39.697079,0.0,Debit Card,West,Processing,3035.77
9378,239,2025-05-31 22:48:39.697080,0.0,Debit Card,East,Shipped,1615.5
9379,919,2024-12-29 22:48:39.697081,0.0,Debit Card,West,Shipped,1216.1799999999998
9380,673,2024-10-26 22:48:39.697081,0.0,Credit Card,East,Delivered,255.04
9381,144,2025-05-04 22:48:39.697082,0.0,PayPal,South,Processing,2892.44
9382,672,2025-05-11 22:48:39.697083,0.0,Bank Transfer,West,Processing,1785.4399999999998
9383,194,2025-06-11 22:48:39.697083,0.0,Debit Card,East,Delivered,1519.1799999999998
9384,24,2024-07-22 22:48:39.697084,0.0,Credit Card,North,Shipped,435.4
9385,869,2024-12-03 22:48:39.697085,0.0,PayPal,East,Delivered,127.52
9386,397,2025-03-20 22:48:39.697086,0.0,Bank Transfer,West,Shipped,2921.9300000000003
9387,527,2025-04-21 22:48:39.697087,0.0,Debit Card,North,Processing,620.4300000000001
9388,773,2024-09-18 22:48:39.697087,0.0,Bank Transfer,East,Shipped,1237.22
9389,402,2025-05-17 22:48:39.697088,0.0,Debit Card,South,Processing,1303.3600000000001
9390,593,2024-09-29 22:48:39.697089,0.0,Debit Card,South,Delivered,3474.28
9391,66,2024-12-15 22:48:39.697090,0.0,Debit Card,East,Shipped,541.62
9392,649,2024-10-14 22:48:39.697090,0.0,Bank Transfer,North,Shipped,2609.8
9393,753,2024-09-04 22:48:39.697091,0.0,Debit Card,South,Delivered,3200.99
9394,770,2024-10-05 22:48:39.697092,0.0,Credit Card,South,Processing,1688.3300000000002
9395,347,2025-01-08 22:48:39.697093,0.0,Debit Card,West,Processing,3100.12
9396,28,2024-10-30 22:48:39.697094,0.0,Credit Card,West,Delivered,2116.02
9397,368,2025-01-19 22:48:39.697094,0.0,Bank Transfer,North,Delivered,3602.45
9398,521,2024-07-26 22:48:39.697095,0.0,Debit Card,West,Delivered,363.27
9399,365,2024-10-27 22:48:39.697096,0.0,Credit Card,East,Shipped,2894.8
9400,764,2025-06-02 22:48:39.697097,0.0,Credit Card,North,Shipped,1592.07
9401,79,2024-08-23 22:48:39.697098,0.0,Debit Card,South,Shipped,4083.01
9402,10,2025-03-03 22:48:39.697098,0.0,Bank Transfer,East,Processing,1682.51
9403,569,2025-07-04 22:48:39.697099,0.0,PayPal,West,Delivered,1714.75
9404,840,2024-11-17 22:48:39.697100,0.0,Bank Transfer,East,Shipped,679.05
9405,78,2025-04-04 22:48:39.697100,0.0,Credit Card,South,Processing,2154.4799999999996
9406,679,2025-04-18 22:48:39.697101,0.0,Credit Card,North,Processing,2825.91
9407,403,2025-03-05 22:48:39.697102,0.0,Credit Card,East,Delivered,1177.47
9408,942,2024-12-14 22:48:39.697103,0.0,Bank Transfer,East,Processing,668.9
9409,679,2024-10-12 22:48:39.697103,0.0,Bank Transfer,South,Delivered,1808.02
9410,764,2025-05-21 22:48:39.697104,0.0,Credit Card,East,Delivered,494.8
9411,266,2024-08-24 22:48:39.697105,0.0,Debit Card,North,Delivered,1329.6599999999999
9412,221,2025-07-11 22:48:39.697106,0.0,PayPal,West,Shipped,939.12
9413,405,2024-08-09 22:48:39.697107,0.0,Debit Card,South,Shipped,1378.08
9414,295,2025-06-27 22:48:39.697107,0.0,Credit Card,North,Delivered,1985.17
9415,954,2024-09-10 22:48:39.697108,0.0,Bank Transfer,South,Shipped,1314.1000000000001
9416,506,2025-03-10 22:48:39.697109,0.0,Bank Transfer,West,Delivered,1310.42
9417,983,2025-02-22 22:48:39.697110,0.0,PayPal,South,Shipped,1073.4099999999999
9418,938,2024-09-01 22:48:39.697110,0.0,Credit Card,East,Shipped,2640.79
9419,628,2024-08-09 22:48:39.697111,0.0,Debit Card,North,Shipped,2036.51
9420,112,2024-10-19 22:48:39.697112,0.0,Credit Card,East,Delivered,1094.3600000000001
9421,650,2024-12-04 22:48:39.697113,0.0,Credit Card,West,Delivered,1764.0900000000001
9422,308,2025-06-24 22:48:39.697113,0.0,Bank Transfer,North,Delivered,1166.44
9423,958,2025-02-17 22:48:39.697114,0.0,Debit Card,North,Delivered,268.63
9424,525,2025-06-13 22:48:39.697115,0.0,Bank Transfer,East,Delivered,1561.48
9425,855,2024-08-26 22:48:39.697116,0.0,Bank Transfer,North,Delivered,2606.98
9426,510,2025-06-27 22:48:39.697116,0.0,Bank Transfer,East,Processing,2608.6400000000003
9427,896,2024-10-13 22:48:39.697117,0.0,Debit Card,East,Shipped,765.0799999999999
9428,875,2025-04-05 22:48:39.697118,0.0,Bank Transfer,North,Shipped,1423.5900000000001
9429,580,2025-03-13 22:48:39.697119,0.0,PayPal,South,Delivered,872.9
9430,132,2025-07-21 22:48:39.697119,0.0,Debit Card,East,Delivered,213.41
9431,644,2024-10-27 22:48:39.697120,0.0,Bank Transfer,East,Cancelled,2062.56
9432,388,2025-01-14 22:48:39.697121,0.0,PayPal,West,Cancelled,1419.3
9433,763,2025-07-12 22:48:39.697122,0.0,Bank Transfer,North,Shipped,1516.1999999999998
9434,371,2025-07-10 22:48:39.697122,0.0,PayPal,South,Delivered,764.13
9435,780,2025-03-29 22:48:39.697123,0.0,Bank Transfer,South,Delivered,1425.46
9436,469,2025-07-11 22:48:39.697124,0.0,Bank Transfer,North,Shipped,2068.95
9437,296,2024-10-30 22:48:39.697125,0.0,Credit Card,East,Shipped,1899.3499999999997
9438,751,2025-06-07 22:48:39.697125,0.0,Credit Card,East,Processing,3360.8
9439,971,2025-07-09 22:48:39.697126,0.0,PayPal,East,Delivered,82.88
9440,568,2025-04-08 22:48:39.697127,0.0,PayPal,West,Delivered,1814.31
9441,540,2025-05-09 22:48:39.697128,0.0,PayPal,North,Shipped,643.74
9442,215,2024-10-03 22:48:39.697128,0.0,Debit Card,West,Shipped,2851.02
9443,744,2024-08-10 22:48:39.697129,0.0,Bank Transfer,East,Delivered,684.3
9444,168,2025-07-18 22:48:39.697130,0.0,PayPal,East,Delivered,287.0
9445,156,2024-12-08 22:48:39.697131,0.0,Debit Card,South,Cancelled,705.49
9446,111,2025-07-08 22:48:39.697131,0.0,Bank Transfer,East,Delivered,981.6299999999999
9447,504,2024-08-30 22:48:39.697132,0.0,PayPal,North,Processing,2132.2
9448,219,2024-10-29 22:48:39.697133,0.0,Credit Card,West,Delivered,673.2
9449,511,2025-06-09 22:48:39.697134,0.0,Credit Card,North,Delivered,676.74
9450,299,2025-07-15 22:48:39.697134,0.0,PayPal,West,Delivered,2620.79
9451,197,2024-12-31 22:48:39.697135,0.0,Bank Transfer,South,Processing,1423.06
9452,409,2025-04-04 22:48:39.697136,0.0,PayPal,East,Delivered,932.91
9453,970,2024-08-06 22:48:39.697137,0.0,PayPal,East,Processing,1127.35
9454,586,2024-09-24 22:48:39.697137,0.0,PayPal,East,Delivered,2319.52
9455,213,2025-03-09 22:48:39.697138,0.0,Bank Transfer,West,Cancelled,741.74
9456,320,2025-03-23 22:48:39.697139,0.0,Debit Card,North,Shipped,2371.5699999999997
9457,605,2025-03-15 22:48:39.697140,0.0,Bank Transfer,West,Delivered,336.40999999999997
9458,821,2025-06-29 22:48:39.697140,0.0,Debit Card,North,Delivered,35.54
9459,673,2024-11-13 22:48:39.697141,0.0,Debit Card,South,Delivered,2104.8100000000004
9460,284,2025-03-30 22:48:39.697142,0.0,PayPal,North,Shipped,916.9399999999999
9461,374,2024-10-20 22:48:39.697143,0.0,PayPal,South,Delivered,1966.99
9462,967,2025-01-15 22:48:39.697143,0.0,Debit Card,North,Delivered,696.41
9463,616,2024-10-30 22:48:39.697144,0.0,Credit Card,South,Cancelled,1606.02
9464,406,2025-03-27 22:48:39.697145,0.0,Bank Transfer,West,Delivered,3145.73
9465,881,2025-02-04 22:48:39.697146,0.0,PayPal,North,Delivered,2826.9199999999996
9466,609,2025-07-15 22:48:39.697146,0.0,PayPal,North,Shipped,832.81
9467,213,2024-12-05 22:48:39.697147,0.0,Bank Transfer,North,Delivered,961.31
9468,923,2025-06-10 22:48:39.697148,0.0,Debit Card,East,Shipped,3573.68
9469,261,2025-01-23 22:48:39.697149,0.0,Debit Card,West,Delivered,2124.88
9470,441,2025-04-21 22:48:39.697149,0.0,Credit Card,West,Delivered,2518.9700000000003
9471,36,2025-07-11 22:48:39.697150,0.0,Credit Card,West,Delivered,769.6
9472,105,2024-11-01 22:48:39.697151,0.0,Credit Card,South,Delivered,2770.88
9473,912,2025-01-27 22:48:39.697152,0.0,Debit Card,South,Processing,1479.52
9474,955,2025-03-17 22:48:39.697152,0.0,PayPal,North,Cancelled,1564.1399999999999
9475,565,2025-04-18 22:48:39.697153,0.0,PayPal,South,Processing,2334.5299999999997
9476,407,2025-07-12 22:48:39.697154,0.0,Debit Card,East,Cancelled,1255.1799999999998
9477,627,2025-06-16 22:48:39.697155,0.0,Credit Card,North,Delivered,2098.33
9478,694,2024-11-24 22:48:39.697156,0.0,Bank Transfer,West,Processing,2730.8999999999996
9479,998,2024-07-27 22:48:39.697157,0.0,Credit Card,West,Processing,2049.87
9480,300,2024-11-18 22:48:39.697158,0.0,Debit Card,South,Delivered,1979.45
9481,164,2025-01-22 22:48:39.697159,0.0,Debit Card,East,Processing,422.25
9482,359,2025-06-18 22:48:39.697160,0.0,Credit Card,North,Delivered,2555.6600000000003
9483,186,2024-08-19 22:48:39.697160,0.0,PayPal,West,Shipped,862.76
9484,97,2025-01-29 22:48:39.697161,0.0,Bank Transfer,West,Delivered,1351.1399999999999
9485,493,2025-06-19 22:48:39.697162,0.0,PayPal,South,Shipped,2040.0700000000002
9486,55,2025-04-25 22:48:39.697163,0.0,PayPal,East,Shipped,142.89
9487,772,2024-10-02 22:48:39.697163,0.0,Bank Transfer,North,Shipped,3516.33
9488,163,2024-12-26 22:48:39.697164,0.0,Credit Card,North,Processing,180.72
9489,557,2024-09-11 22:48:39.697165,0.0,Debit Card,West,Delivered,1083.65
9490,489,2024-12-13 22:48:39.697166,0.0,Credit Card,South,Delivered,2115.6800000000003
9491,651,2024-09-01 22:48:39.697166,0.0,Credit Card,West,Delivered,1231.3400000000001
9492,915,2025-07-02 22:48:39.697167,0.0,Bank Transfer,North,Delivered,628.72
9493,923,2025-06-15 22:48:39.697168,0.0,PayPal,East,Delivered,636.33
9494,81,2025-06-12 22:48:39.697169,0.0,Bank Transfer,East,Shipped,239.02
9495,648,2025-05-19 22:48:39.697169,0.0,PayPal,North,Shipped,1868.0899999999997
9496,88,2025-07-15 22:48:39.697170,0.0,Debit Card,East,Delivered,968.04
9497,155,2024-12-01 22:48:39.697171,0.0,PayPal,North,Delivered,2764.21
9498,491,2025-05-31 22:48:39.697172,0.0,PayPal,North,Processing,2627.11
9499,809,2024-12-12 22:48:39.697172,0.0,PayPal,West,Delivered,447.1
9500,99,2024-07-23 22:48:39.697173,0.0,PayPal,West,Processing,1813.03
9501,445,2025-01-21 22:48:39.697174,0.0,Bank Transfer,South,Cancelled,2232.19
9502,348,2025-06-02 22:48:39.697175,0.0,Bank Transfer,East,Delivered,407.49
9503,423,2025-05-02 22:48:39.697175,0.0,Credit Card,East,Delivered,872.47
9504,679,2024-10-15 22:48:39.697176,0.0,Bank Transfer,West,Processing,1023.32
9505,715,2025-02-05 22:48:39.697177,0.0,Credit Card,West,Delivered,759.7
9506,401,2025-03-13 22:48:39.697178,0.0,Debit Card,West,Cancelled,2993.57
9507,557,2024-10-03 22:48:39.697178,0.0,PayPal,South,Shipped,3651.3500000000004
9508,733,2025-02-19 22:48:39.697179,0.0,Credit Card,North,Delivered,1449.04
9509,345,2025-01-06 22:48:39.697180,0.0,Credit Card,West,Processing,2608.59
9510,390,2024-07-22 22:48:39.697181,0.0,Bank Transfer,South,Shipped,1212.56
9511,592,2025-02-11 22:48:39.697181,0.0,Bank Transfer,East,Delivered,1398.57
9512,788,2025-04-01 22:48:39.697182,0.0,PayPal,West,Delivered,1065.96
9513,885,2025-04-20 22:48:39.697183,0.0,PayPal,East,Shipped,571.95
9514,807,2024-11-17 22:48:39.697184,0.0,Debit Card,North,Processing,3144.69
9515,974,2024-12-14 22:48:39.697184,0.0,PayPal,North,Processing,2145.61
9516,477,2024-08-03 22:48:39.697185,0.0,PayPal,North,Shipped,1094.6399999999999
9517,128,2024-12-16 22:48:39.697186,0.0,Debit Card,South,Delivered,2040.71
9518,560,2025-03-23 22:48:39.697186,0.0,Bank Transfer,North,Delivered,1852.3600000000001
9519,179,2025-07-17 22:48:39.697187,0.0,Bank Transfer,West,Delivered,2001.6
9520,237,2025-01-01 22:48:39.697188,0.0,Credit Card,North,Delivered,1868.69
9521,69,2025-07-16 22:48:39.697189,0.0,PayPal,North,Shipped,1207.31
9522,421,2025-02-22 22:48:39.697189,0.0,Debit Card,East,Delivered,1474.46
9523,61,2024-08-17 22:48:39.697190,0.0,Debit Card,East,Processing,1866.77
9524,760,2025-03-05 22:48:39.697191,0.0,Bank Transfer,North,Delivered,1993.85
9525,928,2024-11-08 22:48:39.697192,0.0,Bank Transfer,North,Shipped,1828.02
9526,767,2024-09-25 22:48:39.697192,0.0,PayPal,East,Shipped,1207.22
9527,628,2024-12-25 22:48:39.697193,0.0,Credit Card,West,Shipped,427.78
9528,293,2024-08-27 22:48:39.697194,0.0,PayPal,South,Delivered,451.43999999999994
9529,136,2025-07-01 22:48:39.697195,0.0,Credit Card,West,Delivered,905.5
9530,406,2025-02-18 22:48:39.697195,0.0,PayPal,West,Delivered,2270.8500000000004
9531,142,2025-03-16 22:48:39.697196,0.0,Debit Card,North,Shipped,405.74
9532,686,2025-06-08 22:48:39.697197,0.0,Debit Card,North,Processing,128.88
9533,294,2024-10-23 22:48:39.697198,0.0,Credit Card,North,Cancelled,1474.07
9534,965,2024-07-28 22:48:39.697198,0.0,PayPal,East,Delivered,695.04
9535,51,2025-07-18 22:48:39.697199,0.0,Debit Card,West,Delivered,2069.06
9536,436,2025-02-09 22:48:39.697200,0.0,Credit Card,East,Processing,175.13
9537,200,2024-07-31 22:48:39.697201,0.0,PayPal,West,Shipped,785.96
9538,660,2025-05-14 22:48:39.697202,0.0,Credit Card,South,Shipped,105.83
9539,438,2024-09-19 22:48:39.697202,0.0,Debit Card,North,Cancelled,3211.6400000000003
9540,653,2025-01-08 22:48:39.697203,0.0,Credit Card,West,Shipped,1105.8
9541,345,2024-09-25 22:48:39.697204,0.0,PayPal,West,Delivered,2088.28
9542,234,2024-08-05 22:48:39.697205,0.0,Credit Card,North,Shipped,1300.3600000000001
9543,729,2025-04-10 22:48:39.697205,0.0,Bank Transfer,West,Shipped,418.98
9544,702,2024-12-11 22:48:39.697206,0.0,Credit Card,East,Delivered,4534.16
9545,381,2024-09-09 22:48:39.697207,0.0,Debit Card,South,Shipped,1168.76
9546,343,2025-06-07 22:48:39.697208,0.0,Debit Card,South,Shipped,597.54
9547,504,2024-11-24 22:48:39.697208,0.0,Bank Transfer,North,Shipped,732.04
9548,582,2025-06-19 22:48:39.697209,0.0,Bank Transfer,East,Delivered,2815.55
9549,980,2024-12-12 22:48:39.697210,0.0,Bank Transfer,South,Processing,2780.6800000000003
9550,965,2024-11-05 22:48:39.697211,0.0,Bank Transfer,South,Delivered,202.87
9551,40,2025-07-10 22:48:39.697211,0.0,PayPal,West,Delivered,1019.94
9552,30,2025-05-19 22:48:39.697212,0.0,Bank Transfer,South,Cancelled,1126.3300000000002
9553,575,2025-05-19 22:48:39.697213,0.0,PayPal,West,Delivered,2880.06
9554,873,2025-02-26 22:48:39.697214,0.0,PayPal,South,Delivered,1809.2199999999998
9555,14,2024-11-05 22:48:39.697214,0.0,Credit Card,North,Delivered,1640.1299999999999
9556,546,2024-12-21 22:48:39.697215,0.0,Bank Transfer,East,Shipped,2615.89
9557,484,2025-06-07 22:48:39.697216,0.0,Credit Card,North,Processing,2182.79
9558,209,2024-11-19 22:48:39.697217,0.0,PayPal,North,Delivered,1911.69
9559,635,2024-11-18 22:48:39.697217,0.0,Debit Card,North,Processing,979.42
9560,214,2025-02-10 22:48:39.697218,0.0,Credit Card,East,Delivered,1000.3199999999999
9561,139,2024-10-03 22:48:39.697219,0.0,Credit Card,South,Processing,1000.12
9562,781,2025-07-02 22:48:39.697220,0.0,Credit Card,West,Processing,1936.83
9563,930,2024-09-21 22:48:39.697220,0.0,Debit Card,South,Processing,2301.9
9564,496,2024-09-07 22:48:39.697221,0.0,Credit Card,South,Delivered,668.0999999999999
9565,736,2025-03-24 22:48:39.697222,0.0,Debit Card,North,Delivered,3238.68
9566,248,2024-10-17 22:48:39.697223,0.0,Credit Card,East,Shipped,1478.49
9567,916,2025-06-23 22:48:39.697223,0.0,Bank Transfer,South,Delivered,1011.78
9568,807,2025-04-21 22:48:39.697224,0.0,Bank Transfer,West,Shipped,557.97
9569,688,2024-08-09 22:48:39.697225,0.0,Bank Transfer,South,Delivered,903.78
9570,751,2025-01-02 22:48:39.697226,0.0,Credit Card,North,Shipped,1252.58
9571,135,2024-09-12 22:48:39.697226,0.0,Bank Transfer,South,Shipped,3788.8099999999995
9572,668,2025-05-22 22:48:39.697227,0.0,Bank Transfer,East,Shipped,1593.48
9573,5,2025-01-07 22:48:39.697228,0.0,PayPal,West,Delivered,501.73
9574,476,2025-03-16 22:48:39.697229,0.0,Credit Card,East,Delivered,2011.0600000000002
9575,469,2024-10-07 22:48:39.697229,0.0,Debit Card,North,Shipped,1061.18
9576,20,2024-10-07 22:48:39.697230,0.0,Bank Transfer,North,Delivered,2047.29
9577,176,2024-09-11 22:48:39.697231,0.0,Debit Card,West,Delivered,2313.21
9578,188,2024-08-10 22:48:39.697232,0.0,Bank Transfer,North,Cancelled,1302.5
9579,379,2024-10-25 22:48:39.697232,0.0,Bank Transfer,West,Delivered,778.77
9580,579,2024-12-29 22:48:39.697233,0.0,Debit Card,North,Shipped,2074.99
9581,92,2025-04-12 22:48:39.697234,0.0,Credit Card,West,Shipped,969.3
9582,606,2025-01-02 22:48:39.697235,0.0,Bank Transfer,East,Processing,333.5
9583,630,2024-10-04 22:48:39.697235,0.0,Bank Transfer,East,Shipped,329.71
9584,20,2024-08-30 22:48:39.697236,0.0,Credit Card,East,Shipped,1576.27
9585,18,2024-12-07 22:48:39.697237,0.0,PayPal,West,Processing,1674.83
9586,73,2024-12-02 22:48:39.697238,0.0,Debit Card,East,Delivered,3135.13
9587,809,2025-02-23 22:48:39.697238,0.0,Debit Card,North,Shipped,2562.48
9588,77,2025-05-06 22:48:39.697239,0.0,PayPal,South,Processing,2274.23
9589,98,2025-04-08 22:48:39.697240,0.0,PayPal,North,Delivered,1696.62
9590,230,2025-01-26 22:48:39.697241,0.0,Bank Transfer,West,Delivered,1753.6100000000001
9591,290,2024-11-18 22:48:39.697241,0.0,PayPal,North,Shipped,2523.48
9592,410,2025-06-06 22:48:39.697242,0.0,PayPal,East,Shipped,1488.6100000000001
9593,842,2024-09-02 22:48:39.697243,0.0,Credit Card,West,Delivered,379.23
9594,537,2025-01-25 22:48:39.697244,0.0,Bank Transfer,South,Shipped,269.48
9595,749,2025-02-16 22:48:39.697244,0.0,Debit Card,East,Delivered,1558.53
9596,475,2024-12-07 22:48:39.697245,0.0,Debit Card,East,Delivered,2767.5099999999998
9597,100,2024-11-02 22:48:39.697246,0.0,Bank Transfer,North,Delivered,1597.93
9598,915,2024-11-18 22:48:39.697247,0.0,Bank Transfer,North,Delivered,2169.57
9599,2,2025-05-14 22:48:39.697248,0.0,Credit Card,South,Delivered,236.79000000000002
9600,405,2025-03-14 22:48:39.697248,0.0,Credit Card,West,Shipped,1097.4099999999999
9601,477,2025-06-21 22:48:39.697249,0.0,Bank Transfer,North,Delivered,1920.09
9602,530,2024-11-29 22:48:39.697250,0.0,Debit Card,West,Processing,813.29
9603,646,2025-06-16 22:48:39.697250,0.0,Credit Card,North,Delivered,2588.61
9604,171,2024-08-03 22:48:39.697251,0.0,Bank Transfer,South,Delivered,950.5899999999999
9605,395,2024-08-08 22:48:39.697252,0.0,Credit Card,West,Delivered,1769.79
9606,198,2024-07-31 22:48:39.697253,0.0,Bank Transfer,North,Processing,3123.09
9607,746,2024-12-16 22:48:39.697254,0.0,Bank Transfer,West,Delivered,1642.1
9608,421,2024-11-06 22:48:39.697254,0.0,PayPal,South,Delivered,1076.46
9609,608,2025-07-10 22:48:39.697255,0.0,Bank Transfer,West,Delivered,1841.5600000000002
9610,467,2025-05-12 22:48:39.697256,0.0,Bank Transfer,North,Shipped,2006.73
9611,243,2025-05-06 22:48:39.697256,0.0,Debit Card,South,Processing,2614.58
9612,868,2024-11-29 22:48:39.697257,0.0,Credit Card,North,Delivered,1390.02
9613,296,2025-07-09 22:48:39.697258,0.0,Credit Card,West,Delivered,3567.7300000000005
9614,477,2024-08-09 22:48:39.697259,0.0,Credit Card,North,Processing,1518.6399999999999
9615,141,2025-01-17 22:48:39.697260,0.0,Bank Transfer,South,Processing,2121.62
9616,297,2025-04-17 22:48:39.697260,0.0,Debit Card,North,Delivered,2352.04
9617,964,2024-08-21 22:48:39.697261,0.0,PayPal,West,Delivered,116.54
9618,605,2024-12-29 22:48:39.697262,0.0,Bank Transfer,North,Delivered,707.38
9619,151,2024-07-31 22:48:39.697263,0.0,Debit Card,North,Shipped,261.21000000000004
9620,646,2024-10-30 22:48:39.697263,0.0,Credit Card,West,Delivered,620.48
9621,174,2024-07-24 22:48:39.697264,0.0,Bank Transfer,East,Shipped,789.43
9622,290,2025-03-26 22:48:39.697265,0.0,PayPal,East,Shipped,186.64
9623,358,2024-11-06 22:48:39.697266,0.0,Debit Card,West,Processing,2142.32
9624,263,2025-06-27 22:48:39.697266,0.0,Bank Transfer,East,Shipped,1611.08
9625,728,2025-01-06 22:48:39.697267,0.0,Credit Card,North,Processing,2862.48
9626,121,2025-02-24 22:48:39.697268,0.0,Debit Card,East,Cancelled,3119.24
9627,222,2024-09-02 22:48:39.697269,0.0,PayPal,South,Shipped,115.5
9628,853,2024-10-30 22:48:39.697269,0.0,Debit Card,South,Delivered,1836.49
9629,903,2025-02-16 22:48:39.697270,0.0,Bank Transfer,North,Delivered,3749.61
9630,865,2024-08-21 22:48:39.697271,0.0,PayPal,North,Shipped,19.87
9631,232,2025-02-17 22:48:39.697272,0.0,Bank Transfer,West,Delivered,1063.55
9632,827,2024-09-10 22:48:39.697272,0.0,PayPal,East,Delivered,1378.8
9633,247,2025-06-13 22:48:39.697273,0.0,PayPal,North,Processing,1699.95
9634,407,2025-05-02 22:48:39.697274,0.0,Credit Card,West,Shipped,45.26
9635,213,2025-02-14 22:48:39.697275,0.0,Credit Card,North,Cancelled,693.78
9636,875,2024-12-15 22:48:39.697275,0.0,PayPal,West,Processing,122.52
9637,815,2025-04-04 22:48:39.697276,0.0,PayPal,South,Shipped,701.54
9638,245,2024-10-12 22:48:39.697277,0.0,PayPal,West,Delivered,1367.49
9639,973,2025-04-05 22:48:39.697278,0.0,Bank Transfer,East,Delivered,968.5200000000001
9640,84,2024-10-16 22:48:39.697278,0.0,Bank Transfer,West,Shipped,2644.15
9641,849,2025-03-24 22:48:39.697279,0.0,Credit Card,West,Processing,1887.52
9642,71,2025-03-31 22:48:39.697280,0.0,PayPal,South,Delivered,1609.45
9643,911,2025-04-30 22:48:39.697281,0.0,Bank Transfer,West,Shipped,2768.14
9644,548,2024-10-04 22:48:39.697281,0.0,Bank Transfer,North,Delivered,1902.69
9645,170,2025-02-16 22:48:39.697282,0.0,PayPal,South,Delivered,2267.53
9646,190,2025-06-09 22:48:39.697283,0.0,Bank Transfer,North,Processing,2467.41
9647,90,2025-01-29 22:48:39.697284,0.0,Debit Card,East,Delivered,940.04
9648,239,2025-03-19 22:48:39.697284,0.0,Debit Card,South,Cancelled,583.2
9649,114,2025-02-27 22:48:39.697285,0.0,PayPal,South,Shipped,1780.98
9650,491,2024-07-22 22:48:39.697286,0.0,Debit Card,East,Delivered,422.57
9651,44,2024-11-07 22:48:39.697287,0.0,Credit Card,West,Delivered,1465.68
9652,918,2025-05-08 22:48:39.697288,0.0,Credit Card,West,Shipped,446.71000000000004
9653,16,2025-01-10 22:48:39.697288,0.0,Debit Card,South,Shipped,2088.5
9654,542,2024-07-24 22:48:39.697289,0.0,Debit Card,East,Delivered,1643.54
9655,290,2024-09-11 22:48:39.697290,0.0,Bank Transfer,South,Shipped,1978.79
9656,929,2025-01-10 22:48:39.697291,0.0,Bank Transfer,East,Shipped,1656.18
9657,932,2024-09-28 22:48:39.697291,0.0,Debit Card,East,Delivered,1923.1599999999999
9658,517,2025-02-27 22:48:39.697292,0.0,Credit Card,East,Processing,1655.99
9659,398,2025-01-23 22:48:39.697293,0.0,PayPal,North,Processing,3205.3900000000003
9660,462,2024-07-22 22:48:39.697294,0.0,Debit Card,North,Delivered,1055.52
9661,234,2024-12-02 22:48:39.697294,0.0,Credit Card,East,Processing,1326.51
9662,183,2024-12-20 22:48:39.697295,0.0,Debit Card,East,Processing,1733.03
9663,405,2025-02-18 22:48:39.697296,0.0,PayPal,East,Cancelled,432.46
9664,37,2025-02-19 22:48:39.697297,0.0,Debit Card,South,Shipped,2949.4700000000003
9665,958,2025-03-07 22:48:39.697297,0.0,Debit Card,East,Shipped,506.15999999999997
9666,788,2025-06-11 22:48:39.697298,0.0,Credit Card,West,Delivered,1710.33
9667,557,2024-11-07 22:48:39.697299,0.0,Credit Card,West,Shipped,1432.18
9668,761,2025-03-23 22:48:39.697300,0.0,Debit Card,West,Processing,1423.02
9669,419,2024-10-04 22:48:39.697301,0.0,Debit Card,East,Processing,4345.24
9670,997,2025-02-02 22:48:39.697301,0.0,Debit Card,West,Processing,747.96
9671,760,2025-05-08 22:48:39.697302,0.0,Bank Transfer,West,Cancelled,1576.22
9672,790,2024-10-05 22:48:39.697303,0.0,Credit Card,North,Delivered,2729.49
9673,135,2025-02-11 22:48:39.697304,0.0,PayPal,North,Shipped,1319.91
9674,227,2025-07-17 22:48:39.697304,0.0,Credit Card,East,Shipped,968.98
9675,228,2025-01-05 22:48:39.697305,0.0,PayPal,South,Delivered,452.7
9676,77,2024-08-29 22:48:39.697306,0.0,Credit Card,North,Delivered,1561.6499999999999
9677,446,2024-07-28 22:48:39.697307,0.0,Credit Card,South,Shipped,124.44
9678,83,2025-06-06 22:48:39.697307,0.0,Debit Card,West,Delivered,3334.2799999999997
9679,174,2024-09-22 22:48:39.697308,0.0,Bank Transfer,West,Shipped,1351.92
9680,710,2025-06-21 22:48:39.697309,0.0,Debit Card,East,Delivered,2304.08
9681,725,2025-06-30 22:48:39.697310,0.0,Credit Card,West,Delivered,1212.59
9682,950,2024-11-15 22:48:39.697311,0.0,Bank Transfer,South,Delivered,872.9
9683,721,2025-02-01 22:48:39.697311,0.0,Debit Card,North,Delivered,1608.93
9684,883,2025-02-21 22:48:39.697312,0.0,Bank Transfer,West,Delivered,2414.8599999999997
9685,234,2025-07-14 22:48:39.697313,0.0,PayPal,East,Processing,398.38
9686,43,2024-09-04 22:48:39.697314,0.0,Debit Card,South,Shipped,974.96
9687,220,2024-12-21 22:48:39.697314,0.0,Bank Transfer,West,Shipped,1307.17
9688,267,2025-05-11 22:48:39.697315,0.0,Credit Card,North,Cancelled,1294.7
9689,603,2025-06-21 22:48:39.697316,0.0,Debit Card,West,Delivered,632.45
9690,827,2024-09-22 22:48:39.697317,0.0,Bank Transfer,East,Delivered,211.33
9691,89,2024-10-01 22:48:39.697318,0.0,PayPal,North,Shipped,333.57
9692,180,2025-06-30 22:48:39.697318,0.0,Credit Card,North,Shipped,536.92
9693,388,2024-12-06 22:48:39.697319,0.0,Bank Transfer,North,Delivered,1012.02
9694,542,2025-03-12 22:48:39.697320,0.0,Credit Card,South,Delivered,1292.66
9695,68,2024-11-11 22:48:39.697321,0.0,PayPal,North,Processing,2247.92
9696,615,2025-03-24 22:48:39.697321,0.0,Credit Card,North,Shipped,2945.24
9697,381,2025-06-22 22:48:39.697322,0.0,Credit Card,West,Delivered,1325.96
9698,87,2025-07-16 22:48:39.697323,0.0,Credit Card,South,Delivered,639.8199999999999
9699,517,2025-04-21 22:48:39.697324,0.0,PayPal,East,Processing,746.1500000000001
9700,68,2024-11-01 22:48:39.697324,0.0,Bank Transfer,North,Delivered,1944.65
9701,445,2025-06-27 22:48:39.697325,0.0,Credit Card,North,Processing,470.37
9702,489,2025-01-12 22:48:39.697326,0.0,PayPal,East,Delivered,2235.33
9703,759,2024-10-22 22:48:39.697327,0.0,Debit Card,North,Delivered,1384.37
9704,107,2024-07-24 22:48:39.697327,0.0,Bank Transfer,North,Shipped,2212.36
9705,308,2025-01-16 22:48:39.697328,0.0,Bank Transfer,South,Delivered,437.95
9706,86,2025-02-10 22:48:39.697329,0.0,Credit Card,South,Shipped,1564.2800000000002
9707,333,2024-10-24 22:48:39.697330,0.0,Debit Card,North,Delivered,1661.53
9708,945,2024-12-03 22:48:39.697331,0.0,Credit Card,East,Cancelled,2260.07
9709,500,2025-06-06 22:48:39.697332,0.0,Debit Card,East,Delivered,722.29
9710,178,2025-07-10 22:48:39.697332,0.0,Credit Card,South,Processing,1704.1799999999998
9711,291,2025-03-09 22:48:39.697333,0.0,Credit Card,North,Processing,2241.89
9712,276,2024-09-14 22:48:39.697334,0.0,Credit Card,North,Delivered,746.13
9713,952,2024-12-09 22:48:39.697334,0.0,Debit Card,West,Delivered,471.39
9714,751,2025-04-03 22:48:39.697335,0.0,Credit Card,South,Delivered,841.47
9715,583,2025-04-09 22:48:39.697336,0.0,Credit Card,North,Processing,1369.79
9716,17,2025-02-14 22:48:39.697337,0.0,PayPal,East,Processing,3679.6499999999996
9717,186,2024-10-29 22:48:39.697337,0.0,Credit Card,South,Shipped,3697.83
9718,664,2024-12-31 22:48:39.697338,0.0,Debit Card,North,Delivered,1172.22
9719,89,2024-10-14 22:48:39.697339,0.0,PayPal,West,Delivered,1648.21
9720,800,2025-02-22 22:48:39.697340,0.0,Bank Transfer,East,Shipped,1287.85
9721,681,2025-04-16 22:48:39.697340,0.0,Bank Transfer,West,Delivered,2891.96
9722,100,2025-04-10 22:48:39.697341,0.0,Debit Card,West,Processing,1247.4299999999998
9723,867,2024-09-25 22:48:39.697342,0.0,Credit Card,West,Processing,1201.95
9724,8,2025-04-13 22:48:39.697343,0.0,PayPal,West,Delivered,914.32
9725,249,2024-09-19 22:48:39.697343,0.0,Bank Transfer,North,Processing,1622.75
9726,106,2025-05-06 22:48:39.697344,0.0,Credit Card,West,Processing,86.51
9727,434,2024-10-31 22:48:39.697345,0.0,PayPal,East,Processing,2388.3
9728,535,2025-01-21 22:48:39.697346,0.0,Debit Card,South,Delivered,1997.0700000000002
9729,267,2024-08-16 22:48:39.697346,0.0,Credit Card,North,Shipped,306.3
9730,799,2024-08-04 22:48:39.697347,0.0,PayPal,West,Processing,1047.3
9731,481,2025-02-24 22:48:39.697348,0.0,Bank Transfer,West,Processing,1096.26
9732,518,2024-08-14 22:48:39.697349,0.0,Bank Transfer,North,Delivered,2354.61
9733,799,2025-01-13 22:48:39.697350,0.0,Credit Card,North,Delivered,3212.84
9734,755,2025-05-08 22:48:39.697350,0.0,PayPal,South,Shipped,1027.92
9735,606,2025-01-17 22:48:39.697351,0.0,Credit Card,East,Delivered,359.07
9736,554,2024-09-03 22:48:39.697352,0.0,Bank Transfer,East,Delivered,1025.78
9737,207,2024-11-20 22:48:39.697353,0.0,Bank Transfer,South,Delivered,934.6600000000001
9738,183,2024-09-18 22:48:39.697353,0.0,Bank Transfer,South,Delivered,803.4
9739,61,2024-10-14 22:48:39.697354,0.0,Credit Card,West,Delivered,86.48
9740,187,2025-01-09 22:48:39.697355,0.0,PayPal,North,Shipped,1948.09
9741,678,2024-08-15 22:48:39.697355,0.0,Credit Card,South,Processing,1876.32
9742,315,2025-02-21 22:48:39.697356,0.0,Credit Card,East,Shipped,760.64
9743,633,2024-08-30 22:48:39.697357,0.0,Debit Card,South,Shipped,365.58
9744,922,2024-12-30 22:48:39.697358,0.0,Credit Card,North,Delivered,62.97
9745,43,2025-01-29 22:48:39.697359,0.0,Debit Card,North,Processing,3236.27
9746,485,2024-07-27 22:48:39.697359,0.0,Bank Transfer,East,Processing,407.73
9747,622,2025-03-08 22:48:39.697360,0.0,PayPal,West,Processing,1767.45
9748,769,2025-04-03 22:48:39.697361,0.0,Debit Card,South,Delivered,1625.85
9749,456,2025-03-01 22:48:39.697362,0.0,PayPal,West,Processing,1121.44
9750,157,2025-01-17 22:48:39.697362,0.0,Bank Transfer,North,Shipped,2648.6499999999996
9751,922,2025-05-09 22:48:39.697363,0.0,Debit Card,East,Delivered,4083.06
9752,40,2024-09-04 22:48:39.697364,0.0,Credit Card,South,Processing,2430.8
9753,121,2025-03-26 22:48:39.697365,0.0,PayPal,West,Delivered,4355.45
9754,994,2025-07-05 22:48:39.697365,0.0,PayPal,East,Delivered,2772.47
9755,494,2024-12-26 22:48:39.697366,0.0,Debit Card,East,Delivered,1875.69
9756,379,2025-03-13 22:48:39.697367,0.0,PayPal,West,Shipped,423.4
9757,433,2024-09-22 22:48:39.697368,0.0,Bank Transfer,North,Shipped,671.5999999999999
9758,556,2025-01-18 22:48:39.697368,0.0,Credit Card,West,Processing,203.73
9759,6,2025-07-01 22:48:39.697369,0.0,Bank Transfer,North,Shipped,767.3000000000001
9760,439,2025-05-31 22:48:39.697370,0.0,PayPal,South,Delivered,2791.5299999999997
9761,468,2024-07-24 22:48:39.697371,0.0,Credit Card,East,Shipped,35.54
9762,78,2025-07-15 22:48:39.697371,0.0,PayPal,North,Processing,130.46
9763,692,2024-12-21 22:48:39.697372,0.0,Bank Transfer,West,Delivered,1340.41
9764,387,2025-02-23 22:48:39.697373,0.0,Credit Card,North,Delivered,1648.98
9765,559,2024-12-06 22:48:39.697373,0.0,PayPal,West,Shipped,1426.63
9766,736,2024-07-31 22:48:39.697374,0.0,Bank Transfer,East,Shipped,666.88
9767,709,2025-02-01 22:48:39.697375,0.0,Credit Card,North,Delivered,3270.69
9768,396,2025-03-30 22:48:39.697376,0.0,Bank Transfer,North,Shipped,1088.38
9769,393,2024-12-04 22:48:39.697377,0.0,PayPal,North,Shipped,2677.16
9770,59,2024-08-05 22:48:39.697377,0.0,Debit Card,South,Shipped,239.02
9771,566,2025-04-09 22:48:39.697378,0.0,Bank Transfer,West,Shipped,3599.49
9772,875,2025-01-09 22:48:39.697379,0.0,Credit Card,East,Shipped,2225.0299999999997
9773,341,2024-12-24 22:48:39.697380,0.0,Debit Card,South,Shipped,189.13
9774,850,2024-11-05 22:48:39.697380,0.0,PayPal,North,Delivered,1946.6999999999998
9775,465,2024-10-02 22:48:39.697381,0.0,Credit Card,East,Delivered,1285.92
9776,224,2025-01-02 22:48:39.697382,0.0,Debit Card,South,Delivered,2519.23
9777,513,2024-11-28 22:48:39.697383,0.0,Credit Card,North,Shipped,1324.85
9778,308,2024-11-06 22:48:39.697383,0.0,Debit Card,North,Delivered,2159.24
9779,362,2025-04-25 22:48:39.697384,0.0,PayPal,East,Cancelled,1004.4599999999998
9780,347,2024-09-15 22:48:39.697385,0.0,PayPal,South,Processing,2245.9800000000005
9781,99,2025-03-05 22:48:39.697386,0.0,Debit Card,South,Shipped,575.22
9782,534,2024-09-20 22:48:39.697386,0.0,Bank Transfer,North,Processing,2116.17
9783,532,2024-11-11 22:48:39.697387,0.0,Debit Card,West,Processing,2388.08
9784,444,2024-12-23 22:48:39.697388,0.0,PayPal,West,Shipped,1153.27
9785,336,2025-06-25 22:48:39.697389,0.0,Bank Transfer,North,Delivered,1064.4
9786,40,2024-08-07 22:48:39.697389,0.0,Debit Card,North,Delivered,1875.23
9787,90,2025-01-04 22:48:39.697390,0.0,PayPal,West,Shipped,396.94
9788,860,2024-10-17 22:48:39.697391,0.0,Debit Card,South,Processing,2856.2
9789,224,2024-09-01 22:48:39.697392,0.0,Debit Card,North,Shipped,921.3000000000001
9790,110,2024-08-30 22:48:39.697392,0.0,Bank Transfer,South,Delivered,1523.0500000000002
9791,872,2025-07-19 22:48:39.697393,0.0,Debit Card,West,Shipped,412.06
9792,869,2025-03-10 22:48:39.697394,0.0,Credit Card,South,Delivered,470.61
9793,249,2024-09-06 22:48:39.697395,0.0,Bank Transfer,East,Cancelled,3043.95
9794,441,2024-08-14 22:48:39.697395,0.0,Credit Card,East,Delivered,2530.77
9795,172,2024-11-01 22:48:39.697396,0.0,Debit Card,South,Shipped,14.9
9796,805,2024-09-11 22:48:39.697397,0.0,Debit Card,West,Delivered,1576.1100000000001
9797,199,2024-09-10 22:48:39.697398,0.0,PayPal,West,Delivered,2607.96
9798,290,2025-01-02 22:48:39.697398,0.0,Bank Transfer,North,Processing,2926.5299999999997
9799,128,2024-11-21 22:48:39.697399,0.0,PayPal,West,Delivered,1901.0
9800,825,2025-06-17 22:48:39.697400,0.0,Credit Card,West,Delivered,3209.3100000000004
9801,605,2025-01-01 22:48:39.697401,0.0,Credit Card,North,Shipped,1085.38
9802,119,2025-05-21 22:48:39.697401,0.0,Credit Card,North,Delivered,1540.84
9803,126,2024-10-06 22:48:39.697402,0.0,Credit Card,South,Delivered,2744.54
9804,537,2024-12-23 22:48:39.697403,0.0,Bank Transfer,North,Shipped,2283.91
9805,590,2024-09-26 22:48:39.697404,0.0,PayPal,East,Delivered,692.6800000000001
9806,634,2025-02-11 22:48:39.697404,0.0,Bank Transfer,North,Processing,1504.0299999999997
9807,830,2024-09-27 22:48:39.697405,0.0,Debit Card,East,Processing,1248.01
9808,14,2024-11-26 22:48:39.697406,0.0,Credit Card,South,Shipped,415.71
9809,920,2025-02-16 22:48:39.697407,0.0,Debit Card,West,Cancelled,2672.68
9810,947,2025-06-26 22:48:39.697407,0.0,Debit Card,North,Delivered,1493.42
9811,109,2024-10-09 22:48:39.697408,0.0,Bank Transfer,East,Shipped,793.88
9812,821,2025-03-19 22:48:39.697409,0.0,Bank Transfer,West,Shipped,32.12
9813,685,2024-12-02 22:48:39.697410,0.0,Debit Card,North,Shipped,1374.44
9814,577,2025-05-11 22:48:39.697410,0.0,Credit Card,West,Delivered,1540.98
9815,605,2025-02-27 22:48:39.697411,0.0,Debit Card,South,Shipped,2961.99
9816,728,2025-07-21 22:48:39.697412,0.0,PayPal,South,Shipped,200.38
9817,659,2024-09-29 22:48:39.697413,0.0,Debit Card,North,Delivered,3144.3900000000003
9818,822,2025-07-10 22:48:39.697417,0.0,Bank Transfer,West,Cancelled,940.96
9819,433,2025-01-28 22:48:39.697418,0.0,PayPal,South,Processing,2269.88
9820,721,2024-08-12 22:48:39.697419,0.0,Debit Card,West,Shipped,797.36
9821,310,2024-07-30 22:48:39.697420,0.0,Debit Card,North,Shipped,3312.0099999999998
9822,319,2024-09-06 22:48:39.697420,0.0,Credit Card,North,Processing,2153.86
9823,562,2025-03-04 22:48:39.697421,0.0,Bank Transfer,West,Delivered,1374.31
9824,119,2024-09-22 22:48:39.697422,0.0,Bank Transfer,South,Shipped,1873.88
9825,610,2024-12-21 22:48:39.697423,0.0,PayPal,East,Delivered,1706.31
9826,936,2025-07-19 22:48:39.697423,0.0,PayPal,East,Delivered,1157.01
9827,129,2025-05-10 22:48:39.697424,0.0,PayPal,West,Delivered,1881.27
9828,423,2024-10-21 22:48:39.697425,0.0,PayPal,South,Delivered,663.5699999999999
9829,544,2025-06-26 22:48:39.697426,0.0,Credit Card,South,Shipped,1827.42
9830,216,2024-08-27 22:48:39.697480,0.0,Credit Card,South,Processing,1121.31
9831,583,2024-12-29 22:48:39.697521,0.0,Debit Card,South,Shipped,1893.42
9832,160,2025-02-18 22:48:39.697529,0.0,Debit Card,North,Delivered,2772.46
9833,964,2024-07-27 22:48:39.697531,0.0,Bank Transfer,North,Processing,524.01
9834,29,2024-10-13 22:48:39.697533,0.0,Debit Card,East,Shipped,3306.96
9835,284,2024-11-15 22:48:39.697535,0.0,Debit Card,North,Delivered,1579.5
9836,794,2024-09-21 22:48:39.697537,0.0,Bank Transfer,West,Processing,343.67
9837,242,2024-09-02 22:48:39.697538,0.0,Debit Card,South,Shipped,846.0
9838,614,2025-03-01 22:48:39.697540,0.0,Bank Transfer,South,Delivered,2835.57
9839,404,2025-05-07 22:48:39.697542,0.0,PayPal,South,Delivered,330.1
9840,558,2025-02-26 22:48:39.697543,0.0,Credit Card,North,Delivered,564.41
9841,675,2025-05-20 22:48:39.697545,0.0,Bank Transfer,East,Shipped,1702.97
9842,810,2024-12-23 22:48:39.697547,0.0,PayPal,West,Processing,2386.8599999999997
9843,573,2024-08-30 22:48:39.697559,0.0,Bank Transfer,North,Shipped,313.76
9844,161,2024-08-01 22:48:39.697562,0.0,Debit Card,North,Delivered,3021.18
9845,712,2025-04-25 22:48:39.697564,0.0,PayPal,South,Delivered,236.79000000000002
9846,212,2025-04-22 22:48:39.697566,0.0,Credit Card,West,Delivered,1004.21
9847,387,2025-05-29 22:48:39.697568,0.0,Credit Card,North,Processing,4706.639999999999
9848,425,2024-11-27 22:48:39.697569,0.0,Credit Card,North,Delivered,766.47
9849,649,2025-06-26 22:48:39.697571,0.0,Credit Card,West,Delivered,2865.29
9850,21,2025-03-04 22:48:39.697602,0.0,Credit Card,East,Delivered,994.94
9851,516,2025-04-29 22:48:39.697605,0.0,Bank Transfer,North,Delivered,992.18
9852,879,2024-09-18 22:48:39.697607,0.0,Debit Card,North,Cancelled,1593.3100000000002
9853,210,2024-11-15 22:48:39.697609,0.0,PayPal,East,Shipped,177.32999999999998
9854,592,2024-09-09 22:48:39.697610,0.0,Credit Card,North,Delivered,449.54999999999995
9855,331,2025-05-31 22:48:39.697612,0.0,Debit Card,West,Shipped,803.54
9856,662,2025-07-08 22:48:39.697614,0.0,Credit Card,South,Processing,1763.9
9857,794,2025-01-03 22:48:39.697615,0.0,Debit Card,West,Processing,905.82
9858,343,2024-11-10 22:48:39.697617,0.0,Credit Card,East,Shipped,2905.22
9859,520,2025-03-03 22:48:39.697618,0.0,PayPal,West,Processing,2410.1099999999997
9860,691,2025-03-15 22:48:39.697620,0.0,Credit Card,North,Delivered,1767.75
9861,376,2024-08-05 22:48:39.697621,0.0,Bank Transfer,West,Delivered,1225.9
9862,449,2025-03-08 22:48:39.697623,0.0,PayPal,North,Cancelled,463.0799999999999
9863,9,2024-09-21 22:48:39.697625,0.0,PayPal,North,Processing,1754.75
9864,10,2024-12-19 22:48:39.697626,0.0,Bank Transfer,South,Shipped,1190.82
9865,623,2024-12-12 22:48:39.697628,0.0,Debit Card,North,Delivered,189.66000000000003
9866,930,2025-02-02 22:48:39.697630,0.0,Bank Transfer,East,Shipped,2547.0600000000004
9867,634,2025-03-15 22:48:39.697631,0.0,Bank Transfer,West,Shipped,1176.73
9868,394,2025-01-10 22:48:39.697633,0.0,PayPal,North,Processing,1260.55
9869,50,2025-05-08 22:48:39.697634,0.0,Bank Transfer,South,Shipped,4697.9
9870,294,2025-01-01 22:48:39.697636,0.0,Credit Card,South,Shipped,1269.97
9871,469,2025-03-16 22:48:39.697637,0.0,PayPal,West,Delivered,881.1899999999999
9872,602,2024-09-11 22:48:39.697639,0.0,Bank Transfer,East,Delivered,2009.54
9873,736,2025-06-29 22:48:39.697641,0.0,Credit Card,South,Delivered,3241.2200000000003
9874,660,2024-07-30 22:48:39.697642,0.0,Debit Card,South,Delivered,1722.01
9875,341,2024-11-04 22:48:39.697644,0.0,Bank Transfer,West,Shipped,1142.09
9876,425,2024-08-09 22:48:39.697646,0.0,Debit Card,South,Shipped,4103.62
9877,198,2025-03-08 22:48:39.697647,0.0,Bank Transfer,South,Shipped,2607.81
9878,995,2025-07-10 22:48:39.697649,0.0,PayPal,South,Delivered,2846.02
9879,498,2024-09-29 22:48:39.697650,0.0,Bank Transfer,West,Delivered,1213.59
9880,41,2025-05-06 22:48:39.697658,0.0,Bank Transfer,South,Processing,2364.33
9881,653,2025-03-07 22:48:39.697661,0.0,PayPal,South,Shipped,933.13
9882,117,2025-07-05 22:48:39.697662,0.0,Credit Card,South,Delivered,470.37
9883,941,2025-03-03 22:48:39.697663,0.0,Debit Card,South,Delivered,396.2
9884,719,2024-09-15 22:48:39.697664,0.0,Bank Transfer,West,Processing,2642.08
9885,870,2025-05-22 22:48:39.697665,0.0,PayPal,North,Delivered,3775.09
9886,511,2025-03-02 22:48:39.697665,0.0,Bank Transfer,West,Delivered,1089.6299999999999
9887,910,2025-03-15 22:48:39.697666,0.0,Credit Card,East,Delivered,591.89
9888,176,2024-09-03 22:48:39.697667,0.0,PayPal,South,Delivered,510.09999999999997
9889,274,2025-05-11 22:48:39.697668,0.0,PayPal,East,Processing,702.2199999999999
9890,707,2025-04-14 22:48:39.697669,0.0,Bank Transfer,East,Delivered,402.62
9891,774,2024-10-06 22:48:39.697669,0.0,Debit Card,West,Processing,2101.01
9892,95,2024-07-29 22:48:39.697670,0.0,PayPal,East,Delivered,519.79
9893,170,2025-01-24 22:48:39.697671,0.0,Debit Card,South,Shipped,2712.3199999999997
9894,239,2024-11-18 22:48:39.697672,0.0,PayPal,South,Shipped,2734.13
9895,640,2025-01-29 22:48:39.697672,0.0,Credit Card,North,Delivered,1155.67
9896,441,2025-03-11 22:48:39.697673,0.0,Credit Card,North,Shipped,2464.39
9897,265,2024-08-31 22:48:39.697674,0.0,PayPal,West,Processing,3352.4
9898,776,2024-10-14 22:48:39.697675,0.0,PayPal,South,Delivered,1525.75
9899,501,2025-06-08 22:48:39.697676,0.0,Credit Card,North,Shipped,2132.02
9900,318,2025-03-25 22:48:39.697677,0.0,PayPal,North,Shipped,2381.01
9901,871,2024-11-30 22:48:39.697677,0.0,PayPal,West,Shipped,153.84
9902,607,2025-01-01 22:48:39.697678,0.0,Credit Card,North,Delivered,2870.68
9903,13,2024-12-14 22:48:39.697679,0.0,Bank Transfer,South,Shipped,299.06
9904,539,2025-06-26 22:48:39.697680,0.0,Debit Card,South,Delivered,3921.88
9905,363,2025-07-09 22:48:39.697680,0.0,Credit Card,East,Shipped,717.24
9906,405,2024-12-04 22:48:39.697681,0.0,Credit Card,East,Delivered,1119.3899999999999
9907,902,2024-08-15 22:48:39.697682,0.0,Bank Transfer,East,Delivered,1315.5900000000001
9908,798,2025-02-21 22:48:39.697683,0.0,Debit Card,East,Shipped,2259.9300000000003
9909,926,2024-07-31 22:48:39.697683,0.0,Bank Transfer,West,Shipped,465.57
9910,825,2024-11-19 22:48:39.697684,0.0,PayPal,North,Processing,2310.0
9911,823,2025-03-01 22:48:39.697685,0.0,Bank Transfer,East,Processing,1390.3600000000001
9912,922,2024-08-14 22:48:39.697686,0.0,Debit Card,West,Delivered,1789.1200000000001
9913,910,2025-04-18 22:48:39.697686,0.0,PayPal,South,Delivered,2493.3500000000004
9914,18,2024-10-24 22:48:39.697687,0.0,PayPal,East,Delivered,133.14
9915,515,2025-07-18 22:48:39.697688,0.0,PayPal,North,Shipped,474.34
9916,815,2024-11-10 22:48:39.697688,0.0,Credit Card,West,Shipped,1125.8500000000001
9917,116,2024-07-23 22:48:39.697689,0.0,Bank Transfer,South,Delivered,623.96
9918,379,2024-12-03 22:48:39.697690,0.0,Bank Transfer,North,Delivered,956.78
9919,964,2025-01-09 22:48:39.697691,0.0,Credit Card,North,Shipped,140.75
9920,593,2025-05-21 22:48:39.697691,0.0,Bank Transfer,South,Delivered,1549.94
9921,375,2025-01-20 22:48:39.697692,0.0,Bank Transfer,West,Delivered,1265.73
9922,346,2025-03-14 22:48:39.697693,0.0,Bank Transfer,South,Processing,1741.35
9923,831,2025-03-26 22:48:39.697694,0.0,Debit Card,West,Shipped,530.13
9924,752,2024-10-22 22:48:39.697694,0.0,PayPal,East,Delivered,474.03
9925,911,2025-06-18 22:48:39.697695,0.0,Credit Card,West,Cancelled,2268.79
9926,979,2025-03-19 22:48:39.697696,0.0,PayPal,East,Processing,497.43
9927,883,2024-09-11 22:48:39.697696,0.0,Credit Card,East,Processing,1550.2
9928,388,2024-09-08 22:48:39.697697,0.0,Debit Card,South,Delivered,579.8100000000001
9929,688,2025-06-12 22:48:39.697698,0.0,Bank Transfer,East,Processing,1630.6599999999999
9930,6,2024-10-10 22:48:39.697699,0.0,Credit Card,South,Delivered,4455.79
9931,475,2025-07-10 22:48:39.697699,0.0,Credit Card,South,Processing,752.7
9932,39,2024-11-03 22:48:39.697700,0.0,Bank Transfer,North,Processing,1640.9099999999999
9933,688,2025-03-26 22:48:39.697701,0.0,Debit Card,West,Delivered,1539.01
9934,476,2025-03-02 22:48:39.697702,0.0,Credit Card,West,Shipped,1569.6000000000001
9935,879,2025-07-17 22:48:39.697702,0.0,Bank Transfer,North,Delivered,822.3299999999999
9936,530,2025-01-29 22:48:39.697703,0.0,PayPal,North,Processing,3633.34
9937,359,2024-12-20 22:48:39.697704,0.0,PayPal,North,Processing,2349.15
9938,640,2025-03-30 22:48:39.697705,0.0,PayPal,East,Processing,630.75
9939,636,2025-05-01 22:48:39.697705,0.0,PayPal,East,Shipped,762.9300000000001
9940,255,2025-05-21 22:48:39.697706,0.0,Credit Card,East,Shipped,1517.8200000000002
9941,603,2025-01-12 22:48:39.697707,0.0,Credit Card,West,Delivered,375.0
9942,667,2025-03-01 22:48:39.697708,0.0,Bank Transfer,West,Shipped,3284.76
9943,680,2024-09-04 22:48:39.697708,0.0,PayPal,West,Processing,958.8599999999999
9944,649,2024-08-16 22:48:39.697709,0.0,Debit Card,East,Processing,689.08
9945,851,2025-04-23 22:48:39.697710,0.0,PayPal,West,Delivered,2822.01
9946,220,2025-01-23 22:48:39.697711,0.0,PayPal,North,Shipped,413.62
9947,848,2025-05-08 22:48:39.697711,0.0,Debit Card,South,Processing,2129.77
9948,872,2025-02-10 22:48:39.697712,0.0,Bank Transfer,South,Delivered,2818.44
9949,562,2025-06-03 22:48:39.697713,0.0,Bank Transfer,East,Shipped,479.78
9950,689,2025-03-30 22:48:39.697714,0.0,Bank Transfer,South,Shipped,49.86
9951,787,2025-03-16 22:48:39.697714,0.0,Bank Transfer,North,Delivered,1116.87
9952,685,2024-11-19 22:48:39.697715,0.0,Credit Card,West,Cancelled,415.63
9953,533,2025-07-20 22:48:39.697716,0.0,PayPal,East,Delivered,123.18
9954,708,2024-08-05 22:48:39.697717,0.0,Bank Transfer,East,Processing,1151.31
9955,847,2025-06-10 22:48:39.697717,0.0,PayPal,South,Shipped,2657.64
9956,9,2025-06-14 22:48:39.697718,0.0,Bank Transfer,West,Processing,1481.8899999999999
9957,395,2025-04-13 22:48:39.697719,0.0,Credit Card,West,Delivered,3007.7
9958,415,2024-10-25 22:48:39.697720,0.0,Bank Transfer,East,Processing,1259.2
9959,156,2025-04-24 22:48:39.697720,0.0,Credit Card,West,Cancelled,626.03
9960,822,2024-11-11 22:48:39.697721,0.0,Credit Card,East,Processing,2413.21
9961,762,2025-02-15 22:48:39.697722,0.0,Debit Card,East,Shipped,1310.94
9962,343,2025-01-21 22:48:39.697722,0.0,PayPal,West,Processing,1653.8400000000001
9963,677,2025-07-01 22:48:39.697723,0.0,Bank Transfer,South,Delivered,1602.9800000000002
9964,32,2025-07-20 22:48:39.697724,0.0,Debit Card,West,Delivered,2543.64
9965,131,2025-03-30 22:48:39.697725,0.0,PayPal,South,Processing,19.740000000000002
9966,702,2024-08-22 22:48:39.697725,0.0,Credit Card,West,Delivered,1371.92
9967,828,2024-08-04 22:48:39.697726,0.0,PayPal,North,Delivered,415.63
9968,289,2025-03-29 22:48:39.697727,0.0,PayPal,South,Delivered,990.64
9969,157,2025-05-28 22:48:39.697728,0.0,Debit Card,North,Processing,120.42
9970,537,2024-11-15 22:48:39.697728,0.0,PayPal,East,Shipped,2899.0099999999998
9971,649,2024-12-30 22:48:39.697729,0.0,Bank Transfer,East,Shipped,1580.87
9972,381,2024-11-23 22:48:39.697730,0.0,Bank Transfer,North,Delivered,1462.5
9973,615,2024-11-26 22:48:39.697731,0.0,Bank Transfer,South,Cancelled,1261.09
9974,65,2025-07-21 22:48:39.697731,0.0,Debit Card,East,Shipped,1941.12
9975,605,2025-05-16 22:48:39.697732,0.0,Debit Card,South,Shipped,2566.1099999999997
9976,715,2025-06-06 22:48:39.697733,0.0,PayPal,West,Delivered,209.69
9977,152,2025-02-03 22:48:39.697734,0.0,Debit Card,North,Delivered,1856.06
9978,776,2025-03-19 22:48:39.697734,0.0,Debit Card,West,Delivered,659.68
9979,741,2024-11-10 22:48:39.697735,0.0,Credit Card,East,Shipped,1317.3600000000001
9980,837,2025-01-16 22:48:39.697736,0.0,PayPal,North,Shipped,266.28
9981,453,2024-11-17 22:48:39.697737,0.0,Bank Transfer,North,Shipped,994.19
9982,303,2024-08-20 22:48:39.697737,0.0,Bank Transfer,West,Processing,496.04999999999995
9983,810,2025-02-15 22:48:39.697738,0.0,Credit Card,South,Shipped,1738.07
9984,231,2024-09-05 22:48:39.697739,0.0,PayPal,South,Processing,1299.1399999999999
9985,489,2024-08-24 22:48:39.697740,0.0,PayPal,West,Processing,1310.25
9986,451,2024-11-25 22:48:39.697740,0.0,Credit Card,North,Shipped,968.28
9987,42,2024-08-23 22:48:39.697741,0.0,PayPal,East,Shipped,1196.75
9988,509,2024-12-03 22:48:39.697742,0.0,Debit Card,East,Cancelled,1710.02
9989,705,2025-02-28 22:48:39.697743,0.0,Credit Card,North,Shipped,1366.5
9990,580,2025-05-05 22:48:39.697743,0.0,Debit Card,South,Shipped,1138.19
9991,401,2025-06-06 22:48:39.697744,0.0,Debit Card,North,Processing,853.8
9992,286,2025-01-08 22:48:39.697745,0.0,PayPal,West,Shipped,2846.12
9993,686,2025-06-08 22:48:39.697746,0.0,Debit Card,East,Shipped,3124.83
9994,373,2025-03-31 22:48:39.697746,0.0,PayPal,South,Shipped,107.46000000000001
9995,809,2025-06-14 22:48:39.697747,0.0,Bank Transfer,South,Shipped,866.94
9996,654,2024-12-17 22:48:39.697748,0.0,Credit Card,South,Processing,355.12
9997,317,2024-11-07 22:48:39.697748,0.0,Debit Card,North,Delivered,249.14
9998,362,2024-09-22 22:48:39.697749,0.0,Bank Transfer,East,Delivered,2175.62
9999,814,2024-09-14 22:48:39.697750,0.0,PayPal,South,Delivered,758.46
10000,608,2025-07-13 22:48:39.697751,0.0,PayPal,West,Shipped,1289.6000000000001
