order_id,product_id,quantity,unit_price,total_price
1,373,2,259.22,518.44
1,208,2,342.64,685.28
1,101,3,38.7,116.10000000000001
1,1,3,107.54,322.62
2,202,2,174.67,349.34
2,398,1,182.45,182.45
2,184,3,119.59,358.77
2,159,1,287.61,287.61
2,154,1,371.7,371.7
3,228,2,469.49,938.98
3,226,1,285.61,285.61
4,131,3,286.17,858.51
4,48,3,113.06,339.18
4,46,1,51.28,51.28
5,481,3,209.3,627.9000000000001
5,257,2,287.88,575.76
5,352,2,23.31,46.62
5,258,3,440.33,1320.99
6,252,1,333.44,333.44
6,101,1,38.7,38.7
6,102,3,196.78,590.34
6,379,3,222.7,668.0999999999999
6,400,3,297.67,893.01
7,42,3,38.5,115.5
7,169,2,466.19,932.38
7,371,1,319.89,319.89
7,482,1,479.46,479.46
8,122,2,65.23,130.46
8,65,3,318.4,955.1999999999999
8,426,2,438.33,876.66
8,356,2,346.58,693.16
8,138,3,93.72,281.15999999999997
9,302,3,343.67,1031.01
10,138,2,93.72,187.44
10,106,2,422.11,844.22
10,184,2,119.59,239.18
10,339,2,327.73,655.46
11,209,1,195.24,195.24
12,376,2,120.28,240.56
12,468,2,24.15,48.3
12,279,2,273.72,547.44
12,289,1,427.58,427.58
12,158,2,269.42,538.84
13,305,2,80.66,161.32
14,396,3,69.93,209.79000000000002
15,384,1,9.03,9.03
15,232,1,478.28,478.28
15,371,1,319.89,319.89
15,251,1,208.81,208.81
16,87,3,367.59,1102.77
16,10,2,421.91,843.82
16,434,3,379.85,1139.5500000000002
17,439,3,201.62,604.86
17,278,1,178.94,178.94
17,254,2,218.23,436.46
17,74,2,83.84,167.68
18,310,3,78.93,236.79000000000002
18,108,2,189.13,378.26
18,383,1,114.97,114.97
18,341,1,469.56,469.56
18,460,3,382.54,1147.6200000000001
19,289,2,427.58,855.16
19,98,2,375.73,751.46
20,212,1,381.28,381.28
20,94,2,186.09,372.18
20,37,2,183.06,366.12
21,347,2,186.64,373.28
21,440,2,362.37,724.74
21,95,1,452.34,452.34
22,119,2,120.42,240.84
23,150,1,216.59,216.59
23,292,1,335.18,335.18
23,316,3,68.22,204.66
23,492,1,28.24,28.24
23,179,2,422.57,845.14
24,228,3,469.49,1408.47
24,256,2,344.07,688.14
24,383,1,114.97,114.97
25,267,2,347.18,694.36
25,499,3,139.95,419.84999999999997
25,500,1,236.72,236.72
25,75,3,123.97,371.90999999999997
25,202,2,174.67,349.34
26,479,1,131.06,131.06
26,107,2,262.2,524.4
27,34,3,150.14,450.41999999999996
27,433,1,457.16,457.16
28,138,3,93.72,281.15999999999997
28,337,2,226.35,452.7
28,122,2,65.23,130.46
29,333,3,61.26,183.78
29,4,3,15.4,46.2
29,154,2,371.7,743.4
29,170,3,432.62,1297.8600000000001
30,365,3,373.53,1120.59
30,241,1,463.38,463.38
30,355,3,344.54,1033.6200000000001
30,10,3,421.91,1265.73
30,218,3,213.29,639.87
31,6,3,23.99,71.97
32,96,3,95.56,286.68
32,121,1,143.28,143.28
32,217,2,80.51,161.02
32,193,2,271.29,542.58
33,410,1,227.81,227.81
33,13,2,41.35,82.7
34,33,3,199.18,597.54
34,216,2,256.85,513.7
34,358,1,198.63,198.63
35,206,3,353.54,1060.6200000000001
35,272,1,182.96,182.96
35,106,1,422.11,422.11
35,241,2,463.38,926.76
35,250,3,179.65,538.95
36,423,2,317.55,635.1
36,227,1,413.65,413.65
37,346,1,206.81,206.81
37,214,2,460.83,921.66
37,38,3,437.95,1313.85
37,482,1,479.46,479.46
37,407,2,474.34,948.68
38,271,2,188.99,377.98
39,7,2,479.78,959.56
39,397,2,154.37,308.74
40,295,1,366.04,366.04
40,280,2,346.03,692.06
40,489,2,229.25,458.5
40,94,3,186.09,558.27
40,25,2,206.03,412.06
41,416,2,163.35,326.7
41,141,3,257.07,771.21
41,244,2,286.63,573.26
42,327,2,357.39,714.78
42,100,3,175.13,525.39
43,225,3,14.73,44.19
44,421,2,450.64,901.28
44,156,3,404.58,1213.74
44,154,3,371.7,1115.1
44,476,3,121.13,363.39
44,71,1,43.24,43.24
45,349,2,54.63,109.26
45,469,2,351.84,703.68
45,435,1,219.72,219.72
45,11,2,415.63,831.26
46,284,2,322.24,644.48
46,407,1,474.34,474.34
46,253,1,399.66,399.66
46,7,1,479.78,479.78
46,493,1,435.98,435.98
47,156,1,404.58,404.58
48,45,2,442.81,885.62
48,224,1,133.14,133.14
48,444,2,232.11,464.22
48,158,3,269.42,808.26
49,223,3,80.53,241.59
49,206,3,353.54,1060.6200000000001
49,311,3,432.8,1298.4
49,9,3,331.01,993.03
50,132,2,409.11,818.22
50,417,2,202.32,404.64
50,145,2,438.41,876.82
51,272,2,182.96,365.92
51,177,1,337.04,337.04
52,31,1,384.06,384.06
52,41,3,314.77,944.31
52,50,2,347.73,695.46
53,102,3,196.78,590.34
54,291,2,336.86,673.72
54,72,2,455.9,911.8
55,202,3,174.67,524.01
55,423,2,317.55,635.1
55,95,2,452.34,904.68
56,305,2,80.66,161.32
56,270,2,132.23,264.46
56,437,2,150.85,301.7
56,29,2,362.83,725.66
56,441,2,314.36,628.72
57,288,3,174.29,522.87
58,427,2,323.5,647.0
58,12,2,291.6,583.2
59,334,2,281.98,563.96
59,494,2,340.34,680.68
59,193,3,271.29,813.8700000000001
60,334,3,281.98,845.94
60,215,2,313.01,626.02
60,232,1,478.28,478.28
60,51,3,124.89,374.67
60,143,3,248.2,744.5999999999999
61,286,1,67.86,67.86
61,327,2,357.39,714.78
62,31,1,384.06,384.06
62,16,2,191.38,382.76
62,230,3,314.06,942.1800000000001
63,291,1,336.86,336.86
64,355,3,344.54,1033.6200000000001
64,351,2,385.67,771.34
65,154,1,371.7,371.7
65,476,2,121.13,242.26
66,477,2,155.19,310.38
66,272,1,182.96,182.96
66,449,2,209.61,419.22
67,186,3,288.34,865.02
67,262,3,356.94,1070.82
68,395,3,254.9,764.7
68,23,3,124.25,372.75
69,19,1,343.63,343.63
69,491,3,130.58,391.74
70,262,2,356.94,713.88
70,367,3,403.14,1209.42
70,155,1,77.89,77.89
70,192,3,361.57,1084.71
70,487,3,396.73,1190.19
71,9,3,331.01,993.03
71,269,1,183.25,183.25
72,403,1,44.77,44.77
72,125,1,61.95,61.95
72,476,1,121.13,121.13
72,380,1,378.14,378.14
73,271,3,188.99,566.97
74,392,2,364.88,729.76
74,30,3,243.42,730.26
74,213,1,343.62,343.62
74,75,2,123.97,247.94
74,474,2,239.02,478.04
75,431,3,370.38,1111.1399999999999
75,135,3,451.07,1353.21
76,297,1,225.21,225.21
76,78,3,164.41,493.23
76,266,2,292.77,585.54
76,243,3,358.15,1074.4499999999998
76,193,1,271.29,271.29
77,165,2,170.69,341.38
77,285,1,440.73,440.73
77,359,3,353.69,1061.07
77,359,3,353.69,1061.07
77,260,3,459.47,1378.41
78,66,3,113.14,339.42
78,151,3,369.64,1108.92
78,370,2,49.7,99.4
78,382,2,65.87,131.74
78,162,1,153.38,153.38
79,138,2,93.72,187.44
79,219,2,9.55,19.1
80,431,1,370.38,370.38
81,156,2,404.58,809.16
82,409,1,98.63,98.63
82,375,2,259.59,519.18
82,40,3,290.43,871.29
82,40,3,290.43,871.29
83,491,1,130.58,130.58
83,292,3,335.18,1005.54
83,189,1,23.31,23.31
83,110,1,124.44,124.44
83,12,3,291.6,874.8000000000001
84,27,2,432.61,865.22
84,70,1,420.8,420.8
84,486,2,45.81,91.62
85,427,2,323.5,647.0
85,178,2,449.89,899.78
85,357,2,213.41,426.82
86,69,3,494.8,1484.4
86,446,1,480.38,480.38
87,428,2,48.76,97.52
87,230,3,314.06,942.1800000000001
87,315,2,30.07,60.14
87,307,2,75.2,150.4
88,476,2,121.13,242.26
89,389,3,497.51,1492.53
90,62,3,403.84,1211.52
91,180,2,348.73,697.46
91,253,2,399.66,799.32
92,317,1,75.98,75.98
92,92,1,86.51,86.51
92,214,2,460.83,921.66
92,413,1,64.03,64.03
93,155,2,77.89,155.78
93,300,2,250.81,501.62
93,26,3,170.87,512.61
93,277,3,74.18,222.54000000000002
93,185,3,236.39,709.17
94,390,1,49.86,49.86
94,303,1,384.8,384.8
94,265,2,452.37,904.74
94,306,1,12.42,12.42
95,288,3,174.29,522.87
95,24,3,497.43,1492.29
95,176,3,66.77,200.31
96,69,3,494.8,1484.4
96,284,3,322.24,966.72
96,279,1,273.72,273.72
96,186,1,288.34,288.34
97,298,1,310.25,310.25
97,469,3,351.84,1055.52
97,496,2,341.88,683.76
97,278,2,178.94,357.88
97,413,1,64.03,64.03
98,379,1,222.7,222.7
99,101,2,38.7,77.4
99,167,2,14.91,29.82
99,249,2,143.22,286.44
100,125,1,61.95,61.95
100,40,3,290.43,871.29
100,374,2,415.45,830.9
101,346,2,206.81,413.62
102,493,2,435.98,871.96
102,449,2,209.61,419.22
102,146,2,299.06,598.12
102,423,3,317.55,952.6500000000001
103,421,1,450.64,450.64
104,239,2,254.23,508.46
105,106,1,422.11,422.11
105,300,2,250.81,501.62
106,416,3,163.35,490.04999999999995
107,70,3,420.8,1262.4
107,195,3,280.71,842.1299999999999
107,338,1,287.2,287.2
107,289,2,427.58,855.16
107,385,3,177.56,532.6800000000001
108,461,2,472.53,945.06
108,9,3,331.01,993.03
108,70,1,420.8,420.8
108,500,3,236.72,710.16
109,4,2,15.4,30.8
109,239,2,254.23,508.46
110,50,2,347.73,695.46
110,427,3,323.5,970.5
111,369,2,492.83,985.66
111,181,2,369.11,738.22
111,283,3,391.26,1173.78
112,442,1,470.37,470.37
112,322,1,325.9,325.9
113,286,3,67.86,203.57999999999998
113,104,2,355.23,710.46
114,69,1,494.8,494.8
115,400,3,297.67,893.01
115,68,1,5.86,5.86
115,456,1,242.56,242.56
115,380,1,378.14,378.14
115,325,3,470.48,1411.44
116,429,3,257.85,773.5500000000001
117,168,1,396.27,396.27
117,33,2,199.18,398.36
117,248,3,255.64,766.92
118,169,2,466.19,932.38
118,352,1,23.31,23.31
118,450,1,245.71,245.71
119,226,2,285.61,571.22
120,27,2,432.61,865.22
120,440,1,362.37,362.37
120,265,1,452.37,452.37
120,486,1,45.81,45.81
121,91,2,440.33,880.66
121,368,1,226.17,226.17
121,357,1,213.41,213.41
121,368,2,226.17,452.34
122,495,3,239.08,717.24
123,30,2,243.42,486.84
123,194,2,22.63,45.26
123,265,2,452.37,904.74
123,274,1,203.73,203.73
124,92,2,86.51,173.02
124,407,2,474.34,948.68
124,438,2,100.54,201.08
124,401,2,99.91,199.82
124,366,2,409.85,819.7
125,99,3,142.89,428.66999999999996
126,77,1,254.31,254.31
127,452,3,235.45,706.3499999999999
127,11,3,415.63,1246.8899999999999
128,384,1,9.03,9.03
128,208,3,342.64,1027.92
128,422,2,275.45,550.9
129,144,1,149.85,149.85
129,5,3,132.04,396.12
130,249,2,143.22,286.44
130,45,3,442.81,1328.43
130,35,1,14.23,14.23
130,393,3,129.5,388.5
131,55,2,243.64,487.28
131,206,1,353.54,353.54
131,449,3,209.61,628.83
131,464,2,296.32,592.64
132,168,3,396.27,1188.81
132,254,3,218.23,654.6899999999999
133,278,3,178.94,536.8199999999999
133,119,1,120.42,120.42
134,425,1,211.7,211.7
134,228,2,469.49,938.98
135,370,1,49.7,49.7
135,227,2,413.65,827.3
136,288,3,174.29,522.87
137,351,2,385.67,771.34
137,317,1,75.98,75.98
137,307,1,75.2,75.2
138,338,2,287.2,574.4
138,441,3,314.36,943.08
138,73,3,279.0,837.0
139,344,2,138.55,277.1
139,237,2,236.39,472.78
139,381,1,212.11,212.11
139,4,2,15.4,30.8
139,129,1,293.08,293.08
140,349,2,54.63,109.26
140,87,1,367.59,367.59
140,231,2,376.58,753.16
140,223,3,80.53,241.59
141,214,3,460.83,1382.49
142,154,2,371.7,743.4
142,468,2,24.15,48.3
143,361,3,89.18,267.54
143,405,3,26.88,80.64
144,224,2,133.14,266.28
144,249,3,143.22,429.65999999999997
144,29,1,362.83,362.83
144,156,2,404.58,809.16
144,198,3,209.69,629.0699999999999
145,399,2,62.97,125.94
145,63,3,270.0,810.0
145,230,2,314.06,628.12
146,213,2,343.62,687.24
146,9,3,331.01,993.03
146,51,2,124.89,249.78
146,316,1,68.22,68.22
147,452,3,235.45,706.3499999999999
147,89,2,437.32,874.64
147,303,1,384.8,384.8
148,496,2,341.88,683.76
148,94,2,186.09,372.18
148,302,3,343.67,1031.01
149,416,1,163.35,163.35
150,298,2,310.25,620.5
150,169,3,466.19,1398.57
151,323,2,5.34,10.68
152,390,1,49.86,49.86
152,121,3,143.28,429.84000000000003
152,221,2,42.15,84.3
152,357,3,213.41,640.23
153,72,3,455.9,1367.6999999999998
153,405,1,26.88,26.88
154,194,3,22.63,67.89
155,102,3,196.78,590.34
155,181,3,369.11,1107.33
155,352,1,23.31,23.31
155,192,2,361.57,723.14
155,366,1,409.85,409.85
156,339,3,327.73,983.19
156,285,2,440.73,881.46
156,41,3,314.77,944.31
156,212,2,381.28,762.56
157,126,2,320.91,641.82
157,463,2,76.72,153.44
157,486,1,45.81,45.81
158,286,2,67.86,135.72
158,120,2,480.49,960.98
159,28,3,72.62,217.86
160,56,3,258.91,776.73
160,26,1,170.87,170.87
160,404,1,115.89,115.89
161,461,3,472.53,1417.59
161,459,3,220.51,661.53
161,183,2,206.12,412.24
161,130,1,201.64,201.64
162,197,1,66.56,66.56
163,41,3,314.77,944.31
163,20,2,446.93,893.86
163,225,1,14.73,14.73
163,423,3,317.55,952.6500000000001
164,225,2,14.73,29.46
165,484,3,304.06,912.1800000000001
165,231,3,376.58,1129.74
165,480,2,209.16,418.32
165,483,2,70.53,141.06
166,449,3,209.61,628.83
166,415,3,454.18,1362.54
166,22,2,491.32,982.64
167,226,1,285.61,285.61
167,15,2,190.65,381.3
167,480,1,209.16,209.16
167,384,3,9.03,27.089999999999996
168,334,2,281.98,563.96
169,8,1,236.88,236.88
170,294,2,159.06,318.12
170,221,1,42.15,42.15
170,194,1,22.63,22.63
171,453,3,335.96,1007.8799999999999
171,154,2,371.7,743.4
171,483,1,70.53,70.53
172,431,1,370.38,370.38
172,416,2,163.35,326.7
172,450,1,245.71,245.71
172,106,1,422.11,422.11
172,175,1,235.77,235.77
173,455,3,105.02,315.06
174,284,1,322.24,322.24
174,481,1,209.3,209.3
174,13,1,41.35,41.35
174,212,3,381.28,1143.84
175,227,3,413.65,1240.9499999999998
175,319,1,132.86,132.86
176,124,2,130.44,260.88
176,17,1,430.34,430.34
176,48,3,113.06,339.18
176,78,1,164.41,164.41
176,473,3,20.11,60.33
177,364,1,469.93,469.93
177,47,3,140.75,422.25
177,411,3,311.19,933.5699999999999
177,406,1,7.55,7.55
178,36,1,325.79,325.79
179,314,2,78.8,157.6
179,169,3,466.19,1398.57
179,374,3,415.45,1246.35
179,477,3,155.19,465.57
180,236,3,495.48,1486.44
180,240,3,98.4,295.20000000000005
180,100,3,175.13,525.39
180,102,2,196.78,393.56
180,154,3,371.7,1115.1
181,460,2,382.54,765.08
181,118,2,355.19,710.38
181,21,1,348.11,348.11
182,397,3,154.37,463.11
182,462,1,153.15,153.15
182,226,1,285.61,285.61
182,294,3,159.06,477.18
183,36,1,325.79,325.79
183,24,3,497.43,1492.29
184,497,2,343.43,686.86
184,238,2,150.48,300.96
185,3,1,458.68,458.68
185,236,1,495.48,495.48
185,95,3,452.34,1357.02
186,207,3,68.25,204.75
186,124,1,130.44,130.44
186,435,2,219.72,439.44
186,158,1,269.42,269.42
186,457,3,196.35,589.05
187,176,1,66.77,66.77
187,67,2,439.97,879.94
187,84,2,239.85,479.7
187,489,2,229.25,458.5
188,74,3,83.84,251.52
188,276,2,254.66,509.32
188,260,2,459.47,918.94
188,173,2,364.45,728.9
189,321,1,271.53,271.53
189,287,3,477.19,1431.57
190,96,2,95.56,191.12
190,491,3,130.58,391.74
190,43,1,84.75,84.75
191,21,1,348.11,348.11
191,295,1,366.04,366.04
191,426,3,438.33,1314.99
191,319,2,132.86,265.72
192,16,3,191.38,574.14
192,451,1,332.65,332.65
192,204,1,396.2,396.2
192,267,2,347.18,694.36
192,186,2,288.34,576.68
193,141,2,257.07,514.14
193,416,2,163.35,326.7
193,255,2,170.99,341.98
194,480,3,209.16,627.48
194,209,3,195.24,585.72
195,24,1,497.43,497.43
196,171,1,35.49,35.49
196,224,1,133.14,133.14
197,339,2,327.73,655.46
197,40,1,290.43,290.43
197,419,1,139.16,139.16
197,283,1,391.26,391.26
197,417,2,202.32,404.64
198,241,3,463.38,1390.1399999999999
198,37,1,183.06,183.06
198,23,2,124.25,248.5
198,446,1,480.38,480.38
198,351,3,385.67,1157.01
199,428,2,48.76,97.52
199,112,2,17.77,35.54
199,122,1,65.23,65.23
200,167,1,14.91,14.91
200,384,2,9.03,18.06
200,47,2,140.75,281.5
200,188,3,331.07,993.21
201,230,2,314.06,628.12
201,29,2,362.83,725.66
201,257,3,287.88,863.64
201,206,1,353.54,353.54
201,105,2,414.79,829.58
202,427,1,323.5,323.5
203,113,3,180.72,542.16
203,422,3,275.45,826.3499999999999
204,289,2,427.58,855.16
204,327,3,357.39,1072.17
205,299,3,207.73,623.1899999999999
205,157,3,208.56,625.6800000000001
205,368,3,226.17,678.51
205,328,1,251.99,251.99
205,155,2,77.89,155.78
206,234,3,202.87,608.61
206,67,3,439.97,1319.91
207,480,1,209.16,209.16
207,76,1,476.31,476.31
207,436,1,41.76,41.76
207,418,2,141.62,283.24
207,204,3,396.2,1188.6
208,134,2,9.79,19.58
209,155,2,77.89,155.78
209,105,3,414.79,1244.3700000000001
209,41,1,314.77,314.77
209,189,3,23.31,69.92999999999999
210,278,2,178.94,357.88
210,361,1,89.18,89.18
210,228,1,469.49,469.49
211,478,1,356.16,356.16
211,256,3,344.07,1032.21
211,107,1,262.2,262.2
211,423,3,317.55,952.6500000000001
211,350,1,170.56,170.56
212,55,2,243.64,487.28
213,428,2,48.76,97.52
213,6,3,23.99,71.97
213,384,2,9.03,18.06
213,438,1,100.54,100.54
213,451,3,332.65,997.9499999999999
214,385,2,177.56,355.12
214,96,2,95.56,191.12
214,180,2,348.73,697.46
214,447,3,156.88,470.64
215,23,3,124.25,372.75
215,408,2,182.79,365.58
216,440,3,362.37,1087.1100000000001
216,198,2,209.69,419.38
216,341,2,469.56,939.12
217,307,3,75.2,225.60000000000002
217,34,2,150.14,300.28
217,47,2,140.75,281.5
218,378,3,153.62,460.86
218,446,3,480.38,1441.1399999999999
218,261,1,235.72,235.72
218,417,3,202.32,606.96
219,31,3,384.06,1152.18
219,347,3,186.64,559.92
219,95,1,452.34,452.34
219,187,1,315.62,315.62
220,135,1,451.07,451.07
220,214,2,460.83,921.66
220,183,1,206.12,206.12
220,375,3,259.59,778.77
220,125,3,61.95,185.85000000000002
221,2,3,139.66,418.98
221,419,1,139.16,139.16
221,241,1,463.38,463.38
221,314,2,78.8,157.6
222,398,3,182.45,547.3499999999999
223,408,2,182.79,365.58
224,57,1,281.31,281.31
224,303,3,384.8,1154.4
225,328,2,251.99,503.98
225,167,3,14.91,44.730000000000004
226,73,1,279.0,279.0
226,364,2,469.93,939.86
226,247,1,228.88,228.88
226,59,2,471.15,942.3
227,269,2,183.25,366.5
228,120,2,480.49,960.98
229,133,1,195.06,195.06
229,175,1,235.77,235.77
229,459,2,220.51,441.02
229,420,1,410.03,410.03
230,432,2,18.81,37.62
230,263,1,168.0,168.0
230,233,1,76.89,76.89
230,355,3,344.54,1033.6200000000001
230,348,2,45.01,90.02
231,455,2,105.02,210.04
231,22,1,491.32,491.32
231,296,1,348.54,348.54
231,317,3,75.98,227.94
232,174,1,258.78,258.78
232,154,3,371.7,1115.1
233,136,2,277.36,554.72
233,99,3,142.89,428.66999999999996
233,298,3,310.25,930.75
233,285,2,440.73,881.46
233,33,3,199.18,597.54
234,90,1,171.02,171.02
234,274,1,203.73,203.73
235,268,1,430.32,430.32
235,330,3,434.93,1304.79
235,343,1,220.03,220.03
236,288,1,174.29,174.29
237,116,1,490.7,490.7
237,427,1,323.5,323.5
237,278,1,178.94,178.94
237,16,2,191.38,382.76
238,383,3,114.97,344.90999999999997
238,296,3,348.54,1045.6200000000001
238,54,3,393.16,1179.48
238,116,2,490.7,981.4
238,395,3,254.9,764.7
239,26,3,170.87,512.61
239,34,1,150.14,150.14
239,391,2,14.9,29.8
239,399,1,62.97,62.97
239,125,2,61.95,123.9
240,60,2,407.73,815.46
240,433,1,457.16,457.16
241,428,2,48.76,97.52
241,245,2,426.38,852.76
241,471,3,64.44,193.32
241,441,2,314.36,628.72
241,19,3,343.63,1030.8899999999999
242,116,1,490.7,490.7
242,339,3,327.73,983.19
242,431,2,370.38,740.76
243,61,2,118.22,236.44
243,66,1,113.14,113.14
243,354,1,107.87,107.87
243,166,1,474.92,474.92
244,133,2,195.06,390.12
244,430,1,379.23,379.23
245,26,2,170.87,341.74
245,242,1,233.81,233.81
245,140,3,115.16,345.48
245,482,3,479.46,1438.3799999999999
246,477,3,155.19,465.57
246,481,1,209.3,209.3
246,200,2,134.77,269.54
246,274,3,203.73,611.1899999999999
247,145,3,438.41,1315.23
248,230,1,314.06,314.06
249,284,1,322.24,322.24
250,392,3,364.88,1094.6399999999999
250,312,2,176.2,352.4
250,459,3,220.51,661.53
250,408,1,182.79,182.79
251,102,2,196.78,393.56
251,262,2,356.94,713.88
251,233,2,76.89,153.78
251,425,1,211.7,211.7
251,312,2,176.2,352.4
252,447,1,156.88,156.88
252,183,1,206.12,206.12
252,266,1,292.77,292.77
253,492,2,28.24,56.48
253,365,2,373.53,747.06
254,327,2,357.39,714.78
255,463,2,76.72,153.44
255,319,1,132.86,132.86
255,419,3,139.16,417.48
256,148,1,228.08,228.08
256,36,3,325.79,977.3700000000001
256,201,2,258.09,516.18
257,351,1,385.67,385.67
257,400,1,297.67,297.67
257,500,3,236.72,710.16
257,405,3,26.88,80.64
258,48,2,113.06,226.12
259,381,1,212.11,212.11
259,263,3,168.0,504.0
259,487,1,396.73,396.73
260,301,3,287.0,861.0
260,490,1,487.09,487.09
260,245,3,426.38,1279.1399999999999
260,32,1,284.06,284.06
260,106,2,422.11,844.22
261,366,2,409.85,819.7
261,168,2,396.27,792.54
261,218,2,213.29,426.58
261,323,1,5.34,5.34
261,196,3,372.88,1118.6399999999999
262,241,3,463.38,1390.1399999999999
263,283,1,391.26,391.26
263,23,2,124.25,248.5
263,335,1,255.49,255.49
264,120,3,480.49,1441.47
264,383,3,114.97,344.90999999999997
265,416,2,163.35,326.7
265,58,1,462.1,462.1
265,356,3,346.58,1039.74
266,260,1,459.47,459.47
266,213,1,343.62,343.62
266,433,3,457.16,1371.48
266,179,3,422.57,1267.71
266,144,1,149.85,149.85
267,25,3,206.03,618.09
267,179,2,422.57,845.14
267,109,1,489.42,489.42
267,18,3,395.52,1186.56
267,305,1,80.66,80.66
268,236,3,495.48,1486.44
268,290,2,334.81,669.62
268,388,2,439.12,878.24
269,88,3,361.93,1085.79
269,56,1,258.91,258.91
269,415,2,454.18,908.36
269,269,3,183.25,549.75
270,347,2,186.64,373.28
271,111,3,283.29,849.8700000000001
271,421,1,450.64,450.64
272,109,1,489.42,489.42
272,332,3,450.12,1350.3600000000001
273,240,1,98.4,98.4
274,445,2,124.24,248.48
274,371,3,319.89,959.67
274,414,2,457.0,914.0
275,32,3,284.06,852.1800000000001
275,398,2,182.45,364.9
275,195,2,280.71,561.42
276,372,1,224.89,224.89
276,20,3,446.93,1340.79
276,407,1,474.34,474.34
276,30,1,243.42,243.42
276,476,2,121.13,242.26
277,269,1,183.25,183.25
277,375,3,259.59,778.77
277,480,2,209.16,418.32
278,160,1,386.52,386.52
278,261,3,235.72,707.16
278,473,1,20.11,20.11
278,158,1,269.42,269.42
279,72,1,455.9,455.9
280,52,1,207.19,207.19
280,195,3,280.71,842.1299999999999
280,319,3,132.86,398.58000000000004
280,84,1,239.85,239.85
281,223,3,80.53,241.59
281,89,2,437.32,874.64
282,269,2,183.25,366.5
283,160,3,386.52,1159.56
284,52,1,207.19,207.19
284,111,2,283.29,566.58
285,222,1,310.77,310.77
285,36,2,325.79,651.58
285,89,1,437.32,437.32
285,76,2,476.31,952.62
285,121,2,143.28,286.56
286,321,2,271.53,543.06
287,237,3,236.39,709.17
287,260,1,459.47,459.47
288,66,1,113.14,113.14
289,84,1,239.85,239.85
289,457,3,196.35,589.05
289,435,2,219.72,439.44
289,397,2,154.37,308.74
290,495,1,239.08,239.08
290,36,2,325.79,651.58
290,187,3,315.62,946.86
290,384,1,9.03,9.03
290,75,3,123.97,371.90999999999997
291,130,1,201.64,201.64
291,60,3,407.73,1223.19
291,256,2,344.07,688.14
292,210,3,366.8,1100.4
292,250,3,179.65,538.95
292,194,2,22.63,45.26
293,180,1,348.73,348.73
293,449,1,209.61,209.61
293,228,3,469.49,1408.47
293,404,3,115.89,347.67
293,347,3,186.64,559.92
294,425,1,211.7,211.7
294,53,2,440.06,880.12
294,174,1,258.78,258.78
294,216,3,256.85,770.5500000000001
294,437,2,150.85,301.7
295,167,1,14.91,14.91
295,434,2,379.85,759.7
295,49,2,486.05,972.1
295,268,3,430.32,1290.96
296,85,3,173.78,521.34
296,368,1,226.17,226.17
296,438,1,100.54,100.54
296,268,1,430.32,430.32
297,148,2,228.08,456.16
297,273,3,193.27,579.8100000000001
297,432,3,18.81,56.42999999999999
297,69,3,494.8,1484.4
298,20,3,446.93,1340.79
298,206,3,353.54,1060.6200000000001
298,332,2,450.12,900.24
298,205,2,59.11,118.22
298,6,3,23.99,71.97
299,429,3,257.85,773.5500000000001
299,94,1,186.09,186.09
300,216,3,256.85,770.5500000000001
300,385,1,177.56,177.56
300,166,2,474.92,949.84
300,411,2,311.19,622.38
300,228,3,469.49,1408.47
301,92,1,86.51,86.51
301,208,3,342.64,1027.92
302,44,1,437.15,437.15
302,327,1,357.39,357.39
303,429,2,257.85,515.7
304,374,3,415.45,1246.35
304,417,3,202.32,606.96
304,203,1,490.13,490.13
305,265,2,452.37,904.74
305,252,1,333.44,333.44
305,87,3,367.59,1102.77
306,434,1,379.85,379.85
306,139,1,349.74,349.74
307,244,3,286.63,859.89
308,345,2,179.94,359.88
309,265,2,452.37,904.74
309,408,1,182.79,182.79
309,284,1,322.24,322.24
310,23,1,124.25,124.25
311,430,2,379.23,758.46
311,217,1,80.51,80.51
311,126,3,320.91,962.73
311,228,3,469.49,1408.47
311,195,2,280.71,561.42
312,59,1,471.15,471.15
312,239,1,254.23,254.23
312,109,2,489.42,978.84
312,237,2,236.39,472.78
312,90,2,171.02,342.04
313,397,2,154.37,308.74
313,228,2,469.49,938.98
313,299,3,207.73,623.1899999999999
313,372,3,224.89,674.67
313,58,3,462.1,1386.3000000000002
314,206,3,353.54,1060.6200000000001
315,133,1,195.06,195.06
315,242,3,233.81,701.4300000000001
315,139,2,349.74,699.48
316,347,2,186.64,373.28
316,311,2,432.8,865.6
317,451,3,332.65,997.9499999999999
317,354,2,107.87,215.74
317,251,2,208.81,417.62
318,3,1,458.68,458.68
318,444,1,232.11,232.11
319,76,1,476.31,476.31
319,120,1,480.49,480.49
319,102,3,196.78,590.34
319,404,2,115.89,231.78
319,342,1,19.87,19.87
320,287,1,477.19,477.19
320,451,3,332.65,997.9499999999999
320,476,1,121.13,121.13
321,189,1,23.31,23.31
321,168,2,396.27,792.54
321,145,2,438.41,876.82
322,361,3,89.18,267.54
322,223,1,80.53,80.53
322,107,3,262.2,786.5999999999999
322,169,1,466.19,466.19
322,70,1,420.8,420.8
323,458,2,290.04,580.08
323,281,1,173.96,173.96
323,320,3,142.18,426.54
324,50,3,347.73,1043.19
324,323,2,5.34,10.68
324,115,2,200.47,400.94
324,26,1,170.87,170.87
324,396,1,69.93,69.93
325,208,1,342.64,342.64
326,478,3,356.16,1068.48
326,434,1,379.85,379.85
326,78,3,164.41,493.23
326,318,3,219.59,658.77
326,280,3,346.03,1038.09
327,35,3,14.23,42.69
327,90,1,171.02,171.02
327,362,1,110.19,110.19
328,486,3,45.81,137.43
328,260,1,459.47,459.47
329,345,2,179.94,359.88
330,433,3,457.16,1371.48
330,336,1,41.55,41.55
330,209,1,195.24,195.24
330,82,2,479.76,959.52
330,51,1,124.89,124.89
331,297,1,225.21,225.21
331,343,2,220.03,440.06
331,158,1,269.42,269.42
331,430,1,379.23,379.23
332,448,3,119.74,359.21999999999997
333,260,1,459.47,459.47
334,275,1,404.88,404.88
334,495,3,239.08,717.24
334,350,2,170.56,341.12
334,414,2,457.0,914.0
335,78,1,164.41,164.41
335,340,2,281.13,562.26
335,440,3,362.37,1087.1100000000001
335,453,2,335.96,671.92
335,322,1,325.9,325.9
336,414,3,457.0,1371.0
336,382,2,65.87,131.74
336,331,1,69.86,69.86
337,383,2,114.97,229.94
337,341,2,469.56,939.12
338,142,3,176.49,529.47
338,233,2,76.89,153.78
338,375,1,259.59,259.59
339,51,1,124.89,124.89
339,457,3,196.35,589.05
339,324,1,311.54,311.54
339,234,2,202.87,405.74
340,118,3,355.19,1065.57
340,133,2,195.06,390.12
340,37,1,183.06,183.06
340,272,1,182.96,182.96
341,189,3,23.31,69.92999999999999
341,418,2,141.62,283.24
341,365,2,373.53,747.06
341,383,1,114.97,114.97
342,46,2,51.28,102.56
343,279,3,273.72,821.1600000000001
343,41,2,314.77,629.54
343,173,3,364.45,1093.35
343,89,1,437.32,437.32
343,273,3,193.27,579.8100000000001
344,9,1,331.01,331.01
344,145,2,438.41,876.82
344,456,3,242.56,727.6800000000001
345,359,1,353.69,353.69
345,32,1,284.06,284.06
345,272,3,182.96,548.88
346,435,3,219.72,659.16
346,256,1,344.07,344.07
346,184,1,119.59,119.59
347,310,3,78.93,236.79000000000002
347,399,1,62.97,62.97
347,270,2,132.23,264.46
348,383,1,114.97,114.97
349,383,3,114.97,344.90999999999997
350,222,2,310.77,621.54
351,387,1,130.92,130.92
351,380,1,378.14,378.14
352,51,3,124.89,374.67
352,74,2,83.84,167.68
352,397,2,154.37,308.74
352,380,3,378.14,1134.42
352,388,1,439.12,439.12
353,465,1,484.34,484.34
353,159,3,287.61,862.83
353,207,1,68.25,68.25
354,30,1,243.42,243.42
355,95,3,452.34,1357.02
355,393,1,129.5,129.5
355,245,1,426.38,426.38
356,68,3,5.86,17.580000000000002
356,58,2,462.1,924.2
356,196,1,372.88,372.88
356,257,1,287.88,287.88
356,277,1,74.18,74.18
357,225,2,14.73,29.46
357,393,2,129.5,259.0
357,155,3,77.89,233.67000000000002
357,89,2,437.32,874.64
358,405,3,26.88,80.64
358,358,3,198.63,595.89
358,246,1,234.51,234.51
358,324,2,311.54,623.08
359,113,2,180.72,361.44
359,330,2,434.93,869.86
359,246,1,234.51,234.51
360,325,1,470.48,470.48
360,22,3,491.32,1473.96
360,310,2,78.93,157.86
360,396,1,69.93,69.93
361,198,2,209.69,419.38
361,181,3,369.11,1107.33
361,201,2,258.09,516.18
362,428,3,48.76,146.28
362,59,3,471.15,1413.4499999999998
362,138,1,93.72,93.72
363,216,1,256.85,256.85
363,51,3,124.89,374.67
364,353,1,303.46,303.46
364,493,3,435.98,1307.94
365,190,1,387.18,387.18
365,311,1,432.8,432.8
365,347,3,186.64,559.92
365,74,2,83.84,167.68
366,34,3,150.14,450.41999999999996
366,100,2,175.13,350.26
367,272,2,182.96,365.92
367,284,1,322.24,322.24
367,362,1,110.19,110.19
367,398,1,182.45,182.45
367,285,1,440.73,440.73
368,407,3,474.34,1423.02
368,451,3,332.65,997.9499999999999
368,178,3,449.89,1349.67
368,294,2,159.06,318.12
368,25,3,206.03,618.09
369,237,3,236.39,709.17
369,411,3,311.19,933.5699999999999
369,473,2,20.11,40.22
369,451,2,332.65,665.3
369,208,2,342.64,685.28
370,228,3,469.49,1408.47
370,287,3,477.19,1431.57
371,32,1,284.06,284.06
372,394,3,202.77,608.3100000000001
372,270,2,132.23,264.46
372,259,3,200.38,601.14
372,400,2,297.67,595.34
372,258,1,440.33,440.33
373,112,3,17.77,53.31
373,196,2,372.88,745.76
373,55,1,243.64,243.64
373,287,3,477.19,1431.57
373,49,3,486.05,1458.15
374,110,1,124.44,124.44
374,245,2,426.38,852.76
374,354,2,107.87,215.74
374,259,3,200.38,601.14
374,156,2,404.58,809.16
375,28,1,72.62,72.62
375,334,2,281.98,563.96
375,421,2,450.64,901.28
375,158,1,269.42,269.42
375,376,2,120.28,240.56
376,226,1,285.61,285.61
377,139,2,349.74,699.48
377,404,3,115.89,347.67
377,75,3,123.97,371.90999999999997
377,194,1,22.63,22.63
378,388,3,439.12,1317.3600000000001
378,174,3,258.78,776.3399999999999
379,492,1,28.24,28.24
380,315,1,30.07,30.07
380,483,3,70.53,211.59
380,164,1,158.01,158.01
380,492,2,28.24,56.48
381,463,3,76.72,230.16
382,8,2,236.88,473.76
383,75,1,123.97,123.97
383,120,1,480.49,480.49
384,218,2,213.29,426.58
384,238,1,150.48,150.48
384,383,2,114.97,229.94
384,448,2,119.74,239.48
385,368,2,226.17,452.34
385,469,3,351.84,1055.52
386,408,2,182.79,365.58
386,270,3,132.23,396.68999999999994
386,213,3,343.62,1030.8600000000001
386,180,1,348.73,348.73
386,364,1,469.93,469.93
387,350,1,170.56,170.56
388,235,3,384.75,1154.25
388,17,2,430.34,860.68
388,460,3,382.54,1147.6200000000001
388,277,1,74.18,74.18
389,103,2,363.27,726.54
389,154,1,371.7,371.7
389,263,2,168.0,336.0
389,245,1,426.38,426.38
390,255,3,170.99,512.97
391,404,3,115.89,347.67
392,21,2,348.11,696.22
393,238,1,150.48,150.48
393,109,1,489.42,489.42
393,53,2,440.06,880.12
393,455,1,105.02,105.02
394,122,2,65.23,130.46
394,140,3,115.16,345.48
394,315,1,30.07,30.07
395,156,3,404.58,1213.74
396,231,3,376.58,1129.74
397,17,2,430.34,860.68
397,471,2,64.44,128.88
397,361,3,89.18,267.54
397,270,2,132.23,264.46
398,347,3,186.64,559.92
399,190,1,387.18,387.18
399,460,2,382.54,765.08
400,62,3,403.84,1211.52
400,438,2,100.54,201.08
400,99,1,142.89,142.89
400,288,3,174.29,522.87
400,409,3,98.63,295.89
401,323,3,5.34,16.02
401,469,2,351.84,703.68
401,227,3,413.65,1240.9499999999998
402,192,3,361.57,1084.71
402,495,2,239.08,478.16
402,350,1,170.56,170.56
403,452,2,235.45,470.9
404,493,1,435.98,435.98
404,393,2,129.5,259.0
404,89,3,437.32,1311.96
404,454,1,122.06,122.06
405,17,2,430.34,860.68
406,115,1,200.47,200.47
406,386,3,273.27,819.81
407,58,1,462.1,462.1
408,236,2,495.48,990.96
408,41,3,314.77,944.31
408,185,2,236.39,472.78
408,488,1,243.3,243.3
409,78,2,164.41,328.82
409,479,2,131.06,262.12
409,431,2,370.38,740.76
409,136,1,277.36,277.36
410,12,3,291.6,874.8000000000001
411,201,3,258.09,774.27
411,2,1,139.66,139.66
411,199,1,355.65,355.65
411,281,3,173.96,521.88
412,138,2,93.72,187.44
412,146,2,299.06,598.12
412,113,2,180.72,361.44
412,478,3,356.16,1068.48
412,32,1,284.06,284.06
413,473,3,20.11,60.33
413,393,3,129.5,388.5
413,442,2,470.37,940.74
413,430,3,379.23,1137.69
413,396,3,69.93,209.79000000000002
414,423,2,317.55,635.1
414,467,3,24.18,72.53999999999999
414,141,2,257.07,514.14
414,336,2,41.55,83.1
414,386,3,273.27,819.81
415,136,2,277.36,554.72
415,123,3,187.5,562.5
416,254,1,218.23,218.23
416,321,2,271.53,543.06
416,466,3,465.33,1395.99
417,415,2,454.18,908.36
417,410,1,227.81,227.81
417,186,1,288.34,288.34
418,180,3,348.73,1046.19
419,396,2,69.93,139.86
419,413,2,64.03,128.06
419,396,3,69.93,209.79000000000002
419,47,2,140.75,281.5
420,468,2,24.15,48.3
420,303,3,384.8,1154.4
420,358,3,198.63,595.89
421,165,1,170.69,170.69
421,453,1,335.96,335.96
422,329,3,361.76,1085.28
423,185,2,236.39,472.78
423,421,3,450.64,1351.92
423,182,3,491.56,1474.68
424,90,3,171.02,513.0600000000001
424,351,3,385.67,1157.01
424,281,2,173.96,347.92
425,442,2,470.37,940.74
425,354,2,107.87,215.74
425,185,2,236.39,472.78
425,175,3,235.77,707.3100000000001
425,258,1,440.33,440.33
426,75,2,123.97,247.94
427,400,2,297.67,595.34
427,138,1,93.72,93.72
427,34,1,150.14,150.14
428,147,2,404.23,808.46
429,339,3,327.73,983.19
429,460,1,382.54,382.54
430,203,3,490.13,1470.3899999999999
431,94,1,186.09,186.09
432,116,3,490.7,1472.1
432,281,3,173.96,521.88
432,55,3,243.64,730.92
432,448,2,119.74,239.48
433,73,1,279.0,279.0
433,481,1,209.3,209.3
434,417,2,202.32,404.64
435,444,1,232.11,232.11
435,431,3,370.38,1111.1399999999999
436,407,3,474.34,1423.02
437,34,1,150.14,150.14
437,252,3,333.44,1000.3199999999999
437,335,2,255.49,510.98
437,48,2,113.06,226.12
437,12,2,291.6,583.2
438,488,1,243.3,243.3
438,181,2,369.11,738.22
438,435,2,219.72,439.44
439,406,2,7.55,15.1
440,286,3,67.86,203.57999999999998
440,177,3,337.04,1011.1200000000001
440,462,2,153.15,306.3
440,155,1,77.89,77.89
440,145,3,438.41,1315.23
441,371,2,319.89,639.78
441,170,2,432.62,865.24
441,300,1,250.81,250.81
442,382,2,65.87,131.74
442,286,2,67.86,135.72
442,109,1,489.42,489.42
443,264,3,165.99,497.97
443,367,3,403.14,1209.42
443,75,2,123.97,247.94
443,84,2,239.85,479.7
444,462,1,153.15,153.15
444,211,1,470.02,470.02
445,450,1,245.71,245.71
446,492,3,28.24,84.72
446,184,1,119.59,119.59
446,128,2,19.74,39.48
446,329,3,361.76,1085.28
446,162,1,153.38,153.38
447,118,3,355.19,1065.57
447,155,3,77.89,233.67000000000002
447,475,3,426.61,1279.83
447,350,3,170.56,511.68
447,415,3,454.18,1362.54
448,171,1,35.49,35.49
448,44,2,437.15,874.3
448,165,3,170.69,512.0699999999999
448,232,1,478.28,478.28
449,444,3,232.11,696.33
449,489,1,229.25,229.25
449,280,1,346.03,346.03
449,399,1,62.97,62.97
450,413,2,64.03,128.06
450,43,2,84.75,169.5
450,85,1,173.78,173.78
450,303,2,384.8,769.6
450,168,3,396.27,1188.81
451,243,3,358.15,1074.4499999999998
451,221,2,42.15,84.3
451,116,3,490.7,1472.1
451,415,1,454.18,454.18
452,464,1,296.32,296.32
452,154,3,371.7,1115.1
452,99,1,142.89,142.89
452,181,3,369.11,1107.33
452,302,2,343.67,687.34
453,186,1,288.34,288.34
453,327,2,357.39,714.78
453,64,1,330.1,330.1
453,198,2,209.69,419.38
454,367,1,403.14,403.14
455,390,2,49.86,99.72
455,49,1,486.05,486.05
456,276,3,254.66,763.98
457,347,2,186.64,373.28
457,480,3,209.16,627.48
458,249,1,143.22,143.22
458,155,2,77.89,155.78
459,124,3,130.44,391.32
459,136,3,277.36,832.08
459,44,1,437.15,437.15
459,107,3,262.2,786.5999999999999
460,4,1,15.4,15.4
460,232,2,478.28,956.56
460,318,1,219.59,219.59
461,268,3,430.32,1290.96
461,36,2,325.79,651.58
461,311,3,432.8,1298.4
461,458,2,290.04,580.08
462,392,3,364.88,1094.6399999999999
462,70,2,420.8,841.6
462,245,2,426.38,852.76
462,382,2,65.87,131.74
462,312,2,176.2,352.4
463,283,1,391.26,391.26
463,77,3,254.31,762.9300000000001
463,355,2,344.54,689.08
463,490,3,487.09,1461.27
463,306,3,12.42,37.26
464,217,3,80.51,241.53000000000003
465,418,2,141.62,283.24
465,285,1,440.73,440.73
465,364,3,469.93,1409.79
466,79,3,102.92,308.76
466,52,3,207.19,621.5699999999999
466,400,3,297.67,893.01
466,59,3,471.15,1413.4499999999998
466,350,1,170.56,170.56
467,156,3,404.58,1213.74
467,481,1,209.3,209.3
468,48,3,113.06,339.18
469,265,2,452.37,904.74
470,221,1,42.15,42.15
470,357,3,213.41,640.23
470,145,3,438.41,1315.23
471,301,2,287.0,574.0
471,138,2,93.72,187.44
471,100,3,175.13,525.39
472,377,2,139.69,279.38
472,279,2,273.72,547.44
472,162,2,153.38,306.76
472,278,1,178.94,178.94
472,307,2,75.2,150.4
473,266,1,292.77,292.77
473,366,1,409.85,409.85
473,44,3,437.15,1311.4499999999998
474,182,1,491.56,491.56
474,478,1,356.16,356.16
474,53,1,440.06,440.06
474,290,1,334.81,334.81
475,196,1,372.88,372.88
475,261,3,235.72,707.16
476,375,3,259.59,778.77
476,200,3,134.77,404.31000000000006
477,486,2,45.81,91.62
477,34,1,150.14,150.14
477,337,2,226.35,452.7
477,431,2,370.38,740.76
478,78,1,164.41,164.41
478,245,1,426.38,426.38
479,418,1,141.62,141.62
480,208,1,342.64,342.64
480,334,1,281.98,281.98
480,486,3,45.81,137.43
480,83,2,243.84,487.68
480,432,1,18.81,18.81
481,245,3,426.38,1279.1399999999999
481,201,2,258.09,516.18
481,434,1,379.85,379.85
481,176,3,66.77,200.31
481,217,1,80.51,80.51
482,149,1,111.19,111.19
482,451,2,332.65,665.3
482,209,2,195.24,390.48
482,162,2,153.38,306.76
482,420,2,410.03,820.06
483,380,2,378.14,756.28
483,35,3,14.23,42.69
483,408,2,182.79,365.58
483,136,3,277.36,832.08
483,72,3,455.9,1367.6999999999998
484,215,1,313.01,313.01
484,474,2,239.02,478.04
484,154,1,371.7,371.7
485,384,1,9.03,9.03
485,77,3,254.31,762.9300000000001
486,51,1,124.89,124.89
486,220,3,58.27,174.81
486,17,2,430.34,860.68
486,3,3,458.68,1376.04
487,50,3,347.73,1043.19
487,233,2,76.89,153.78
487,180,1,348.73,348.73
487,301,3,287.0,861.0
487,186,3,288.34,865.02
488,390,3,49.86,149.57999999999998
488,451,3,332.65,997.9499999999999
488,171,1,35.49,35.49
488,432,1,18.81,18.81
488,321,2,271.53,543.06
489,266,2,292.77,585.54
490,313,1,181.23,181.23
490,419,3,139.16,417.48
490,56,1,258.91,258.91
490,130,1,201.64,201.64
490,80,1,296.1,296.1
491,251,3,208.81,626.4300000000001
491,458,2,290.04,580.08
491,128,3,19.74,59.22
491,53,1,440.06,440.06
492,42,3,38.5,115.5
493,314,3,78.8,236.39999999999998
493,138,2,93.72,187.44
494,169,2,466.19,932.38
495,192,1,361.57,361.57
495,109,3,489.42,1468.26
495,326,2,337.22,674.44
496,413,2,64.03,128.06
497,142,3,176.49,529.47
497,193,1,271.29,271.29
497,10,3,421.91,1265.73
497,243,2,358.15,716.3
497,89,2,437.32,874.64
498,294,2,159.06,318.12
498,80,1,296.1,296.1
498,451,3,332.65,997.9499999999999
499,131,1,286.17,286.17
500,74,2,83.84,167.68
500,77,1,254.31,254.31
500,44,1,437.15,437.15
500,187,1,315.62,315.62
500,168,1,396.27,396.27
501,333,2,61.26,122.52
501,23,2,124.25,248.5
501,469,1,351.84,351.84
501,203,2,490.13,980.26
502,15,1,190.65,190.65
502,16,1,191.38,191.38
502,26,3,170.87,512.61
502,188,1,331.07,331.07
502,121,1,143.28,143.28
503,265,1,452.37,452.37
503,337,2,226.35,452.7
503,290,2,334.81,669.62
503,413,1,64.03,64.03
503,479,1,131.06,131.06
504,340,2,281.13,562.26
504,110,3,124.44,373.32
505,183,1,206.12,206.12
505,262,1,356.94,356.94
506,187,1,315.62,315.62
506,128,3,19.74,59.22
506,299,1,207.73,207.73
506,210,3,366.8,1100.4
507,248,1,255.64,255.64
507,7,1,479.78,479.78
507,236,3,495.48,1486.44
508,77,2,254.31,508.62
508,432,3,18.81,56.42999999999999
508,260,2,459.47,918.94
508,384,3,9.03,27.089999999999996
509,68,1,5.86,5.86
510,453,2,335.96,671.92
510,354,2,107.87,215.74
510,291,1,336.86,336.86
510,256,3,344.07,1032.21
511,408,1,182.79,182.79
511,129,2,293.08,586.16
511,151,2,369.64,739.28
512,36,1,325.79,325.79
512,362,1,110.19,110.19
512,18,1,395.52,395.52
513,358,2,198.63,397.26
513,441,3,314.36,943.08
513,250,2,179.65,359.3
513,383,3,114.97,344.90999999999997
513,173,1,364.45,364.45
514,350,2,170.56,341.12
514,141,2,257.07,514.14
514,285,1,440.73,440.73
514,302,1,343.67,343.67
515,496,1,341.88,341.88
516,229,2,230.52,461.04
516,157,1,208.56,208.56
516,62,3,403.84,1211.52
516,212,3,381.28,1143.84
517,95,2,452.34,904.68
517,81,1,112.52,112.52
517,270,1,132.23,132.23
518,186,3,288.34,865.02
518,460,2,382.54,765.08
518,179,2,422.57,845.14
518,128,1,19.74,19.74
518,8,3,236.88,710.64
519,226,3,285.61,856.83
519,447,2,156.88,313.76
519,141,1,257.07,257.07
519,371,2,319.89,639.78
520,40,2,290.43,580.86
520,181,2,369.11,738.22
521,222,2,310.77,621.54
521,229,1,230.52,230.52
521,71,2,43.24,86.48
522,443,1,365.07,365.07
522,50,1,347.73,347.73
523,99,2,142.89,285.78
523,459,1,220.51,220.51
524,330,1,434.93,434.93
524,314,3,78.8,236.39999999999998
524,314,3,78.8,236.39999999999998
524,77,3,254.31,762.9300000000001
524,264,3,165.99,497.97
525,128,2,19.74,39.48
525,117,2,16.06,32.12
525,480,2,209.16,418.32
525,130,1,201.64,201.64
525,184,3,119.59,358.77
526,457,3,196.35,589.05
526,344,2,138.55,277.1
526,366,1,409.85,409.85
527,422,1,275.45,275.45
527,478,1,356.16,356.16
527,190,2,387.18,774.36
527,13,3,41.35,124.05000000000001
528,239,2,254.23,508.46
528,138,3,93.72,281.15999999999997
528,105,3,414.79,1244.3700000000001
529,109,2,489.42,978.84
530,219,3,9.55,28.650000000000002
530,405,2,26.88,53.76
531,12,1,291.6,291.6
531,262,1,356.94,356.94
531,494,1,340.34,340.34
531,173,3,364.45,1093.35
532,482,3,479.46,1438.3799999999999
532,6,2,23.99,47.98
533,409,3,98.63,295.89
533,75,1,123.97,123.97
534,456,1,242.56,242.56
535,28,3,72.62,217.86
535,3,3,458.68,1376.04
536,313,2,181.23,362.46
536,49,2,486.05,972.1
536,240,3,98.4,295.20000000000005
537,373,1,259.22,259.22
537,252,1,333.44,333.44
537,250,1,179.65,179.65
537,85,2,173.78,347.56
538,220,2,58.27,116.54
538,235,2,384.75,769.5
538,70,3,420.8,1262.4
538,228,2,469.49,938.98
538,192,2,361.57,723.14
539,283,3,391.26,1173.78
539,171,3,35.49,106.47
539,144,2,149.85,299.7
540,12,3,291.6,874.8000000000001
540,74,2,83.84,167.68
541,73,1,279.0,279.0
541,6,1,23.99,23.99
541,445,3,124.24,372.71999999999997
541,297,3,225.21,675.63
541,402,2,336.6,673.2
542,162,2,153.38,306.76
543,105,2,414.79,829.58
544,363,1,479.64,479.64
544,196,1,372.88,372.88
544,432,3,18.81,56.42999999999999
544,363,3,479.64,1438.92
545,387,1,130.92,130.92
545,208,3,342.64,1027.92
545,180,1,348.73,348.73
545,158,2,269.42,538.84
546,298,2,310.25,620.5
547,242,3,233.81,701.4300000000001
547,122,2,65.23,130.46
547,249,3,143.22,429.65999999999997
547,359,1,353.69,353.69
548,157,3,208.56,625.6800000000001
548,43,1,84.75,84.75
549,13,3,41.35,124.05000000000001
549,393,3,129.5,388.5
549,269,1,183.25,183.25
549,493,3,435.98,1307.94
549,263,3,168.0,504.0
550,323,2,5.34,10.68
550,371,2,319.89,639.78
551,380,3,378.14,1134.42
551,402,1,336.6,336.6
551,59,1,471.15,471.15
552,394,1,202.77,202.77
552,83,2,243.84,487.68
552,457,2,196.35,392.7
552,303,3,384.8,1154.4
553,175,3,235.77,707.3100000000001
553,441,3,314.36,943.08
553,204,3,396.2,1188.6
553,276,2,254.66,509.32
554,448,2,119.74,239.48
555,137,2,124.07,248.14
555,268,1,430.32,430.32
556,327,3,357.39,1072.17
557,413,3,64.03,192.09
557,485,3,165.35,496.04999999999995
557,45,2,442.81,885.62
558,365,1,373.53,373.53
558,16,1,191.38,191.38
558,362,2,110.19,220.38
558,493,2,435.98,871.96
559,339,3,327.73,983.19
559,146,3,299.06,897.1800000000001
559,482,2,479.46,958.92
560,363,1,479.64,479.64
560,390,3,49.86,149.57999999999998
560,435,2,219.72,439.44
560,306,2,12.42,24.84
561,424,2,41.06,82.12
561,324,3,311.54,934.6200000000001
561,143,1,248.2,248.2
561,125,2,61.95,123.9
561,381,2,212.11,424.22
562,349,3,54.63,163.89000000000001
562,346,3,206.81,620.4300000000001
562,388,1,439.12,439.12
562,296,3,348.54,1045.6200000000001
563,57,2,281.31,562.62
563,169,1,466.19,466.19
563,466,1,465.33,465.33
563,305,2,80.66,161.32
563,457,2,196.35,392.7
564,482,2,479.46,958.92
564,476,2,121.13,242.26
564,356,3,346.58,1039.74
564,282,3,463.34,1390.02
565,157,1,208.56,208.56
565,269,2,183.25,366.5
566,265,2,452.37,904.74
566,333,2,61.26,122.52
566,305,3,80.66,241.98
567,70,2,420.8,841.6
568,23,1,124.25,124.25
568,92,3,86.51,259.53000000000003
569,255,3,170.99,512.97
570,456,2,242.56,485.12
570,9,1,331.01,331.01
570,154,3,371.7,1115.1
570,209,1,195.24,195.24
571,291,1,336.86,336.86
571,390,2,49.86,99.72
571,366,3,409.85,1229.5500000000002
572,428,2,48.76,97.52
572,91,2,440.33,880.66
573,317,1,75.98,75.98
573,359,2,353.69,707.38
574,139,2,349.74,699.48
575,33,1,199.18,199.18
576,151,3,369.64,1108.92
576,99,1,142.89,142.89
576,126,1,320.91,320.91
576,1,2,107.54,215.08
577,317,2,75.98,151.96
578,290,2,334.81,669.62
578,157,3,208.56,625.6800000000001
578,185,3,236.39,709.17
578,48,3,113.06,339.18
579,192,1,361.57,361.57
579,148,1,228.08,228.08
579,5,3,132.04,396.12
579,50,1,347.73,347.73
580,73,2,279.0,558.0
580,255,1,170.99,170.99
580,435,2,219.72,439.44
581,399,2,62.97,125.94
582,153,2,435.4,870.8
582,229,3,230.52,691.5600000000001
582,228,2,469.49,938.98
582,348,2,45.01,90.02
583,493,2,435.98,871.96
583,317,2,75.98,151.96
583,169,2,466.19,932.38
583,80,3,296.1,888.3000000000001
583,302,1,343.67,343.67
584,226,3,285.61,856.83
584,317,2,75.98,151.96
585,3,1,458.68,458.68
585,332,3,450.12,1350.3600000000001
585,472,1,485.93,485.93
586,472,3,485.93,1457.79
587,340,3,281.13,843.39
587,96,2,95.56,191.12
587,92,2,86.51,173.02
587,144,1,149.85,149.85
588,34,1,150.14,150.14
588,157,2,208.56,417.12
588,245,2,426.38,852.76
589,84,3,239.85,719.55
589,64,1,330.1,330.1
589,112,3,17.77,53.31
589,320,2,142.18,284.36
589,495,2,239.08,478.16
590,162,1,153.38,153.38
590,392,1,364.88,364.88
590,269,1,183.25,183.25
591,477,2,155.19,310.38
591,147,3,404.23,1212.69
591,88,2,361.93,723.86
591,59,1,471.15,471.15
591,259,3,200.38,601.14
592,374,3,415.45,1246.35
592,348,3,45.01,135.03
593,102,3,196.78,590.34
593,356,1,346.58,346.58
593,180,1,348.73,348.73
594,399,2,62.97,125.94
594,130,1,201.64,201.64
594,351,2,385.67,771.34
595,232,2,478.28,956.56
595,472,2,485.93,971.86
595,149,2,111.19,222.38
596,482,1,479.46,479.46
597,222,2,310.77,621.54
598,253,2,399.66,799.32
598,488,2,243.3,486.6
599,448,1,119.74,119.74
599,201,3,258.09,774.27
599,227,2,413.65,827.3
599,196,1,372.88,372.88
599,447,1,156.88,156.88
600,465,2,484.34,968.68
600,338,3,287.2,861.5999999999999
601,194,1,22.63,22.63
601,280,2,346.03,692.06
601,46,3,51.28,153.84
601,239,2,254.23,508.46
601,31,3,384.06,1152.18
602,352,2,23.31,46.62
602,237,2,236.39,472.78
602,192,2,361.57,723.14
602,347,1,186.64,186.64
602,480,2,209.16,418.32
603,329,2,361.76,723.52
604,9,2,331.01,662.02
605,112,3,17.77,53.31
605,252,1,333.44,333.44
605,315,3,30.07,90.21000000000001
605,246,2,234.51,469.02
606,328,3,251.99,755.97
606,268,1,430.32,430.32
606,459,3,220.51,661.53
606,165,2,170.69,341.38
607,191,3,334.45,1003.3499999999999
607,247,1,228.88,228.88
607,437,3,150.85,452.54999999999995
607,312,2,176.2,352.4
607,256,1,344.07,344.07
608,291,2,336.86,673.72
608,500,3,236.72,710.16
608,227,2,413.65,827.3
608,399,3,62.97,188.91
608,406,2,7.55,15.1
609,29,3,362.83,1088.49
609,362,1,110.19,110.19
609,97,1,91.52,91.52
609,218,3,213.29,639.87
609,166,3,474.92,1424.76
610,266,2,292.77,585.54
610,391,3,14.9,44.7
610,374,1,415.45,415.45
611,385,3,177.56,532.6800000000001
611,463,1,76.72,76.72
611,19,3,343.63,1030.8899999999999
612,479,3,131.06,393.18
612,16,1,191.38,191.38
612,211,1,470.02,470.02
613,55,2,243.64,487.28
614,258,3,440.33,1320.99
614,362,1,110.19,110.19
614,36,1,325.79,325.79
614,355,3,344.54,1033.6200000000001
615,240,3,98.4,295.20000000000005
615,15,2,190.65,381.3
615,155,2,77.89,155.78
616,443,1,365.07,365.07
616,288,1,174.29,174.29
616,468,1,24.15,24.15
616,176,3,66.77,200.31
617,42,3,38.5,115.5
618,287,2,477.19,954.38
618,162,2,153.38,306.76
618,422,2,275.45,550.9
618,317,1,75.98,75.98
619,394,2,202.77,405.54
619,94,1,186.09,186.09
619,258,1,440.33,440.33
619,458,1,290.04,290.04
619,62,1,403.84,403.84
620,304,1,282.76,282.76
620,55,3,243.64,730.92
620,280,3,346.03,1038.09
621,283,1,391.26,391.26
621,493,3,435.98,1307.94
621,168,2,396.27,792.54
621,283,2,391.26,782.52
622,252,1,333.44,333.44
622,172,3,171.63,514.89
622,120,3,480.49,1441.47
623,239,3,254.23,762.6899999999999
623,340,2,281.13,562.26
623,30,3,243.42,730.26
623,207,2,68.25,136.5
623,391,2,14.9,29.8
624,5,2,132.04,264.08
625,429,1,257.85,257.85
625,372,1,224.89,224.89
625,192,1,361.57,361.57
626,82,2,479.76,959.52
626,462,2,153.15,306.3
626,285,2,440.73,881.46
627,386,3,273.27,819.81
627,398,2,182.45,364.9
627,302,1,343.67,343.67
627,481,1,209.3,209.3
628,210,3,366.8,1100.4
628,364,3,469.93,1409.79
628,337,1,226.35,226.35
628,353,2,303.46,606.92
629,408,2,182.79,365.58
630,87,3,367.59,1102.77
631,86,1,409.34,409.34
631,207,1,68.25,68.25
631,322,2,325.9,651.8
631,248,2,255.64,511.28
631,229,1,230.52,230.52
632,411,2,311.19,622.38
633,302,2,343.67,687.34
634,303,2,384.8,769.6
634,83,1,243.84,243.84
635,317,1,75.98,75.98
635,153,3,435.4,1306.1999999999998
635,383,3,114.97,344.90999999999997
635,99,1,142.89,142.89
635,330,3,434.93,1304.79
636,352,3,23.31,69.92999999999999
636,52,3,207.19,621.5699999999999
636,11,1,415.63,415.63
636,372,1,224.89,224.89
637,143,3,248.2,744.5999999999999
637,20,1,446.93,446.93
637,236,2,495.48,990.96
637,59,2,471.15,942.3
638,41,1,314.77,314.77
638,337,2,226.35,452.7
638,13,2,41.35,82.7
638,237,3,236.39,709.17
638,11,2,415.63,831.26
639,200,3,134.77,404.31000000000006
639,369,3,492.83,1478.49
639,401,3,99.91,299.73
639,439,3,201.62,604.86
640,400,1,297.67,297.67
640,189,2,23.31,46.62
641,5,1,132.04,132.04
642,452,2,235.45,470.9
643,226,1,285.61,285.61
643,31,1,384.06,384.06
643,227,2,413.65,827.3
643,126,1,320.91,320.91
644,46,3,51.28,153.84
644,327,1,357.39,357.39
644,41,1,314.77,314.77
644,454,1,122.06,122.06
645,189,1,23.31,23.31
645,157,1,208.56,208.56
645,340,1,281.13,281.13
646,17,1,430.34,430.34
646,21,3,348.11,1044.33
647,292,3,335.18,1005.54
647,354,3,107.87,323.61
647,182,1,491.56,491.56
648,120,3,480.49,1441.47
648,136,3,277.36,832.08
648,309,3,484.02,1452.06
648,288,3,174.29,522.87
648,95,3,452.34,1357.02
649,363,1,479.64,479.64
649,53,2,440.06,880.12
650,156,1,404.58,404.58
650,76,3,476.31,1428.93
650,72,2,455.9,911.8
651,267,1,347.18,347.18
652,167,3,14.91,44.730000000000004
653,310,3,78.93,236.79000000000002
653,498,1,48.54,48.54
653,469,2,351.84,703.68
653,223,2,80.53,161.06
653,126,2,320.91,641.82
654,6,2,23.99,47.98
654,226,2,285.61,571.22
654,279,3,273.72,821.1600000000001
655,359,3,353.69,1061.07
655,418,3,141.62,424.86
656,14,1,127.52,127.52
656,19,1,343.63,343.63
657,459,3,220.51,661.53
657,74,3,83.84,251.52
658,457,2,196.35,392.7
658,372,1,224.89,224.89
659,171,3,35.49,106.47
660,22,3,491.32,1473.96
660,33,2,199.18,398.36
660,470,2,67.19,134.38
660,334,3,281.98,845.94
661,404,1,115.89,115.89
661,207,2,68.25,136.5
661,83,3,243.84,731.52
661,110,2,124.44,248.88
661,356,2,346.58,693.16
662,81,2,112.52,225.04
662,232,2,478.28,956.56
662,360,1,396.94,396.94
663,429,1,257.85,257.85
663,276,1,254.66,254.66
663,471,3,64.44,193.32
664,10,3,421.91,1265.73
664,463,3,76.72,230.16
664,30,2,243.42,486.84
665,375,1,259.59,259.59
665,1,1,107.54,107.54
665,50,1,347.73,347.73
665,247,1,228.88,228.88
666,324,2,311.54,623.08
666,80,3,296.1,888.3000000000001
666,472,2,485.93,971.86
666,424,2,41.06,82.12
667,227,3,413.65,1240.9499999999998
667,67,3,439.97,1319.91
668,344,2,138.55,277.1
668,399,2,62.97,125.94
668,129,1,293.08,293.08
669,121,1,143.28,143.28
669,278,2,178.94,357.88
670,424,3,41.06,123.18
671,196,3,372.88,1118.6399999999999
672,465,3,484.34,1453.02
672,373,3,259.22,777.6600000000001
672,465,3,484.34,1453.02
673,154,1,371.7,371.7
673,96,3,95.56,286.68
673,12,3,291.6,874.8000000000001
673,387,3,130.92,392.76
673,64,3,330.1,990.3000000000001
674,7,2,479.78,959.56
674,275,3,404.88,1214.6399999999999
674,466,2,465.33,930.66
674,136,1,277.36,277.36
675,72,3,455.9,1367.6999999999998
675,374,3,415.45,1246.35
676,409,2,98.63,197.26
676,473,3,20.11,60.33
677,67,1,439.97,439.97
677,363,3,479.64,1438.92
678,336,2,41.55,83.1
679,285,3,440.73,1322.19
679,404,2,115.89,231.78
679,199,2,355.65,711.3
679,427,1,323.5,323.5
680,437,3,150.85,452.54999999999995
680,131,1,286.17,286.17
680,124,1,130.44,130.44
680,84,3,239.85,719.55
681,153,2,435.4,870.8
681,354,1,107.87,107.87
681,353,1,303.46,303.46
681,495,2,239.08,478.16
681,167,3,14.91,44.730000000000004
682,140,3,115.16,345.48
682,226,3,285.61,856.83
682,166,3,474.92,1424.76
682,9,1,331.01,331.01
683,384,2,9.03,18.06
684,93,1,325.85,325.85
685,158,1,269.42,269.42
686,48,2,113.06,226.12
686,209,3,195.24,585.72
686,378,2,153.62,307.24
686,301,2,287.0,574.0
687,237,2,236.39,472.78
688,17,3,430.34,1291.02
688,300,2,250.81,501.62
688,217,2,80.51,161.02
688,305,3,80.66,241.98
689,177,3,337.04,1011.1200000000001
689,458,1,290.04,290.04
689,188,1,331.07,331.07
689,90,2,171.02,342.04
689,46,1,51.28,51.28
690,300,3,250.81,752.4300000000001
690,389,1,497.51,497.51
690,467,2,24.18,48.36
691,292,2,335.18,670.36
691,38,2,437.95,875.9
692,419,2,139.16,278.32
692,314,1,78.8,78.8
692,402,3,336.6,1009.8000000000001
692,500,2,236.72,473.44
693,384,3,9.03,27.089999999999996
693,100,2,175.13,350.26
693,484,1,304.06,304.06
693,22,1,491.32,491.32
694,216,3,256.85,770.5500000000001
694,131,2,286.17,572.34
694,216,2,256.85,513.7
694,370,1,49.7,49.7
694,496,3,341.88,1025.6399999999999
695,497,1,343.43,343.43
696,495,2,239.08,478.16
696,374,3,415.45,1246.35
696,166,3,474.92,1424.76
696,350,1,170.56,170.56
697,312,3,176.2,528.5999999999999
698,114,1,108.7,108.7
698,446,3,480.38,1441.1399999999999
699,146,2,299.06,598.12
699,376,2,120.28,240.56
699,200,3,134.77,404.31000000000006
699,350,1,170.56,170.56
699,498,3,48.54,145.62
700,200,2,134.77,269.54
700,386,2,273.27,546.54
700,18,2,395.52,791.04
700,420,3,410.03,1230.09
701,281,2,173.96,347.92
701,248,2,255.64,511.28
702,301,3,287.0,861.0
702,50,3,347.73,1043.19
702,369,1,492.83,492.83
702,61,2,118.22,236.44
703,248,3,255.64,766.92
703,418,2,141.62,283.24
704,23,2,124.25,248.5
704,429,2,257.85,515.7
704,476,2,121.13,242.26
705,230,2,314.06,628.12
705,36,2,325.79,651.58
705,368,1,226.17,226.17
705,267,2,347.18,694.36
705,284,1,322.24,322.24
706,289,3,427.58,1282.74
706,288,1,174.29,174.29
707,6,3,23.99,71.97
707,491,3,130.58,391.74
707,12,2,291.6,583.2
708,349,3,54.63,163.89000000000001
708,38,3,437.95,1313.85
708,441,1,314.36,314.36
709,123,2,187.5,375.0
709,192,3,361.57,1084.71
709,79,2,102.92,205.84
710,100,2,175.13,350.26
710,182,2,491.56,983.12
710,369,3,492.83,1478.49
710,195,2,280.71,561.42
711,393,3,129.5,388.5
711,121,2,143.28,286.56
711,235,1,384.75,384.75
711,45,2,442.81,885.62
712,494,2,340.34,680.68
713,76,3,476.31,1428.93
713,220,3,58.27,174.81
713,375,1,259.59,259.59
714,17,1,430.34,430.34
714,338,3,287.2,861.5999999999999
715,62,1,403.84,403.84
715,306,1,12.42,12.42
715,79,1,102.92,102.92
716,41,1,314.77,314.77
717,211,2,470.02,940.04
717,181,3,369.11,1107.33
717,1,1,107.54,107.54
717,78,2,164.41,328.82
717,141,1,257.07,257.07
718,487,2,396.73,793.46
718,318,3,219.59,658.77
718,229,1,230.52,230.52
718,310,2,78.93,157.86
719,471,3,64.44,193.32
720,403,3,44.77,134.31
721,70,2,420.8,841.6
722,464,1,296.32,296.32
722,63,1,270.0,270.0
722,14,2,127.52,255.04
722,75,3,123.97,371.90999999999997
723,238,3,150.48,451.43999999999994
724,50,3,347.73,1043.19
724,83,1,243.84,243.84
724,124,1,130.44,130.44
724,323,1,5.34,5.34
725,233,2,76.89,153.78
725,88,2,361.93,723.86
725,437,1,150.85,150.85
725,408,3,182.79,548.37
726,383,3,114.97,344.90999999999997
726,13,1,41.35,41.35
727,497,3,343.43,1030.29
728,382,3,65.87,197.61
729,10,2,421.91,843.82
729,243,2,358.15,716.3
729,96,1,95.56,95.56
729,31,3,384.06,1152.18
729,261,1,235.72,235.72
730,128,1,19.74,19.74
731,411,1,311.19,311.19
731,378,1,153.62,153.62
731,276,2,254.66,509.32
732,29,2,362.83,725.66
732,321,1,271.53,271.53
732,108,1,189.13,189.13
733,294,2,159.06,318.12
733,147,3,404.23,1212.69
734,289,2,427.58,855.16
735,158,3,269.42,808.26
735,180,1,348.73,348.73
735,403,3,44.77,134.31
735,60,3,407.73,1223.19
735,60,1,407.73,407.73
736,35,3,14.23,42.69
736,330,2,434.93,869.86
737,257,3,287.88,863.64
737,367,1,403.14,403.14
738,467,1,24.18,24.18
738,170,3,432.62,1297.8600000000001
738,299,2,207.73,415.46
738,280,1,346.03,346.03
739,228,2,469.49,938.98
739,95,1,452.34,452.34
739,49,2,486.05,972.1
740,321,1,271.53,271.53
740,326,1,337.22,337.22
740,145,1,438.41,438.41
740,17,2,430.34,860.68
740,119,1,120.42,120.42
741,320,3,142.18,426.54
741,121,2,143.28,286.56
741,84,1,239.85,239.85
741,263,1,168.0,168.0
741,410,3,227.81,683.4300000000001
742,375,2,259.59,519.18
742,461,3,472.53,1417.59
742,224,2,133.14,266.28
743,163,2,307.1,614.2
743,156,3,404.58,1213.74
743,324,2,311.54,623.08
743,461,3,472.53,1417.59
743,57,3,281.31,843.9300000000001
744,459,3,220.51,661.53
744,479,3,131.06,393.18
745,498,1,48.54,48.54
745,106,3,422.11,1266.33
745,192,3,361.57,1084.71
745,248,3,255.64,766.92
746,349,3,54.63,163.89000000000001
746,254,3,218.23,654.6899999999999
746,40,2,290.43,580.86
746,213,3,343.62,1030.8600000000001
747,433,1,457.16,457.16
747,130,2,201.64,403.28
748,459,1,220.51,220.51
748,336,2,41.55,83.1
748,410,2,227.81,455.62
748,496,2,341.88,683.76
749,131,3,286.17,858.51
749,365,2,373.53,747.06
749,187,3,315.62,946.86
749,370,2,49.7,99.4
749,444,3,232.11,696.33
750,457,2,196.35,392.7
750,125,2,61.95,123.9
750,382,2,65.87,131.74
751,497,2,343.43,686.86
751,403,1,44.77,44.77
751,27,1,432.61,432.61
751,77,1,254.31,254.31
751,370,2,49.7,99.4
752,17,1,430.34,430.34
752,284,1,322.24,322.24
752,258,3,440.33,1320.99
752,190,2,387.18,774.36
753,232,2,478.28,956.56
754,433,3,457.16,1371.48
754,135,1,451.07,451.07
754,14,3,127.52,382.56
754,231,1,376.58,376.58
754,140,3,115.16,345.48
755,422,2,275.45,550.9
755,18,2,395.52,791.04
756,431,1,370.38,370.38
756,78,3,164.41,493.23
756,138,2,93.72,187.44
756,11,1,415.63,415.63
757,256,1,344.07,344.07
758,408,1,182.79,182.79
758,136,2,277.36,554.72
758,409,3,98.63,295.89
759,167,2,14.91,29.82
760,460,1,382.54,382.54
760,349,2,54.63,109.26
760,228,3,469.49,1408.47
760,306,1,12.42,12.42
760,49,2,486.05,972.1
761,233,2,76.89,153.78
761,466,1,465.33,465.33
761,46,3,51.28,153.84
762,25,2,206.03,412.06
762,399,1,62.97,62.97
762,263,3,168.0,504.0
762,264,3,165.99,497.97
763,453,1,335.96,335.96
764,495,1,239.08,239.08
764,92,3,86.51,259.53000000000003
765,299,1,207.73,207.73
765,478,3,356.16,1068.48
766,24,1,497.43,497.43
766,457,3,196.35,589.05
767,444,1,232.11,232.11
767,316,1,68.22,68.22
768,270,2,132.23,264.46
769,199,3,355.65,1066.9499999999998
769,190,3,387.18,1161.54
770,163,3,307.1,921.3000000000001
771,111,3,283.29,849.8700000000001
771,225,1,14.73,14.73
771,228,3,469.49,1408.47
771,472,1,485.93,485.93
771,118,3,355.19,1065.57
772,80,1,296.1,296.1
772,477,1,155.19,155.19
772,300,2,250.81,501.62
773,4,3,15.4,46.2
773,267,3,347.18,1041.54
773,444,2,232.11,464.22
773,183,3,206.12,618.36
774,304,1,282.76,282.76
774,482,3,479.46,1438.3799999999999
774,88,2,361.93,723.86
774,122,2,65.23,130.46
774,499,3,139.95,419.84999999999997
775,457,3,196.35,589.05
775,147,3,404.23,1212.69
776,499,2,139.95,279.9
776,203,2,490.13,980.26
776,244,2,286.63,573.26
777,262,3,356.94,1070.82
777,128,2,19.74,39.48
777,295,2,366.04,732.08
777,368,3,226.17,678.51
778,44,2,437.15,874.3
778,66,3,113.14,339.42
778,167,3,14.91,44.730000000000004
778,395,1,254.9,254.9
778,387,1,130.92,130.92
779,117,1,16.06,16.06
780,130,3,201.64,604.92
780,241,1,463.38,463.38
780,411,3,311.19,933.5699999999999
781,360,2,396.94,793.88
782,419,3,139.16,417.48
782,111,3,283.29,849.8700000000001
782,368,2,226.17,452.34
783,479,1,131.06,131.06
783,80,3,296.1,888.3000000000001
783,107,1,262.2,262.2
783,195,2,280.71,561.42
784,101,2,38.7,77.4
784,118,2,355.19,710.38
784,438,3,100.54,301.62
784,369,3,492.83,1478.49
784,471,3,64.44,193.32
785,201,1,258.09,258.09
785,225,2,14.73,29.46
785,383,2,114.97,229.94
785,70,1,420.8,420.8
786,388,1,439.12,439.12
786,190,3,387.18,1161.54
786,421,1,450.64,450.64
786,493,3,435.98,1307.94
787,324,1,311.54,311.54
787,429,3,257.85,773.5500000000001
787,448,3,119.74,359.21999999999997
787,208,2,342.64,685.28
788,499,2,139.95,279.9
788,193,3,271.29,813.8700000000001
788,188,1,331.07,331.07
788,449,2,209.61,419.22
788,499,3,139.95,419.84999999999997
789,206,3,353.54,1060.6200000000001
789,245,2,426.38,852.76
789,127,1,6.58,6.58
789,166,2,474.92,949.84
790,466,3,465.33,1395.99
791,462,2,153.15,306.3
792,353,2,303.46,606.92
792,199,3,355.65,1066.9499999999998
792,188,1,331.07,331.07
792,78,1,164.41,164.41
793,18,1,395.52,395.52
793,239,2,254.23,508.46
793,401,2,99.91,199.82
793,189,1,23.31,23.31
794,426,2,438.33,876.66
794,215,2,313.01,626.02
794,4,3,15.4,46.2
794,179,3,422.57,1267.71
795,396,2,69.93,139.86
795,324,1,311.54,311.54
795,24,1,497.43,497.43
795,214,1,460.83,460.83
796,95,1,452.34,452.34
796,404,1,115.89,115.89
796,22,2,491.32,982.64
797,499,3,139.95,419.84999999999997
797,399,2,62.97,125.94
797,216,2,256.85,513.7
797,307,3,75.2,225.60000000000002
797,405,2,26.88,53.76
798,329,2,361.76,723.52
799,14,1,127.52,127.52
799,220,2,58.27,116.54
799,256,1,344.07,344.07
800,500,2,236.72,473.44
800,414,3,457.0,1371.0
801,281,3,173.96,521.88
801,481,2,209.3,418.6
802,54,2,393.16,786.32
802,3,1,458.68,458.68
803,195,1,280.71,280.71
803,347,3,186.64,559.92
803,270,2,132.23,264.46
803,159,3,287.61,862.83
803,242,3,233.81,701.4300000000001
804,279,3,273.72,821.1600000000001
804,139,1,349.74,349.74
805,12,2,291.6,583.2
805,202,3,174.67,524.01
806,205,1,59.11,59.11
807,9,1,331.01,331.01
808,288,1,174.29,174.29
808,61,2,118.22,236.44
808,7,2,479.78,959.56
808,144,2,149.85,299.7
808,114,1,108.7,108.7
809,104,2,355.23,710.46
809,403,2,44.77,89.54
809,102,3,196.78,590.34
810,257,1,287.88,287.88
810,22,1,491.32,491.32
810,424,3,41.06,123.18
810,181,3,369.11,1107.33
811,304,2,282.76,565.52
811,344,2,138.55,277.1
811,387,1,130.92,130.92
811,15,1,190.65,190.65
811,450,1,245.71,245.71
812,126,3,320.91,962.73
812,440,1,362.37,362.37
812,365,2,373.53,747.06
812,104,3,355.23,1065.69
812,407,1,474.34,474.34
813,107,3,262.2,786.5999999999999
813,378,3,153.62,460.86
813,54,1,393.16,393.16
813,166,3,474.92,1424.76
813,146,2,299.06,598.12
814,191,1,334.45,334.45
815,353,3,303.46,910.3799999999999
816,154,1,371.7,371.7
817,240,3,98.4,295.20000000000005
817,457,2,196.35,392.7
817,94,2,186.09,372.18
818,110,2,124.44,248.88
819,476,1,121.13,121.13
819,16,3,191.38,574.14
819,10,2,421.91,843.82
819,396,3,69.93,209.79000000000002
819,34,1,150.14,150.14
820,232,2,478.28,956.56
820,465,1,484.34,484.34
821,388,3,439.12,1317.3600000000001
821,3,1,458.68,458.68
821,175,1,235.77,235.77
821,97,3,91.52,274.56
821,169,1,466.19,466.19
822,455,1,105.02,105.02
822,340,1,281.13,281.13
822,444,1,232.11,232.11
822,380,3,378.14,1134.42
822,255,1,170.99,170.99
823,253,1,399.66,399.66
823,492,3,28.24,84.72
823,17,1,430.34,430.34
823,153,3,435.4,1306.1999999999998
824,373,2,259.22,518.44
825,73,2,279.0,558.0
825,89,3,437.32,1311.96
825,138,1,93.72,93.72
825,67,1,439.97,439.97
825,282,2,463.34,926.68
826,300,1,250.81,250.81
827,161,1,281.23,281.23
827,475,3,426.61,1279.83
828,373,1,259.22,259.22
828,152,2,436.45,872.9
828,141,2,257.07,514.14
828,371,2,319.89,639.78
828,246,3,234.51,703.53
829,299,3,207.73,623.1899999999999
830,253,1,399.66,399.66
831,39,1,105.83,105.83
831,352,1,23.31,23.31
831,70,2,420.8,841.6
831,456,1,242.56,242.56
832,128,3,19.74,59.22
832,268,3,430.32,1290.96
833,352,1,23.31,23.31
833,287,1,477.19,477.19
834,290,3,334.81,1004.4300000000001
834,171,2,35.49,70.98
834,471,3,64.44,193.32
834,73,3,279.0,837.0
834,385,2,177.56,355.12
835,23,1,124.25,124.25
835,447,1,156.88,156.88
836,143,1,248.2,248.2
836,114,3,108.7,326.1
836,291,3,336.86,1010.58
836,221,2,42.15,84.3
836,73,2,279.0,558.0
837,459,1,220.51,220.51
837,314,3,78.8,236.39999999999998
838,73,1,279.0,279.0
839,357,3,213.41,640.23
839,421,1,450.64,450.64
839,324,2,311.54,623.08
840,152,1,436.45,436.45
840,176,1,66.77,66.77
840,391,1,14.9,14.9
841,247,3,228.88,686.64
841,455,1,105.02,105.02
841,435,3,219.72,659.16
841,105,2,414.79,829.58
841,11,2,415.63,831.26
842,6,2,23.99,47.98
842,59,3,471.15,1413.4499999999998
842,188,3,331.07,993.21
843,360,2,396.94,793.88
844,280,2,346.03,692.06
844,285,2,440.73,881.46
844,474,3,239.02,717.0600000000001
844,65,2,318.4,636.8
845,286,2,67.86,135.72
845,158,3,269.42,808.26
845,304,2,282.76,565.52
846,87,2,367.59,735.18
846,384,3,9.03,27.089999999999996
846,136,2,277.36,554.72
846,48,3,113.06,339.18
846,25,2,206.03,412.06
847,376,1,120.28,120.28
847,345,1,179.94,179.94
847,77,2,254.31,508.62
847,449,1,209.61,209.61
847,152,3,436.45,1309.35
848,396,3,69.93,209.79000000000002
849,311,2,432.8,865.6
849,462,1,153.15,153.15
849,120,3,480.49,1441.47
849,196,2,372.88,745.76
849,130,3,201.64,604.92
850,432,3,18.81,56.42999999999999
850,369,1,492.83,492.83
850,18,3,395.52,1186.56
851,493,2,435.98,871.96
851,40,3,290.43,871.29
851,433,2,457.16,914.32
851,88,1,361.93,361.93
852,48,2,113.06,226.12
852,432,2,18.81,37.62
852,397,1,154.37,154.37
852,243,3,358.15,1074.4499999999998
853,16,2,191.38,382.76
853,141,3,257.07,771.21
853,489,1,229.25,229.25
853,16,2,191.38,382.76
854,97,2,91.52,183.04
854,194,3,22.63,67.89
854,37,2,183.06,366.12
854,111,1,283.29,283.29
855,34,2,150.14,300.28
855,429,3,257.85,773.5500000000001
856,81,3,112.52,337.56
856,299,1,207.73,207.73
856,88,1,361.93,361.93
856,168,3,396.27,1188.81
856,467,1,24.18,24.18
857,40,2,290.43,580.86
858,166,1,474.92,474.92
858,262,1,356.94,356.94
858,181,2,369.11,738.22
858,425,1,211.7,211.7
858,349,3,54.63,163.89000000000001
859,448,3,119.74,359.21999999999997
859,114,3,108.7,326.1
860,139,1,349.74,349.74
860,77,1,254.31,254.31
860,226,2,285.61,571.22
860,208,3,342.64,1027.92
861,212,2,381.28,762.56
861,77,3,254.31,762.9300000000001
861,424,1,41.06,41.06
861,242,2,233.81,467.62
862,302,1,343.67,343.67
862,318,3,219.59,658.77
863,221,1,42.15,42.15
864,169,1,466.19,466.19
864,342,2,19.87,39.74
864,31,1,384.06,384.06
864,268,2,430.32,860.64
865,421,2,450.64,901.28
865,439,3,201.62,604.86
866,8,2,236.88,473.76
866,137,1,124.07,124.07
866,204,3,396.2,1188.6
866,17,1,430.34,430.34
866,100,2,175.13,350.26
867,223,1,80.53,80.53
867,276,1,254.66,254.66
867,430,1,379.23,379.23
867,323,1,5.34,5.34
867,84,2,239.85,479.7
868,56,1,258.91,258.91
869,431,3,370.38,1111.1399999999999
869,361,2,89.18,178.36
869,338,3,287.2,861.5999999999999
869,55,1,243.64,243.64
869,163,2,307.1,614.2
870,7,1,479.78,479.78
870,170,2,432.62,865.24
870,222,1,310.77,310.77
870,146,2,299.06,598.12
870,115,3,200.47,601.41
871,276,3,254.66,763.98
871,406,2,7.55,15.1
871,413,2,64.03,128.06
871,465,1,484.34,484.34
872,239,2,254.23,508.46
872,380,3,378.14,1134.42
872,275,1,404.88,404.88
872,72,1,455.9,455.9
872,37,2,183.06,366.12
873,165,2,170.69,341.38
873,152,1,436.45,436.45
873,133,2,195.06,390.12
874,475,2,426.61,853.22
874,56,1,258.91,258.91
874,469,2,351.84,703.68
874,393,3,129.5,388.5
874,47,1,140.75,140.75
875,119,2,120.42,240.84
875,87,2,367.59,735.18
875,158,2,269.42,538.84
875,460,2,382.54,765.08
875,492,3,28.24,84.72
876,168,2,396.27,792.54
876,274,2,203.73,407.46
877,388,3,439.12,1317.3600000000001
877,247,2,228.88,457.76
877,346,3,206.81,620.4300000000001
878,345,2,179.94,359.88
879,418,2,141.62,283.24
879,339,2,327.73,655.46
879,282,1,463.34,463.34
880,57,1,281.31,281.31
880,201,1,258.09,258.09
880,303,1,384.8,384.8
880,202,3,174.67,524.01
880,252,1,333.44,333.44
881,417,3,202.32,606.96
881,138,3,93.72,281.15999999999997
882,330,1,434.93,434.93
882,325,1,470.48,470.48
882,466,1,465.33,465.33
883,426,3,438.33,1314.99
883,424,3,41.06,123.18
883,473,2,20.11,40.22
883,355,3,344.54,1033.6200000000001
884,399,2,62.97,125.94
884,104,3,355.23,1065.69
884,451,1,332.65,332.65
885,413,3,64.03,192.09
885,377,3,139.69,419.07
885,384,2,9.03,18.06
885,254,3,218.23,654.6899999999999
885,240,3,98.4,295.20000000000005
886,182,3,491.56,1474.68
886,74,3,83.84,251.52
886,405,3,26.88,80.64
886,128,3,19.74,59.22
886,499,1,139.95,139.95
887,117,1,16.06,16.06
887,431,2,370.38,740.76
887,294,1,159.06,159.06
887,185,2,236.39,472.78
887,41,3,314.77,944.31
888,174,3,258.78,776.3399999999999
888,98,2,375.73,751.46
888,409,1,98.63,98.63
888,379,2,222.7,445.4
888,322,2,325.9,651.8
889,22,3,491.32,1473.96
889,215,1,313.01,313.01
890,78,3,164.41,493.23
890,380,2,378.14,756.28
890,247,2,228.88,457.76
890,117,3,16.06,48.17999999999999
890,251,1,208.81,208.81
891,27,2,432.61,865.22
892,239,3,254.23,762.6899999999999
892,289,1,427.58,427.58
892,462,1,153.15,153.15
892,149,2,111.19,222.38
893,116,1,490.7,490.7
893,30,3,243.42,730.26
893,395,2,254.9,509.8
893,460,3,382.54,1147.6200000000001
894,276,3,254.66,763.98
894,15,1,190.65,190.65
894,28,3,72.62,217.86
895,315,2,30.07,60.14
895,172,1,171.63,171.63
896,133,3,195.06,585.1800000000001
896,416,1,163.35,163.35
896,200,1,134.77,134.77
896,174,1,258.78,258.78
897,138,1,93.72,93.72
898,349,2,54.63,109.26
898,203,1,490.13,490.13
898,1,1,107.54,107.54
898,414,1,457.0,457.0
899,55,2,243.64,487.28
900,289,1,427.58,427.58
901,116,1,490.7,490.7
901,224,2,133.14,266.28
902,163,2,307.1,614.2
902,393,2,129.5,259.0
902,57,1,281.31,281.31
902,334,1,281.98,281.98
903,66,2,113.14,226.28
903,133,1,195.06,195.06
904,146,3,299.06,897.1800000000001
904,184,1,119.59,119.59
904,65,1,318.4,318.4
904,64,1,330.1,330.1
904,279,3,273.72,821.1600000000001
905,398,3,182.45,547.3499999999999
905,65,2,318.4,636.8
906,288,2,174.29,348.58
906,435,2,219.72,439.44
906,456,3,242.56,727.6800000000001
906,33,2,199.18,398.36
907,195,3,280.71,842.1299999999999
907,137,2,124.07,248.14
908,297,1,225.21,225.21
909,265,2,452.37,904.74
910,109,1,489.42,489.42
910,54,3,393.16,1179.48
911,25,3,206.03,618.09
911,27,3,432.61,1297.83
912,498,2,48.54,97.08
912,274,1,203.73,203.73
912,17,3,430.34,1291.02
912,281,1,173.96,173.96
913,39,3,105.83,317.49
913,407,2,474.34,948.68
913,473,1,20.11,20.11
913,445,1,124.24,124.24
914,241,2,463.38,926.76
915,185,2,236.39,472.78
915,2,2,139.66,279.32
915,482,1,479.46,479.46
915,215,3,313.01,939.03
916,368,3,226.17,678.51
917,384,3,9.03,27.089999999999996
917,115,3,200.47,601.41
917,182,2,491.56,983.12
918,262,2,356.94,713.88
918,232,2,478.28,956.56
918,147,3,404.23,1212.69
918,382,3,65.87,197.61
918,411,1,311.19,311.19
919,12,1,291.6,291.6
919,26,2,170.87,341.74
919,291,2,336.86,673.72
919,224,3,133.14,399.41999999999996
920,171,1,35.49,35.49
921,156,2,404.58,809.16
921,238,1,150.48,150.48
921,358,3,198.63,595.89
921,41,3,314.77,944.31
921,346,2,206.81,413.62
922,310,1,78.93,78.93
922,203,1,490.13,490.13
923,198,3,209.69,629.0699999999999
924,473,1,20.11,20.11
924,48,2,113.06,226.12
924,406,2,7.55,15.1
925,408,3,182.79,548.37
925,340,1,281.13,281.13
925,485,3,165.35,496.04999999999995
925,36,3,325.79,977.3700000000001
926,440,2,362.37,724.74
926,19,2,343.63,687.26
926,197,3,66.56,199.68
927,226,3,285.61,856.83
927,99,1,142.89,142.89
927,160,2,386.52,773.04
927,148,1,228.08,228.08
928,478,3,356.16,1068.48
928,31,3,384.06,1152.18
929,294,1,159.06,159.06
929,358,3,198.63,595.89
929,292,2,335.18,670.36
929,133,3,195.06,585.1800000000001
929,410,2,227.81,455.62
930,109,2,489.42,978.84
930,119,1,120.42,120.42
930,85,1,173.78,173.78
931,421,1,450.64,450.64
931,55,1,243.64,243.64
931,400,3,297.67,893.01
931,496,1,341.88,341.88
932,45,2,442.81,885.62
932,364,1,469.93,469.93
932,48,3,113.06,339.18
932,56,1,258.91,258.91
933,327,2,357.39,714.78
933,376,3,120.28,360.84000000000003
934,353,1,303.46,303.46
934,444,2,232.11,464.22
934,312,2,176.2,352.4
934,497,1,343.43,343.43
934,104,3,355.23,1065.69
935,72,1,455.9,455.9
935,348,1,45.01,45.01
935,404,1,115.89,115.89
936,134,1,9.79,9.79
936,58,1,462.1,462.1
936,230,2,314.06,628.12
936,321,3,271.53,814.5899999999999
937,106,1,422.11,422.11
937,36,1,325.79,325.79
937,96,3,95.56,286.68
937,432,1,18.81,18.81
937,466,3,465.33,1395.99
938,115,2,200.47,400.94
938,181,2,369.11,738.22
938,237,3,236.39,709.17
938,185,3,236.39,709.17
939,260,1,459.47,459.47
940,67,1,439.97,439.97
940,58,3,462.1,1386.3000000000002
940,484,1,304.06,304.06
940,138,2,93.72,187.44
940,318,1,219.59,219.59
941,7,3,479.78,1439.34
941,74,3,83.84,251.52
942,454,3,122.06,366.18
942,469,1,351.84,351.84
942,190,1,387.18,387.18
942,414,2,457.0,914.0
943,125,1,61.95,61.95
943,273,2,193.27,386.54
943,292,3,335.18,1005.54
944,133,2,195.06,390.12
944,447,2,156.88,313.76
945,296,2,348.54,697.08
945,362,3,110.19,330.57
945,325,2,470.48,940.96
945,243,2,358.15,716.3
946,266,1,292.77,292.77
946,414,2,457.0,914.0
947,393,2,129.5,259.0
948,136,3,277.36,832.08
948,438,3,100.54,301.62
948,71,1,43.24,43.24
948,229,3,230.52,691.5600000000001
949,123,1,187.5,187.5
949,130,1,201.64,201.64
949,221,3,42.15,126.44999999999999
949,214,2,460.83,921.66
950,274,2,203.73,407.46
950,230,1,314.06,314.06
950,338,2,287.2,574.4
950,255,1,170.99,170.99
950,47,1,140.75,140.75
951,397,2,154.37,308.74
951,456,3,242.56,727.6800000000001
952,371,1,319.89,319.89
952,341,1,469.56,469.56
952,71,2,43.24,86.48
953,314,1,78.8,78.8
953,352,3,23.31,69.92999999999999
954,338,1,287.2,287.2
954,423,1,317.55,317.55
955,118,2,355.19,710.38
956,62,1,403.84,403.84
956,310,2,78.93,157.86
956,134,3,9.79,29.369999999999997
956,292,2,335.18,670.36
957,398,2,182.45,364.9
958,395,2,254.9,509.8
958,484,2,304.06,608.12
958,239,1,254.23,254.23
959,182,1,491.56,491.56
959,203,2,490.13,980.26
959,410,2,227.81,455.62
960,489,1,229.25,229.25
960,245,2,426.38,852.76
961,23,2,124.25,248.5
961,454,3,122.06,366.18
962,24,2,497.43,994.86
962,322,3,325.9,977.6999999999999
963,125,1,61.95,61.95
963,158,3,269.42,808.26
963,381,2,212.11,424.22
963,40,2,290.43,580.86
964,18,2,395.52,791.04
964,362,3,110.19,330.57
964,432,1,18.81,18.81
964,209,1,195.24,195.24
965,439,2,201.62,403.24
965,166,3,474.92,1424.76
965,262,3,356.94,1070.82
965,115,1,200.47,200.47
965,483,2,70.53,141.06
966,433,2,457.16,914.32
966,87,1,367.59,367.59
967,160,1,386.52,386.52
967,480,1,209.16,209.16
967,92,2,86.51,173.02
967,206,1,353.54,353.54
968,375,1,259.59,259.59
968,492,3,28.24,84.72
968,160,1,386.52,386.52
968,248,3,255.64,766.92
969,177,1,337.04,337.04
969,397,2,154.37,308.74
969,414,3,457.0,1371.0
969,480,2,209.16,418.32
970,240,1,98.4,98.4
970,387,3,130.92,392.76
971,28,1,72.62,72.62
972,367,1,403.14,403.14
972,296,1,348.54,348.54
973,416,2,163.35,326.7
973,142,3,176.49,529.47
974,156,2,404.58,809.16
974,454,3,122.06,366.18
975,141,2,257.07,514.14
975,332,1,450.12,450.12
975,387,3,130.92,392.76
976,354,3,107.87,323.61
976,91,2,440.33,880.66
977,90,2,171.02,342.04
978,116,3,490.7,1472.1
978,341,1,469.56,469.56
978,358,1,198.63,198.63
978,451,2,332.65,665.3
979,232,3,478.28,1434.84
979,482,1,479.46,479.46
980,345,3,179.94,539.8199999999999
981,46,3,51.28,153.84
981,494,1,340.34,340.34
982,50,1,347.73,347.73
983,162,1,153.38,153.38
983,430,3,379.23,1137.69
983,479,3,131.06,393.18
984,178,3,449.89,1349.67
984,58,1,462.1,462.1
984,426,1,438.33,438.33
984,63,3,270.0,810.0
984,202,3,174.67,524.01
985,402,3,336.6,1009.8000000000001
986,246,1,234.51,234.51
986,304,3,282.76,848.28
986,53,1,440.06,440.06
986,365,1,373.53,373.53
986,116,3,490.7,1472.1
987,133,3,195.06,585.1800000000001
987,5,1,132.04,132.04
987,350,1,170.56,170.56
987,68,3,5.86,17.580000000000002
987,485,3,165.35,496.04999999999995
988,197,1,66.56,66.56
988,158,3,269.42,808.26
989,195,1,280.71,280.71
989,169,2,466.19,932.38
989,166,3,474.92,1424.76
990,28,1,72.62,72.62
990,381,1,212.11,212.11
990,233,1,76.89,76.89
991,481,1,209.3,209.3
992,274,3,203.73,611.1899999999999
992,117,1,16.06,16.06
992,157,2,208.56,417.12
992,179,3,422.57,1267.71
992,82,2,479.76,959.52
993,309,3,484.02,1452.06
993,249,1,143.22,143.22
993,33,2,199.18,398.36
994,201,1,258.09,258.09
995,244,2,286.63,573.26
995,341,3,469.56,1408.68
995,339,1,327.73,327.73
995,400,1,297.67,297.67
995,260,1,459.47,459.47
996,261,1,235.72,235.72
997,171,2,35.49,70.98
997,488,2,243.3,486.6
998,424,2,41.06,82.12
998,11,3,415.63,1246.8899999999999
998,257,3,287.88,863.64
999,353,2,303.46,606.92
999,350,3,170.56,511.68
999,144,2,149.85,299.7
999,297,2,225.21,450.42
1000,267,2,347.18,694.36
1000,144,2,149.85,299.7
1001,317,2,75.98,151.96
1001,432,2,18.81,37.62
1001,9,1,331.01,331.01
1001,295,2,366.04,732.08
1002,264,3,165.99,497.97
1002,365,1,373.53,373.53
1003,74,1,83.84,83.84
1003,128,3,19.74,59.22
1003,109,2,489.42,978.84
1003,479,3,131.06,393.18
1004,314,2,78.8,157.6
1004,449,1,209.61,209.61
1004,112,2,17.77,35.54
1005,146,3,299.06,897.1800000000001
1005,355,2,344.54,689.08
1005,490,1,487.09,487.09
1005,150,1,216.59,216.59
1005,125,2,61.95,123.9
1006,142,2,176.49,352.98
1006,234,3,202.87,608.61
1006,469,2,351.84,703.68
1006,336,1,41.55,41.55
1006,260,3,459.47,1378.41
1007,435,1,219.72,219.72
1007,487,1,396.73,396.73
1007,53,1,440.06,440.06
1007,239,2,254.23,508.46
1007,176,2,66.77,133.54
1008,24,1,497.43,497.43
1008,140,2,115.16,230.32
1008,300,2,250.81,501.62
1008,104,2,355.23,710.46
1008,20,1,446.93,446.93
1009,113,2,180.72,361.44
1009,330,1,434.93,434.93
1009,153,2,435.4,870.8
1009,359,2,353.69,707.38
1009,354,3,107.87,323.61
1010,3,1,458.68,458.68
1010,171,1,35.49,35.49
1010,207,1,68.25,68.25
1011,129,2,293.08,586.16
1011,230,1,314.06,314.06
1011,56,1,258.91,258.91
1012,7,2,479.78,959.56
1013,368,1,226.17,226.17
1013,160,2,386.52,773.04
1013,402,2,336.6,673.2
1013,475,3,426.61,1279.83
1014,203,3,490.13,1470.3899999999999
1014,312,1,176.2,176.2
1015,111,2,283.29,566.58
1016,38,3,437.95,1313.85
1016,114,2,108.7,217.4
1016,207,1,68.25,68.25
1016,246,3,234.51,703.53
1016,389,2,497.51,995.02
1017,339,2,327.73,655.46
1017,262,1,356.94,356.94
1017,484,1,304.06,304.06
1018,492,1,28.24,28.24
1018,30,1,243.42,243.42
1018,497,2,343.43,686.86
1019,388,3,439.12,1317.3600000000001
1020,131,1,286.17,286.17
1020,26,3,170.87,512.61
1020,372,2,224.89,449.78
1020,346,1,206.81,206.81
1021,278,3,178.94,536.8199999999999
1021,102,1,196.78,196.78
1021,261,3,235.72,707.16
1021,288,2,174.29,348.58
1021,139,3,349.74,1049.22
1022,78,3,164.41,493.23
1022,415,3,454.18,1362.54
1022,310,2,78.93,157.86
1022,222,3,310.77,932.31
1023,391,3,14.9,44.7
1023,492,2,28.24,56.48
1023,437,2,150.85,301.7
1023,469,2,351.84,703.68
1024,443,3,365.07,1095.21
1025,344,1,138.55,138.55
1025,225,1,14.73,14.73
1025,70,3,420.8,1262.4
1026,89,1,437.32,437.32
1026,348,2,45.01,90.02
1027,153,2,435.4,870.8
1027,163,2,307.1,614.2
1027,476,2,121.13,242.26
1027,89,2,437.32,874.64
1028,476,1,121.13,121.13
1028,326,3,337.22,1011.6600000000001
1028,8,3,236.88,710.64
1028,123,2,187.5,375.0
1028,88,2,361.93,723.86
1029,442,3,470.37,1411.1100000000001
1029,145,2,438.41,876.82
1030,160,1,386.52,386.52
1030,401,2,99.91,199.82
1030,398,2,182.45,364.9
1030,225,3,14.73,44.19
1030,60,1,407.73,407.73
1031,377,2,139.69,279.38
1031,27,1,432.61,432.61
1032,288,3,174.29,522.87
1032,138,1,93.72,93.72
1032,280,1,346.03,346.03
1032,361,2,89.18,178.36
1032,200,3,134.77,404.31000000000006
1033,354,3,107.87,323.61
1033,250,2,179.65,359.3
1033,211,2,470.02,940.04
1033,160,3,386.52,1159.56
1033,8,2,236.88,473.76
1034,424,2,41.06,82.12
1034,210,2,366.8,733.6
1035,420,1,410.03,410.03
1035,307,1,75.2,75.2
1035,339,2,327.73,655.46
1035,493,1,435.98,435.98
1035,21,1,348.11,348.11
1036,6,3,23.99,71.97
1036,109,3,489.42,1468.26
1036,496,2,341.88,683.76
1037,194,3,22.63,67.89
1038,161,1,281.23,281.23
1038,307,2,75.2,150.4
1038,129,3,293.08,879.24
1038,281,2,173.96,347.92
1038,340,2,281.13,562.26
1039,171,2,35.49,70.98
1039,387,3,130.92,392.76
1039,304,1,282.76,282.76
1039,71,2,43.24,86.48
1040,466,3,465.33,1395.99
1040,344,2,138.55,277.1
1040,367,3,403.14,1209.42
1041,393,3,129.5,388.5
1041,495,2,239.08,478.16
1041,388,2,439.12,878.24
1041,289,3,427.58,1282.74
1042,390,1,49.86,49.86
1042,311,3,432.8,1298.4
1043,116,3,490.7,1472.1
1043,257,3,287.88,863.64
1043,450,2,245.71,491.42
1043,393,1,129.5,129.5
1043,86,2,409.34,818.68
1044,125,1,61.95,61.95
1044,494,1,340.34,340.34
1044,442,3,470.37,1411.1100000000001
1045,304,1,282.76,282.76
1045,316,3,68.22,204.66
1045,447,1,156.88,156.88
1045,425,2,211.7,423.4
1045,313,1,181.23,181.23
1046,272,1,182.96,182.96
1046,403,2,44.77,89.54
1047,371,1,319.89,319.89
1047,330,1,434.93,434.93
1047,196,1,372.88,372.88
1048,450,2,245.71,491.42
1048,56,2,258.91,517.82
1049,279,1,273.72,273.72
1050,131,1,286.17,286.17
1050,37,2,183.06,366.12
1050,246,3,234.51,703.53
1050,292,2,335.18,670.36
1051,12,2,291.6,583.2
1051,40,3,290.43,871.29
1051,403,1,44.77,44.77
1052,72,1,455.9,455.9
1053,419,3,139.16,417.48
1054,113,2,180.72,361.44
1054,140,2,115.16,230.32
1054,225,3,14.73,44.19
1055,64,2,330.1,660.2
1055,161,1,281.23,281.23
1055,389,1,497.51,497.51
1056,3,3,458.68,1376.04
1056,408,3,182.79,548.37
1057,199,1,355.65,355.65
1057,405,2,26.88,53.76
1057,246,3,234.51,703.53
1057,427,3,323.5,970.5
1057,418,1,141.62,141.62
1058,449,3,209.61,628.83
1058,54,1,393.16,393.16
1058,65,3,318.4,955.1999999999999
1058,263,2,168.0,336.0
1059,7,3,479.78,1439.34
1059,53,2,440.06,880.12
1059,351,1,385.67,385.67
1059,107,2,262.2,524.4
1060,196,3,372.88,1118.6399999999999
1060,266,1,292.77,292.77
1061,124,3,130.44,391.32
1061,225,2,14.73,29.46
1062,175,3,235.77,707.3100000000001
1062,414,1,457.0,457.0
1063,317,1,75.98,75.98
1063,190,1,387.18,387.18
1063,337,3,226.35,679.05
1063,255,2,170.99,341.98
1063,368,3,226.17,678.51
1064,26,1,170.87,170.87
1065,123,1,187.5,187.5
1066,22,1,491.32,491.32
1067,339,3,327.73,983.19
1067,161,3,281.23,843.69
1067,175,2,235.77,471.54
1067,468,2,24.15,48.3
1067,35,3,14.23,42.69
1068,498,2,48.54,97.08
1068,277,1,74.18,74.18
1069,5,2,132.04,264.08
1069,413,1,64.03,64.03
1069,284,2,322.24,644.48
1069,45,3,442.81,1328.43
1070,54,3,393.16,1179.48
1070,30,3,243.42,730.26
1071,303,3,384.8,1154.4
1071,427,3,323.5,970.5
1071,325,3,470.48,1411.44
1071,76,2,476.31,952.62
1071,496,2,341.88,683.76
1072,382,3,65.87,197.61
1073,309,1,484.02,484.02
1073,56,2,258.91,517.82
1074,46,1,51.28,51.28
1074,496,2,341.88,683.76
1074,333,3,61.26,183.78
1074,241,1,463.38,463.38
1074,278,2,178.94,357.88
1075,439,1,201.62,201.62
1075,33,3,199.18,597.54
1075,436,3,41.76,125.28
1076,26,3,170.87,512.61
1076,81,3,112.52,337.56
1076,136,2,277.36,554.72
1076,327,2,357.39,714.78
1077,68,2,5.86,11.72
1077,213,3,343.62,1030.8600000000001
1077,299,1,207.73,207.73
1077,297,2,225.21,450.42
1078,191,2,334.45,668.9
1078,480,2,209.16,418.32
1078,47,2,140.75,281.5
1078,25,3,206.03,618.09
1078,250,3,179.65,538.95
1079,364,1,469.93,469.93
1079,275,1,404.88,404.88
1079,411,1,311.19,311.19
1080,402,1,336.6,336.6
1080,202,3,174.67,524.01
1081,428,2,48.76,97.52
1081,392,2,364.88,729.76
1081,443,2,365.07,730.14
1081,264,3,165.99,497.97
1082,97,3,91.52,274.56
1082,105,1,414.79,414.79
1083,316,3,68.22,204.66
1083,238,2,150.48,300.96
1084,186,2,288.34,576.68
1084,51,3,124.89,374.67
1084,229,2,230.52,461.04
1084,215,3,313.01,939.03
1084,183,2,206.12,412.24
1085,379,3,222.7,668.0999999999999
1085,25,1,206.03,206.03
1086,86,1,409.34,409.34
1086,62,2,403.84,807.68
1086,473,2,20.11,40.22
1086,257,1,287.88,287.88
1087,195,2,280.71,561.42
1087,170,2,432.62,865.24
1087,79,1,102.92,102.92
1087,75,2,123.97,247.94
1088,158,1,269.42,269.42
1089,310,3,78.93,236.79000000000002
1090,356,2,346.58,693.16
1090,311,1,432.8,432.8
1090,79,1,102.92,102.92
1090,333,1,61.26,61.26
1091,298,1,310.25,310.25
1092,431,3,370.38,1111.1399999999999
1092,31,2,384.06,768.12
1093,419,1,139.16,139.16
1093,59,2,471.15,942.3
1093,89,1,437.32,437.32
1093,102,2,196.78,393.56
1093,147,3,404.23,1212.69
1094,392,3,364.88,1094.6399999999999
1094,393,1,129.5,129.5
1094,479,3,131.06,393.18
1094,51,2,124.89,249.78
1095,53,3,440.06,1320.18
1095,339,3,327.73,983.19
1095,87,1,367.59,367.59
1096,236,2,495.48,990.96
1097,345,2,179.94,359.88
1097,256,1,344.07,344.07
1097,60,1,407.73,407.73
1097,5,1,132.04,132.04
1097,372,1,224.89,224.89
1098,97,3,91.52,274.56
1098,293,3,487.59,1462.77
1099,109,1,489.42,489.42
1099,353,1,303.46,303.46
1099,482,1,479.46,479.46
1099,449,1,209.61,209.61
1099,153,3,435.4,1306.1999999999998
1100,42,1,38.5,38.5
1101,94,2,186.09,372.18
1101,414,1,457.0,457.0
1102,367,1,403.14,403.14
1102,25,2,206.03,412.06
1102,236,3,495.48,1486.44
1102,390,2,49.86,99.72
1102,266,1,292.77,292.77
1103,243,3,358.15,1074.4499999999998
1103,494,2,340.34,680.68
1103,4,2,15.4,30.8
1103,498,1,48.54,48.54
1103,332,2,450.12,900.24
1104,241,2,463.38,926.76
1104,319,1,132.86,132.86
1104,166,3,474.92,1424.76
1104,359,1,353.69,353.69
1105,266,1,292.77,292.77
1106,455,1,105.02,105.02
1106,166,1,474.92,474.92
1106,95,2,452.34,904.68
1106,122,1,65.23,65.23
1107,138,1,93.72,93.72
1107,334,2,281.98,563.96
1108,297,1,225.21,225.21
1108,440,3,362.37,1087.1100000000001
1109,162,1,153.38,153.38
1110,433,3,457.16,1371.48
1110,31,3,384.06,1152.18
1110,19,3,343.63,1030.8899999999999
1110,160,1,386.52,386.52
1110,47,2,140.75,281.5
1111,187,1,315.62,315.62
1111,127,1,6.58,6.58
1111,63,2,270.0,540.0
1112,425,1,211.7,211.7
1112,173,2,364.45,728.9
1113,114,3,108.7,326.1
1113,360,2,396.94,793.88
1113,188,1,331.07,331.07
1114,110,3,124.44,373.32
1114,179,1,422.57,422.57
1115,140,2,115.16,230.32
1115,41,3,314.77,944.31
1116,360,3,396.94,1190.82
1116,123,1,187.5,187.5
1116,454,2,122.06,244.12
1117,368,3,226.17,678.51
1117,13,1,41.35,41.35
1118,480,3,209.16,627.48
1118,103,3,363.27,1089.81
1119,239,1,254.23,254.23
1120,255,1,170.99,170.99
1120,239,3,254.23,762.6899999999999
1120,87,1,367.59,367.59
1120,49,3,486.05,1458.15
1121,424,1,41.06,41.06
1121,215,1,313.01,313.01
1121,10,3,421.91,1265.73
1121,340,3,281.13,843.39
1121,123,1,187.5,187.5
1122,500,1,236.72,236.72
1122,254,2,218.23,436.46
1123,451,3,332.65,997.9499999999999
1123,128,3,19.74,59.22
1123,341,3,469.56,1408.68
1123,328,1,251.99,251.99
1123,485,3,165.35,496.04999999999995
1124,336,3,41.55,124.64999999999999
1124,17,3,430.34,1291.02
1124,115,2,200.47,400.94
1124,73,3,279.0,837.0
1124,108,1,189.13,189.13
1125,328,3,251.99,755.97
1125,73,2,279.0,558.0
1125,383,1,114.97,114.97
1125,248,1,255.64,255.64
1126,310,2,78.93,157.86
1126,49,2,486.05,972.1
1126,421,2,450.64,901.28
1126,398,1,182.45,182.45
1127,37,2,183.06,366.12
1127,485,2,165.35,330.7
1127,455,1,105.02,105.02
1127,280,1,346.03,346.03
1128,179,2,422.57,845.14
1128,371,1,319.89,319.89
1128,175,1,235.77,235.77
1129,152,3,436.45,1309.35
1130,346,1,206.81,206.81
1130,476,1,121.13,121.13
1130,45,1,442.81,442.81
1130,314,2,78.8,157.6
1131,491,1,130.58,130.58
1132,276,1,254.66,254.66
1132,337,1,226.35,226.35
1132,400,1,297.67,297.67
1132,333,1,61.26,61.26
1132,23,2,124.25,248.5
1133,261,2,235.72,471.44
1133,427,3,323.5,970.5
1133,263,1,168.0,168.0
1134,229,3,230.52,691.5600000000001
1134,447,3,156.88,470.64
1134,417,2,202.32,404.64
1135,488,2,243.3,486.6
1135,71,1,43.24,43.24
1135,321,1,271.53,271.53
1135,303,1,384.8,384.8
1135,302,1,343.67,343.67
1136,38,3,437.95,1313.85
1136,341,3,469.56,1408.68
1137,225,3,14.73,44.19
1137,207,3,68.25,204.75
1137,364,3,469.93,1409.79
1138,254,1,218.23,218.23
1138,260,1,459.47,459.47
1139,487,1,396.73,396.73
1139,437,3,150.85,452.54999999999995
1139,9,1,331.01,331.01
1140,294,2,159.06,318.12
1141,313,2,181.23,362.46
1141,451,3,332.65,997.9499999999999
1141,298,3,310.25,930.75
1142,296,2,348.54,697.08
1142,189,2,23.31,46.62
1142,273,3,193.27,579.8100000000001
1142,18,1,395.52,395.52
1142,217,1,80.51,80.51
1143,184,1,119.59,119.59
1143,337,3,226.35,679.05
1144,426,2,438.33,876.66
1144,63,3,270.0,810.0
1144,249,1,143.22,143.22
1144,467,3,24.18,72.53999999999999
1144,197,3,66.56,199.68
1145,99,1,142.89,142.89
1145,389,3,497.51,1492.53
1145,411,1,311.19,311.19
1145,9,2,331.01,662.02
1146,237,1,236.39,236.39
1147,232,2,478.28,956.56
1147,310,1,78.93,78.93
1147,41,2,314.77,629.54
1148,112,1,17.77,17.77
1148,166,2,474.92,949.84
1148,341,1,469.56,469.56
1149,272,1,182.96,182.96
1149,273,2,193.27,386.54
1149,316,2,68.22,136.44
1149,16,3,191.38,574.14
1149,304,3,282.76,848.28
1150,437,2,150.85,301.7
1150,174,3,258.78,776.3399999999999
1151,6,1,23.99,23.99
1151,443,2,365.07,730.14
1151,298,1,310.25,310.25
1152,19,2,343.63,687.26
1152,209,3,195.24,585.72
1152,365,2,373.53,747.06
1153,135,3,451.07,1353.21
1153,12,3,291.6,874.8000000000001
1153,327,2,357.39,714.78
1153,95,1,452.34,452.34
1154,327,2,357.39,714.78
1155,87,2,367.59,735.18
1155,191,3,334.45,1003.3499999999999
1155,497,1,343.43,343.43
1155,362,2,110.19,220.38
1155,215,2,313.01,626.02
1156,51,2,124.89,249.78
1156,192,3,361.57,1084.71
1157,426,1,438.33,438.33
1158,87,2,367.59,735.18
1158,215,2,313.01,626.02
1159,479,1,131.06,131.06
1159,376,3,120.28,360.84000000000003
1160,421,3,450.64,1351.92
1160,170,3,432.62,1297.8600000000001
1160,406,2,7.55,15.1
1160,16,1,191.38,191.38
1160,256,3,344.07,1032.21
1161,248,3,255.64,766.92
1161,13,3,41.35,124.05000000000001
1161,329,2,361.76,723.52
1161,351,2,385.67,771.34
1161,445,2,124.24,248.48
1162,58,3,462.1,1386.3000000000002
1163,344,3,138.55,415.65000000000003
1163,303,1,384.8,384.8
1163,149,2,111.19,222.38
1163,239,3,254.23,762.6899999999999
1164,382,3,65.87,197.61
1164,437,3,150.85,452.54999999999995
1164,359,1,353.69,353.69
1164,333,3,61.26,183.78
1165,378,3,153.62,460.86
1165,490,2,487.09,974.18
1165,385,3,177.56,532.6800000000001
1166,225,3,14.73,44.19
1166,371,3,319.89,959.67
1166,459,2,220.51,441.02
1167,436,2,41.76,83.52
1167,390,1,49.86,49.86
1168,192,3,361.57,1084.71
1168,237,2,236.39,472.78
1169,93,1,325.85,325.85
1170,370,3,49.7,149.10000000000002
1170,359,1,353.69,353.69
1170,475,2,426.61,853.22
1170,81,2,112.52,225.04
1170,280,2,346.03,692.06
1171,439,2,201.62,403.24
1171,161,1,281.23,281.23
1171,347,2,186.64,373.28
1171,241,3,463.38,1390.1399999999999
1171,87,1,367.59,367.59
1172,421,3,450.64,1351.92
1172,27,1,432.61,432.61
1172,333,2,61.26,122.52
1173,452,2,235.45,470.9
1173,484,3,304.06,912.1800000000001
1174,138,3,93.72,281.15999999999997
1174,235,2,384.75,769.5
1174,192,3,361.57,1084.71
1174,144,2,149.85,299.7
1174,425,1,211.7,211.7
1175,406,3,7.55,22.65
1176,139,1,349.74,349.74
1177,401,1,99.91,99.91
1177,61,3,118.22,354.65999999999997
1177,427,2,323.5,647.0
1178,321,3,271.53,814.5899999999999
1179,252,3,333.44,1000.3199999999999
1179,124,2,130.44,260.88
1180,142,1,176.49,176.49
1181,316,1,68.22,68.22
1181,194,1,22.63,22.63
1181,241,1,463.38,463.38
1181,151,2,369.64,739.28
1182,339,3,327.73,983.19
1182,261,3,235.72,707.16
1182,458,1,290.04,290.04
1182,41,3,314.77,944.31
1182,202,3,174.67,524.01
1183,226,1,285.61,285.61
1184,6,1,23.99,23.99
1184,343,2,220.03,440.06
1184,108,3,189.13,567.39
1184,330,3,434.93,1304.79
1184,340,1,281.13,281.13
1185,68,1,5.86,5.86
1185,223,3,80.53,241.59
1185,477,3,155.19,465.57
1185,139,3,349.74,1049.22
1185,372,3,224.89,674.67
1186,93,2,325.85,651.7
1186,195,3,280.71,842.1299999999999
1186,257,3,287.88,863.64
1187,128,2,19.74,39.48
1187,193,3,271.29,813.8700000000001
1187,311,1,432.8,432.8
1187,5,2,132.04,264.08
1188,134,2,9.79,19.58
1188,277,2,74.18,148.36
1188,221,1,42.15,42.15
1188,189,2,23.31,46.62
1189,267,3,347.18,1041.54
1189,328,1,251.99,251.99
1189,488,2,243.3,486.6
1190,152,1,436.45,436.45
1191,226,3,285.61,856.83
1191,303,1,384.8,384.8
1191,480,1,209.16,209.16
1191,406,1,7.55,7.55
1191,181,2,369.11,738.22
1192,345,2,179.94,359.88
1192,427,2,323.5,647.0
1192,174,3,258.78,776.3399999999999
1192,405,3,26.88,80.64
1192,483,2,70.53,141.06
1193,498,3,48.54,145.62
1193,414,2,457.0,914.0
1193,193,3,271.29,813.8700000000001
1194,121,3,143.28,429.84000000000003
1195,316,2,68.22,136.44
1195,239,3,254.23,762.6899999999999
1196,315,1,30.07,30.07
1196,350,3,170.56,511.68
1196,99,3,142.89,428.66999999999996
1197,130,2,201.64,403.28
1197,52,3,207.19,621.5699999999999
1197,115,3,200.47,601.41
1197,2,3,139.66,418.98
1197,13,2,41.35,82.7
1198,342,2,19.87,39.74
1198,234,3,202.87,608.61
1198,500,3,236.72,710.16
1199,469,1,351.84,351.84
1199,146,1,299.06,299.06
1199,121,1,143.28,143.28
1200,160,2,386.52,773.04
1200,119,3,120.42,361.26
1200,109,3,489.42,1468.26
1201,86,3,409.34,1228.02
1201,498,2,48.54,97.08
1202,394,2,202.77,405.54
1202,35,3,14.23,42.69
1202,130,2,201.64,403.28
1202,106,1,422.11,422.11
1203,215,2,313.01,626.02
1203,146,1,299.06,299.06
1203,127,2,6.58,13.16
1203,368,1,226.17,226.17
1204,355,2,344.54,689.08
1204,454,2,122.06,244.12
1204,117,2,16.06,32.12
1204,396,1,69.93,69.93
1204,172,2,171.63,343.26
1205,69,3,494.8,1484.4
1206,22,3,491.32,1473.96
1206,207,3,68.25,204.75
1206,340,2,281.13,562.26
1206,20,2,446.93,893.86
1206,285,2,440.73,881.46
1207,146,1,299.06,299.06
1207,500,1,236.72,236.72
1207,436,1,41.76,41.76
1208,99,2,142.89,285.78
1208,221,2,42.15,84.3
1209,456,1,242.56,242.56
1209,407,1,474.34,474.34
1209,485,3,165.35,496.04999999999995
1210,331,3,69.86,209.57999999999998
1210,155,2,77.89,155.78
1210,294,2,159.06,318.12
1210,115,3,200.47,601.41
1210,321,1,271.53,271.53
1211,499,3,139.95,419.84999999999997
1211,99,3,142.89,428.66999999999996
1211,316,3,68.22,204.66
1212,17,1,430.34,430.34
1213,143,3,248.2,744.5999999999999
1214,160,1,386.52,386.52
1214,269,1,183.25,183.25
1214,318,2,219.59,439.18
1214,314,2,78.8,157.6
1214,347,3,186.64,559.92
1215,213,3,343.62,1030.8600000000001
1215,150,2,216.59,433.18
1216,448,3,119.74,359.21999999999997
1216,93,3,325.85,977.5500000000001
1216,425,2,211.7,423.4
1216,259,3,200.38,601.14
1216,421,3,450.64,1351.92
1217,3,2,458.68,917.36
1217,385,3,177.56,532.6800000000001
1217,89,1,437.32,437.32
1217,319,3,132.86,398.58000000000004
1218,389,1,497.51,497.51
1219,362,3,110.19,330.57
1219,87,1,367.59,367.59
1219,463,2,76.72,153.44
1219,485,3,165.35,496.04999999999995
1219,283,2,391.26,782.52
1220,116,3,490.7,1472.1
1220,487,2,396.73,793.46
1220,72,1,455.9,455.9
1221,254,1,218.23,218.23
1221,199,1,355.65,355.65
1222,418,3,141.62,424.86
1222,117,1,16.06,16.06
1222,272,1,182.96,182.96
1222,173,3,364.45,1093.35
1223,426,3,438.33,1314.99
1223,353,2,303.46,606.92
1223,416,1,163.35,163.35
1224,166,2,474.92,949.84
1224,457,2,196.35,392.7
1225,399,3,62.97,188.91
1225,131,1,286.17,286.17
1225,477,1,155.19,155.19
1226,315,2,30.07,60.14
1226,379,2,222.7,445.4
1227,60,3,407.73,1223.19
1228,310,3,78.93,236.79000000000002
1228,425,1,211.7,211.7
1228,444,1,232.11,232.11
1228,267,3,347.18,1041.54
1228,466,3,465.33,1395.99
1229,500,2,236.72,473.44
1229,131,3,286.17,858.51
1229,459,2,220.51,441.02
1229,329,2,361.76,723.52
1230,398,3,182.45,547.3499999999999
1230,292,3,335.18,1005.54
1230,53,2,440.06,880.12
1230,428,1,48.76,48.76
1230,402,2,336.6,673.2
1231,293,1,487.59,487.59
1231,112,3,17.77,53.31
1231,388,3,439.12,1317.3600000000001
1232,436,2,41.76,83.52
1232,220,3,58.27,174.81
1232,346,3,206.81,620.4300000000001
1232,495,1,239.08,239.08
1233,57,3,281.31,843.9300000000001
1233,387,2,130.92,261.84
1233,430,3,379.23,1137.69
1233,176,1,66.77,66.77
1233,100,2,175.13,350.26
1234,108,1,189.13,189.13
1234,338,1,287.2,287.2
1234,303,3,384.8,1154.4
1235,361,3,89.18,267.54
1235,156,2,404.58,809.16
1235,467,3,24.18,72.53999999999999
1235,252,1,333.44,333.44
1235,15,1,190.65,190.65
1236,147,3,404.23,1212.69
1236,125,2,61.95,123.9
1236,243,2,358.15,716.3
1236,105,3,414.79,1244.3700000000001
1236,70,3,420.8,1262.4
1237,345,2,179.94,359.88
1238,294,1,159.06,159.06
1239,334,3,281.98,845.94
1239,197,1,66.56,66.56
1240,252,1,333.44,333.44
1240,80,1,296.1,296.1
1241,468,3,24.15,72.44999999999999
1241,218,1,213.29,213.29
1241,287,2,477.19,954.38
1242,138,3,93.72,281.15999999999997
1243,395,1,254.9,254.9
1243,2,3,139.66,418.98
1243,446,1,480.38,480.38
1243,419,2,139.16,278.32
1244,410,3,227.81,683.4300000000001
1244,310,1,78.93,78.93
1244,389,3,497.51,1492.53
1244,154,2,371.7,743.4
1244,363,3,479.64,1438.92
1245,221,2,42.15,84.3
1246,179,3,422.57,1267.71
1246,22,2,491.32,982.64
1247,177,2,337.04,674.08
1247,294,2,159.06,318.12
1247,176,1,66.77,66.77
1247,320,1,142.18,142.18
1247,52,2,207.19,414.38
1248,487,1,396.73,396.73
1248,96,3,95.56,286.68
1248,465,1,484.34,484.34
1248,116,3,490.7,1472.1
1248,462,1,153.15,153.15
1249,358,3,198.63,595.89
1249,73,2,279.0,558.0
1249,292,1,335.18,335.18
1249,252,3,333.44,1000.3199999999999
1249,365,2,373.53,747.06
1250,393,3,129.5,388.5
1250,408,1,182.79,182.79
1251,296,3,348.54,1045.6200000000001
1252,134,3,9.79,29.369999999999997
1253,323,1,5.34,5.34
1254,75,1,123.97,123.97
1254,233,3,76.89,230.67000000000002
1254,359,3,353.69,1061.07
1255,203,1,490.13,490.13
1255,358,1,198.63,198.63
1255,256,3,344.07,1032.21
1255,367,3,403.14,1209.42
1255,327,3,357.39,1072.17
1256,158,1,269.42,269.42
1256,479,3,131.06,393.18
1256,398,3,182.45,547.3499999999999
1256,175,3,235.77,707.3100000000001
1256,15,2,190.65,381.3
1257,206,3,353.54,1060.6200000000001
1257,496,2,341.88,683.76
1257,404,3,115.89,347.67
1257,75,1,123.97,123.97
1257,288,3,174.29,522.87
1258,321,3,271.53,814.5899999999999
1258,353,1,303.46,303.46
1258,291,3,336.86,1010.58
1258,45,1,442.81,442.81
1259,190,1,387.18,387.18
1259,34,3,150.14,450.41999999999996
1259,35,2,14.23,28.46
1260,394,3,202.77,608.3100000000001
1261,125,3,61.95,185.85000000000002
1261,340,3,281.13,843.39
1261,144,1,149.85,149.85
1261,3,2,458.68,917.36
1262,65,1,318.4,318.4
1262,484,3,304.06,912.1800000000001
1263,358,1,198.63,198.63
1264,423,2,317.55,635.1
1264,187,1,315.62,315.62
1264,345,2,179.94,359.88
1264,278,3,178.94,536.8199999999999
1265,196,3,372.88,1118.6399999999999
1266,215,1,313.01,313.01
1266,343,3,220.03,660.09
1266,449,1,209.61,209.61
1267,495,2,239.08,478.16
1267,64,3,330.1,990.3000000000001
1267,399,2,62.97,125.94
1268,347,3,186.64,559.92
1268,160,2,386.52,773.04
1269,18,1,395.52,395.52
1269,423,2,317.55,635.1
1269,127,2,6.58,13.16
1269,290,2,334.81,669.62
1269,332,3,450.12,1350.3600000000001
1270,232,3,478.28,1434.84
1270,455,1,105.02,105.02
1270,325,1,470.48,470.48
1271,455,1,105.02,105.02
1271,36,3,325.79,977.3700000000001
1271,477,3,155.19,465.57
1272,147,3,404.23,1212.69
1272,306,1,12.42,12.42
1273,279,2,273.72,547.44
1273,69,1,494.8,494.8
1274,353,2,303.46,606.92
1274,375,3,259.59,778.77
1275,441,1,314.36,314.36
1275,14,1,127.52,127.52
1275,234,2,202.87,405.74
1275,460,2,382.54,765.08
1275,340,1,281.13,281.13
1276,409,2,98.63,197.26
1276,476,2,121.13,242.26
1276,55,1,243.64,243.64
1276,345,1,179.94,179.94
1276,192,3,361.57,1084.71
1277,162,2,153.38,306.76
1277,157,1,208.56,208.56
1278,255,1,170.99,170.99
1278,51,2,124.89,249.78
1278,164,2,158.01,316.02
1278,185,2,236.39,472.78
1279,247,3,228.88,686.64
1279,296,3,348.54,1045.6200000000001
1280,69,2,494.8,989.6
1281,413,3,64.03,192.09
1281,65,3,318.4,955.1999999999999
1281,497,1,343.43,343.43
1282,78,1,164.41,164.41
1282,127,3,6.58,19.740000000000002
1282,341,1,469.56,469.56
1283,366,2,409.85,819.7
1284,294,1,159.06,159.06
1284,415,1,454.18,454.18
1284,291,3,336.86,1010.58
1285,399,1,62.97,62.97
1285,427,1,323.5,323.5
1285,83,3,243.84,731.52
1286,187,3,315.62,946.86
1286,37,3,183.06,549.1800000000001
1287,259,1,200.38,200.38
1287,440,3,362.37,1087.1100000000001
1287,313,2,181.23,362.46
1288,433,1,457.16,457.16
1288,205,3,59.11,177.32999999999998
1288,154,2,371.7,743.4
1289,484,2,304.06,608.12
1289,293,2,487.59,975.18
1289,217,3,80.51,241.53000000000003
1289,429,3,257.85,773.5500000000001
1290,289,3,427.58,1282.74
1291,210,2,366.8,733.6
1292,438,3,100.54,301.62
1292,329,3,361.76,1085.28
1293,414,1,457.0,457.0
1293,56,2,258.91,517.82
1293,471,3,64.44,193.32
1293,25,1,206.03,206.03
1293,27,1,432.61,432.61
1294,347,1,186.64,186.64
1294,499,1,139.95,139.95
1294,360,1,396.94,396.94
1294,226,2,285.61,571.22
1294,20,1,446.93,446.93
1295,186,3,288.34,865.02
1296,112,3,17.77,53.31
1296,301,2,287.0,574.0
1296,178,2,449.89,899.78
1297,134,2,9.79,19.58
1297,416,3,163.35,490.04999999999995
1298,128,2,19.74,39.48
1298,389,2,497.51,995.02
1299,444,2,232.11,464.22
1299,69,3,494.8,1484.4
1299,411,3,311.19,933.5699999999999
1299,399,1,62.97,62.97
1299,378,2,153.62,307.24
1300,206,3,353.54,1060.6200000000001
1300,367,2,403.14,806.28
1300,410,2,227.81,455.62
1301,335,1,255.49,255.49
1301,409,3,98.63,295.89
1301,136,2,277.36,554.72
1301,431,1,370.38,370.38
1301,235,1,384.75,384.75
1302,231,2,376.58,753.16
1302,488,3,243.3,729.9000000000001
1302,486,1,45.81,45.81
1303,184,2,119.59,239.18
1303,343,2,220.03,440.06
1303,402,3,336.6,1009.8000000000001
1303,40,1,290.43,290.43
1304,372,1,224.89,224.89
1304,327,1,357.39,357.39
1304,288,3,174.29,522.87
1305,426,1,438.33,438.33
1305,202,2,174.67,349.34
1305,450,2,245.71,491.42
1305,140,3,115.16,345.48
1306,265,2,452.37,904.74
1306,138,2,93.72,187.44
1306,209,1,195.24,195.24
1307,355,3,344.54,1033.6200000000001
1307,128,3,19.74,59.22
1307,75,1,123.97,123.97
1307,32,3,284.06,852.1800000000001
1308,121,1,143.28,143.28
1308,157,1,208.56,208.56
1309,366,3,409.85,1229.5500000000002
1310,172,1,171.63,171.63
1310,122,2,65.23,130.46
1310,374,3,415.45,1246.35
1311,341,1,469.56,469.56
1311,419,3,139.16,417.48
1311,268,2,430.32,860.64
1311,411,3,311.19,933.5699999999999
1312,38,2,437.95,875.9
1313,437,1,150.85,150.85
1313,405,3,26.88,80.64
1313,299,2,207.73,415.46
1313,222,1,310.77,310.77
1314,428,1,48.76,48.76
1314,455,2,105.02,210.04
1315,198,2,209.69,419.38
1315,77,2,254.31,508.62
1316,460,1,382.54,382.54
1316,66,1,113.14,113.14
1316,122,2,65.23,130.46
1317,46,3,51.28,153.84
1317,500,2,236.72,473.44
1317,198,2,209.69,419.38
1317,388,2,439.12,878.24
1318,345,1,179.94,179.94
1318,269,2,183.25,366.5
1318,132,2,409.11,818.22
1318,403,3,44.77,134.31
1319,97,2,91.52,183.04
1319,229,3,230.52,691.5600000000001
1319,211,2,470.02,940.04
1319,483,3,70.53,211.59
1320,253,3,399.66,1198.98
1320,212,2,381.28,762.56
1320,372,1,224.89,224.89
1321,257,3,287.88,863.64
1321,351,2,385.67,771.34
1321,142,2,176.49,352.98
1321,221,1,42.15,42.15
1322,266,1,292.77,292.77
1322,150,3,216.59,649.77
1322,228,2,469.49,938.98
1322,176,2,66.77,133.54
1323,149,1,111.19,111.19
1323,52,1,207.19,207.19
1324,39,2,105.83,211.66
1324,356,2,346.58,693.16
1325,100,1,175.13,175.13
1325,72,3,455.9,1367.6999999999998
1326,104,3,355.23,1065.69
1326,393,2,129.5,259.0
1327,302,2,343.67,687.34
1327,460,1,382.54,382.54
1327,81,2,112.52,225.04
1327,434,1,379.85,379.85
1327,343,3,220.03,660.09
1328,134,1,9.79,9.79
1329,296,1,348.54,348.54
1329,186,1,288.34,288.34
1330,446,2,480.38,960.76
1331,123,3,187.5,562.5
1331,162,1,153.38,153.38
1331,121,1,143.28,143.28
1332,240,1,98.4,98.4
1333,14,1,127.52,127.52
1333,234,2,202.87,405.74
1333,45,3,442.81,1328.43
1334,167,3,14.91,44.730000000000004
1334,107,3,262.2,786.5999999999999
1334,163,1,307.1,307.1
1335,316,3,68.22,204.66
1335,497,2,343.43,686.86
1335,176,3,66.77,200.31
1335,196,1,372.88,372.88
1336,208,2,342.64,685.28
1336,4,1,15.4,15.4
1336,50,1,347.73,347.73
1336,66,3,113.14,339.42
1336,379,2,222.7,445.4
1337,379,1,222.7,222.7
1337,324,3,311.54,934.6200000000001
1337,276,1,254.66,254.66
1337,214,2,460.83,921.66
1337,57,1,281.31,281.31
1338,142,2,176.49,352.98
1338,350,1,170.56,170.56
1338,138,3,93.72,281.15999999999997
1338,190,1,387.18,387.18
1338,131,2,286.17,572.34
1339,60,2,407.73,815.46
1340,278,1,178.94,178.94
1340,67,1,439.97,439.97
1340,498,3,48.54,145.62
1340,384,2,9.03,18.06
1340,290,3,334.81,1004.4300000000001
1341,255,3,170.99,512.97
1341,210,1,366.8,366.8
1341,379,2,222.7,445.4
1341,423,2,317.55,635.1
1342,49,2,486.05,972.1
1343,10,2,421.91,843.82
1343,217,2,80.51,161.02
1343,70,3,420.8,1262.4
1344,98,3,375.73,1127.19
1344,390,2,49.86,99.72
1344,443,2,365.07,730.14
1345,93,2,325.85,651.7
1346,77,2,254.31,508.62
1346,91,3,440.33,1320.99
1346,206,1,353.54,353.54
1346,378,3,153.62,460.86
1347,96,3,95.56,286.68
1348,136,1,277.36,277.36
1348,410,3,227.81,683.4300000000001
1348,419,2,139.16,278.32
1349,222,1,310.77,310.77
1349,20,1,446.93,446.93
1349,237,2,236.39,472.78
1350,246,1,234.51,234.51
1351,122,2,65.23,130.46
1352,280,1,346.03,346.03
1353,105,3,414.79,1244.3700000000001
1353,475,2,426.61,853.22
1353,254,1,218.23,218.23
1353,281,3,173.96,521.88
1354,380,3,378.14,1134.42
1354,289,3,427.58,1282.74
1354,342,1,19.87,19.87
1354,303,1,384.8,384.8
1355,400,1,297.67,297.67
1355,124,2,130.44,260.88
1355,8,1,236.88,236.88
1355,266,3,292.77,878.31
1355,421,3,450.64,1351.92
1356,13,2,41.35,82.7
1356,232,1,478.28,478.28
1356,223,3,80.53,241.59
1357,498,3,48.54,145.62
1358,109,2,489.42,978.84
1358,310,2,78.93,157.86
1359,462,3,153.15,459.45000000000005
1359,177,2,337.04,674.08
1360,64,1,330.1,330.1
1360,324,1,311.54,311.54
1360,345,3,179.94,539.8199999999999
1360,98,3,375.73,1127.19
1361,448,3,119.74,359.21999999999997
1361,264,1,165.99,165.99
1361,11,3,415.63,1246.8899999999999
1362,109,3,489.42,1468.26
1363,187,1,315.62,315.62
1363,23,3,124.25,372.75
1363,399,3,62.97,188.91
1363,356,2,346.58,693.16
1363,336,3,41.55,124.64999999999999
1364,400,2,297.67,595.34
1364,42,3,38.5,115.5
1364,483,1,70.53,70.53
1365,131,2,286.17,572.34
1366,270,3,132.23,396.68999999999994
1366,337,2,226.35,452.7
1366,239,1,254.23,254.23
1366,148,3,228.08,684.24
1366,198,2,209.69,419.38
1367,326,2,337.22,674.44
1367,112,2,17.77,35.54
1367,225,3,14.73,44.19
1367,29,2,362.83,725.66
1368,274,1,203.73,203.73
1368,410,1,227.81,227.81
1368,230,2,314.06,628.12
1368,31,1,384.06,384.06
1368,18,2,395.52,791.04
1369,128,3,19.74,59.22
1369,390,1,49.86,49.86
1369,399,1,62.97,62.97
1370,13,1,41.35,41.35
1371,471,3,64.44,193.32
1371,124,3,130.44,391.32
1371,496,1,341.88,341.88
1371,102,2,196.78,393.56
1372,423,3,317.55,952.6500000000001
1372,229,2,230.52,461.04
1372,62,3,403.84,1211.52
1372,98,3,375.73,1127.19
1372,104,3,355.23,1065.69
1373,471,1,64.44,64.44
1373,324,3,311.54,934.6200000000001
1373,399,3,62.97,188.91
1374,115,2,200.47,400.94
1375,364,2,469.93,939.86
1376,494,3,340.34,1021.02
1376,424,3,41.06,123.18
1376,114,1,108.7,108.7
1376,315,2,30.07,60.14
1376,373,2,259.22,518.44
1377,38,1,437.95,437.95
1377,28,1,72.62,72.62
1377,54,3,393.16,1179.48
1377,125,2,61.95,123.9
1377,392,2,364.88,729.76
1378,422,3,275.45,826.3499999999999
1378,167,3,14.91,44.730000000000004
1378,384,2,9.03,18.06
1379,8,2,236.88,473.76
1379,358,3,198.63,595.89
1380,447,1,156.88,156.88
1380,6,3,23.99,71.97
1380,159,1,287.61,287.61
1381,103,2,363.27,726.54
1382,386,2,273.27,546.54
1382,28,1,72.62,72.62
1382,380,2,378.14,756.28
1383,268,2,430.32,860.64
1383,81,3,112.52,337.56
1384,232,1,478.28,478.28
1384,222,1,310.77,310.77
1385,348,3,45.01,135.03
1385,138,3,93.72,281.15999999999997
1385,110,1,124.44,124.44
1386,405,2,26.88,53.76
1386,495,3,239.08,717.24
1387,492,1,28.24,28.24
1387,241,3,463.38,1390.1399999999999
1388,44,1,437.15,437.15
1388,479,2,131.06,262.12
1388,71,2,43.24,86.48
1388,463,3,76.72,230.16
1388,369,2,492.83,985.66
1389,258,1,440.33,440.33
1389,299,1,207.73,207.73
1390,135,2,451.07,902.14
1390,358,2,198.63,397.26
1390,293,1,487.59,487.59
1390,10,2,421.91,843.82
1390,130,3,201.64,604.92
1391,9,3,331.01,993.03
1391,111,3,283.29,849.8700000000001
1391,147,2,404.23,808.46
1392,424,3,41.06,123.18
1392,294,2,159.06,318.12
1392,58,2,462.1,924.2
1392,488,1,243.3,243.3
1392,321,2,271.53,543.06
1393,33,3,199.18,597.54
1393,490,1,487.09,487.09
1394,20,3,446.93,1340.79
1394,369,1,492.83,492.83
1394,175,3,235.77,707.3100000000001
1394,192,1,361.57,361.57
1394,343,3,220.03,660.09
1395,122,3,65.23,195.69
1396,426,2,438.33,876.66
1396,308,1,477.22,477.22
1396,422,2,275.45,550.9
1396,364,2,469.93,939.86
1396,14,3,127.52,382.56
1397,338,1,287.2,287.2
1398,136,3,277.36,832.08
1398,351,2,385.67,771.34
1398,15,2,190.65,381.3
1398,142,1,176.49,176.49
1399,192,1,361.57,361.57
1400,311,2,432.8,865.6
1401,170,1,432.62,432.62
1402,472,3,485.93,1457.79
1403,156,1,404.58,404.58
1403,309,1,484.02,484.02
1403,400,2,297.67,595.34
1403,479,2,131.06,262.12
1403,255,1,170.99,170.99
1404,63,2,270.0,540.0
1404,282,2,463.34,926.68
1404,309,1,484.02,484.02
1405,420,3,410.03,1230.09
1405,338,2,287.2,574.4
1406,101,3,38.7,116.10000000000001
1406,484,3,304.06,912.1800000000001
1406,421,3,450.64,1351.92
1406,229,3,230.52,691.5600000000001
1406,234,2,202.87,405.74
1407,180,2,348.73,697.46
1407,200,3,134.77,404.31000000000006
1408,183,1,206.12,206.12
1408,68,2,5.86,11.72
1408,442,2,470.37,940.74
1409,198,3,209.69,629.0699999999999
1409,325,3,470.48,1411.44
1409,26,1,170.87,170.87
1409,431,3,370.38,1111.1399999999999
1409,127,3,6.58,19.740000000000002
1410,82,2,479.76,959.52
1411,372,1,224.89,224.89
1411,415,3,454.18,1362.54
1411,166,3,474.92,1424.76
1412,223,3,80.53,241.59
1412,207,1,68.25,68.25
1413,38,2,437.95,875.9
1414,480,2,209.16,418.32
1414,220,3,58.27,174.81
1414,358,3,198.63,595.89
1415,173,2,364.45,728.9
1415,432,1,18.81,18.81
1415,331,2,69.86,139.72
1416,436,3,41.76,125.28
1416,312,1,176.2,176.2
1417,40,2,290.43,580.86
1418,403,1,44.77,44.77
1418,170,2,432.62,865.24
1418,121,3,143.28,429.84000000000003
1418,93,2,325.85,651.7
1418,430,1,379.23,379.23
1419,240,1,98.4,98.4
1420,76,2,476.31,952.62
1420,226,2,285.61,571.22
1420,336,2,41.55,83.1
1420,108,1,189.13,189.13
1421,112,1,17.77,17.77
1421,282,1,463.34,463.34
1421,486,1,45.81,45.81
1422,196,3,372.88,1118.6399999999999
1423,131,2,286.17,572.34
1423,265,3,452.37,1357.1100000000001
1423,341,2,469.56,939.12
1423,97,1,91.52,91.52
1424,278,2,178.94,357.88
1424,395,1,254.9,254.9
1424,338,1,287.2,287.2
1424,77,2,254.31,508.62
1425,31,1,384.06,384.06
1425,240,2,98.4,196.8
1425,98,2,375.73,751.46
1425,474,3,239.02,717.0600000000001
1426,106,2,422.11,844.22
1427,307,3,75.2,225.60000000000002
1427,375,2,259.59,519.18
1428,315,3,30.07,90.21000000000001
1429,288,3,174.29,522.87
1429,36,3,325.79,977.3700000000001
1429,9,3,331.01,993.03
1430,112,2,17.77,35.54
1430,418,2,141.62,283.24
1430,195,1,280.71,280.71
1430,443,3,365.07,1095.21
1431,185,2,236.39,472.78
1431,273,3,193.27,579.8100000000001
1431,265,3,452.37,1357.1100000000001
1432,210,2,366.8,733.6
1432,366,1,409.85,409.85
1432,292,2,335.18,670.36
1433,5,2,132.04,264.08
1433,436,1,41.76,41.76
1433,247,1,228.88,228.88
1433,388,2,439.12,878.24
1433,395,1,254.9,254.9
1434,347,3,186.64,559.92
1435,425,1,211.7,211.7
1435,96,3,95.56,286.68
1435,342,2,19.87,39.74
1436,237,3,236.39,709.17
1436,418,2,141.62,283.24
1436,409,3,98.63,295.89
1436,235,2,384.75,769.5
1436,496,2,341.88,683.76
1437,134,3,9.79,29.369999999999997
1437,108,3,189.13,567.39
1437,409,2,98.63,197.26
1437,269,1,183.25,183.25
1438,39,1,105.83,105.83
1439,19,2,343.63,687.26
1440,439,1,201.62,201.62
1440,480,3,209.16,627.48
1440,65,2,318.4,636.8
1441,236,3,495.48,1486.44
1441,212,1,381.28,381.28
1441,4,2,15.4,30.8
1442,68,1,5.86,5.86
1442,61,3,118.22,354.65999999999997
1442,91,3,440.33,1320.99
1442,489,3,229.25,687.75
1442,474,3,239.02,717.0600000000001
1443,460,2,382.54,765.08
1443,267,3,347.18,1041.54
1443,172,1,171.63,171.63
1443,250,1,179.65,179.65
1444,325,1,470.48,470.48
1444,204,2,396.2,792.4
1444,112,2,17.77,35.54
1444,254,3,218.23,654.6899999999999
1444,232,3,478.28,1434.84
1445,130,2,201.64,403.28
1445,270,2,132.23,264.46
1445,122,1,65.23,65.23
1446,11,3,415.63,1246.8899999999999
1446,224,1,133.14,133.14
1446,224,2,133.14,266.28
1447,258,1,440.33,440.33
1448,172,1,171.63,171.63
1448,420,2,410.03,820.06
1448,447,1,156.88,156.88
1448,179,2,422.57,845.14
1449,254,1,218.23,218.23
1450,334,2,281.98,563.96
1450,288,1,174.29,174.29
1451,243,1,358.15,358.15
1452,244,1,286.63,286.63
1452,94,3,186.09,558.27
1453,101,2,38.7,77.4
1453,280,3,346.03,1038.09
1453,170,3,432.62,1297.8600000000001
1453,50,1,347.73,347.73
1453,25,2,206.03,412.06
1454,402,1,336.6,336.6
1454,327,3,357.39,1072.17
1454,103,3,363.27,1089.81
1454,339,1,327.73,327.73
1455,162,2,153.38,306.76
1455,498,2,48.54,97.08
1455,274,2,203.73,407.46
1456,122,3,65.23,195.69
1457,14,2,127.52,255.04
1457,18,2,395.52,791.04
1457,465,1,484.34,484.34
1457,63,1,270.0,270.0
1458,286,1,67.86,67.86
1458,81,3,112.52,337.56
1458,375,3,259.59,778.77
1458,14,2,127.52,255.04
1458,388,1,439.12,439.12
1459,226,3,285.61,856.83
1459,484,3,304.06,912.1800000000001
1459,352,3,23.31,69.92999999999999
1459,74,1,83.84,83.84
1459,186,2,288.34,576.68
1460,398,1,182.45,182.45
1460,217,1,80.51,80.51
1461,294,1,159.06,159.06
1461,16,2,191.38,382.76
1462,427,3,323.5,970.5
1462,421,3,450.64,1351.92
1463,454,1,122.06,122.06
1463,135,2,451.07,902.14
1463,482,2,479.46,958.92
1464,367,3,403.14,1209.42
1465,338,1,287.2,287.2
1465,24,1,497.43,497.43
1465,377,1,139.69,139.69
1465,157,2,208.56,417.12
1466,198,2,209.69,419.38
1466,361,3,89.18,267.54
1467,411,3,311.19,933.5699999999999
1467,73,1,279.0,279.0
1467,314,1,78.8,78.8
1467,393,1,129.5,129.5
1468,57,3,281.31,843.9300000000001
1468,293,1,487.59,487.59
1468,220,1,58.27,58.27
1468,326,2,337.22,674.44
1468,1,1,107.54,107.54
1469,284,1,322.24,322.24
1469,314,3,78.8,236.39999999999998
1469,355,2,344.54,689.08
1470,455,1,105.02,105.02
1470,164,1,158.01,158.01
1471,234,3,202.87,608.61
1471,306,1,12.42,12.42
1471,18,1,395.52,395.52
1471,25,2,206.03,412.06
1471,402,3,336.6,1009.8000000000001
1472,217,3,80.51,241.53000000000003
1472,34,3,150.14,450.41999999999996
1472,196,2,372.88,745.76
1473,378,1,153.62,153.62
1473,232,1,478.28,478.28
1474,81,1,112.52,112.52
1474,301,1,287.0,287.0
1474,224,3,133.14,399.41999999999996
1474,426,1,438.33,438.33
1474,325,3,470.48,1411.44
1475,313,3,181.23,543.6899999999999
1475,258,1,440.33,440.33
1475,11,2,415.63,831.26
1476,223,2,80.53,161.06
1476,345,3,179.94,539.8199999999999
1477,399,1,62.97,62.97
1477,419,2,139.16,278.32
1477,232,1,478.28,478.28
1477,367,1,403.14,403.14
1478,6,1,23.99,23.99
1478,36,2,325.79,651.58
1478,314,2,78.8,157.6
1479,224,2,133.14,266.28
1479,170,1,432.62,432.62
1480,121,3,143.28,429.84000000000003
1481,311,1,432.8,432.8
1482,90,3,171.02,513.0600000000001
1482,132,2,409.11,818.22
1483,169,1,466.19,466.19
1483,160,2,386.52,773.04
1484,362,2,110.19,220.38
1484,425,1,211.7,211.7
1484,131,3,286.17,858.51
1485,390,2,49.86,99.72
1485,260,2,459.47,918.94
1486,172,2,171.63,343.26
1486,216,3,256.85,770.5500000000001
1486,231,2,376.58,753.16
1486,83,2,243.84,487.68
1487,165,1,170.69,170.69
1488,416,3,163.35,490.04999999999995
1488,10,3,421.91,1265.73
1489,26,1,170.87,170.87
1489,365,2,373.53,747.06
1490,165,3,170.69,512.0699999999999
1490,63,2,270.0,540.0
1490,316,3,68.22,204.66
1490,378,3,153.62,460.86
1490,166,3,474.92,1424.76
1491,289,2,427.58,855.16
1491,478,3,356.16,1068.48
1492,358,3,198.63,595.89
1492,173,1,364.45,364.45
1492,99,3,142.89,428.66999999999996
1492,81,2,112.52,225.04
1493,136,1,277.36,277.36
1493,303,3,384.8,1154.4
1493,307,3,75.2,225.60000000000002
1493,433,1,457.16,457.16
1493,287,1,477.19,477.19
1494,415,3,454.18,1362.54
1494,108,3,189.13,567.39
1495,152,3,436.45,1309.35
1496,409,2,98.63,197.26
1496,349,2,54.63,109.26
1496,278,3,178.94,536.8199999999999
1496,446,2,480.38,960.76
1496,152,2,436.45,872.9
1497,382,3,65.87,197.61
1497,268,3,430.32,1290.96
1497,211,2,470.02,940.04
1498,298,3,310.25,930.75
1498,273,2,193.27,386.54
1499,411,1,311.19,311.19
1499,482,2,479.46,958.92
1499,420,1,410.03,410.03
1499,15,2,190.65,381.3
1500,252,2,333.44,666.88
1501,26,3,170.87,512.61
1501,24,3,497.43,1492.29
1501,353,3,303.46,910.3799999999999
1502,231,1,376.58,376.58
1502,479,1,131.06,131.06
1503,8,1,236.88,236.88
1503,304,2,282.76,565.52
1504,199,1,355.65,355.65
1505,446,3,480.38,1441.1399999999999
1505,323,3,5.34,16.02
1505,93,3,325.85,977.5500000000001
1505,51,2,124.89,249.78
1505,48,1,113.06,113.06
1506,490,2,487.09,974.18
1506,219,3,9.55,28.650000000000002
1506,7,1,479.78,479.78
1507,478,2,356.16,712.32
1507,127,1,6.58,6.58
1507,351,3,385.67,1157.01
1507,221,3,42.15,126.44999999999999
1507,243,1,358.15,358.15
1508,341,1,469.56,469.56
1508,82,1,479.76,479.76
1508,304,1,282.76,282.76
1509,218,2,213.29,426.58
1509,92,2,86.51,173.02
1509,194,3,22.63,67.89
1509,384,3,9.03,27.089999999999996
1510,413,2,64.03,128.06
1510,322,1,325.9,325.9
1510,48,1,113.06,113.06
1510,223,2,80.53,161.06
1510,397,1,154.37,154.37
1511,277,2,74.18,148.36
1511,384,1,9.03,9.03
1512,381,1,212.11,212.11
1512,265,3,452.37,1357.1100000000001
1513,14,2,127.52,255.04
1514,335,3,255.49,766.47
1514,325,1,470.48,470.48
1514,454,3,122.06,366.18
1514,138,1,93.72,93.72
1514,342,2,19.87,39.74
1515,407,2,474.34,948.68
1515,278,2,178.94,357.88
1516,209,1,195.24,195.24
1516,28,2,72.62,145.24
1517,52,2,207.19,414.38
1517,321,2,271.53,543.06
1517,4,3,15.4,46.2
1517,256,2,344.07,688.14
1517,418,2,141.62,283.24
1518,315,2,30.07,60.14
1518,411,2,311.19,622.38
1518,34,1,150.14,150.14
1519,254,1,218.23,218.23
1519,185,3,236.39,709.17
1520,389,3,497.51,1492.53
1520,87,3,367.59,1102.77
1521,90,1,171.02,171.02
1521,424,1,41.06,41.06
1522,222,1,310.77,310.77
1522,333,3,61.26,183.78
1523,378,2,153.62,307.24
1523,293,3,487.59,1462.77
1524,257,1,287.88,287.88
1524,77,1,254.31,254.31
1524,54,2,393.16,786.32
1525,496,2,341.88,683.76
1525,225,1,14.73,14.73
1525,167,1,14.91,14.91
1525,349,1,54.63,54.63
1525,170,1,432.62,432.62
1526,103,1,363.27,363.27
1527,222,1,310.77,310.77
1527,460,1,382.54,382.54
1528,154,2,371.7,743.4
1528,402,1,336.6,336.6
1529,49,3,486.05,1458.15
1529,164,2,158.01,316.02
1529,411,2,311.19,622.38
1530,15,1,190.65,190.65
1530,320,3,142.18,426.54
1530,78,2,164.41,328.82
1530,308,3,477.22,1431.66
1531,424,2,41.06,82.12
1532,344,3,138.55,415.65000000000003
1532,209,2,195.24,390.48
1532,341,2,469.56,939.12
1532,334,2,281.98,563.96
1532,476,1,121.13,121.13
1533,244,1,286.63,286.63
1533,40,2,290.43,580.86
1533,466,3,465.33,1395.99
1533,162,2,153.38,306.76
1534,459,1,220.51,220.51
1534,69,2,494.8,989.6
1534,330,1,434.93,434.93
1534,18,2,395.52,791.04
1535,162,3,153.38,460.14
1535,48,2,113.06,226.12
1535,237,3,236.39,709.17
1535,448,2,119.74,239.48
1536,72,3,455.9,1367.6999999999998
1536,205,1,59.11,59.11
1536,486,2,45.81,91.62
1536,342,1,19.87,19.87
1536,290,1,334.81,334.81
1537,23,3,124.25,372.75
1537,442,2,470.37,940.74
1537,462,2,153.15,306.3
1537,109,3,489.42,1468.26
1537,180,1,348.73,348.73
1538,102,1,196.78,196.78
1538,262,3,356.94,1070.82
1539,149,2,111.19,222.38
1539,80,1,296.1,296.1
1539,310,3,78.93,236.79000000000002
1540,52,3,207.19,621.5699999999999
1540,426,1,438.33,438.33
1541,109,3,489.42,1468.26
1541,191,1,334.45,334.45
1541,139,1,349.74,349.74
1541,33,1,199.18,199.18
1542,96,2,95.56,191.12
1542,59,2,471.15,942.3
1543,178,2,449.89,899.78
1543,228,2,469.49,938.98
1543,180,3,348.73,1046.19
1543,295,3,366.04,1098.1200000000001
1544,298,2,310.25,620.5
1544,395,1,254.9,254.9
1545,343,2,220.03,440.06
1545,1,3,107.54,322.62
1545,332,3,450.12,1350.3600000000001
1546,270,1,132.23,132.23
1546,321,3,271.53,814.5899999999999
1546,267,3,347.18,1041.54
1547,228,2,469.49,938.98
1547,220,1,58.27,58.27
1547,95,1,452.34,452.34
1547,63,3,270.0,810.0
1547,100,2,175.13,350.26
1548,59,3,471.15,1413.4499999999998
1549,236,2,495.48,990.96
1549,438,3,100.54,301.62
1549,436,1,41.76,41.76
1549,464,2,296.32,592.64
1549,135,2,451.07,902.14
1550,75,1,123.97,123.97
1550,219,2,9.55,19.1
1550,490,3,487.09,1461.27
1550,312,1,176.2,176.2
1551,208,1,342.64,342.64
1551,54,3,393.16,1179.48
1551,418,3,141.62,424.86
1551,173,3,364.45,1093.35
1551,470,2,67.19,134.38
1552,481,1,209.3,209.3
1552,84,3,239.85,719.55
1552,424,2,41.06,82.12
1553,259,3,200.38,601.14
1553,469,1,351.84,351.84
1553,52,2,207.19,414.38
1553,288,2,174.29,348.58
1554,328,2,251.99,503.98
1554,219,3,9.55,28.650000000000002
1554,482,2,479.46,958.92
1554,114,1,108.7,108.7
1555,249,2,143.22,286.44
1555,20,1,446.93,446.93
1556,89,2,437.32,874.64
1557,419,1,139.16,139.16
1557,178,2,449.89,899.78
1558,72,3,455.9,1367.6999999999998
1558,412,1,343.82,343.82
1558,422,3,275.45,826.3499999999999
1558,426,2,438.33,876.66
1559,465,2,484.34,968.68
1559,181,2,369.11,738.22
1559,324,3,311.54,934.6200000000001
1559,436,1,41.76,41.76
1559,383,2,114.97,229.94
1560,482,2,479.46,958.92
1560,294,2,159.06,318.12
1560,344,2,138.55,277.1
1560,189,2,23.31,46.62
1560,302,1,343.67,343.67
1561,255,3,170.99,512.97
1561,94,1,186.09,186.09
1561,410,1,227.81,227.81
1561,163,3,307.1,921.3000000000001
1561,411,1,311.19,311.19
1562,448,2,119.74,239.48
1562,197,2,66.56,133.12
1563,120,2,480.49,960.98
1564,250,3,179.65,538.95
1564,244,2,286.63,573.26
1564,405,3,26.88,80.64
1565,481,2,209.3,418.6
1565,273,3,193.27,579.8100000000001
1565,244,2,286.63,573.26
1566,433,1,457.16,457.16
1566,347,3,186.64,559.92
1566,237,1,236.39,236.39
1566,422,2,275.45,550.9
1567,32,1,284.06,284.06
1567,418,1,141.62,141.62
1567,477,3,155.19,465.57
1567,169,1,466.19,466.19
1568,45,3,442.81,1328.43
1568,124,2,130.44,260.88
1569,310,1,78.93,78.93
1570,396,1,69.93,69.93
1571,205,3,59.11,177.32999999999998
1572,350,3,170.56,511.68
1572,308,1,477.22,477.22
1572,408,1,182.79,182.79
1573,168,1,396.27,396.27
1574,157,2,208.56,417.12
1575,45,2,442.81,885.62
1575,431,3,370.38,1111.1399999999999
1575,234,2,202.87,405.74
1576,24,3,497.43,1492.29
1576,237,1,236.39,236.39
1576,83,3,243.84,731.52
1576,303,1,384.8,384.8
1577,433,3,457.16,1371.48
1577,371,2,319.89,639.78
1578,236,3,495.48,1486.44
1578,223,1,80.53,80.53
1578,382,2,65.87,131.74
1578,22,2,491.32,982.64
1578,416,3,163.35,490.04999999999995
1579,256,3,344.07,1032.21
1579,11,1,415.63,415.63
1580,468,3,24.15,72.44999999999999
1580,42,2,38.5,77.0
1580,49,3,486.05,1458.15
1580,158,2,269.42,538.84
1580,255,1,170.99,170.99
1581,83,2,243.84,487.68
1581,250,1,179.65,179.65
1581,335,3,255.49,766.47
1581,42,2,38.5,77.0
1581,68,1,5.86,5.86
1582,39,1,105.83,105.83
1582,216,1,256.85,256.85
1582,364,2,469.93,939.86
1582,362,1,110.19,110.19
1582,397,1,154.37,154.37
1583,158,1,269.42,269.42
1583,72,2,455.9,911.8
1583,3,2,458.68,917.36
1583,57,2,281.31,562.62
1583,483,3,70.53,211.59
1584,250,3,179.65,538.95
1584,144,2,149.85,299.7
1584,146,3,299.06,897.1800000000001
1585,76,3,476.31,1428.93
1586,322,1,325.9,325.9
1586,493,3,435.98,1307.94
1586,195,2,280.71,561.42
1586,335,2,255.49,510.98
1586,458,3,290.04,870.1200000000001
1587,105,3,414.79,1244.3700000000001
1587,333,2,61.26,122.52
1587,161,3,281.23,843.69
1587,139,3,349.74,1049.22
1588,155,3,77.89,233.67000000000002
1588,28,3,72.62,217.86
1588,245,2,426.38,852.76
1588,479,2,131.06,262.12
1589,355,3,344.54,1033.6200000000001
1589,173,3,364.45,1093.35
1590,441,2,314.36,628.72
1590,301,3,287.0,861.0
1590,203,1,490.13,490.13
1590,321,3,271.53,814.5899999999999
1591,213,1,343.62,343.62
1591,328,1,251.99,251.99
1592,50,2,347.73,695.46
1593,455,1,105.02,105.02
1593,496,1,341.88,341.88
1593,481,2,209.3,418.6
1593,220,2,58.27,116.54
1593,134,1,9.79,9.79
1594,147,1,404.23,404.23
1594,383,2,114.97,229.94
1594,136,1,277.36,277.36
1595,19,2,343.63,687.26
1595,9,2,331.01,662.02
1595,452,3,235.45,706.3499999999999
1595,120,2,480.49,960.98
1596,125,1,61.95,61.95
1596,296,1,348.54,348.54
1596,349,2,54.63,109.26
1596,423,2,317.55,635.1
1596,347,3,186.64,559.92
1597,96,2,95.56,191.12
1597,237,1,236.39,236.39
1597,68,3,5.86,17.580000000000002
1598,60,2,407.73,815.46
1598,472,3,485.93,1457.79
1599,35,3,14.23,42.69
1599,51,1,124.89,124.89
1600,32,2,284.06,568.12
1600,464,3,296.32,888.96
1600,311,3,432.8,1298.4
1600,38,3,437.95,1313.85
1600,320,1,142.18,142.18
1601,115,2,200.47,400.94
1602,474,3,239.02,717.0600000000001
1602,226,1,285.61,285.61
1602,436,3,41.76,125.28
1602,270,2,132.23,264.46
1602,463,1,76.72,76.72
1603,240,2,98.4,196.8
1603,311,3,432.8,1298.4
1603,121,1,143.28,143.28
1604,85,2,173.78,347.56
1604,497,1,343.43,343.43
1605,131,1,286.17,286.17
1605,261,3,235.72,707.16
1606,409,3,98.63,295.89
1606,383,2,114.97,229.94
1607,475,1,426.61,426.61
1607,175,3,235.77,707.3100000000001
1608,345,3,179.94,539.8199999999999
1608,162,3,153.38,460.14
1608,484,2,304.06,608.12
1608,411,1,311.19,311.19
1608,233,1,76.89,76.89
1609,431,3,370.38,1111.1399999999999
1610,49,1,486.05,486.05
1610,443,2,365.07,730.14
1610,71,1,43.24,43.24
1611,491,2,130.58,261.16
1612,38,1,437.95,437.95
1613,29,3,362.83,1088.49
1614,116,2,490.7,981.4
1614,428,3,48.76,146.28
1614,164,3,158.01,474.03
1614,476,2,121.13,242.26
1615,302,1,343.67,343.67
1615,155,3,77.89,233.67000000000002
1616,410,2,227.81,455.62
1617,271,1,188.99,188.99
1617,176,1,66.77,66.77
1618,324,3,311.54,934.6200000000001
1618,431,1,370.38,370.38
1618,114,1,108.7,108.7
1619,335,3,255.49,766.47
1620,177,1,337.04,337.04
1621,99,2,142.89,285.78
1621,420,3,410.03,1230.09
1622,467,2,24.18,48.36
1622,497,3,343.43,1030.29
1622,466,2,465.33,930.66
1623,32,1,284.06,284.06
1623,25,2,206.03,412.06
1623,235,3,384.75,1154.25
1623,132,1,409.11,409.11
1623,483,2,70.53,141.06
1624,156,1,404.58,404.58
1624,239,1,254.23,254.23
1625,383,1,114.97,114.97
1626,25,2,206.03,412.06
1627,24,2,497.43,994.86
1628,127,2,6.58,13.16
1628,343,1,220.03,220.03
1628,294,3,159.06,477.18
1629,289,1,427.58,427.58
1630,91,2,440.33,880.66
1630,168,3,396.27,1188.81
1630,164,1,158.01,158.01
1631,312,2,176.2,352.4
1631,119,3,120.42,361.26
1632,496,2,341.88,683.76
1632,423,2,317.55,635.1
1632,218,3,213.29,639.87
1632,188,1,331.07,331.07
1632,448,1,119.74,119.74
1633,73,2,279.0,558.0
1633,435,2,219.72,439.44
1633,436,2,41.76,83.52
1634,352,2,23.31,46.62
1634,269,3,183.25,549.75
1634,355,1,344.54,344.54
1635,19,1,343.63,343.63
1635,489,3,229.25,687.75
1635,294,2,159.06,318.12
1635,107,3,262.2,786.5999999999999
1635,382,2,65.87,131.74
1636,65,3,318.4,955.1999999999999
1636,350,3,170.56,511.68
1637,255,2,170.99,341.98
1638,441,1,314.36,314.36
1639,32,3,284.06,852.1800000000001
1640,331,1,69.86,69.86
1640,371,3,319.89,959.67
1640,205,2,59.11,118.22
1640,441,3,314.36,943.08
1641,172,3,171.63,514.89
1642,462,3,153.15,459.45000000000005
1643,391,1,14.9,14.9
1643,331,1,69.86,69.86
1643,111,2,283.29,566.58
1643,185,3,236.39,709.17
1643,387,2,130.92,261.84
1644,129,1,293.08,293.08
1645,394,3,202.77,608.3100000000001
1645,413,2,64.03,128.06
1645,120,1,480.49,480.49
1645,440,2,362.37,724.74
1646,116,1,490.7,490.7
1646,82,1,479.76,479.76
1647,217,3,80.51,241.53000000000003
1647,330,3,434.93,1304.79
1647,435,1,219.72,219.72
1647,162,1,153.38,153.38
1648,485,1,165.35,165.35
1648,21,1,348.11,348.11
1648,106,3,422.11,1266.33
1649,452,2,235.45,470.9
1649,429,1,257.85,257.85
1650,116,3,490.7,1472.1
1650,269,1,183.25,183.25
1651,383,1,114.97,114.97
1652,410,2,227.81,455.62
1653,455,2,105.02,210.04
1653,347,3,186.64,559.92
1653,270,3,132.23,396.68999999999994
1653,190,2,387.18,774.36
1654,249,3,143.22,429.65999999999997
1654,271,3,188.99,566.97
1654,254,3,218.23,654.6899999999999
1654,27,2,432.61,865.22
1655,499,2,139.95,279.9
1655,11,1,415.63,415.63
1655,32,3,284.06,852.1800000000001
1656,458,1,290.04,290.04
1656,148,2,228.08,456.16
1657,253,2,399.66,799.32
1657,91,2,440.33,880.66
1658,191,1,334.45,334.45
1658,254,1,218.23,218.23
1659,282,2,463.34,926.68
1659,50,2,347.73,695.46
1659,267,2,347.18,694.36
1659,269,2,183.25,366.5
1659,396,1,69.93,69.93
1660,274,1,203.73,203.73
1660,45,1,442.81,442.81
1660,398,2,182.45,364.9
1660,409,1,98.63,98.63
1660,39,2,105.83,211.66
1661,214,2,460.83,921.66
1661,321,3,271.53,814.5899999999999
1661,110,2,124.44,248.88
1662,57,2,281.31,562.62
1662,483,2,70.53,141.06
1662,467,2,24.18,48.36
1662,139,3,349.74,1049.22
1663,2,2,139.66,279.32
1664,265,2,452.37,904.74
1664,95,1,452.34,452.34
1665,108,3,189.13,567.39
1665,263,1,168.0,168.0
1666,148,1,228.08,228.08
1666,61,3,118.22,354.65999999999997
1667,208,2,342.64,685.28
1667,94,3,186.09,558.27
1667,341,1,469.56,469.56
1667,223,3,80.53,241.59
1668,500,2,236.72,473.44
1669,446,2,480.38,960.76
1669,291,1,336.86,336.86
1669,200,3,134.77,404.31000000000006
1669,103,2,363.27,726.54
1669,260,1,459.47,459.47
1670,46,3,51.28,153.84
1671,196,3,372.88,1118.6399999999999
1672,355,1,344.54,344.54
1672,95,1,452.34,452.34
1672,499,2,139.95,279.9
1672,81,3,112.52,337.56
1673,89,3,437.32,1311.96
1673,56,3,258.91,776.73
1673,323,2,5.34,10.68
1674,488,3,243.3,729.9000000000001
1674,264,1,165.99,165.99
1674,364,2,469.93,939.86
1674,243,3,358.15,1074.4499999999998
1674,57,1,281.31,281.31
1675,36,2,325.79,651.58
1675,161,1,281.23,281.23
1675,481,2,209.3,418.6
1676,224,3,133.14,399.41999999999996
1677,52,3,207.19,621.5699999999999
1677,359,3,353.69,1061.07
1677,474,2,239.02,478.04
1678,90,2,171.02,342.04
1678,248,3,255.64,766.92
1678,143,3,248.2,744.5999999999999
1679,106,3,422.11,1266.33
1679,388,2,439.12,878.24
1679,377,3,139.69,419.07
1680,340,2,281.13,562.26
1680,70,1,420.8,420.8
1680,391,2,14.9,29.8
1680,213,3,343.62,1030.8600000000001
1680,212,1,381.28,381.28
1681,354,1,107.87,107.87
1681,169,3,466.19,1398.57
1681,481,2,209.3,418.6
1681,435,2,219.72,439.44
1681,64,3,330.1,990.3000000000001
1682,405,2,26.88,53.76
1682,323,3,5.34,16.02
1683,31,2,384.06,768.12
1684,40,2,290.43,580.86
1684,172,3,171.63,514.89
1684,477,2,155.19,310.38
1685,404,1,115.89,115.89
1686,352,3,23.31,69.92999999999999
1686,368,3,226.17,678.51
1687,169,3,466.19,1398.57
1687,279,1,273.72,273.72
1688,319,1,132.86,132.86
1688,27,2,432.61,865.22
1688,114,1,108.7,108.7
1689,118,1,355.19,355.19
1689,208,1,342.64,342.64
1690,32,1,284.06,284.06
1690,147,3,404.23,1212.69
1690,263,3,168.0,504.0
1690,210,3,366.8,1100.4
1690,133,2,195.06,390.12
1691,107,3,262.2,786.5999999999999
1692,247,3,228.88,686.64
1692,399,3,62.97,188.91
1692,393,2,129.5,259.0
1692,61,2,118.22,236.44
1693,466,1,465.33,465.33
1693,186,1,288.34,288.34
1693,495,2,239.08,478.16
1693,464,1,296.32,296.32
1694,240,2,98.4,196.8
1694,11,3,415.63,1246.8899999999999
1694,314,1,78.8,78.8
1695,143,2,248.2,496.4
1696,172,3,171.63,514.89
1696,354,1,107.87,107.87
1696,189,1,23.31,23.31
1696,174,2,258.78,517.56
1697,202,2,174.67,349.34
1697,410,1,227.81,227.81
1697,457,3,196.35,589.05
1697,254,3,218.23,654.6899999999999
1697,35,2,14.23,28.46
1698,484,3,304.06,912.1800000000001
1698,353,2,303.46,606.92
1699,339,1,327.73,327.73
1700,430,2,379.23,758.46
1700,263,2,168.0,336.0
1701,138,3,93.72,281.15999999999997
1701,340,1,281.13,281.13
1701,418,1,141.62,141.62
1701,253,1,399.66,399.66
1702,356,1,346.58,346.58
1702,108,3,189.13,567.39
1702,49,1,486.05,486.05
1702,409,3,98.63,295.89
1703,454,2,122.06,244.12
1703,324,1,311.54,311.54
1703,202,1,174.67,174.67
1703,399,2,62.97,125.94
1703,489,1,229.25,229.25
1704,184,2,119.59,239.18
1704,175,1,235.77,235.77
1704,248,3,255.64,766.92
1704,330,1,434.93,434.93
1704,228,3,469.49,1408.47
1705,477,3,155.19,465.57
1705,16,3,191.38,574.14
1706,461,1,472.53,472.53
1706,192,1,361.57,361.57
1706,484,3,304.06,912.1800000000001
1706,226,1,285.61,285.61
1706,421,1,450.64,450.64
1707,438,3,100.54,301.62
1707,166,2,474.92,949.84
1707,148,1,228.08,228.08
1708,19,3,343.63,1030.8899999999999
1708,128,3,19.74,59.22
1708,124,1,130.44,130.44
1708,499,3,139.95,419.84999999999997
1708,408,1,182.79,182.79
1709,209,2,195.24,390.48
1709,222,2,310.77,621.54
1709,254,3,218.23,654.6899999999999
1710,412,2,343.82,687.64
1710,45,1,442.81,442.81
1710,186,2,288.34,576.68
1711,482,3,479.46,1438.3799999999999
1711,311,2,432.8,865.6
1711,81,3,112.52,337.56
1711,240,3,98.4,295.20000000000005
1712,107,1,262.2,262.2
1712,166,1,474.92,474.92
1713,186,1,288.34,288.34
1713,202,1,174.67,174.67
1713,439,3,201.62,604.86
1714,491,1,130.58,130.58
1715,43,2,84.75,169.5
1715,233,3,76.89,230.67000000000002
1715,148,1,228.08,228.08
1715,322,2,325.9,651.8
1715,50,3,347.73,1043.19
1716,443,1,365.07,365.07
1716,76,3,476.31,1428.93
1716,245,1,426.38,426.38
1716,197,1,66.56,66.56
1717,199,1,355.65,355.65
1717,75,3,123.97,371.90999999999997
1717,425,3,211.7,635.0999999999999
1717,489,2,229.25,458.5
1718,144,1,149.85,149.85
1718,210,2,366.8,733.6
1718,328,1,251.99,251.99
1718,165,2,170.69,341.38
1719,402,3,336.6,1009.8000000000001
1719,285,2,440.73,881.46
1719,28,3,72.62,217.86
1720,361,1,89.18,89.18
1720,173,2,364.45,728.9
1721,170,1,432.62,432.62
1721,144,1,149.85,149.85
1721,310,3,78.93,236.79000000000002
1721,98,3,375.73,1127.19
1722,286,1,67.86,67.86
1722,316,1,68.22,68.22
1723,415,3,454.18,1362.54
1724,309,1,484.02,484.02
1725,270,2,132.23,264.46
1725,394,3,202.77,608.3100000000001
1726,403,1,44.77,44.77
1727,265,1,452.37,452.37
1727,128,1,19.74,19.74
1727,463,2,76.72,153.44
1728,398,3,182.45,547.3499999999999
1728,319,1,132.86,132.86
1728,440,2,362.37,724.74
1728,252,2,333.44,666.88
1729,399,3,62.97,188.91
1729,190,3,387.18,1161.54
1729,197,1,66.56,66.56
1729,220,3,58.27,174.81
1730,308,3,477.22,1431.66
1730,30,2,243.42,486.84
1730,386,1,273.27,273.27
1731,256,3,344.07,1032.21
1731,404,2,115.89,231.78
1731,100,1,175.13,175.13
1732,303,2,384.8,769.6
1732,236,2,495.48,990.96
1733,128,1,19.74,19.74
1733,206,2,353.54,707.08
1734,95,2,452.34,904.68
1734,82,3,479.76,1439.28
1734,232,2,478.28,956.56
1735,473,1,20.11,20.11
1736,415,1,454.18,454.18
1736,150,3,216.59,649.77
1737,484,2,304.06,608.12
1737,427,2,323.5,647.0
1737,455,2,105.02,210.04
1737,403,3,44.77,134.31
1737,444,1,232.11,232.11
1738,202,1,174.67,174.67
1738,332,2,450.12,900.24
1738,456,1,242.56,242.56
1739,250,3,179.65,538.95
1740,379,1,222.7,222.7
1740,7,1,479.78,479.78
1740,147,3,404.23,1212.69
1741,255,2,170.99,341.98
1742,167,2,14.91,29.82
1743,277,1,74.18,74.18
1743,244,1,286.63,286.63
1743,315,3,30.07,90.21000000000001
1744,388,3,439.12,1317.3600000000001
1744,142,1,176.49,176.49
1744,70,2,420.8,841.6
1745,204,2,396.2,792.4
1745,462,3,153.15,459.45000000000005
1745,102,3,196.78,590.34
1745,326,2,337.22,674.44
1745,348,2,45.01,90.02
1746,170,1,432.62,432.62
1746,222,2,310.77,621.54
1746,463,2,76.72,153.44
1747,6,3,23.99,71.97
1747,183,1,206.12,206.12
1747,400,1,297.67,297.67
1747,63,2,270.0,540.0
1748,156,3,404.58,1213.74
1748,74,1,83.84,83.84
1748,97,1,91.52,91.52
1748,73,3,279.0,837.0
1749,72,3,455.9,1367.6999999999998
1750,181,2,369.11,738.22
1751,300,2,250.81,501.62
1751,193,1,271.29,271.29
1751,142,2,176.49,352.98
1751,139,3,349.74,1049.22
1752,140,1,115.16,115.16
1752,261,3,235.72,707.16
1752,190,2,387.18,774.36
1753,342,1,19.87,19.87
1753,257,1,287.88,287.88
1753,170,2,432.62,865.24
1753,115,1,200.47,200.47
1754,466,3,465.33,1395.99
1754,182,2,491.56,983.12
1754,468,1,24.15,24.15
1754,103,2,363.27,726.54
1755,28,3,72.62,217.86
1755,481,2,209.3,418.6
1755,156,1,404.58,404.58
1756,334,2,281.98,563.96
1756,98,3,375.73,1127.19
1756,357,2,213.41,426.82
1757,468,1,24.15,24.15
1758,418,2,141.62,283.24
1758,498,2,48.54,97.08
1758,362,2,110.19,220.38
1758,329,3,361.76,1085.28
1758,90,1,171.02,171.02
1759,332,3,450.12,1350.3600000000001
1759,41,2,314.77,629.54
1759,360,2,396.94,793.88
1760,156,1,404.58,404.58
1760,154,2,371.7,743.4
1760,287,2,477.19,954.38
1760,310,3,78.93,236.79000000000002
1761,455,2,105.02,210.04
1761,491,2,130.58,261.16
1762,86,2,409.34,818.68
1763,395,3,254.9,764.7
1763,432,2,18.81,37.62
1763,53,3,440.06,1320.18
1763,242,2,233.81,467.62
1763,84,2,239.85,479.7
1764,298,3,310.25,930.75
1764,125,2,61.95,123.9
1765,476,2,121.13,242.26
1766,229,2,230.52,461.04
1766,46,1,51.28,51.28
1766,440,2,362.37,724.74
1766,368,2,226.17,452.34
1767,249,3,143.22,429.65999999999997
1767,83,1,243.84,243.84
1767,365,3,373.53,1120.59
1767,100,2,175.13,350.26
1767,171,2,35.49,70.98
1768,436,2,41.76,83.52
1769,246,3,234.51,703.53
1769,177,2,337.04,674.08
1769,185,3,236.39,709.17
1770,349,3,54.63,163.89000000000001
1770,480,3,209.16,627.48
1770,395,1,254.9,254.9
1770,432,1,18.81,18.81
1771,48,1,113.06,113.06
1772,290,3,334.81,1004.4300000000001
1773,188,2,331.07,662.14
1773,431,2,370.38,740.76
1774,76,1,476.31,476.31
1774,390,2,49.86,99.72
1774,34,2,150.14,300.28
1774,218,1,213.29,213.29
1774,205,2,59.11,118.22
1775,185,3,236.39,709.17
1776,443,3,365.07,1095.21
1776,438,1,100.54,100.54
1777,96,1,95.56,95.56
1777,70,1,420.8,420.8
1777,66,3,113.14,339.42
1777,313,1,181.23,181.23
1778,311,2,432.8,865.6
1778,235,2,384.75,769.5
1778,391,3,14.9,44.7
1778,493,2,435.98,871.96
1778,475,1,426.61,426.61
1779,478,3,356.16,1068.48
1779,155,3,77.89,233.67000000000002
1779,293,1,487.59,487.59
1779,260,1,459.47,459.47
1779,446,1,480.38,480.38
1780,38,1,437.95,437.95
1780,34,1,150.14,150.14
1781,395,2,254.9,509.8
1782,258,2,440.33,880.66
1782,415,1,454.18,454.18
1783,20,2,446.93,893.86
1783,221,1,42.15,42.15
1783,248,1,255.64,255.64
1783,283,1,391.26,391.26
1784,177,3,337.04,1011.1200000000001
1784,382,2,65.87,131.74
1784,106,3,422.11,1266.33
1784,202,2,174.67,349.34
1784,391,2,14.9,29.8
1785,129,1,293.08,293.08
1785,479,1,131.06,131.06
1786,201,2,258.09,516.18
1787,6,2,23.99,47.98
1787,418,1,141.62,141.62
1787,491,3,130.58,391.74
1787,287,3,477.19,1431.57
1788,225,3,14.73,44.19
1788,37,2,183.06,366.12
1788,347,2,186.64,373.28
1789,283,1,391.26,391.26
1789,227,1,413.65,413.65
1789,193,1,271.29,271.29
1790,171,3,35.49,106.47
1790,392,1,364.88,364.88
1790,353,2,303.46,606.92
1790,273,1,193.27,193.27
1791,214,3,460.83,1382.49
1791,58,1,462.1,462.1
1792,372,1,224.89,224.89
1792,471,2,64.44,128.88
1792,237,2,236.39,472.78
1792,375,1,259.59,259.59
1793,170,3,432.62,1297.8600000000001
1794,41,2,314.77,629.54
1794,192,2,361.57,723.14
1794,6,2,23.99,47.98
1795,95,3,452.34,1357.02
1795,425,2,211.7,423.4
1796,418,2,141.62,283.24
1796,176,3,66.77,200.31
1797,330,3,434.93,1304.79
1797,199,3,355.65,1066.9499999999998
1797,217,2,80.51,161.02
1797,468,1,24.15,24.15
1797,219,1,9.55,9.55
1798,34,3,150.14,450.41999999999996
1798,107,1,262.2,262.2
1798,101,2,38.7,77.4
1798,270,2,132.23,264.46
1798,403,1,44.77,44.77
1799,242,1,233.81,233.81
1799,126,1,320.91,320.91
1799,387,1,130.92,130.92
1799,79,1,102.92,102.92
1800,293,2,487.59,975.18
1800,262,2,356.94,713.88
1800,369,2,492.83,985.66
1800,280,2,346.03,692.06
1800,467,1,24.18,24.18
1801,124,3,130.44,391.32
1801,499,2,139.95,279.9
1801,255,2,170.99,341.98
1801,168,1,396.27,396.27
1801,276,2,254.66,509.32
1802,29,2,362.83,725.66
1802,71,2,43.24,86.48
1802,272,3,182.96,548.88
1803,75,3,123.97,371.90999999999997
1803,223,2,80.53,161.06
1803,356,3,346.58,1039.74
1803,9,3,331.01,993.03
1803,274,1,203.73,203.73
1804,262,2,356.94,713.88
1804,48,2,113.06,226.12
1804,316,1,68.22,68.22
1805,498,3,48.54,145.62
1805,164,3,158.01,474.03
1805,238,1,150.48,150.48
1806,269,1,183.25,183.25
1807,130,2,201.64,403.28
1807,392,2,364.88,729.76
1807,201,1,258.09,258.09
1807,417,1,202.32,202.32
1807,35,2,14.23,28.46
1808,186,2,288.34,576.68
1808,61,1,118.22,118.22
1808,246,3,234.51,703.53
1808,375,2,259.59,519.18
1809,241,1,463.38,463.38
1810,421,3,450.64,1351.92
1810,271,1,188.99,188.99
1811,269,2,183.25,366.5
1812,484,2,304.06,608.12
1812,197,1,66.56,66.56
1813,50,1,347.73,347.73
1813,452,2,235.45,470.9
1813,349,2,54.63,109.26
1813,136,3,277.36,832.08
1814,415,2,454.18,908.36
1814,10,2,421.91,843.82
1814,180,1,348.73,348.73
1815,498,1,48.54,48.54
1816,255,3,170.99,512.97
1816,343,3,220.03,660.09
1816,113,3,180.72,542.16
1816,391,1,14.9,14.9
1816,105,2,414.79,829.58
1817,268,3,430.32,1290.96
1817,250,3,179.65,538.95
1817,224,3,133.14,399.41999999999996
1818,81,2,112.52,225.04
1818,49,1,486.05,486.05
1819,91,3,440.33,1320.99
1819,120,2,480.49,960.98
1819,399,2,62.97,125.94
1819,442,2,470.37,940.74
1819,481,1,209.3,209.3
1820,330,1,434.93,434.93
1820,180,2,348.73,697.46
1820,491,2,130.58,261.16
1821,300,3,250.81,752.4300000000001
1822,326,3,337.22,1011.6600000000001
1822,240,3,98.4,295.20000000000005
1822,341,1,469.56,469.56
1822,451,3,332.65,997.9499999999999
1822,182,1,491.56,491.56
1823,223,2,80.53,161.06
1823,157,2,208.56,417.12
1824,322,2,325.9,651.8
1824,401,3,99.91,299.73
1824,168,3,396.27,1188.81
1824,269,3,183.25,549.75
1825,218,3,213.29,639.87
1826,382,1,65.87,65.87
1827,457,1,196.35,196.35
1827,270,1,132.23,132.23
1827,277,3,74.18,222.54000000000002
1828,435,1,219.72,219.72
1829,176,3,66.77,200.31
1829,275,1,404.88,404.88
1829,456,2,242.56,485.12
1829,178,2,449.89,899.78
1830,92,1,86.51,86.51
1830,123,1,187.5,187.5
1830,259,3,200.38,601.14
1830,144,2,149.85,299.7
1830,196,1,372.88,372.88
1831,488,1,243.3,243.3
1831,169,2,466.19,932.38
1831,498,2,48.54,97.08
1831,278,3,178.94,536.8199999999999
1832,31,1,384.06,384.06
1832,428,2,48.76,97.52
1832,116,1,490.7,490.7
1832,384,2,9.03,18.06
1833,73,2,279.0,558.0
1833,295,3,366.04,1098.1200000000001
1834,236,3,495.48,1486.44
1834,318,1,219.59,219.59
1835,117,1,16.06,16.06
1835,417,2,202.32,404.64
1836,297,3,225.21,675.63
1836,226,1,285.61,285.61
1836,362,3,110.19,330.57
1836,132,3,409.11,1227.33
1836,451,3,332.65,997.9499999999999
1837,483,3,70.53,211.59
1837,267,2,347.18,694.36
1838,434,2,379.85,759.7
1838,148,2,228.08,456.16
1838,152,3,436.45,1309.35
1838,317,1,75.98,75.98
1838,386,3,273.27,819.81
1839,197,2,66.56,133.12
1840,16,2,191.38,382.76
1840,144,2,149.85,299.7
1840,17,1,430.34,430.34
1840,371,2,319.89,639.78
1841,255,2,170.99,341.98
1841,2,2,139.66,279.32
1842,35,1,14.23,14.23
1842,111,1,283.29,283.29
1842,129,3,293.08,879.24
1842,106,1,422.11,422.11
1843,59,3,471.15,1413.4499999999998
1843,4,1,15.4,15.4
1844,237,3,236.39,709.17
1844,305,1,80.66,80.66
1844,208,3,342.64,1027.92
1845,148,1,228.08,228.08
1845,420,3,410.03,1230.09
1845,49,2,486.05,972.1
1845,165,2,170.69,341.38
1845,257,2,287.88,575.76
1846,394,2,202.77,405.54
1846,470,2,67.19,134.38
1847,138,2,93.72,187.44
1847,239,2,254.23,508.46
1847,155,2,77.89,155.78
1848,12,2,291.6,583.2
1848,109,3,489.42,1468.26
1848,205,1,59.11,59.11
1848,286,1,67.86,67.86
1849,69,2,494.8,989.6
1849,182,2,491.56,983.12
1849,474,3,239.02,717.0600000000001
1849,118,2,355.19,710.38
1849,401,1,99.91,99.91
1850,375,2,259.59,519.18
1850,47,3,140.75,422.25
1850,415,1,454.18,454.18
1850,93,2,325.85,651.7
1851,394,3,202.77,608.3100000000001
1851,239,2,254.23,508.46
1851,470,2,67.19,134.38
1852,323,2,5.34,10.68
1852,124,1,130.44,130.44
1852,209,2,195.24,390.48
1853,60,1,407.73,407.73
1853,28,1,72.62,72.62
1853,281,1,173.96,173.96
1853,66,3,113.14,339.42
1853,486,3,45.81,137.43
1854,11,1,415.63,415.63
1854,464,1,296.32,296.32
1854,132,1,409.11,409.11
1855,296,1,348.54,348.54
1855,181,2,369.11,738.22
1855,435,3,219.72,659.16
1855,357,3,213.41,640.23
1856,360,2,396.94,793.88
1856,227,3,413.65,1240.9499999999998
1857,310,1,78.93,78.93
1857,225,1,14.73,14.73
1857,322,1,325.9,325.9
1857,11,3,415.63,1246.8899999999999
1858,132,2,409.11,818.22
1858,57,3,281.31,843.9300000000001
1858,118,1,355.19,355.19
1858,457,1,196.35,196.35
1858,198,3,209.69,629.0699999999999
1859,35,2,14.23,28.46
1860,193,2,271.29,542.58
1861,265,3,452.37,1357.1100000000001
1861,267,3,347.18,1041.54
1862,440,2,362.37,724.74
1862,181,2,369.11,738.22
1862,229,1,230.52,230.52
1862,468,3,24.15,72.44999999999999
1863,181,2,369.11,738.22
1864,162,1,153.38,153.38
1864,119,2,120.42,240.84
1864,281,2,173.96,347.92
1865,447,3,156.88,470.64
1866,348,3,45.01,135.03
1866,237,2,236.39,472.78
1867,134,3,9.79,29.369999999999997
1867,312,2,176.2,352.4
1867,477,1,155.19,155.19
1867,443,2,365.07,730.14
1868,417,1,202.32,202.32
1868,158,1,269.42,269.42
1868,142,3,176.49,529.47
1868,23,2,124.25,248.5
1868,56,1,258.91,258.91
1869,101,3,38.7,116.10000000000001
1869,110,2,124.44,248.88
1869,141,3,257.07,771.21
1869,148,2,228.08,456.16
1870,171,2,35.49,70.98
1870,244,1,286.63,286.63
1870,264,1,165.99,165.99
1870,459,1,220.51,220.51
1871,174,2,258.78,517.56
1871,448,3,119.74,359.21999999999997
1871,100,3,175.13,525.39
1871,474,3,239.02,717.0600000000001
1871,308,3,477.22,1431.66
1872,436,2,41.76,83.52
1872,277,3,74.18,222.54000000000002
1872,181,2,369.11,738.22
1872,49,1,486.05,486.05
1873,447,3,156.88,470.64
1873,355,2,344.54,689.08
1873,158,2,269.42,538.84
1874,393,1,129.5,129.5
1874,353,2,303.46,606.92
1874,99,3,142.89,428.66999999999996
1874,207,3,68.25,204.75
1874,303,1,384.8,384.8
1875,498,3,48.54,145.62
1876,40,2,290.43,580.86
1876,384,1,9.03,9.03
1876,449,3,209.61,628.83
1877,189,3,23.31,69.92999999999999
1877,20,1,446.93,446.93
1878,55,1,243.64,243.64
1878,140,3,115.16,345.48
1878,447,2,156.88,313.76
1878,274,2,203.73,407.46
1879,79,1,102.92,102.92
1879,379,1,222.7,222.7
1879,489,2,229.25,458.5
1879,155,3,77.89,233.67000000000002
1880,201,2,258.09,516.18
1881,222,1,310.77,310.77
1881,244,1,286.63,286.63
1881,463,2,76.72,153.44
1882,261,3,235.72,707.16
1882,381,1,212.11,212.11
1882,498,1,48.54,48.54
1883,229,1,230.52,230.52
1883,150,1,216.59,216.59
1883,416,2,163.35,326.7
1884,7,3,479.78,1439.34
1884,393,3,129.5,388.5
1885,208,2,342.64,685.28
1885,329,3,361.76,1085.28
1885,470,2,67.19,134.38
1886,66,2,113.14,226.28
1887,254,1,218.23,218.23
1887,40,2,290.43,580.86
1887,364,2,469.93,939.86
1887,255,1,170.99,170.99
1888,302,3,343.67,1031.01
1889,100,2,175.13,350.26
1889,436,3,41.76,125.28
1889,474,2,239.02,478.04
1890,167,3,14.91,44.730000000000004
1890,419,1,139.16,139.16
1890,406,1,7.55,7.55
1890,266,2,292.77,585.54
1890,16,3,191.38,574.14
1891,162,2,153.38,306.76
1891,67,1,439.97,439.97
1891,169,3,466.19,1398.57
1892,381,1,212.11,212.11
1892,414,1,457.0,457.0
1892,319,2,132.86,265.72
1892,415,3,454.18,1362.54
1892,265,3,452.37,1357.1100000000001
1893,392,1,364.88,364.88
1893,400,3,297.67,893.01
1893,345,1,179.94,179.94
1894,407,2,474.34,948.68
1894,295,1,366.04,366.04
1894,452,3,235.45,706.3499999999999
1894,383,1,114.97,114.97
1895,443,3,365.07,1095.21
1896,182,3,491.56,1474.68
1897,134,1,9.79,9.79
1897,234,2,202.87,405.74
1897,434,1,379.85,379.85
1898,362,2,110.19,220.38
1899,414,2,457.0,914.0
1899,44,1,437.15,437.15
1899,432,1,18.81,18.81
1899,249,1,143.22,143.22
1900,243,3,358.15,1074.4499999999998
1901,486,3,45.81,137.43
1902,115,1,200.47,200.47
1902,487,2,396.73,793.46
1903,427,3,323.5,970.5
1903,89,2,437.32,874.64
1903,132,3,409.11,1227.33
1903,381,1,212.11,212.11
1904,84,2,239.85,479.7
1905,294,2,159.06,318.12
1905,114,3,108.7,326.1
1905,65,3,318.4,955.1999999999999
1906,342,1,19.87,19.87
1906,478,1,356.16,356.16
1907,349,3,54.63,163.89000000000001
1908,443,3,365.07,1095.21
1908,258,2,440.33,880.66
1908,38,1,437.95,437.95
1908,465,1,484.34,484.34
1908,138,3,93.72,281.15999999999997
1909,163,2,307.1,614.2
1909,278,3,178.94,536.8199999999999
1909,33,1,199.18,199.18
1910,164,1,158.01,158.01
1910,103,2,363.27,726.54
1910,48,1,113.06,113.06
1911,259,2,200.38,400.76
1911,237,3,236.39,709.17
1911,409,2,98.63,197.26
1911,196,1,372.88,372.88
1912,496,3,341.88,1025.6399999999999
1912,361,2,89.18,178.36
1912,117,1,16.06,16.06
1912,21,3,348.11,1044.33
1912,31,2,384.06,768.12
1913,439,2,201.62,403.24
1914,315,1,30.07,30.07
1914,406,3,7.55,22.65
1915,485,1,165.35,165.35
1915,498,1,48.54,48.54
1915,193,1,271.29,271.29
1916,256,3,344.07,1032.21
1916,135,3,451.07,1353.21
1916,286,3,67.86,203.57999999999998
1917,170,2,432.62,865.24
1917,260,2,459.47,918.94
1917,348,2,45.01,90.02
1917,266,2,292.77,585.54
1917,486,1,45.81,45.81
1918,260,2,459.47,918.94
1918,261,3,235.72,707.16
1918,439,2,201.62,403.24
1918,348,1,45.01,45.01
1918,144,1,149.85,149.85
1919,298,1,310.25,310.25
1920,462,1,153.15,153.15
1920,149,3,111.19,333.57
1920,293,1,487.59,487.59
1920,320,1,142.18,142.18
1921,243,2,358.15,716.3
1921,378,2,153.62,307.24
1921,366,3,409.85,1229.5500000000002
1921,145,1,438.41,438.41
1921,195,1,280.71,280.71
1922,54,3,393.16,1179.48
1923,68,2,5.86,11.72
1923,249,1,143.22,143.22
1923,206,3,353.54,1060.6200000000001
1923,341,3,469.56,1408.68
1923,204,3,396.2,1188.6
1924,128,3,19.74,59.22
1924,172,2,171.63,343.26
1924,59,3,471.15,1413.4499999999998
1924,61,3,118.22,354.65999999999997
1924,192,3,361.57,1084.71
1925,231,2,376.58,753.16
1925,63,2,270.0,540.0
1926,99,3,142.89,428.66999999999996
1926,223,2,80.53,161.06
1926,288,1,174.29,174.29
1926,18,2,395.52,791.04
1926,447,1,156.88,156.88
1927,172,3,171.63,514.89
1928,275,1,404.88,404.88
1928,492,3,28.24,84.72
1929,143,2,248.2,496.4
1930,112,3,17.77,53.31
1930,330,1,434.93,434.93
1930,108,3,189.13,567.39
1930,219,1,9.55,9.55
1930,134,2,9.79,19.58
1931,22,2,491.32,982.64
1931,114,3,108.7,326.1
1931,323,1,5.34,5.34
1931,48,3,113.06,339.18
1931,394,1,202.77,202.77
1932,183,3,206.12,618.36
1932,307,1,75.2,75.2
1932,334,3,281.98,845.94
1933,10,2,421.91,843.82
1933,125,3,61.95,185.85000000000002
1933,203,1,490.13,490.13
1934,240,2,98.4,196.8
1934,268,3,430.32,1290.96
1934,227,1,413.65,413.65
1935,269,1,183.25,183.25
1935,242,2,233.81,467.62
1935,206,3,353.54,1060.6200000000001
1936,464,3,296.32,888.96
1936,236,2,495.48,990.96
1936,346,3,206.81,620.4300000000001
1936,344,1,138.55,138.55
1937,70,2,420.8,841.6
1937,3,2,458.68,917.36
1937,146,1,299.06,299.06
1937,400,1,297.67,297.67
1938,190,3,387.18,1161.54
1939,390,1,49.86,49.86
1939,377,2,139.69,279.38
1939,14,3,127.52,382.56
1939,281,1,173.96,173.96
1940,30,2,243.42,486.84
1940,198,2,209.69,419.38
1941,306,2,12.42,24.84
1941,311,1,432.8,432.8
1941,213,2,343.62,687.24
1942,255,2,170.99,341.98
1942,100,3,175.13,525.39
1942,70,3,420.8,1262.4
1943,321,2,271.53,543.06
1943,369,1,492.83,492.83
1943,429,3,257.85,773.5500000000001
1943,102,1,196.78,196.78
1943,189,2,23.31,46.62
1944,163,3,307.1,921.3000000000001
1945,348,1,45.01,45.01
1945,214,1,460.83,460.83
1946,246,1,234.51,234.51
1946,420,3,410.03,1230.09
1946,386,3,273.27,819.81
1946,126,2,320.91,641.82
1946,25,2,206.03,412.06
1947,414,1,457.0,457.0
1947,377,2,139.69,279.38
1947,42,3,38.5,115.5
1947,466,2,465.33,930.66
1947,434,3,379.85,1139.5500000000002
1948,301,3,287.0,861.0
1948,12,3,291.6,874.8000000000001
1948,156,3,404.58,1213.74
1949,372,3,224.89,674.67
1949,382,1,65.87,65.87
1949,444,2,232.11,464.22
1949,389,2,497.51,995.02
1950,371,1,319.89,319.89
1950,394,2,202.77,405.54
1950,19,1,343.63,343.63
1950,213,1,343.62,343.62
1950,321,1,271.53,271.53
1951,174,2,258.78,517.56
1951,105,1,414.79,414.79
1951,379,3,222.7,668.0999999999999
1951,436,1,41.76,41.76
1952,19,1,343.63,343.63
1952,415,3,454.18,1362.54
1952,144,3,149.85,449.54999999999995
1953,1,1,107.54,107.54
1953,112,1,17.77,17.77
1953,384,3,9.03,27.089999999999996
1953,327,2,357.39,714.78
1953,136,2,277.36,554.72
1954,204,2,396.2,792.4
1954,131,3,286.17,858.51
1955,456,2,242.56,485.12
1955,17,2,430.34,860.68
1956,332,3,450.12,1350.3600000000001
1956,305,3,80.66,241.98
1956,163,3,307.1,921.3000000000001
1957,253,2,399.66,799.32
1957,415,1,454.18,454.18
1957,250,1,179.65,179.65
1958,317,1,75.98,75.98
1958,336,3,41.55,124.64999999999999
1958,483,1,70.53,70.53
1959,417,2,202.32,404.64
1959,236,3,495.48,1486.44
1960,194,3,22.63,67.89
1960,244,1,286.63,286.63
1961,220,3,58.27,174.81
1962,262,3,356.94,1070.82
1962,156,2,404.58,809.16
1962,37,3,183.06,549.1800000000001
1962,334,2,281.98,563.96
1962,148,2,228.08,456.16
1963,341,2,469.56,939.12
1963,91,1,440.33,440.33
1964,97,3,91.52,274.56
1964,169,1,466.19,466.19
1965,4,1,15.4,15.4
1965,241,2,463.38,926.76
1965,399,3,62.97,188.91
1966,215,3,313.01,939.03
1967,104,1,355.23,355.23
1967,492,2,28.24,56.48
1967,348,3,45.01,135.03
1967,445,2,124.24,248.48
1967,315,2,30.07,60.14
1968,310,2,78.93,157.86
1968,53,2,440.06,880.12
1968,170,2,432.62,865.24
1968,241,2,463.38,926.76
1969,380,3,378.14,1134.42
1969,350,3,170.56,511.68
1969,268,1,430.32,430.32
1969,380,3,378.14,1134.42
1970,108,3,189.13,567.39
1970,211,3,470.02,1410.06
1970,51,1,124.89,124.89
1971,48,3,113.06,339.18
1971,428,1,48.76,48.76
1972,452,2,235.45,470.9
1973,341,1,469.56,469.56
1973,56,1,258.91,258.91
1974,134,2,9.79,19.58
1974,289,2,427.58,855.16
1974,500,3,236.72,710.16
1974,18,2,395.52,791.04
1975,471,3,64.44,193.32
1976,242,1,233.81,233.81
1977,179,2,422.57,845.14
1977,50,3,347.73,1043.19
1978,152,3,436.45,1309.35
1978,303,3,384.8,1154.4
1978,482,3,479.46,1438.3799999999999
1978,386,1,273.27,273.27
1978,330,1,434.93,434.93
1979,250,2,179.65,359.3
1979,392,3,364.88,1094.6399999999999
1980,474,3,239.02,717.0600000000001
1980,297,1,225.21,225.21
1980,91,1,440.33,440.33
1980,226,1,285.61,285.61
1980,256,3,344.07,1032.21
1981,131,1,286.17,286.17
1981,216,3,256.85,770.5500000000001
1982,71,3,43.24,129.72
1982,36,3,325.79,977.3700000000001
1982,130,1,201.64,201.64
1983,70,3,420.8,1262.4
1984,499,2,139.95,279.9
1985,401,1,99.91,99.91
1986,200,1,134.77,134.77
1986,394,3,202.77,608.3100000000001
1986,401,2,99.91,199.82
1986,149,3,111.19,333.57
1986,293,1,487.59,487.59
1987,206,1,353.54,353.54
1988,155,2,77.89,155.78
1988,272,2,182.96,365.92
1988,159,3,287.61,862.83
1988,122,1,65.23,65.23
1988,303,3,384.8,1154.4
1989,421,2,450.64,901.28
1989,441,2,314.36,628.72
1990,362,3,110.19,330.57
1990,291,3,336.86,1010.58
1991,229,1,230.52,230.52
1991,179,2,422.57,845.14
1991,386,1,273.27,273.27
1992,161,3,281.23,843.69
1992,350,2,170.56,341.12
1993,37,2,183.06,366.12
1994,61,1,118.22,118.22
1994,209,3,195.24,585.72
1994,468,2,24.15,48.3
1995,56,1,258.91,258.91
1995,51,1,124.89,124.89
1995,453,3,335.96,1007.8799999999999
1996,104,2,355.23,710.46
1996,172,3,171.63,514.89
1996,204,3,396.2,1188.6
1996,372,1,224.89,224.89
1997,7,2,479.78,959.56
1997,241,2,463.38,926.76
1997,203,2,490.13,980.26
1997,446,3,480.38,1441.1399999999999
1997,68,2,5.86,11.72
1998,40,1,290.43,290.43
1998,96,3,95.56,286.68
1998,479,3,131.06,393.18
1998,91,1,440.33,440.33
1998,247,3,228.88,686.64
1999,123,2,187.5,375.0
1999,271,2,188.99,377.98
1999,146,2,299.06,598.12
1999,290,2,334.81,669.62
1999,332,2,450.12,900.24
2000,371,2,319.89,639.78
2000,313,1,181.23,181.23
2000,146,3,299.06,897.1800000000001
2000,174,2,258.78,517.56
2001,430,2,379.23,758.46
2001,76,3,476.31,1428.93
2001,101,3,38.7,116.10000000000001
2002,113,2,180.72,361.44
2002,326,1,337.22,337.22
2002,145,3,438.41,1315.23
2002,185,2,236.39,472.78
2002,215,2,313.01,626.02
2003,444,2,232.11,464.22
2003,158,1,269.42,269.42
2003,88,3,361.93,1085.79
2004,306,3,12.42,37.26
2004,81,1,112.52,112.52
2004,187,1,315.62,315.62
2005,90,1,171.02,171.02
2005,370,2,49.7,99.4
2005,301,3,287.0,861.0
2005,4,3,15.4,46.2
2006,46,2,51.28,102.56
2006,129,3,293.08,879.24
2006,429,3,257.85,773.5500000000001
2006,156,1,404.58,404.58
2006,340,2,281.13,562.26
2007,28,3,72.62,217.86
2007,234,1,202.87,202.87
2008,273,2,193.27,386.54
2008,225,1,14.73,14.73
2009,193,1,271.29,271.29
2009,486,2,45.81,91.62
2009,82,3,479.76,1439.28
2009,218,1,213.29,213.29
2010,70,3,420.8,1262.4
2010,274,3,203.73,611.1899999999999
2010,286,2,67.86,135.72
2011,476,3,121.13,363.39
2011,33,1,199.18,199.18
2011,471,1,64.44,64.44
2011,171,3,35.49,106.47
2011,341,3,469.56,1408.68
2012,394,1,202.77,202.77
2012,41,2,314.77,629.54
2012,66,3,113.14,339.42
2012,85,1,173.78,173.78
2013,329,1,361.76,361.76
2013,181,2,369.11,738.22
2013,141,3,257.07,771.21
2013,456,3,242.56,727.6800000000001
2014,410,3,227.81,683.4300000000001
2014,422,2,275.45,550.9
2014,215,3,313.01,939.03
2014,385,3,177.56,532.6800000000001
2014,78,3,164.41,493.23
2015,415,3,454.18,1362.54
2015,408,2,182.79,365.58
2015,321,3,271.53,814.5899999999999
2016,5,3,132.04,396.12
2016,3,1,458.68,458.68
2016,13,1,41.35,41.35
2016,33,3,199.18,597.54
2017,168,2,396.27,792.54
2017,102,3,196.78,590.34
2018,319,3,132.86,398.58000000000004
2018,466,3,465.33,1395.99
2018,167,3,14.91,44.730000000000004
2018,185,2,236.39,472.78
2018,499,2,139.95,279.9
2019,362,3,110.19,330.57
2019,158,1,269.42,269.42
2019,394,3,202.77,608.3100000000001
2020,267,1,347.18,347.18
2021,90,1,171.02,171.02
2022,253,1,399.66,399.66
2022,281,3,173.96,521.88
2022,396,3,69.93,209.79000000000002
2022,374,2,415.45,830.9
2023,475,3,426.61,1279.83
2023,188,2,331.07,662.14
2023,270,1,132.23,132.23
2023,110,1,124.44,124.44
2024,373,1,259.22,259.22
2024,375,2,259.59,519.18
2025,289,1,427.58,427.58
2025,244,1,286.63,286.63
2025,110,3,124.44,373.32
2026,361,2,89.18,178.36
2026,423,1,317.55,317.55
2026,482,1,479.46,479.46
2026,107,3,262.2,786.5999999999999
2027,156,3,404.58,1213.74
2027,495,1,239.08,239.08
2028,264,3,165.99,497.97
2028,431,2,370.38,740.76
2028,227,2,413.65,827.3
2028,205,1,59.11,59.11
2028,7,3,479.78,1439.34
2029,253,1,399.66,399.66
2029,323,3,5.34,16.02
2030,417,1,202.32,202.32
2030,397,3,154.37,463.11
2030,293,2,487.59,975.18
2030,33,1,199.18,199.18
2030,351,1,385.67,385.67
2031,86,1,409.34,409.34
2031,385,1,177.56,177.56
2032,476,1,121.13,121.13
2032,453,1,335.96,335.96
2032,245,3,426.38,1279.1399999999999
2033,41,2,314.77,629.54
2034,26,2,170.87,341.74
2034,424,3,41.06,123.18
2034,167,1,14.91,14.91
2035,149,3,111.19,333.57
2036,483,3,70.53,211.59
2037,288,3,174.29,522.87
2037,51,1,124.89,124.89
2037,121,3,143.28,429.84000000000003
2038,462,1,153.15,153.15
2038,65,1,318.4,318.4
2038,184,3,119.59,358.77
2039,319,2,132.86,265.72
2039,337,1,226.35,226.35
2040,10,1,421.91,421.91
2040,296,1,348.54,348.54
2040,187,3,315.62,946.86
2040,359,2,353.69,707.38
2041,174,1,258.78,258.78
2041,278,2,178.94,357.88
2041,56,3,258.91,776.73
2041,437,2,150.85,301.7
2041,357,1,213.41,213.41
2042,201,3,258.09,774.27
2042,263,2,168.0,336.0
2042,183,2,206.12,412.24
2042,2,1,139.66,139.66
2042,442,2,470.37,940.74
2043,404,2,115.89,231.78
2043,368,2,226.17,452.34
2043,400,3,297.67,893.01
2043,288,3,174.29,522.87
2043,257,2,287.88,575.76
2044,201,3,258.09,774.27
2044,416,1,163.35,163.35
2044,13,3,41.35,124.05000000000001
2044,339,3,327.73,983.19
2044,404,1,115.89,115.89
2045,240,1,98.4,98.4
2045,342,1,19.87,19.87
2045,5,1,132.04,132.04
2046,380,1,378.14,378.14
2046,110,3,124.44,373.32
2046,419,3,139.16,417.48
2046,454,2,122.06,244.12
2047,35,2,14.23,28.46
2047,455,1,105.02,105.02
2047,372,2,224.89,449.78
2047,11,2,415.63,831.26
2047,112,1,17.77,17.77
2048,178,2,449.89,899.78
2048,61,1,118.22,118.22
2049,251,2,208.81,417.62
2049,196,3,372.88,1118.6399999999999
2049,301,2,287.0,574.0
2050,297,3,225.21,675.63
2050,166,3,474.92,1424.76
2050,107,1,262.2,262.2
2050,356,3,346.58,1039.74
2050,38,1,437.95,437.95
2051,3,1,458.68,458.68
2051,110,3,124.44,373.32
2051,259,3,200.38,601.14
2051,192,1,361.57,361.57
2052,171,2,35.49,70.98
2052,218,3,213.29,639.87
2052,88,1,361.93,361.93
2052,236,2,495.48,990.96
2053,389,1,497.51,497.51
2053,13,3,41.35,124.05000000000001
2053,127,3,6.58,19.740000000000002
2054,7,2,479.78,959.56
2054,254,1,218.23,218.23
2054,98,1,375.73,375.73
2054,365,2,373.53,747.06
2054,258,3,440.33,1320.99
2055,368,1,226.17,226.17
2055,403,2,44.77,89.54
2055,67,1,439.97,439.97
2055,269,3,183.25,549.75
2056,292,3,335.18,1005.54
2056,74,2,83.84,167.68
2057,82,1,479.76,479.76
2057,266,2,292.77,585.54
2057,421,1,450.64,450.64
2057,124,1,130.44,130.44
2058,495,1,239.08,239.08
2058,396,1,69.93,69.93
2058,326,3,337.22,1011.6600000000001
2058,476,1,121.13,121.13
2058,327,2,357.39,714.78
2059,87,2,367.59,735.18
2059,345,1,179.94,179.94
2059,347,1,186.64,186.64
2060,93,1,325.85,325.85
2060,430,2,379.23,758.46
2060,90,3,171.02,513.0600000000001
2061,19,2,343.63,687.26
2061,214,2,460.83,921.66
2061,240,2,98.4,196.8
2061,282,3,463.34,1390.02
2062,32,3,284.06,852.1800000000001
2062,477,1,155.19,155.19
2062,260,3,459.47,1378.41
2062,497,2,343.43,686.86
2062,205,1,59.11,59.11
2063,116,1,490.7,490.7
2063,470,1,67.19,67.19
2063,217,1,80.51,80.51
2063,497,3,343.43,1030.29
2063,7,2,479.78,959.56
2064,444,1,232.11,232.11
2064,477,1,155.19,155.19
2065,309,1,484.02,484.02
2065,103,3,363.27,1089.81
2066,359,2,353.69,707.38
2066,19,1,343.63,343.63
2066,17,3,430.34,1291.02
2067,346,1,206.81,206.81
2067,204,1,396.2,396.2
2068,68,3,5.86,17.580000000000002
2068,351,1,385.67,385.67
2068,349,1,54.63,54.63
2068,354,3,107.87,323.61
2068,441,3,314.36,943.08
2069,181,3,369.11,1107.33
2069,307,1,75.2,75.2
2069,376,3,120.28,360.84000000000003
2070,100,1,175.13,175.13
2070,496,3,341.88,1025.6399999999999
2071,85,3,173.78,521.34
2071,314,2,78.8,157.6
2071,287,3,477.19,1431.57
2072,166,2,474.92,949.84
2072,178,3,449.89,1349.67
2072,310,3,78.93,236.79000000000002
2073,45,3,442.81,1328.43
2074,422,3,275.45,826.3499999999999
2074,157,2,208.56,417.12
2074,89,2,437.32,874.64
2074,361,3,89.18,267.54
2074,244,3,286.63,859.89
2075,48,3,113.06,339.18
2075,312,2,176.2,352.4
2075,350,3,170.56,511.68
2075,49,3,486.05,1458.15
2076,397,3,154.37,463.11
2076,292,1,335.18,335.18
2077,468,3,24.15,72.44999999999999
2077,178,3,449.89,1349.67
2077,420,2,410.03,820.06
2078,269,3,183.25,549.75
2078,227,1,413.65,413.65
2078,162,3,153.38,460.14
2078,438,3,100.54,301.62
2079,359,1,353.69,353.69
2079,71,1,43.24,43.24
2079,498,3,48.54,145.62
2080,492,2,28.24,56.48
2080,336,3,41.55,124.64999999999999
2080,2,2,139.66,279.32
2080,4,3,15.4,46.2
2081,79,3,102.92,308.76
2081,158,1,269.42,269.42
2081,325,2,470.48,940.96
2082,49,1,486.05,486.05
2082,261,1,235.72,235.72
2082,65,1,318.4,318.4
2083,205,3,59.11,177.32999999999998
2083,337,1,226.35,226.35
2083,278,2,178.94,357.88
2083,206,2,353.54,707.08
2084,465,3,484.34,1453.02
2084,490,2,487.09,974.18
2084,500,1,236.72,236.72
2084,85,2,173.78,347.56
2084,151,1,369.64,369.64
2085,69,3,494.8,1484.4
2085,141,1,257.07,257.07
2085,318,1,219.59,219.59
2085,493,1,435.98,435.98
2086,83,1,243.84,243.84
2086,304,3,282.76,848.28
2086,478,3,356.16,1068.48
2087,51,1,124.89,124.89
2087,463,1,76.72,76.72
2087,150,2,216.59,433.18
2088,350,3,170.56,511.68
2088,235,1,384.75,384.75
2088,223,1,80.53,80.53
2089,220,1,58.27,58.27
2089,211,2,470.02,940.04
2089,500,3,236.72,710.16
2090,283,3,391.26,1173.78
2090,360,1,396.94,396.94
2090,64,3,330.1,990.3000000000001
2090,447,2,156.88,313.76
2090,430,2,379.23,758.46
2091,53,2,440.06,880.12
2091,161,3,281.23,843.69
2091,94,2,186.09,372.18
2092,226,3,285.61,856.83
2092,258,2,440.33,880.66
2093,72,2,455.9,911.8
2093,97,2,91.52,183.04
2093,137,3,124.07,372.21
2094,437,2,150.85,301.7
2095,130,1,201.64,201.64
2095,59,1,471.15,471.15
2096,282,3,463.34,1390.02
2096,330,2,434.93,869.86
2096,45,1,442.81,442.81
2096,88,2,361.93,723.86
2096,182,3,491.56,1474.68
2097,415,2,454.18,908.36
2097,41,1,314.77,314.77
2097,150,2,216.59,433.18
2097,134,3,9.79,29.369999999999997
2097,254,1,218.23,218.23
2098,12,3,291.6,874.8000000000001
2098,54,1,393.16,393.16
2098,89,1,437.32,437.32
2099,245,2,426.38,852.76
2099,373,2,259.22,518.44
2099,291,1,336.86,336.86
2100,20,3,446.93,1340.79
2100,476,3,121.13,363.39
2100,74,3,83.84,251.52
2100,117,1,16.06,16.06
2100,82,2,479.76,959.52
2101,353,3,303.46,910.3799999999999
2101,107,2,262.2,524.4
2101,243,3,358.15,1074.4499999999998
2101,476,1,121.13,121.13
2102,182,1,491.56,491.56
2103,117,2,16.06,32.12
2103,443,1,365.07,365.07
2104,385,3,177.56,532.6800000000001
2104,226,3,285.61,856.83
2104,13,1,41.35,41.35
2104,468,2,24.15,48.3
2105,305,1,80.66,80.66
2105,151,2,369.64,739.28
2105,37,1,183.06,183.06
2105,321,1,271.53,271.53
2105,98,2,375.73,751.46
2106,108,3,189.13,567.39
2107,180,3,348.73,1046.19
2107,126,3,320.91,962.73
2108,247,3,228.88,686.64
2108,275,1,404.88,404.88
2108,202,2,174.67,349.34
2108,80,2,296.1,592.2
2108,23,2,124.25,248.5
2109,164,1,158.01,158.01
2109,342,1,19.87,19.87
2109,167,1,14.91,14.91
2110,229,2,230.52,461.04
2110,342,3,19.87,59.61
2111,349,1,54.63,54.63
2111,329,3,361.76,1085.28
2111,38,1,437.95,437.95
2112,454,1,122.06,122.06
2112,96,2,95.56,191.12
2112,497,1,343.43,343.43
2113,486,2,45.81,91.62
2113,499,3,139.95,419.84999999999997
2114,213,2,343.62,687.24
2114,131,3,286.17,858.51
2115,392,3,364.88,1094.6399999999999
2115,192,2,361.57,723.14
2115,354,1,107.87,107.87
2116,225,3,14.73,44.19
2117,361,2,89.18,178.36
2118,140,2,115.16,230.32
2118,14,2,127.52,255.04
2118,332,2,450.12,900.24
2119,308,3,477.22,1431.66
2119,308,2,477.22,954.44
2119,303,2,384.8,769.6
2119,25,3,206.03,618.09
2120,192,2,361.57,723.14
2120,287,3,477.19,1431.57
2121,402,1,336.6,336.6
2121,181,2,369.11,738.22
2121,167,3,14.91,44.730000000000004
2122,145,2,438.41,876.82
2123,453,1,335.96,335.96
2124,329,2,361.76,723.52
2124,95,2,452.34,904.68
2124,18,1,395.52,395.52
2124,383,3,114.97,344.90999999999997
2124,490,1,487.09,487.09
2125,350,1,170.56,170.56
2125,65,3,318.4,955.1999999999999
2125,406,1,7.55,7.55
2125,139,2,349.74,699.48
2126,351,1,385.67,385.67
2126,126,2,320.91,641.82
2127,432,1,18.81,18.81
2127,47,3,140.75,422.25
2127,35,2,14.23,28.46
2127,145,2,438.41,876.82
2128,68,3,5.86,17.580000000000002
2129,165,2,170.69,341.38
2129,32,3,284.06,852.1800000000001
2129,200,3,134.77,404.31000000000006
2129,61,2,118.22,236.44
2130,205,3,59.11,177.32999999999998
2130,486,3,45.81,137.43
2131,263,3,168.0,504.0
2131,380,3,378.14,1134.42
2131,443,1,365.07,365.07
2132,395,2,254.9,509.8
2132,95,1,452.34,452.34
2132,64,2,330.1,660.2
2132,316,3,68.22,204.66
2132,67,1,439.97,439.97
2133,431,1,370.38,370.38
2134,464,1,296.32,296.32
2134,418,1,141.62,141.62
2134,128,3,19.74,59.22
2135,157,1,208.56,208.56
2135,127,3,6.58,19.740000000000002
2135,54,2,393.16,786.32
2136,98,2,375.73,751.46
2136,96,2,95.56,191.12
2136,129,1,293.08,293.08
2136,338,2,287.2,574.4
2137,352,3,23.31,69.92999999999999
2137,112,2,17.77,35.54
2138,354,2,107.87,215.74
2138,253,3,399.66,1198.98
2139,45,3,442.81,1328.43
2139,265,2,452.37,904.74
2139,290,1,334.81,334.81
2139,29,3,362.83,1088.49
2139,32,1,284.06,284.06
2140,419,3,139.16,417.48
2140,477,2,155.19,310.38
2140,447,3,156.88,470.64
2141,50,1,347.73,347.73
2141,437,1,150.85,150.85
2141,495,3,239.08,717.24
2141,36,2,325.79,651.58
2141,278,2,178.94,357.88
2142,126,3,320.91,962.73
2142,149,1,111.19,111.19
2142,484,2,304.06,608.12
2142,268,1,430.32,430.32
2143,365,2,373.53,747.06
2143,218,2,213.29,426.58
2143,364,3,469.93,1409.79
2144,482,2,479.46,958.92
2144,232,3,478.28,1434.84
2144,417,3,202.32,606.96
2144,1,2,107.54,215.08
2145,448,3,119.74,359.21999999999997
2146,441,3,314.36,943.08
2147,104,3,355.23,1065.69
2147,452,2,235.45,470.9
2148,119,1,120.42,120.42
2148,223,2,80.53,161.06
2149,370,1,49.7,49.7
2149,338,1,287.2,287.2
2149,39,1,105.83,105.83
2150,137,2,124.07,248.14
2150,308,2,477.22,954.44
2150,234,2,202.87,405.74
2150,119,1,120.42,120.42
2150,446,1,480.38,480.38
2151,473,3,20.11,60.33
2151,180,1,348.73,348.73
2151,5,2,132.04,264.08
2151,217,2,80.51,161.02
2151,1,1,107.54,107.54
2152,329,3,361.76,1085.28
2152,204,3,396.2,1188.6
2153,106,1,422.11,422.11
2153,381,1,212.11,212.11
2153,477,1,155.19,155.19
2153,269,3,183.25,549.75
2154,162,3,153.38,460.14
2154,310,2,78.93,157.86
2154,399,3,62.97,188.91
2154,313,3,181.23,543.6899999999999
2155,411,3,311.19,933.5699999999999
2155,165,2,170.69,341.38
2155,54,2,393.16,786.32
2155,292,1,335.18,335.18
2155,324,3,311.54,934.6200000000001
2156,11,2,415.63,831.26
2156,473,2,20.11,40.22
2156,15,2,190.65,381.3
2156,463,3,76.72,230.16
2156,309,1,484.02,484.02
2157,441,1,314.36,314.36
2157,50,2,347.73,695.46
2157,292,2,335.18,670.36
2157,468,1,24.15,24.15
2158,69,3,494.8,1484.4
2159,12,3,291.6,874.8000000000001
2159,305,3,80.66,241.98
2160,193,2,271.29,542.58
2160,201,2,258.09,516.18
2160,322,1,325.9,325.9
2160,290,3,334.81,1004.4300000000001
2160,364,3,469.93,1409.79
2161,295,2,366.04,732.08
2161,359,1,353.69,353.69
2161,214,2,460.83,921.66
2161,48,3,113.06,339.18
2162,113,2,180.72,361.44
2163,77,1,254.31,254.31
2164,313,1,181.23,181.23
2164,118,2,355.19,710.38
2164,181,2,369.11,738.22
2164,383,1,114.97,114.97
2164,318,2,219.59,439.18
2165,53,3,440.06,1320.18
2165,399,3,62.97,188.91
2165,54,2,393.16,786.32
2165,214,1,460.83,460.83
2165,197,2,66.56,133.12
2166,487,2,396.73,793.46
2167,74,2,83.84,167.68
2168,330,2,434.93,869.86
2168,136,2,277.36,554.72
2168,111,3,283.29,849.8700000000001
2168,173,3,364.45,1093.35
2169,343,1,220.03,220.03
2170,53,2,440.06,880.12
2170,208,2,342.64,685.28
2171,241,3,463.38,1390.1399999999999
2171,234,2,202.87,405.74
2172,96,1,95.56,95.56
2172,445,1,124.24,124.24
2172,195,2,280.71,561.42
2172,254,3,218.23,654.6899999999999
2173,208,3,342.64,1027.92
2173,131,2,286.17,572.34
2173,269,1,183.25,183.25
2173,299,3,207.73,623.1899999999999
2173,152,3,436.45,1309.35
2174,361,1,89.18,89.18
2175,230,1,314.06,314.06
2175,292,2,335.18,670.36
2175,127,3,6.58,19.740000000000002
2175,401,3,99.91,299.73
2175,308,1,477.22,477.22
2176,32,1,284.06,284.06
2177,443,2,365.07,730.14
2177,481,2,209.3,418.6
2177,173,2,364.45,728.9
2177,418,1,141.62,141.62
2178,472,3,485.93,1457.79
2178,297,2,225.21,450.42
2178,484,3,304.06,912.1800000000001
2178,264,2,165.99,331.98
2178,432,3,18.81,56.42999999999999
2179,102,1,196.78,196.78
2179,133,2,195.06,390.12
2179,46,1,51.28,51.28
2180,424,1,41.06,41.06
2181,171,1,35.49,35.49
2181,477,3,155.19,465.57
2182,464,2,296.32,592.64
2182,65,2,318.4,636.8
2182,16,3,191.38,574.14
2182,431,1,370.38,370.38
2183,85,1,173.78,173.78
2183,364,3,469.93,1409.79
2183,365,1,373.53,373.53
2184,106,3,422.11,1266.33
2184,265,2,452.37,904.74
2184,164,3,158.01,474.03
2184,166,3,474.92,1424.76
2185,132,2,409.11,818.22
2185,24,3,497.43,1492.29
2185,192,2,361.57,723.14
2186,283,2,391.26,782.52
2186,70,1,420.8,420.8
2187,105,1,414.79,414.79
2187,302,1,343.67,343.67
2187,333,1,61.26,61.26
2187,420,2,410.03,820.06
2188,1,1,107.54,107.54
2188,260,3,459.47,1378.41
2189,176,1,66.77,66.77
2189,394,3,202.77,608.3100000000001
2189,475,1,426.61,426.61
2189,252,2,333.44,666.88
2189,350,3,170.56,511.68
2190,283,2,391.26,782.52
2190,282,1,463.34,463.34
2190,34,3,150.14,450.41999999999996
2190,427,3,323.5,970.5
2190,61,2,118.22,236.44
2191,221,1,42.15,42.15
2191,71,1,43.24,43.24
2191,105,3,414.79,1244.3700000000001
2192,285,2,440.73,881.46
2192,316,2,68.22,136.44
2192,15,2,190.65,381.3
2192,421,3,450.64,1351.92
2192,385,2,177.56,355.12
2193,389,3,497.51,1492.53
2193,431,1,370.38,370.38
2193,223,2,80.53,161.06
2194,475,1,426.61,426.61
2195,295,1,366.04,366.04
2195,46,2,51.28,102.56
2195,138,3,93.72,281.15999999999997
2195,410,1,227.81,227.81
2195,451,2,332.65,665.3
2196,117,3,16.06,48.17999999999999
2196,403,3,44.77,134.31
2196,394,2,202.77,405.54
2196,178,3,449.89,1349.67
2196,381,3,212.11,636.33
2197,329,3,361.76,1085.28
2197,182,3,491.56,1474.68
2197,391,2,14.9,29.8
2198,345,3,179.94,539.8199999999999
2199,65,2,318.4,636.8
2200,221,2,42.15,84.3
2200,296,1,348.54,348.54
2200,288,1,174.29,174.29
2200,4,1,15.4,15.4
2201,305,3,80.66,241.98
2202,205,2,59.11,118.22
2202,200,1,134.77,134.77
2202,395,2,254.9,509.8
2202,62,1,403.84,403.84
2202,94,1,186.09,186.09
2203,193,1,271.29,271.29
2203,109,2,489.42,978.84
2203,101,2,38.7,77.4
2203,379,2,222.7,445.4
2203,37,1,183.06,183.06
2204,494,1,340.34,340.34
2205,365,2,373.53,747.06
2205,364,3,469.93,1409.79
2205,309,3,484.02,1452.06
2205,217,2,80.51,161.02
2206,404,1,115.89,115.89
2207,413,2,64.03,128.06
2207,172,2,171.63,343.26
2207,381,2,212.11,424.22
2207,48,3,113.06,339.18
2207,277,3,74.18,222.54000000000002
2208,44,1,437.15,437.15
2208,166,3,474.92,1424.76
2208,164,3,158.01,474.03
2208,140,1,115.16,115.16
2208,255,1,170.99,170.99
2209,337,3,226.35,679.05
2209,244,1,286.63,286.63
2210,47,1,140.75,140.75
2210,367,2,403.14,806.28
2210,281,3,173.96,521.88
2210,258,3,440.33,1320.99
2211,107,2,262.2,524.4
2212,178,1,449.89,449.89
2212,90,2,171.02,342.04
2212,414,3,457.0,1371.0
2212,325,1,470.48,470.48
2213,176,3,66.77,200.31
2214,294,1,159.06,159.06
2214,391,3,14.9,44.7
2214,19,2,343.63,687.26
2214,357,1,213.41,213.41
2214,220,3,58.27,174.81
2215,226,3,285.61,856.83
2215,37,2,183.06,366.12
2215,145,1,438.41,438.41
2215,41,2,314.77,629.54
2216,9,2,331.01,662.02
2216,72,2,455.9,911.8
2216,103,1,363.27,363.27
2217,360,3,396.94,1190.82
2217,126,2,320.91,641.82
2217,170,1,432.62,432.62
2217,457,1,196.35,196.35
2218,18,1,395.52,395.52
2218,230,3,314.06,942.1800000000001
2218,96,3,95.56,286.68
2218,341,3,469.56,1408.68
2219,12,3,291.6,874.8000000000001
2219,310,2,78.93,157.86
2219,364,2,469.93,939.86
2220,201,3,258.09,774.27
2221,9,3,331.01,993.03
2221,402,3,336.6,1009.8000000000001
2221,498,2,48.54,97.08
2221,251,3,208.81,626.4300000000001
2222,22,2,491.32,982.64
2222,385,2,177.56,355.12
2223,235,3,384.75,1154.25
2223,474,2,239.02,478.04
2223,87,1,367.59,367.59
2223,239,3,254.23,762.6899999999999
2223,2,1,139.66,139.66
2224,40,3,290.43,871.29
2224,336,2,41.55,83.1
2224,463,1,76.72,76.72
2224,147,3,404.23,1212.69
2224,497,3,343.43,1030.29
2225,15,3,190.65,571.95
2225,28,1,72.62,72.62
2226,412,1,343.82,343.82
2226,151,2,369.64,739.28
2226,123,3,187.5,562.5
2226,309,1,484.02,484.02
2226,236,2,495.48,990.96
2227,424,3,41.06,123.18
2227,399,1,62.97,62.97
2227,357,2,213.41,426.82
2227,201,2,258.09,516.18
2228,171,1,35.49,35.49
2228,488,1,243.3,243.3
2228,161,3,281.23,843.69
2229,72,3,455.9,1367.6999999999998
2229,70,1,420.8,420.8
2229,366,2,409.85,819.7
2229,380,3,378.14,1134.42
2230,317,2,75.98,151.96
2230,296,1,348.54,348.54
2230,176,3,66.77,200.31
2231,310,3,78.93,236.79000000000002
2232,117,3,16.06,48.17999999999999
2232,222,3,310.77,932.31
2232,459,2,220.51,441.02
2232,113,2,180.72,361.44
2233,400,3,297.67,893.01
2233,86,3,409.34,1228.02
2234,98,2,375.73,751.46
2234,305,3,80.66,241.98
2234,88,2,361.93,723.86
2234,484,2,304.06,608.12
2235,113,1,180.72,180.72
2236,429,3,257.85,773.5500000000001
2236,206,2,353.54,707.08
2236,216,1,256.85,256.85
2237,151,2,369.64,739.28
2237,60,3,407.73,1223.19
2237,294,1,159.06,159.06
2237,204,3,396.2,1188.6
2237,17,1,430.34,430.34
2238,68,2,5.86,11.72
2238,151,1,369.64,369.64
2238,323,2,5.34,10.68
2239,249,3,143.22,429.65999999999997
2239,244,2,286.63,573.26
2239,298,2,310.25,620.5
2240,4,2,15.4,30.8
2240,184,3,119.59,358.77
2240,253,3,399.66,1198.98
2240,16,1,191.38,191.38
2240,412,1,343.82,343.82
2241,424,3,41.06,123.18
2241,212,3,381.28,1143.84
2241,422,1,275.45,275.45
2241,128,2,19.74,39.48
2242,476,1,121.13,121.13
2242,304,1,282.76,282.76
2242,329,3,361.76,1085.28
2242,113,2,180.72,361.44
2243,302,2,343.67,687.34
2243,183,2,206.12,412.24
2244,79,1,102.92,102.92
2244,84,2,239.85,479.7
2245,320,3,142.18,426.54
2246,469,3,351.84,1055.52
2246,19,1,343.63,343.63
2246,212,1,381.28,381.28
2246,398,1,182.45,182.45
2246,256,2,344.07,688.14
2247,316,2,68.22,136.44
2247,390,1,49.86,49.86
2247,220,3,58.27,174.81
2247,126,2,320.91,641.82
2247,200,2,134.77,269.54
2248,377,2,139.69,279.38
2248,103,2,363.27,726.54
2248,344,3,138.55,415.65000000000003
2248,268,3,430.32,1290.96
2248,31,2,384.06,768.12
2249,247,3,228.88,686.64
2249,210,3,366.8,1100.4
2250,383,2,114.97,229.94
2250,46,3,51.28,153.84
2250,470,1,67.19,67.19
2250,499,3,139.95,419.84999999999997
2251,409,2,98.63,197.26
2251,100,2,175.13,350.26
2251,379,2,222.7,445.4
2252,132,2,409.11,818.22
2253,364,1,469.93,469.93
2253,424,1,41.06,41.06
2254,118,1,355.19,355.19
2254,24,3,497.43,1492.29
2254,240,3,98.4,295.20000000000005
2254,83,2,243.84,487.68
2255,335,2,255.49,510.98
2255,466,1,465.33,465.33
2255,20,2,446.93,893.86
2255,122,2,65.23,130.46
2256,261,1,235.72,235.72
2256,376,2,120.28,240.56
2257,52,1,207.19,207.19
2257,434,1,379.85,379.85
2258,429,3,257.85,773.5500000000001
2258,363,1,479.64,479.64
2258,52,2,207.19,414.38
2258,380,1,378.14,378.14
2259,78,2,164.41,328.82
2259,32,3,284.06,852.1800000000001
2259,480,3,209.16,627.48
2259,12,1,291.6,291.6
2259,211,1,470.02,470.02
2260,155,3,77.89,233.67000000000002
2261,456,2,242.56,485.12
2261,182,3,491.56,1474.68
2261,296,3,348.54,1045.6200000000001
2261,343,1,220.03,220.03
2262,269,1,183.25,183.25
2262,435,2,219.72,439.44
2262,151,3,369.64,1108.92
2262,375,2,259.59,519.18
2262,235,1,384.75,384.75
2263,37,3,183.06,549.1800000000001
2263,412,2,343.82,687.64
2264,351,3,385.67,1157.01
2264,267,2,347.18,694.36
2265,463,3,76.72,230.16
2265,82,2,479.76,959.52
2265,271,3,188.99,566.97
2266,121,1,143.28,143.28
2266,220,2,58.27,116.54
2266,34,2,150.14,300.28
2266,215,3,313.01,939.03
2267,212,1,381.28,381.28
2267,11,1,415.63,415.63
2267,302,1,343.67,343.67
2268,493,1,435.98,435.98
2268,41,2,314.77,629.54
2268,28,2,72.62,145.24
2269,380,1,378.14,378.14
2269,492,1,28.24,28.24
2269,97,1,91.52,91.52
2269,437,3,150.85,452.54999999999995
2269,141,2,257.07,514.14
2270,69,3,494.8,1484.4
2271,130,3,201.64,604.92
2271,448,1,119.74,119.74
2271,216,3,256.85,770.5500000000001
2272,277,3,74.18,222.54000000000002
2272,32,2,284.06,568.12
2272,16,3,191.38,574.14
2272,62,3,403.84,1211.52
2273,197,3,66.56,199.68
2274,487,3,396.73,1190.19
2274,36,1,325.79,325.79
2274,66,2,113.14,226.28
2274,460,3,382.54,1147.6200000000001
2275,382,3,65.87,197.61
2275,401,3,99.91,299.73
2275,421,3,450.64,1351.92
2275,199,2,355.65,711.3
2276,203,1,490.13,490.13
2277,279,3,273.72,821.1600000000001
2277,236,2,495.48,990.96
2277,154,1,371.7,371.7
2277,131,1,286.17,286.17
2277,434,1,379.85,379.85
2278,42,2,38.5,77.0
2278,435,2,219.72,439.44
2278,314,3,78.8,236.39999999999998
2278,382,2,65.87,131.74
2278,299,3,207.73,623.1899999999999
2279,292,2,335.18,670.36
2280,14,3,127.52,382.56
2280,129,3,293.08,879.24
2280,40,1,290.43,290.43
2280,58,3,462.1,1386.3000000000002
2281,316,3,68.22,204.66
2282,150,3,216.59,649.77
2283,182,1,491.56,491.56
2283,438,2,100.54,201.08
2284,482,3,479.46,1438.3799999999999
2285,382,3,65.87,197.61
2285,24,1,497.43,497.43
2286,20,2,446.93,893.86
2286,340,2,281.13,562.26
2286,263,1,168.0,168.0
2286,200,2,134.77,269.54
2287,346,2,206.81,413.62
2287,392,2,364.88,729.76
2287,469,1,351.84,351.84
2288,130,1,201.64,201.64
2288,57,1,281.31,281.31
2288,359,3,353.69,1061.07
2288,158,2,269.42,538.84
2289,124,3,130.44,391.32
2289,491,2,130.58,261.16
2289,395,1,254.9,254.9
2289,23,1,124.25,124.25
2290,70,3,420.8,1262.4
2290,2,3,139.66,418.98
2291,364,3,469.93,1409.79
2291,412,3,343.82,1031.46
2291,62,2,403.84,807.68
2291,39,3,105.83,317.49
2292,258,3,440.33,1320.99
2292,90,2,171.02,342.04
2292,104,1,355.23,355.23
2293,332,1,450.12,450.12
2293,443,2,365.07,730.14
2293,210,3,366.8,1100.4
2294,328,2,251.99,503.98
2294,68,2,5.86,11.72
2294,74,3,83.84,251.52
2295,394,3,202.77,608.3100000000001
2295,144,2,149.85,299.7
2295,207,1,68.25,68.25
2295,381,2,212.11,424.22
2296,378,2,153.62,307.24
2296,355,1,344.54,344.54
2297,143,3,248.2,744.5999999999999
2297,16,2,191.38,382.76
2297,129,2,293.08,586.16
2297,198,3,209.69,629.0699999999999
2297,438,1,100.54,100.54
2298,214,1,460.83,460.83
2299,437,2,150.85,301.7
2299,141,1,257.07,257.07
2299,207,1,68.25,68.25
2300,37,3,183.06,549.1800000000001
2300,251,2,208.81,417.62
2300,318,3,219.59,658.77
2300,456,2,242.56,485.12
2301,104,1,355.23,355.23
2301,185,2,236.39,472.78
2302,133,1,195.06,195.06
2302,223,2,80.53,161.06
2303,15,1,190.65,190.65
2303,80,1,296.1,296.1
2304,28,3,72.62,217.86
2304,110,2,124.44,248.88
2305,198,3,209.69,629.0699999999999
2305,193,3,271.29,813.8700000000001
2305,129,1,293.08,293.08
2306,387,1,130.92,130.92
2306,490,1,487.09,487.09
2306,115,3,200.47,601.41
2307,473,1,20.11,20.11
2307,117,2,16.06,32.12
2307,462,2,153.15,306.3
2308,8,1,236.88,236.88
2308,52,1,207.19,207.19
2309,41,1,314.77,314.77
2309,175,2,235.77,471.54
2309,475,1,426.61,426.61
2309,425,1,211.7,211.7
2310,450,2,245.71,491.42
2311,55,2,243.64,487.28
2311,387,3,130.92,392.76
2311,489,1,229.25,229.25
2312,30,3,243.42,730.26
2312,384,2,9.03,18.06
2312,265,3,452.37,1357.1100000000001
2312,455,3,105.02,315.06
2312,202,2,174.67,349.34
2313,433,3,457.16,1371.48
2313,215,2,313.01,626.02
2313,247,3,228.88,686.64
2313,402,3,336.6,1009.8000000000001
2314,94,1,186.09,186.09
2314,363,1,479.64,479.64
2314,66,2,113.14,226.28
2314,190,1,387.18,387.18
2314,115,3,200.47,601.41
2315,74,1,83.84,83.84
2316,18,2,395.52,791.04
2316,123,2,187.5,375.0
2316,198,2,209.69,419.38
2317,36,1,325.79,325.79
2317,105,1,414.79,414.79
2317,311,3,432.8,1298.4
2317,354,2,107.87,215.74
2317,142,3,176.49,529.47
2318,62,2,403.84,807.68
2318,443,2,365.07,730.14
2318,333,1,61.26,61.26
2318,434,2,379.85,759.7
2318,332,1,450.12,450.12
2319,197,3,66.56,199.68
2319,453,3,335.96,1007.8799999999999
2319,150,3,216.59,649.77
2319,386,3,273.27,819.81
2319,30,3,243.42,730.26
2320,479,2,131.06,262.12
2320,449,1,209.61,209.61
2321,489,1,229.25,229.25
2321,23,3,124.25,372.75
2321,205,1,59.11,59.11
2321,271,3,188.99,566.97
2321,113,2,180.72,361.44
2322,15,1,190.65,190.65
2323,495,3,239.08,717.24
2323,392,2,364.88,729.76
2323,332,2,450.12,900.24
2323,15,3,190.65,571.95
2324,110,3,124.44,373.32
2324,104,1,355.23,355.23
2324,391,1,14.9,14.9
2324,108,3,189.13,567.39
2324,357,1,213.41,213.41
2325,271,3,188.99,566.97
2325,385,1,177.56,177.56
2326,447,2,156.88,313.76
2326,97,3,91.52,274.56
2326,291,2,336.86,673.72
2326,366,2,409.85,819.7
2327,438,2,100.54,201.08
2328,266,3,292.77,878.31
2329,434,3,379.85,1139.5500000000002
2329,444,2,232.11,464.22
2329,3,2,458.68,917.36
2329,195,2,280.71,561.42
2330,412,2,343.82,687.64
2330,480,2,209.16,418.32
2330,229,1,230.52,230.52
2330,325,3,470.48,1411.44
2330,106,1,422.11,422.11
2331,260,1,459.47,459.47
2331,41,2,314.77,629.54
2331,160,3,386.52,1159.56
2332,245,1,426.38,426.38
2332,403,3,44.77,134.31
2332,79,3,102.92,308.76
2332,59,2,471.15,942.3
2333,22,1,491.32,491.32
2333,233,2,76.89,153.78
2333,189,3,23.31,69.92999999999999
2334,428,3,48.76,146.28
2335,107,1,262.2,262.2
2336,207,2,68.25,136.5
2337,298,3,310.25,930.75
2337,496,1,341.88,341.88
2338,93,3,325.85,977.5500000000001
2338,234,1,202.87,202.87
2339,82,2,479.76,959.52
2339,400,1,297.67,297.67
2339,358,3,198.63,595.89
2339,76,1,476.31,476.31
2339,341,2,469.56,939.12
2340,404,2,115.89,231.78
2341,258,2,440.33,880.66
2341,378,1,153.62,153.62
2341,7,1,479.78,479.78
2342,442,2,470.37,940.74
2342,8,2,236.88,473.76
2343,51,3,124.89,374.67
2343,444,1,232.11,232.11
2343,11,2,415.63,831.26
2343,256,1,344.07,344.07
2343,73,2,279.0,558.0
2344,245,3,426.38,1279.1399999999999
2344,358,1,198.63,198.63
2344,475,3,426.61,1279.83
2345,129,2,293.08,586.16
2345,273,3,193.27,579.8100000000001
2346,396,1,69.93,69.93
2346,330,3,434.93,1304.79
2347,436,3,41.76,125.28
2348,246,1,234.51,234.51
2348,124,2,130.44,260.88
2348,85,2,173.78,347.56
2348,127,3,6.58,19.740000000000002
2349,1,2,107.54,215.08
2350,270,1,132.23,132.23
2350,495,1,239.08,239.08
2350,177,2,337.04,674.08
2351,84,1,239.85,239.85
2351,131,1,286.17,286.17
2351,184,3,119.59,358.77
2351,142,1,176.49,176.49
2351,185,3,236.39,709.17
2352,295,3,366.04,1098.1200000000001
2352,94,2,186.09,372.18
2352,391,1,14.9,14.9
2353,110,2,124.44,248.88
2353,255,2,170.99,341.98
2353,183,2,206.12,412.24
2354,384,1,9.03,9.03
2354,459,2,220.51,441.02
2354,227,3,413.65,1240.9499999999998
2354,356,2,346.58,693.16
2355,25,2,206.03,412.06
2355,255,2,170.99,341.98
2355,245,1,426.38,426.38
2355,414,2,457.0,914.0
2355,230,2,314.06,628.12
2356,348,2,45.01,90.02
2356,316,3,68.22,204.66
2356,224,2,133.14,266.28
2356,209,1,195.24,195.24
2357,486,1,45.81,45.81
2357,128,2,19.74,39.48
2358,146,2,299.06,598.12
2358,259,1,200.38,200.38
2359,208,2,342.64,685.28
2359,489,1,229.25,229.25
2359,96,1,95.56,95.56
2360,25,3,206.03,618.09
2361,78,1,164.41,164.41
2361,401,1,99.91,99.91
2361,39,1,105.83,105.83
2362,447,1,156.88,156.88
2362,179,3,422.57,1267.71
2362,24,1,497.43,497.43
2362,394,2,202.77,405.54
2363,325,3,470.48,1411.44
2363,207,1,68.25,68.25
2363,421,2,450.64,901.28
2363,170,3,432.62,1297.8600000000001
2363,237,1,236.39,236.39
2364,385,2,177.56,355.12
2364,226,2,285.61,571.22
2364,275,1,404.88,404.88
2364,461,2,472.53,945.06
2364,234,1,202.87,202.87
2365,47,2,140.75,281.5
2365,491,1,130.58,130.58
2365,304,2,282.76,565.52
2365,302,2,343.67,687.34
2365,157,1,208.56,208.56
2366,72,2,455.9,911.8
2366,304,3,282.76,848.28
2366,10,2,421.91,843.82
2366,246,3,234.51,703.53
2366,431,1,370.38,370.38
2367,382,1,65.87,65.87
2368,189,3,23.31,69.92999999999999
2368,441,3,314.36,943.08
2369,205,3,59.11,177.32999999999998
2369,151,1,369.64,369.64
2369,296,2,348.54,697.08
2370,43,3,84.75,254.25
2371,409,3,98.63,295.89
2371,241,2,463.38,926.76
2372,420,3,410.03,1230.09
2372,44,2,437.15,874.3
2373,103,3,363.27,1089.81
2373,429,2,257.85,515.7
2373,185,3,236.39,709.17
2374,479,1,131.06,131.06
2374,103,3,363.27,1089.81
2375,235,1,384.75,384.75
2375,149,2,111.19,222.38
2375,376,1,120.28,120.28
2375,312,2,176.2,352.4
2375,497,3,343.43,1030.29
2376,371,2,319.89,639.78
2376,246,3,234.51,703.53
2376,248,1,255.64,255.64
2377,420,3,410.03,1230.09
2378,124,2,130.44,260.88
2378,478,3,356.16,1068.48
2378,294,1,159.06,159.06
2378,289,3,427.58,1282.74
2379,178,1,449.89,449.89
2379,166,3,474.92,1424.76
2379,282,2,463.34,926.68
2379,408,2,182.79,365.58
2379,11,3,415.63,1246.8899999999999
2380,440,2,362.37,724.74
2380,355,2,344.54,689.08
2381,344,3,138.55,415.65000000000003
2381,102,2,196.78,393.56
2381,117,3,16.06,48.17999999999999
2382,251,1,208.81,208.81
2382,291,2,336.86,673.72
2383,82,1,479.76,479.76
2383,6,2,23.99,47.98
2383,305,2,80.66,161.32
2384,494,3,340.34,1021.02
2384,94,1,186.09,186.09
2384,225,1,14.73,14.73
2384,271,2,188.99,377.98
2385,487,2,396.73,793.46
2385,389,3,497.51,1492.53
2386,144,3,149.85,449.54999999999995
2386,91,2,440.33,880.66
2386,133,3,195.06,585.1800000000001
2386,37,1,183.06,183.06
2387,28,3,72.62,217.86
2387,88,3,361.93,1085.79
2387,312,2,176.2,352.4
2387,199,2,355.65,711.3
2388,403,2,44.77,89.54
2388,366,3,409.85,1229.5500000000002
2389,301,2,287.0,574.0
2389,327,3,357.39,1072.17
2389,459,3,220.51,661.53
2390,463,2,76.72,153.44
2391,141,2,257.07,514.14
2391,486,3,45.81,137.43
2391,67,2,439.97,879.94
2391,73,3,279.0,837.0
2391,408,3,182.79,548.37
2392,110,2,124.44,248.88
2392,44,2,437.15,874.3
2392,358,2,198.63,397.26
2393,373,2,259.22,518.44
2393,50,3,347.73,1043.19
2393,171,3,35.49,106.47
2393,500,3,236.72,710.16
2394,390,3,49.86,149.57999999999998
2394,262,2,356.94,713.88
2394,206,1,353.54,353.54
2395,251,1,208.81,208.81
2395,95,1,452.34,452.34
2396,398,1,182.45,182.45
2396,312,2,176.2,352.4
2397,37,2,183.06,366.12
2397,142,1,176.49,176.49
2397,492,1,28.24,28.24
2397,376,3,120.28,360.84000000000003
2398,454,3,122.06,366.18
2399,192,2,361.57,723.14
2399,108,2,189.13,378.26
2399,11,3,415.63,1246.8899999999999
2399,293,1,487.59,487.59
2399,382,3,65.87,197.61
2400,154,1,371.7,371.7
2401,281,3,173.96,521.88
2401,54,3,393.16,1179.48
2402,428,2,48.76,97.52
2402,406,1,7.55,7.55
2403,306,2,12.42,24.84
2403,97,3,91.52,274.56
2403,326,2,337.22,674.44
2403,318,1,219.59,219.59
2404,19,1,343.63,343.63
2404,286,1,67.86,67.86
2405,216,1,256.85,256.85
2405,193,1,271.29,271.29
2406,271,3,188.99,566.97
2406,359,3,353.69,1061.07
2406,253,1,399.66,399.66
2406,389,2,497.51,995.02
2407,376,3,120.28,360.84000000000003
2407,251,2,208.81,417.62
2407,124,3,130.44,391.32
2407,448,3,119.74,359.21999999999997
2408,97,3,91.52,274.56
2408,287,3,477.19,1431.57
2408,25,3,206.03,618.09
2409,164,1,158.01,158.01
2409,59,1,471.15,471.15
2409,498,1,48.54,48.54
2409,390,3,49.86,149.57999999999998
2410,183,2,206.12,412.24
2410,153,2,435.4,870.8
2410,436,1,41.76,41.76
2410,487,2,396.73,793.46
2411,243,1,358.15,358.15
2411,407,3,474.34,1423.02
2411,270,3,132.23,396.68999999999994
2411,275,3,404.88,1214.6399999999999
2411,343,2,220.03,440.06
2412,145,1,438.41,438.41
2412,52,2,207.19,414.38
2412,184,2,119.59,239.18
2413,278,1,178.94,178.94
2413,440,2,362.37,724.74
2413,406,3,7.55,22.65
2413,328,3,251.99,755.97
2413,273,1,193.27,193.27
2414,182,2,491.56,983.12
2415,259,3,200.38,601.14
2415,269,2,183.25,366.5
2416,498,2,48.54,97.08
2416,38,2,437.95,875.9
2417,460,2,382.54,765.08
2417,199,1,355.65,355.65
2418,223,1,80.53,80.53
2418,381,1,212.11,212.11
2419,474,1,239.02,239.02
2419,427,1,323.5,323.5
2419,219,3,9.55,28.650000000000002
2420,294,3,159.06,477.18
2421,26,3,170.87,512.61
2421,283,2,391.26,782.52
2421,109,2,489.42,978.84
2421,395,3,254.9,764.7
2422,327,1,357.39,357.39
2423,244,1,286.63,286.63
2424,223,3,80.53,241.59
2424,25,1,206.03,206.03
2424,409,2,98.63,197.26
2425,348,1,45.01,45.01
2425,85,2,173.78,347.56
2425,395,1,254.9,254.9
2425,317,1,75.98,75.98
2426,455,3,105.02,315.06
2426,47,2,140.75,281.5
2426,323,1,5.34,5.34
2427,357,3,213.41,640.23
2427,408,1,182.79,182.79
2427,36,1,325.79,325.79
2428,176,3,66.77,200.31
2428,318,1,219.59,219.59
2428,447,3,156.88,470.64
2428,245,3,426.38,1279.1399999999999
2428,346,1,206.81,206.81
2429,96,3,95.56,286.68
2429,497,2,343.43,686.86
2429,338,1,287.2,287.2
2429,51,2,124.89,249.78
2429,356,1,346.58,346.58
2430,343,2,220.03,440.06
2430,196,2,372.88,745.76
2430,75,2,123.97,247.94
2430,81,2,112.52,225.04
2430,499,3,139.95,419.84999999999997
2431,2,3,139.66,418.98
2431,339,3,327.73,983.19
2432,65,1,318.4,318.4
2433,271,2,188.99,377.98
2433,266,1,292.77,292.77
2433,77,2,254.31,508.62
2433,227,1,413.65,413.65
2434,401,2,99.91,199.82
2434,308,2,477.22,954.44
2434,28,3,72.62,217.86
2434,51,2,124.89,249.78
2434,451,3,332.65,997.9499999999999
2435,218,1,213.29,213.29
2435,110,2,124.44,248.88
2436,26,1,170.87,170.87
2437,59,2,471.15,942.3
2437,190,3,387.18,1161.54
2437,450,3,245.71,737.13
2437,1,1,107.54,107.54
2437,13,3,41.35,124.05000000000001
2438,316,2,68.22,136.44
2438,193,1,271.29,271.29
2438,376,1,120.28,120.28
2438,122,1,65.23,65.23
2439,369,3,492.83,1478.49
2439,462,3,153.15,459.45000000000005
2440,135,3,451.07,1353.21
2440,351,2,385.67,771.34
2440,277,3,74.18,222.54000000000002
2441,331,2,69.86,139.72
2441,253,3,399.66,1198.98
2441,166,2,474.92,949.84
2442,126,1,320.91,320.91
2442,99,2,142.89,285.78
2443,28,1,72.62,72.62
2443,267,2,347.18,694.36
2443,159,2,287.61,575.22
2443,449,2,209.61,419.22
2443,452,1,235.45,235.45
2444,226,3,285.61,856.83
2444,87,3,367.59,1102.77
2444,320,3,142.18,426.54
2444,430,1,379.23,379.23
2445,81,1,112.52,112.52
2445,461,3,472.53,1417.59
2445,488,3,243.3,729.9000000000001
2446,234,1,202.87,202.87
2446,189,3,23.31,69.92999999999999
2446,196,3,372.88,1118.6399999999999
2446,486,2,45.81,91.62
2447,152,1,436.45,436.45
2447,159,1,287.61,287.61
2447,290,3,334.81,1004.4300000000001
2447,117,2,16.06,32.12
2448,141,3,257.07,771.21
2448,241,3,463.38,1390.1399999999999
2448,486,1,45.81,45.81
2448,55,1,243.64,243.64
2449,339,3,327.73,983.19
2449,55,1,243.64,243.64
2450,55,3,243.64,730.92
2451,380,3,378.14,1134.42
2451,252,3,333.44,1000.3199999999999
2452,346,1,206.81,206.81
2452,422,2,275.45,550.9
2453,10,3,421.91,1265.73
2453,18,3,395.52,1186.56
2453,488,1,243.3,243.3
2454,479,1,131.06,131.06
2454,466,1,465.33,465.33
2454,241,2,463.38,926.76
2454,356,1,346.58,346.58
2454,284,1,322.24,322.24
2455,40,1,290.43,290.43
2456,188,1,331.07,331.07
2456,449,3,209.61,628.83
2456,394,2,202.77,405.54
2457,125,3,61.95,185.85000000000002
2457,427,1,323.5,323.5
2457,64,2,330.1,660.2
2457,58,2,462.1,924.2
2458,412,1,343.82,343.82
2458,104,1,355.23,355.23
2458,264,3,165.99,497.97
2459,309,1,484.02,484.02
2459,307,1,75.2,75.2
2459,19,3,343.63,1030.8899999999999
2459,408,1,182.79,182.79
2460,213,2,343.62,687.24
2460,398,3,182.45,547.3499999999999
2460,465,2,484.34,968.68
2461,162,1,153.38,153.38
2462,156,2,404.58,809.16
2462,38,2,437.95,875.9
2462,410,1,227.81,227.81
2462,260,3,459.47,1378.41
2463,23,1,124.25,124.25
2463,123,1,187.5,187.5
2463,155,2,77.89,155.78
2463,78,2,164.41,328.82
2464,433,1,457.16,457.16
2464,150,3,216.59,649.77
2464,488,1,243.3,243.3
2464,413,1,64.03,64.03
2465,129,3,293.08,879.24
2465,168,3,396.27,1188.81
2465,393,1,129.5,129.5
2466,280,2,346.03,692.06
2466,14,2,127.52,255.04
2466,40,1,290.43,290.43
2466,94,2,186.09,372.18
2466,185,1,236.39,236.39
2467,59,1,471.15,471.15
2467,269,1,183.25,183.25
2467,464,1,296.32,296.32
2467,174,3,258.78,776.3399999999999
2467,12,2,291.6,583.2
2468,204,2,396.2,792.4
2469,87,1,367.59,367.59
2469,274,3,203.73,611.1899999999999
2469,242,2,233.81,467.62
2469,474,2,239.02,478.04
2470,407,1,474.34,474.34
2470,398,2,182.45,364.9
2470,248,1,255.64,255.64
2471,342,2,19.87,39.74
2471,398,2,182.45,364.9
2471,478,1,356.16,356.16
2472,351,2,385.67,771.34
2472,89,3,437.32,1311.96
2472,370,3,49.7,149.10000000000002
2472,125,3,61.95,185.85000000000002
2473,9,3,331.01,993.03
2473,437,1,150.85,150.85
2473,172,3,171.63,514.89
2473,240,1,98.4,98.4
2473,396,1,69.93,69.93
2474,198,3,209.69,629.0699999999999
2474,236,2,495.48,990.96
2475,319,3,132.86,398.58000000000004
2475,253,2,399.66,799.32
2476,313,1,181.23,181.23
2476,377,2,139.69,279.38
2476,81,3,112.52,337.56
2477,255,1,170.99,170.99
2477,396,1,69.93,69.93
2477,219,1,9.55,9.55
2478,48,2,113.06,226.12
2478,386,2,273.27,546.54
2478,429,2,257.85,515.7
2478,45,2,442.81,885.62
2479,370,2,49.7,99.4
2480,306,1,12.42,12.42
2480,166,3,474.92,1424.76
2480,212,2,381.28,762.56
2480,377,1,139.69,139.69
2480,376,3,120.28,360.84000000000003
2481,143,3,248.2,744.5999999999999
2482,121,1,143.28,143.28
2482,220,2,58.27,116.54
2482,191,2,334.45,668.9
2482,451,2,332.65,665.3
2483,203,3,490.13,1470.3899999999999
2484,215,2,313.01,626.02
2485,327,2,357.39,714.78
2485,297,3,225.21,675.63
2485,259,1,200.38,200.38
2485,121,1,143.28,143.28
2486,387,3,130.92,392.76
2486,417,2,202.32,404.64
2486,189,1,23.31,23.31
2487,483,3,70.53,211.59
2488,334,3,281.98,845.94
2489,165,3,170.69,512.0699999999999
2489,248,1,255.64,255.64
2489,432,2,18.81,37.62
2490,105,3,414.79,1244.3700000000001
2490,271,2,188.99,377.98
2490,388,2,439.12,878.24
2491,107,1,262.2,262.2
2491,306,2,12.42,24.84
2491,345,1,179.94,179.94
2491,80,1,296.1,296.1
2491,275,3,404.88,1214.6399999999999
2492,372,2,224.89,449.78
2492,133,1,195.06,195.06
2492,384,2,9.03,18.06
2493,80,2,296.1,592.2
2493,404,3,115.89,347.67
2493,201,3,258.09,774.27
2493,275,3,404.88,1214.6399999999999
2493,110,2,124.44,248.88
2494,454,2,122.06,244.12
2495,269,3,183.25,549.75
2495,13,2,41.35,82.7
2495,432,2,18.81,37.62
2495,397,1,154.37,154.37
2496,219,3,9.55,28.650000000000002
2496,187,3,315.62,946.86
2496,446,1,480.38,480.38
2496,439,3,201.62,604.86
2497,127,3,6.58,19.740000000000002
2498,203,3,490.13,1470.3899999999999
2499,167,3,14.91,44.730000000000004
2499,16,3,191.38,574.14
2499,149,3,111.19,333.57
2499,342,3,19.87,59.61
2500,442,3,470.37,1411.1100000000001
2500,304,2,282.76,565.52
2500,265,1,452.37,452.37
2500,377,1,139.69,139.69
2500,136,3,277.36,832.08
2501,332,1,450.12,450.12
2501,179,3,422.57,1267.71
2501,145,3,438.41,1315.23
2501,305,2,80.66,161.32
2501,185,1,236.39,236.39
2502,205,3,59.11,177.32999999999998
2503,180,3,348.73,1046.19
2503,345,1,179.94,179.94
2504,466,1,465.33,465.33
2504,331,1,69.86,69.86
2504,453,2,335.96,671.92
2504,165,2,170.69,341.38
2504,478,1,356.16,356.16
2505,398,2,182.45,364.9
2505,102,1,196.78,196.78
2505,294,2,159.06,318.12
2505,314,1,78.8,78.8
2505,180,1,348.73,348.73
2506,67,3,439.97,1319.91
2506,222,1,310.77,310.77
2506,117,1,16.06,16.06
2507,169,2,466.19,932.38
2508,274,2,203.73,407.46
2509,124,2,130.44,260.88
2509,304,3,282.76,848.28
2509,269,3,183.25,549.75
2510,337,3,226.35,679.05
2510,81,2,112.52,225.04
2510,221,1,42.15,42.15
2510,316,3,68.22,204.66
2511,199,3,355.65,1066.9499999999998
2511,447,3,156.88,470.64
2512,157,3,208.56,625.6800000000001
2513,189,3,23.31,69.92999999999999
2513,316,1,68.22,68.22
2513,298,1,310.25,310.25
2513,44,1,437.15,437.15
2513,236,2,495.48,990.96
2514,106,1,422.11,422.11
2514,398,3,182.45,547.3499999999999
2514,418,3,141.62,424.86
2515,99,3,142.89,428.66999999999996
2515,162,2,153.38,306.76
2516,186,2,288.34,576.68
2516,452,1,235.45,235.45
2516,311,2,432.8,865.6
2516,41,2,314.77,629.54
2517,357,2,213.41,426.82
2517,262,3,356.94,1070.82
2517,199,2,355.65,711.3
2518,29,3,362.83,1088.49
2519,484,3,304.06,912.1800000000001
2519,455,1,105.02,105.02
2519,314,2,78.8,157.6
2520,190,2,387.18,774.36
2520,35,1,14.23,14.23
2521,97,3,91.52,274.56
2521,56,1,258.91,258.91
2522,285,2,440.73,881.46
2522,91,3,440.33,1320.99
2523,136,2,277.36,554.72
2523,125,2,61.95,123.9
2524,87,2,367.59,735.18
2524,41,2,314.77,629.54
2524,47,2,140.75,281.5
2524,103,3,363.27,1089.81
2525,451,2,332.65,665.3
2525,197,2,66.56,133.12
2525,2,1,139.66,139.66
2526,214,1,460.83,460.83
2526,365,3,373.53,1120.59
2527,162,1,153.38,153.38
2528,471,2,64.44,128.88
2528,474,2,239.02,478.04
2528,377,1,139.69,139.69
2528,43,3,84.75,254.25
2529,417,2,202.32,404.64
2530,15,3,190.65,571.95
2531,277,2,74.18,148.36
2531,319,3,132.86,398.58000000000004
2532,394,1,202.77,202.77
2532,323,3,5.34,16.02
2532,223,1,80.53,80.53
2532,130,1,201.64,201.64
2532,273,2,193.27,386.54
2533,311,2,432.8,865.6
2534,307,2,75.2,150.4
2535,140,3,115.16,345.48
2535,460,3,382.54,1147.6200000000001
2536,85,2,173.78,347.56
2536,364,1,469.93,469.93
2537,402,2,336.6,673.2
2537,315,2,30.07,60.14
2538,395,1,254.9,254.9
2538,336,2,41.55,83.1
2538,402,2,336.6,673.2
2538,476,2,121.13,242.26
2538,218,2,213.29,426.58
2539,331,3,69.86,209.57999999999998
2539,226,1,285.61,285.61
2539,385,1,177.56,177.56
2539,138,3,93.72,281.15999999999997
2539,169,3,466.19,1398.57
2540,91,1,440.33,440.33
2540,172,2,171.63,343.26
2540,167,3,14.91,44.730000000000004
2540,65,3,318.4,955.1999999999999
2541,141,1,257.07,257.07
2541,458,3,290.04,870.1200000000001
2541,388,3,439.12,1317.3600000000001
2542,304,3,282.76,848.28
2543,386,1,273.27,273.27
2543,269,2,183.25,366.5
2543,58,3,462.1,1386.3000000000002
2543,154,1,371.7,371.7
2543,343,2,220.03,440.06
2544,263,2,168.0,336.0
2544,81,1,112.52,112.52
2544,58,3,462.1,1386.3000000000002
2544,368,2,226.17,452.34
2545,74,1,83.84,83.84
2546,138,3,93.72,281.15999999999997
2547,415,2,454.18,908.36
2547,478,2,356.16,712.32
2547,108,3,189.13,567.39
2547,136,3,277.36,832.08
2548,267,1,347.18,347.18
2548,415,1,454.18,454.18
2548,321,3,271.53,814.5899999999999
2549,424,3,41.06,123.18
2549,87,3,367.59,1102.77
2549,347,3,186.64,559.92
2549,321,1,271.53,271.53
2549,27,1,432.61,432.61
2550,301,1,287.0,287.0
2550,334,3,281.98,845.94
2550,324,1,311.54,311.54
2551,284,1,322.24,322.24
2551,50,3,347.73,1043.19
2551,247,1,228.88,228.88
2552,322,1,325.9,325.9
2552,354,3,107.87,323.61
2552,267,2,347.18,694.36
2552,139,2,349.74,699.48
2552,297,3,225.21,675.63
2553,235,3,384.75,1154.25
2553,357,3,213.41,640.23
2553,451,1,332.65,332.65
2554,461,2,472.53,945.06
2554,233,3,76.89,230.67000000000002
2554,426,3,438.33,1314.99
2554,299,3,207.73,623.1899999999999
2554,466,2,465.33,930.66
2555,262,3,356.94,1070.82
2556,45,3,442.81,1328.43
2557,458,3,290.04,870.1200000000001
2558,57,2,281.31,562.62
2559,7,1,479.78,479.78
2559,109,3,489.42,1468.26
2559,195,2,280.71,561.42
2559,137,2,124.07,248.14
2560,425,3,211.7,635.0999999999999
2561,408,2,182.79,365.58
2561,301,3,287.0,861.0
2561,444,3,232.11,696.33
2561,44,3,437.15,1311.4499999999998
2561,360,3,396.94,1190.82
2562,116,1,490.7,490.7
2562,76,2,476.31,952.62
2562,227,3,413.65,1240.9499999999998
2562,323,2,5.34,10.68
2562,260,1,459.47,459.47
2563,307,1,75.2,75.2
2564,453,1,335.96,335.96
2564,453,3,335.96,1007.8799999999999
2564,140,2,115.16,230.32
2564,16,1,191.38,191.38
2565,205,2,59.11,118.22
2565,302,2,343.67,687.34
2565,275,3,404.88,1214.6399999999999
2566,355,2,344.54,689.08
2567,406,2,7.55,15.1
2567,332,1,450.12,450.12
2568,429,3,257.85,773.5500000000001
2569,414,1,457.0,457.0
2569,387,1,130.92,130.92
2570,235,1,384.75,384.75
2570,256,3,344.07,1032.21
2571,231,1,376.58,376.58
2571,287,2,477.19,954.38
2572,265,3,452.37,1357.1100000000001
2572,325,1,470.48,470.48
2572,346,3,206.81,620.4300000000001
2573,47,3,140.75,422.25
2573,124,2,130.44,260.88
2573,87,2,367.59,735.18
2573,432,1,18.81,18.81
2574,98,2,375.73,751.46
2574,30,1,243.42,243.42
2574,293,1,487.59,487.59
2574,428,3,48.76,146.28
2575,428,2,48.76,97.52
2575,434,1,379.85,379.85
2575,451,1,332.65,332.65
2575,154,1,371.7,371.7
2575,44,1,437.15,437.15
2576,14,3,127.52,382.56
2577,408,2,182.79,365.58
2577,290,3,334.81,1004.4300000000001
2578,281,3,173.96,521.88
2578,56,3,258.91,776.73
2578,443,3,365.07,1095.21
2578,195,1,280.71,280.71
2579,193,1,271.29,271.29
2579,179,1,422.57,422.57
2579,114,2,108.7,217.4
2579,3,2,458.68,917.36
2580,227,2,413.65,827.3
2580,207,2,68.25,136.5
2580,55,2,243.64,487.28
2580,101,2,38.7,77.4
2580,451,3,332.65,997.9499999999999
2581,472,3,485.93,1457.79
2581,106,2,422.11,844.22
2581,321,2,271.53,543.06
2581,354,2,107.87,215.74
2581,192,3,361.57,1084.71
2582,397,3,154.37,463.11
2582,266,2,292.77,585.54
2582,194,1,22.63,22.63
2583,263,2,168.0,336.0
2583,407,2,474.34,948.68
2583,205,2,59.11,118.22
2583,394,2,202.77,405.54
2584,453,2,335.96,671.92
2585,179,1,422.57,422.57
2586,149,2,111.19,222.38
2586,445,3,124.24,372.71999999999997
2587,197,1,66.56,66.56
2587,476,3,121.13,363.39
2587,258,3,440.33,1320.99
2587,454,3,122.06,366.18
2587,371,3,319.89,959.67
2588,435,3,219.72,659.16
2589,264,3,165.99,497.97
2589,261,3,235.72,707.16
2590,242,1,233.81,233.81
2590,341,2,469.56,939.12
2591,105,2,414.79,829.58
2591,255,3,170.99,512.97
2591,415,1,454.18,454.18
2592,203,3,490.13,1470.3899999999999
2592,401,2,99.91,199.82
2593,36,1,325.79,325.79
2593,350,1,170.56,170.56
2593,402,3,336.6,1009.8000000000001
2593,149,1,111.19,111.19
2594,381,2,212.11,424.22
2595,88,2,361.93,723.86
2595,96,2,95.56,191.12
2595,146,1,299.06,299.06
2595,377,3,139.69,419.07
2596,445,2,124.24,248.48
2596,318,3,219.59,658.77
2596,233,3,76.89,230.67000000000002
2597,392,3,364.88,1094.6399999999999
2597,277,1,74.18,74.18
2597,128,2,19.74,39.48
2597,362,2,110.19,220.38
2598,144,2,149.85,299.7
2598,407,1,474.34,474.34
2598,71,2,43.24,86.48
2598,394,3,202.77,608.3100000000001
2598,322,3,325.9,977.6999999999999
2599,247,3,228.88,686.64
2599,290,3,334.81,1004.4300000000001
2599,94,3,186.09,558.27
2599,431,1,370.38,370.38
2599,82,3,479.76,1439.28
2600,415,3,454.18,1362.54
2600,153,1,435.4,435.4
2600,30,1,243.42,243.42
2600,95,2,452.34,904.68
2601,250,1,179.65,179.65
2601,258,2,440.33,880.66
2601,200,1,134.77,134.77
2601,415,2,454.18,908.36
2601,292,3,335.18,1005.54
2602,353,1,303.46,303.46
2602,76,2,476.31,952.62
2602,361,3,89.18,267.54
2603,170,3,432.62,1297.8600000000001
2603,216,1,256.85,256.85
2603,425,3,211.7,635.0999999999999
2603,249,3,143.22,429.65999999999997
2604,257,2,287.88,575.76
2604,377,2,139.69,279.38
2604,294,1,159.06,159.06
2605,124,1,130.44,130.44
2605,168,3,396.27,1188.81
2605,459,2,220.51,441.02
2605,126,2,320.91,641.82
2605,216,2,256.85,513.7
2606,49,1,486.05,486.05
2606,225,1,14.73,14.73
2607,63,2,270.0,540.0
2607,124,2,130.44,260.88
2607,251,2,208.81,417.62
2607,381,1,212.11,212.11
2607,315,3,30.07,90.21000000000001
2608,426,1,438.33,438.33
2608,18,2,395.52,791.04
2608,232,1,478.28,478.28
2609,174,3,258.78,776.3399999999999
2609,414,3,457.0,1371.0
2609,207,2,68.25,136.5
2610,433,3,457.16,1371.48
2610,496,2,341.88,683.76
2610,209,2,195.24,390.48
2610,299,2,207.73,415.46
2610,232,1,478.28,478.28
2611,241,2,463.38,926.76
2611,99,1,142.89,142.89
2612,96,1,95.56,95.56
2612,141,2,257.07,514.14
2612,25,1,206.03,206.03
2612,308,2,477.22,954.44
2612,76,3,476.31,1428.93
2613,403,2,44.77,89.54
2613,425,3,211.7,635.0999999999999
2613,467,1,24.18,24.18
2613,59,1,471.15,471.15
2614,438,3,100.54,301.62
2614,294,1,159.06,159.06
2614,500,3,236.72,710.16
2615,244,3,286.63,859.89
2615,328,2,251.99,503.98
2616,77,1,254.31,254.31
2617,304,2,282.76,565.52
2617,87,2,367.59,735.18
2617,327,2,357.39,714.78
2618,1,3,107.54,322.62
2618,58,3,462.1,1386.3000000000002
2619,345,2,179.94,359.88
2619,398,1,182.45,182.45
2620,248,2,255.64,511.28
2620,454,2,122.06,244.12
2620,20,2,446.93,893.86
2620,400,1,297.67,297.67
2621,315,2,30.07,60.14
2622,67,1,439.97,439.97
2622,256,2,344.07,688.14
2622,62,2,403.84,807.68
2622,61,1,118.22,118.22
2623,202,3,174.67,524.01
2623,194,2,22.63,45.26
2623,399,3,62.97,188.91
2624,57,2,281.31,562.62
2625,331,2,69.86,139.72
2625,108,3,189.13,567.39
2625,460,2,382.54,765.08
2625,260,3,459.47,1378.41
2625,489,3,229.25,687.75
2626,57,3,281.31,843.9300000000001
2626,39,3,105.83,317.49
2627,213,2,343.62,687.24
2627,418,1,141.62,141.62
2628,50,1,347.73,347.73
2628,24,2,497.43,994.86
2629,115,2,200.47,400.94
2629,198,1,209.69,209.69
2630,272,1,182.96,182.96
2630,461,1,472.53,472.53
2630,356,1,346.58,346.58
2630,236,1,495.48,495.48
2630,263,2,168.0,336.0
2631,330,2,434.93,869.86
2631,35,3,14.23,42.69
2631,445,3,124.24,372.71999999999997
2631,302,3,343.67,1031.01
2632,135,2,451.07,902.14
2632,63,3,270.0,810.0
2632,288,1,174.29,174.29
2632,225,1,14.73,14.73
2632,424,3,41.06,123.18
2633,256,3,344.07,1032.21
2634,308,2,477.22,954.44
2634,10,3,421.91,1265.73
2634,153,3,435.4,1306.1999999999998
2635,267,3,347.18,1041.54
2635,347,3,186.64,559.92
2635,437,2,150.85,301.7
2636,258,2,440.33,880.66
2636,146,1,299.06,299.06
2636,95,2,452.34,904.68
2637,286,3,67.86,203.57999999999998
2637,50,1,347.73,347.73
2638,358,2,198.63,397.26
2638,22,2,491.32,982.64
2638,486,2,45.81,91.62
2639,312,3,176.2,528.5999999999999
2639,145,2,438.41,876.82
2639,469,2,351.84,703.68
2640,494,1,340.34,340.34
2640,405,2,26.88,53.76
2640,238,2,150.48,300.96
2640,458,1,290.04,290.04
2640,407,2,474.34,948.68
2641,329,1,361.76,361.76
2641,118,2,355.19,710.38
2642,165,1,170.69,170.69
2642,344,1,138.55,138.55
2643,414,3,457.0,1371.0
2644,372,3,224.89,674.67
2644,194,1,22.63,22.63
2644,106,2,422.11,844.22
2645,478,1,356.16,356.16
2645,323,2,5.34,10.68
2645,372,2,224.89,449.78
2645,239,2,254.23,508.46
2646,200,2,134.77,269.54
2646,350,3,170.56,511.68
2647,328,3,251.99,755.97
2647,365,1,373.53,373.53
2647,174,2,258.78,517.56
2647,296,1,348.54,348.54
2648,263,3,168.0,504.0
2648,95,1,452.34,452.34
2648,462,2,153.15,306.3
2649,150,3,216.59,649.77
2649,275,3,404.88,1214.6399999999999
2649,433,2,457.16,914.32
2649,445,3,124.24,372.71999999999997
2649,264,3,165.99,497.97
2650,78,3,164.41,493.23
2650,265,2,452.37,904.74
2650,181,1,369.11,369.11
2650,341,3,469.56,1408.68
2650,246,3,234.51,703.53
2651,19,2,343.63,687.26
2652,303,3,384.8,1154.4
2653,7,2,479.78,959.56
2653,184,2,119.59,239.18
2654,71,3,43.24,129.72
2654,496,1,341.88,341.88
2654,97,2,91.52,183.04
2655,149,3,111.19,333.57
2655,488,1,243.3,243.3
2655,351,1,385.67,385.67
2655,421,3,450.64,1351.92
2656,112,1,17.77,17.77
2656,84,1,239.85,239.85
2656,90,3,171.02,513.0600000000001
2656,489,2,229.25,458.5
2657,175,3,235.77,707.3100000000001
2657,82,3,479.76,1439.28
2657,49,2,486.05,972.1
2657,307,3,75.2,225.60000000000002
2657,136,3,277.36,832.08
2658,468,3,24.15,72.44999999999999
2658,300,2,250.81,501.62
2658,204,1,396.2,396.2
2659,379,3,222.7,668.0999999999999
2659,220,1,58.27,58.27
2660,163,2,307.1,614.2
2660,108,3,189.13,567.39
2660,285,3,440.73,1322.19
2660,203,2,490.13,980.26
2661,327,2,357.39,714.78
2661,240,1,98.4,98.4
2662,292,2,335.18,670.36
2662,241,1,463.38,463.38
2662,465,2,484.34,968.68
2663,153,1,435.4,435.4
2663,17,1,430.34,430.34
2663,286,2,67.86,135.72
2664,153,2,435.4,870.8
2664,36,3,325.79,977.3700000000001
2664,488,2,243.3,486.6
2664,248,2,255.64,511.28
2665,496,2,341.88,683.76
2666,81,1,112.52,112.52
2666,175,3,235.77,707.3100000000001
2666,322,3,325.9,977.6999999999999
2667,25,3,206.03,618.09
2667,14,3,127.52,382.56
2667,496,3,341.88,1025.6399999999999
2668,487,3,396.73,1190.19
2668,121,2,143.28,286.56
2668,148,3,228.08,684.24
2669,79,2,102.92,205.84
2669,448,1,119.74,119.74
2669,230,3,314.06,942.1800000000001
2669,93,2,325.85,651.7
2669,125,1,61.95,61.95
2670,300,3,250.81,752.4300000000001
2670,185,2,236.39,472.78
2670,193,1,271.29,271.29
2671,390,2,49.86,99.72
2672,415,2,454.18,908.36
2672,235,2,384.75,769.5
2673,90,2,171.02,342.04
2673,370,3,49.7,149.10000000000002
2674,396,1,69.93,69.93
2675,171,3,35.49,106.47
2675,418,2,141.62,283.24
2675,261,2,235.72,471.44
2675,175,3,235.77,707.3100000000001
2676,59,2,471.15,942.3
2676,286,1,67.86,67.86
2676,194,2,22.63,45.26
2676,463,2,76.72,153.44
2676,137,2,124.07,248.14
2677,487,1,396.73,396.73
2677,107,1,262.2,262.2
2677,457,2,196.35,392.7
2677,200,3,134.77,404.31000000000006
2678,401,3,99.91,299.73
2678,444,1,232.11,232.11
2679,150,3,216.59,649.77
2679,432,1,18.81,18.81
2679,2,2,139.66,279.32
2680,162,3,153.38,460.14
2680,425,3,211.7,635.0999999999999
2680,389,3,497.51,1492.53
2680,138,2,93.72,187.44
2680,121,3,143.28,429.84000000000003
2681,238,3,150.48,451.43999999999994
2681,81,1,112.52,112.52
2681,43,1,84.75,84.75
2682,26,3,170.87,512.61
2682,56,2,258.91,517.82
2682,134,2,9.79,19.58
2682,210,1,366.8,366.8
2683,2,3,139.66,418.98
2683,154,2,371.7,743.4
2683,147,2,404.23,808.46
2683,66,1,113.14,113.14
2684,122,3,65.23,195.69
2685,298,3,310.25,930.75
2685,106,3,422.11,1266.33
2686,345,2,179.94,359.88
2687,339,2,327.73,655.46
2687,17,1,430.34,430.34
2688,32,1,284.06,284.06
2688,60,3,407.73,1223.19
2689,179,2,422.57,845.14
2690,319,1,132.86,132.86
2690,66,2,113.14,226.28
2690,424,1,41.06,41.06
2690,499,1,139.95,139.95
2690,226,3,285.61,856.83
2691,260,2,459.47,918.94
2691,111,1,283.29,283.29
2692,180,3,348.73,1046.19
2693,340,1,281.13,281.13
2693,61,3,118.22,354.65999999999997
2693,474,1,239.02,239.02
2693,376,2,120.28,240.56
2694,464,3,296.32,888.96
2694,107,1,262.2,262.2
2694,30,3,243.42,730.26
2694,62,2,403.84,807.68
2695,349,1,54.63,54.63
2696,6,2,23.99,47.98
2696,110,3,124.44,373.32
2696,374,2,415.45,830.9
2697,127,1,6.58,6.58
2697,225,3,14.73,44.19
2697,286,3,67.86,203.57999999999998
2697,478,1,356.16,356.16
2698,196,2,372.88,745.76
2698,414,1,457.0,457.0
2699,86,2,409.34,818.68
2700,163,2,307.1,614.2
2700,122,2,65.23,130.46
2701,305,2,80.66,161.32
2701,451,3,332.65,997.9499999999999
2701,5,2,132.04,264.08
2702,144,1,149.85,149.85
2702,18,3,395.52,1186.56
2702,278,3,178.94,536.8199999999999
2703,478,3,356.16,1068.48
2704,451,3,332.65,997.9499999999999
2704,476,3,121.13,363.39
2705,348,3,45.01,135.03
2706,405,2,26.88,53.76
2707,189,3,23.31,69.92999999999999
2708,415,2,454.18,908.36
2708,232,1,478.28,478.28
2709,57,1,281.31,281.31
2709,2,3,139.66,418.98
2709,39,3,105.83,317.49
2710,494,2,340.34,680.68
2710,124,1,130.44,130.44
2710,121,2,143.28,286.56
2710,304,2,282.76,565.52
2710,83,1,243.84,243.84
2711,399,3,62.97,188.91
2711,333,2,61.26,122.52
2711,158,3,269.42,808.26
2711,10,2,421.91,843.82
2712,4,2,15.4,30.8
2712,253,3,399.66,1198.98
2712,2,1,139.66,139.66
2712,267,1,347.18,347.18
2713,159,1,287.61,287.61
2713,86,1,409.34,409.34
2713,267,2,347.18,694.36
2714,315,3,30.07,90.21000000000001
2714,206,2,353.54,707.08
2714,443,1,365.07,365.07
2714,267,3,347.18,1041.54
2714,81,1,112.52,112.52
2715,440,3,362.37,1087.1100000000001
2716,439,3,201.62,604.86
2716,330,2,434.93,869.86
2716,406,3,7.55,22.65
2716,91,1,440.33,440.33
2716,344,2,138.55,277.1
2717,117,2,16.06,32.12
2717,328,2,251.99,503.98
2718,159,2,287.61,575.22
2718,292,1,335.18,335.18
2718,484,2,304.06,608.12
2719,50,3,347.73,1043.19
2719,93,1,325.85,325.85
2719,18,3,395.52,1186.56
2719,420,2,410.03,820.06
2719,181,2,369.11,738.22
2720,424,2,41.06,82.12
2720,330,2,434.93,869.86
2721,83,3,243.84,731.52
2722,130,2,201.64,403.28
2722,93,2,325.85,651.7
2722,236,3,495.48,1486.44
2722,49,1,486.05,486.05
2723,426,1,438.33,438.33
2723,134,3,9.79,29.369999999999997
2723,21,2,348.11,696.22
2723,216,3,256.85,770.5500000000001
2723,222,1,310.77,310.77
2724,172,2,171.63,343.26
2724,40,3,290.43,871.29
2724,191,1,334.45,334.45
2725,234,2,202.87,405.74
2725,31,3,384.06,1152.18
2725,488,1,243.3,243.3
2726,135,1,451.07,451.07
2726,119,3,120.42,361.26
2726,496,1,341.88,341.88
2727,6,1,23.99,23.99
2727,21,1,348.11,348.11
2727,121,2,143.28,286.56
2727,479,1,131.06,131.06
2727,356,1,346.58,346.58
2728,225,1,14.73,14.73
2728,48,3,113.06,339.18
2728,473,2,20.11,40.22
2729,127,1,6.58,6.58
2729,129,1,293.08,293.08
2729,329,1,361.76,361.76
2729,457,2,196.35,392.7
2729,397,1,154.37,154.37
2730,447,2,156.88,313.76
2730,201,2,258.09,516.18
2730,201,2,258.09,516.18
2731,405,3,26.88,80.64
2731,139,1,349.74,349.74
2731,407,2,474.34,948.68
2732,83,3,243.84,731.52
2733,84,2,239.85,479.7
2733,7,3,479.78,1439.34
2733,286,1,67.86,67.86
2733,396,1,69.93,69.93
2733,416,2,163.35,326.7
2734,241,1,463.38,463.38
2734,230,2,314.06,628.12
2735,388,1,439.12,439.12
2735,489,3,229.25,687.75
2735,251,3,208.81,626.4300000000001
2736,383,1,114.97,114.97
2736,357,2,213.41,426.82
2736,288,1,174.29,174.29
2736,182,1,491.56,491.56
2737,108,2,189.13,378.26
2737,349,3,54.63,163.89000000000001
2737,176,3,66.77,200.31
2737,391,3,14.9,44.7
2738,133,3,195.06,585.1800000000001
2738,337,1,226.35,226.35
2738,357,1,213.41,213.41
2739,249,3,143.22,429.65999999999997
2739,77,2,254.31,508.62
2739,408,1,182.79,182.79
2740,363,3,479.64,1438.92
2740,215,3,313.01,939.03
2740,393,2,129.5,259.0
2740,479,3,131.06,393.18
2741,429,3,257.85,773.5500000000001
2741,25,1,206.03,206.03
2742,426,1,438.33,438.33
2742,395,1,254.9,254.9
2743,46,3,51.28,153.84
2743,36,1,325.79,325.79
2743,150,1,216.59,216.59
2743,215,2,313.01,626.02
2744,54,3,393.16,1179.48
2744,279,1,273.72,273.72
2744,71,2,43.24,86.48
2744,80,1,296.1,296.1
2744,378,3,153.62,460.86
2745,208,3,342.64,1027.92
2745,394,3,202.77,608.3100000000001
2745,403,2,44.77,89.54
2746,314,2,78.8,157.6
2746,374,1,415.45,415.45
2747,357,3,213.41,640.23
2748,486,1,45.81,45.81
2748,14,2,127.52,255.04
2748,446,3,480.38,1441.1399999999999
2748,340,3,281.13,843.39
2749,271,2,188.99,377.98
2749,410,3,227.81,683.4300000000001
2749,325,1,470.48,470.48
2750,413,1,64.03,64.03
2750,363,1,479.64,479.64
2750,460,3,382.54,1147.6200000000001
2750,373,1,259.22,259.22
2750,195,3,280.71,842.1299999999999
2751,90,2,171.02,342.04
2751,400,2,297.67,595.34
2751,247,1,228.88,228.88
2751,360,3,396.94,1190.82
2751,75,2,123.97,247.94
2752,299,3,207.73,623.1899999999999
2752,120,2,480.49,960.98
2752,167,1,14.91,14.91
2752,485,3,165.35,496.04999999999995
2753,312,2,176.2,352.4
2753,271,3,188.99,566.97
2753,295,1,366.04,366.04
2753,9,2,331.01,662.02
2754,333,1,61.26,61.26
2754,38,3,437.95,1313.85
2755,103,3,363.27,1089.81
2755,65,1,318.4,318.4
2755,456,3,242.56,727.6800000000001
2755,296,1,348.54,348.54
2755,35,3,14.23,42.69
2756,105,2,414.79,829.58
2756,256,1,344.07,344.07
2756,19,1,343.63,343.63
2756,168,2,396.27,792.54
2757,493,2,435.98,871.96
2758,372,3,224.89,674.67
2758,263,2,168.0,336.0
2758,345,1,179.94,179.94
2759,154,3,371.7,1115.1
2759,458,2,290.04,580.08
2759,23,3,124.25,372.75
2760,201,3,258.09,774.27
2760,331,3,69.86,209.57999999999998
2761,98,3,375.73,1127.19
2761,264,2,165.99,331.98
2761,456,3,242.56,727.6800000000001
2762,242,2,233.81,467.62
2762,285,2,440.73,881.46
2763,296,1,348.54,348.54
2764,230,1,314.06,314.06
2764,54,2,393.16,786.32
2765,302,2,343.67,687.34
2765,83,1,243.84,243.84
2765,404,2,115.89,231.78
2765,143,3,248.2,744.5999999999999
2766,368,3,226.17,678.51
2766,454,1,122.06,122.06
2767,49,2,486.05,972.1
2767,383,2,114.97,229.94
2767,275,1,404.88,404.88
2767,271,2,188.99,377.98
2768,250,2,179.65,359.3
2768,339,2,327.73,655.46
2768,226,3,285.61,856.83
2769,294,2,159.06,318.12
2769,91,1,440.33,440.33
2769,118,3,355.19,1065.57
2770,326,1,337.22,337.22
2770,110,2,124.44,248.88
2770,128,3,19.74,59.22
2770,144,2,149.85,299.7
2770,423,1,317.55,317.55
2771,125,3,61.95,185.85000000000002
2771,440,2,362.37,724.74
2771,110,1,124.44,124.44
2771,467,3,24.18,72.53999999999999
2772,468,2,24.15,48.3
2772,446,3,480.38,1441.1399999999999
2773,91,2,440.33,880.66
2773,429,2,257.85,515.7
2774,335,3,255.49,766.47
2774,433,3,457.16,1371.48
2774,72,1,455.9,455.9
2774,18,3,395.52,1186.56
2774,437,3,150.85,452.54999999999995
2775,404,1,115.89,115.89
2775,281,3,173.96,521.88
2775,232,2,478.28,956.56
2775,268,1,430.32,430.32
2775,433,1,457.16,457.16
2776,42,1,38.5,38.5
2776,18,3,395.52,1186.56
2776,380,3,378.14,1134.42
2776,341,3,469.56,1408.68
2777,31,2,384.06,768.12
2778,429,3,257.85,773.5500000000001
2778,15,2,190.65,381.3
2779,163,1,307.1,307.1
2779,425,2,211.7,423.4
2780,13,2,41.35,82.7
2780,347,3,186.64,559.92
2780,224,1,133.14,133.14
2780,224,2,133.14,266.28
2781,275,2,404.88,809.76
2781,400,1,297.67,297.67
2781,13,2,41.35,82.7
2782,327,3,357.39,1072.17
2782,243,2,358.15,716.3
2783,396,1,69.93,69.93
2783,118,3,355.19,1065.57
2783,228,2,469.49,938.98
2783,243,1,358.15,358.15
2784,478,3,356.16,1068.48
2784,388,2,439.12,878.24
2785,464,1,296.32,296.32
2785,250,2,179.65,359.3
2785,233,1,76.89,76.89
2786,215,3,313.01,939.03
2786,432,2,18.81,37.62
2786,190,2,387.18,774.36
2787,419,1,139.16,139.16
2787,363,1,479.64,479.64
2787,152,2,436.45,872.9
2787,222,1,310.77,310.77
2788,338,3,287.2,861.5999999999999
2788,313,2,181.23,362.46
2788,311,3,432.8,1298.4
2788,253,2,399.66,799.32
2789,100,3,175.13,525.39
2789,152,3,436.45,1309.35
2790,151,2,369.64,739.28
2790,151,1,369.64,369.64
2790,396,1,69.93,69.93
2790,336,3,41.55,124.64999999999999
2790,31,1,384.06,384.06
2791,52,2,207.19,414.38
2791,199,3,355.65,1066.9499999999998
2792,407,1,474.34,474.34
2792,423,3,317.55,952.6500000000001
2792,337,3,226.35,679.05
2792,162,2,153.38,306.76
2793,334,3,281.98,845.94
2793,390,1,49.86,49.86
2793,98,3,375.73,1127.19
2793,475,1,426.61,426.61
2794,215,3,313.01,939.03
2794,475,3,426.61,1279.83
2794,357,3,213.41,640.23
2794,116,2,490.7,981.4
2794,198,3,209.69,629.0699999999999
2795,220,2,58.27,116.54
2795,223,3,80.53,241.59
2796,333,2,61.26,122.52
2797,264,1,165.99,165.99
2797,166,1,474.92,474.92
2798,233,1,76.89,76.89
2798,187,2,315.62,631.24
2798,483,1,70.53,70.53
2798,183,3,206.12,618.36
2798,389,2,497.51,995.02
2799,281,3,173.96,521.88
2800,284,1,322.24,322.24
2800,406,3,7.55,22.65
2801,480,2,209.16,418.32
2801,196,1,372.88,372.88
2801,23,1,124.25,124.25
2801,402,2,336.6,673.2
2801,289,1,427.58,427.58
2802,499,2,139.95,279.9
2802,271,3,188.99,566.97
2802,185,2,236.39,472.78
2802,420,3,410.03,1230.09
2802,479,2,131.06,262.12
2803,151,1,369.64,369.64
2803,413,2,64.03,128.06
2803,121,2,143.28,286.56
2804,106,2,422.11,844.22
2804,49,2,486.05,972.1
2804,136,2,277.36,554.72
2804,356,2,346.58,693.16
2804,288,3,174.29,522.87
2805,198,3,209.69,629.0699999999999
2805,146,3,299.06,897.1800000000001
2805,112,2,17.77,35.54
2806,92,1,86.51,86.51
2806,199,1,355.65,355.65
2806,190,2,387.18,774.36
2806,124,2,130.44,260.88
2807,16,3,191.38,574.14
2807,285,1,440.73,440.73
2808,96,3,95.56,286.68
2808,82,1,479.76,479.76
2809,95,1,452.34,452.34
2809,233,2,76.89,153.78
2809,269,2,183.25,366.5
2809,27,1,432.61,432.61
2809,183,1,206.12,206.12
2810,453,3,335.96,1007.8799999999999
2810,19,1,343.63,343.63
2810,376,2,120.28,240.56
2811,498,3,48.54,145.62
2811,36,2,325.79,651.58
2811,384,1,9.03,9.03
2812,453,3,335.96,1007.8799999999999
2812,342,3,19.87,59.61
2812,236,2,495.48,990.96
2812,275,1,404.88,404.88
2813,454,1,122.06,122.06
2813,22,3,491.32,1473.96
2814,55,2,243.64,487.28
2814,419,3,139.16,417.48
2815,331,3,69.86,209.57999999999998
2816,262,3,356.94,1070.82
2816,217,3,80.51,241.53000000000003
2817,363,3,479.64,1438.92
2818,259,1,200.38,200.38
2818,235,2,384.75,769.5
2818,9,2,331.01,662.02
2818,6,3,23.99,71.97
2819,35,1,14.23,14.23
2819,216,2,256.85,513.7
2819,459,2,220.51,441.02
2819,473,2,20.11,40.22
2819,212,2,381.28,762.56
2820,419,3,139.16,417.48
2821,399,1,62.97,62.97
2821,486,1,45.81,45.81
2821,235,2,384.75,769.5
2822,414,1,457.0,457.0
2822,169,1,466.19,466.19
2822,447,2,156.88,313.76
2822,251,2,208.81,417.62
2823,252,1,333.44,333.44
2823,130,3,201.64,604.92
2823,114,3,108.7,326.1
2823,8,2,236.88,473.76
2824,349,3,54.63,163.89000000000001
2824,213,3,343.62,1030.8600000000001
2824,88,2,361.93,723.86
2824,329,2,361.76,723.52
2825,317,1,75.98,75.98
2825,459,1,220.51,220.51
2825,17,1,430.34,430.34
2826,182,3,491.56,1474.68
2826,232,3,478.28,1434.84
2826,65,3,318.4,955.1999999999999
2826,482,3,479.46,1438.3799999999999
2827,4,3,15.4,46.2
2827,114,2,108.7,217.4
2827,245,3,426.38,1279.1399999999999
2827,318,3,219.59,658.77
2827,71,1,43.24,43.24
2828,238,3,150.48,451.43999999999994
2829,467,3,24.18,72.53999999999999
2829,55,1,243.64,243.64
2829,500,1,236.72,236.72
2829,278,2,178.94,357.88
2830,323,3,5.34,16.02
2830,386,3,273.27,819.81
2831,62,3,403.84,1211.52
2832,246,1,234.51,234.51
2833,304,1,282.76,282.76
2833,175,3,235.77,707.3100000000001
2833,99,1,142.89,142.89
2834,324,2,311.54,623.08
2834,251,2,208.81,417.62
2834,365,3,373.53,1120.59
2834,55,1,243.64,243.64
2834,387,1,130.92,130.92
2835,250,1,179.65,179.65
2835,318,1,219.59,219.59
2835,472,2,485.93,971.86
2835,61,1,118.22,118.22
2836,300,3,250.81,752.4300000000001
2836,91,3,440.33,1320.99
2836,227,2,413.65,827.3
2836,361,3,89.18,267.54
2837,196,2,372.88,745.76
2837,42,3,38.5,115.5
2837,369,3,492.83,1478.49
2837,264,3,165.99,497.97
2838,326,1,337.22,337.22
2838,4,3,15.4,46.2
2839,399,2,62.97,125.94
2839,336,3,41.55,124.64999999999999
2839,279,1,273.72,273.72
2839,449,2,209.61,419.22
2840,401,1,99.91,99.91
2840,446,3,480.38,1441.1399999999999
2840,68,2,5.86,11.72
2840,324,3,311.54,934.6200000000001
2841,31,2,384.06,768.12
2841,266,1,292.77,292.77
2841,380,2,378.14,756.28
2841,152,1,436.45,436.45
2841,465,3,484.34,1453.02
2842,429,1,257.85,257.85
2842,455,1,105.02,105.02
2842,428,1,48.76,48.76
2842,307,1,75.2,75.2
2842,77,2,254.31,508.62
2843,357,3,213.41,640.23
2843,396,3,69.93,209.79000000000002
2844,49,2,486.05,972.1
2844,308,1,477.22,477.22
2844,84,1,239.85,239.85
2845,347,2,186.64,373.28
2846,193,2,271.29,542.58
2847,231,1,376.58,376.58
2847,233,2,76.89,153.78
2847,362,3,110.19,330.57
2848,283,3,391.26,1173.78
2848,494,1,340.34,340.34
2848,294,3,159.06,477.18
2848,282,3,463.34,1390.02
2849,428,1,48.76,48.76
2849,447,2,156.88,313.76
2850,96,2,95.56,191.12
2850,10,3,421.91,1265.73
2850,459,1,220.51,220.51
2851,312,2,176.2,352.4
2851,395,1,254.9,254.9
2851,295,2,366.04,732.08
2852,62,3,403.84,1211.52
2852,390,1,49.86,49.86
2853,144,3,149.85,449.54999999999995
2853,160,1,386.52,386.52
2854,104,2,355.23,710.46
2854,56,2,258.91,517.82
2854,364,3,469.93,1409.79
2855,47,1,140.75,140.75
2855,440,3,362.37,1087.1100000000001
2855,250,3,179.65,538.95
2855,203,1,490.13,490.13
2855,152,1,436.45,436.45
2856,302,3,343.67,1031.01
2857,245,3,426.38,1279.1399999999999
2857,390,3,49.86,149.57999999999998
2858,437,1,150.85,150.85
2858,189,3,23.31,69.92999999999999
2858,190,3,387.18,1161.54
2859,372,1,224.89,224.89
2859,167,3,14.91,44.730000000000004
2859,278,3,178.94,536.8199999999999
2860,42,3,38.5,115.5
2860,172,2,171.63,343.26
2860,336,3,41.55,124.64999999999999
2860,301,2,287.0,574.0
2861,144,2,149.85,299.7
2861,33,2,199.18,398.36
2861,52,3,207.19,621.5699999999999
2861,355,3,344.54,1033.6200000000001
2862,146,2,299.06,598.12
2862,257,2,287.88,575.76
2862,16,3,191.38,574.14
2862,310,2,78.93,157.86
2863,190,3,387.18,1161.54
2863,114,2,108.7,217.4
2863,152,3,436.45,1309.35
2864,122,3,65.23,195.69
2864,409,2,98.63,197.26
2864,375,2,259.59,519.18
2864,347,3,186.64,559.92
2865,300,2,250.81,501.62
2865,283,3,391.26,1173.78
2865,391,1,14.9,14.9
2865,488,2,243.3,486.6
2865,391,2,14.9,29.8
2866,15,2,190.65,381.3
2866,64,1,330.1,330.1
2866,176,1,66.77,66.77
2867,50,3,347.73,1043.19
2867,22,1,491.32,491.32
2867,331,2,69.86,139.72
2868,228,2,469.49,938.98
2868,93,2,325.85,651.7
2869,327,3,357.39,1072.17
2869,445,3,124.24,372.71999999999997
2869,457,2,196.35,392.7
2870,392,3,364.88,1094.6399999999999
2871,319,3,132.86,398.58000000000004
2872,429,1,257.85,257.85
2872,400,2,297.67,595.34
2872,127,2,6.58,13.16
2872,250,2,179.65,359.3
2873,270,2,132.23,264.46
2873,260,2,459.47,918.94
2873,360,3,396.94,1190.82
2873,400,3,297.67,893.01
2874,349,2,54.63,109.26
2874,63,2,270.0,540.0
2874,42,3,38.5,115.5
2875,183,3,206.12,618.36
2875,279,1,273.72,273.72
2876,85,1,173.78,173.78
2876,209,3,195.24,585.72
2876,176,2,66.77,133.54
2877,414,3,457.0,1371.0
2877,246,2,234.51,469.02
2877,265,3,452.37,1357.1100000000001
2877,78,1,164.41,164.41
2878,272,2,182.96,365.92
2878,301,3,287.0,861.0
2878,226,3,285.61,856.83
2879,240,1,98.4,98.4
2879,76,2,476.31,952.62
2880,4,1,15.4,15.4
2880,482,3,479.46,1438.3799999999999
2880,32,2,284.06,568.12
2880,116,1,490.7,490.7
2881,355,3,344.54,1033.6200000000001
2881,278,2,178.94,357.88
2881,284,1,322.24,322.24
2881,315,1,30.07,30.07
2881,244,1,286.63,286.63
2882,313,1,181.23,181.23
2882,453,2,335.96,671.92
2882,129,2,293.08,586.16
2883,295,3,366.04,1098.1200000000001
2883,171,3,35.49,106.47
2883,206,2,353.54,707.08
2883,75,3,123.97,371.90999999999997
2884,43,3,84.75,254.25
2884,116,3,490.7,1472.1
2884,61,2,118.22,236.44
2884,477,3,155.19,465.57
2884,210,2,366.8,733.6
2885,355,1,344.54,344.54
2885,444,1,232.11,232.11
2885,63,2,270.0,540.0
2885,217,2,80.51,161.02
2886,386,1,273.27,273.27
2886,157,1,208.56,208.56
2886,353,1,303.46,303.46
2886,260,3,459.47,1378.41
2887,400,1,297.67,297.67
2887,1,3,107.54,322.62
2887,355,3,344.54,1033.6200000000001
2887,479,1,131.06,131.06
2887,363,1,479.64,479.64
2888,235,1,384.75,384.75
2888,148,1,228.08,228.08
2888,357,3,213.41,640.23
2888,480,2,209.16,418.32
2888,496,3,341.88,1025.6399999999999
2889,94,2,186.09,372.18
2889,222,2,310.77,621.54
2890,23,2,124.25,248.5
2890,218,1,213.29,213.29
2890,290,1,334.81,334.81
2891,296,1,348.54,348.54
2892,152,2,436.45,872.9
2892,20,2,446.93,893.86
2893,489,1,229.25,229.25
2894,45,3,442.81,1328.43
2894,332,1,450.12,450.12
2895,12,1,291.6,291.6
2895,496,3,341.88,1025.6399999999999
2895,293,1,487.59,487.59
2895,488,1,243.3,243.3
2896,311,3,432.8,1298.4
2896,368,2,226.17,452.34
2897,430,2,379.23,758.46
2897,397,1,154.37,154.37
2897,463,1,76.72,76.72
2897,306,2,12.42,24.84
2898,191,3,334.45,1003.3499999999999
2899,7,1,479.78,479.78
2899,493,2,435.98,871.96
2899,421,1,450.64,450.64
2899,210,2,366.8,733.6
2900,245,3,426.38,1279.1399999999999
2900,126,2,320.91,641.82
2900,470,2,67.19,134.38
2900,490,2,487.09,974.18
2901,44,1,437.15,437.15
2901,406,3,7.55,22.65
2902,333,1,61.26,61.26
2902,12,1,291.6,291.6
2902,131,1,286.17,286.17
2903,130,1,201.64,201.64
2903,340,1,281.13,281.13
2904,298,2,310.25,620.5
2904,492,3,28.24,84.72
2904,443,3,365.07,1095.21
2905,404,3,115.89,347.67
2905,213,1,343.62,343.62
2906,63,1,270.0,270.0
2907,24,2,497.43,994.86
2907,378,2,153.62,307.24
2907,244,2,286.63,573.26
2907,302,1,343.67,343.67
2908,462,3,153.15,459.45000000000005
2908,2,2,139.66,279.32
2908,492,1,28.24,28.24
2909,198,2,209.69,419.38
2909,218,3,213.29,639.87
2910,484,1,304.06,304.06
2910,157,1,208.56,208.56
2911,1,2,107.54,215.08
2911,283,3,391.26,1173.78
2911,109,1,489.42,489.42
2912,413,1,64.03,64.03
2912,335,3,255.49,766.47
2912,450,1,245.71,245.71
2912,463,1,76.72,76.72
2913,96,2,95.56,191.12
2913,341,3,469.56,1408.68
2913,297,3,225.21,675.63
2913,88,1,361.93,361.93
2913,342,1,19.87,19.87
2914,290,1,334.81,334.81
2914,384,3,9.03,27.089999999999996
2914,483,3,70.53,211.59
2914,301,3,287.0,861.0
2915,72,1,455.9,455.9
2916,400,3,297.67,893.01
2916,202,1,174.67,174.67
2916,354,3,107.87,323.61
2917,121,3,143.28,429.84000000000003
2917,416,2,163.35,326.7
2917,401,1,99.91,99.91
2918,306,2,12.42,24.84
2918,460,1,382.54,382.54
2918,363,2,479.64,959.28
2918,98,3,375.73,1127.19
2918,294,1,159.06,159.06
2919,310,2,78.93,157.86
2919,398,1,182.45,182.45
2919,308,3,477.22,1431.66
2919,277,1,74.18,74.18
2919,96,1,95.56,95.56
2920,273,2,193.27,386.54
2920,444,1,232.11,232.11
2921,174,3,258.78,776.3399999999999
2921,357,3,213.41,640.23
2922,391,1,14.9,14.9
2922,93,2,325.85,651.7
2922,494,1,340.34,340.34
2922,115,2,200.47,400.94
2922,496,1,341.88,341.88
2923,358,2,198.63,397.26
2923,54,2,393.16,786.32
2924,70,2,420.8,841.6
2924,278,1,178.94,178.94
2924,119,2,120.42,240.84
2924,304,1,282.76,282.76
2924,319,2,132.86,265.72
2925,302,2,343.67,687.34
2925,375,1,259.59,259.59
2925,179,3,422.57,1267.71
2925,460,2,382.54,765.08
2925,430,3,379.23,1137.69
2926,172,3,171.63,514.89
2927,433,2,457.16,914.32
2927,288,2,174.29,348.58
2927,46,3,51.28,153.84
2928,344,1,138.55,138.55
2928,110,3,124.44,373.32
2928,374,2,415.45,830.9
2928,132,1,409.11,409.11
2929,280,1,346.03,346.03
2930,69,1,494.8,494.8
2930,461,3,472.53,1417.59
2930,469,1,351.84,351.84
2930,385,2,177.56,355.12
2930,470,3,67.19,201.57
2931,342,1,19.87,19.87
2931,407,1,474.34,474.34
2931,395,1,254.9,254.9
2931,342,3,19.87,59.61
2932,293,1,487.59,487.59
2932,105,2,414.79,829.58
2933,109,2,489.42,978.84
2933,396,2,69.93,139.86
2933,222,2,310.77,621.54
2933,330,3,434.93,1304.79
2933,486,1,45.81,45.81
2934,409,2,98.63,197.26
2934,227,1,413.65,413.65
2934,473,3,20.11,60.33
2934,147,2,404.23,808.46
2935,304,3,282.76,848.28
2935,32,1,284.06,284.06
2935,360,2,396.94,793.88
2936,178,1,449.89,449.89
2936,393,2,129.5,259.0
2936,252,2,333.44,666.88
2936,350,3,170.56,511.68
2937,434,3,379.85,1139.5500000000002
2937,279,2,273.72,547.44
2937,274,2,203.73,407.46
2937,418,3,141.62,424.86
2937,88,3,361.93,1085.79
2938,470,1,67.19,67.19
2938,395,1,254.9,254.9
2939,339,3,327.73,983.19
2940,499,2,139.95,279.9
2940,139,2,349.74,699.48
2940,173,2,364.45,728.9
2940,498,1,48.54,48.54
2941,276,2,254.66,509.32
2941,97,1,91.52,91.52
2942,422,2,275.45,550.9
2942,184,2,119.59,239.18
2942,65,2,318.4,636.8
2942,364,3,469.93,1409.79
2942,230,3,314.06,942.1800000000001
2943,446,3,480.38,1441.1399999999999
2943,46,1,51.28,51.28
2943,256,1,344.07,344.07
2944,264,3,165.99,497.97
2945,93,1,325.85,325.85
2945,478,3,356.16,1068.48
2945,175,1,235.77,235.77
2946,277,3,74.18,222.54000000000002
2947,409,1,98.63,98.63
2947,397,3,154.37,463.11
2947,500,3,236.72,710.16
2947,499,2,139.95,279.9
2948,478,2,356.16,712.32
2949,478,2,356.16,712.32
2949,34,2,150.14,300.28
2949,343,1,220.03,220.03
2950,27,1,432.61,432.61
2950,174,2,258.78,517.56
2950,473,3,20.11,60.33
2950,235,2,384.75,769.5
2950,261,1,235.72,235.72
2951,6,1,23.99,23.99
2951,400,2,297.67,595.34
2951,312,3,176.2,528.5999999999999
2951,133,1,195.06,195.06
2951,24,3,497.43,1492.29
2952,259,1,200.38,200.38
2952,94,3,186.09,558.27
2952,10,1,421.91,421.91
2953,138,3,93.72,281.15999999999997
2954,24,3,497.43,1492.29
2954,6,1,23.99,23.99
2954,235,2,384.75,769.5
2955,26,3,170.87,512.61
2955,178,1,449.89,449.89
2956,454,1,122.06,122.06
2956,436,1,41.76,41.76
2956,391,3,14.9,44.7
2956,347,1,186.64,186.64
2957,311,1,432.8,432.8
2958,287,3,477.19,1431.57
2958,449,1,209.61,209.61
2958,215,2,313.01,626.02
2959,131,1,286.17,286.17
2959,201,2,258.09,516.18
2959,215,2,313.01,626.02
2959,427,1,323.5,323.5
2959,100,1,175.13,175.13
2960,223,3,80.53,241.59
2960,120,2,480.49,960.98
2960,41,3,314.77,944.31
2960,195,1,280.71,280.71
2960,368,2,226.17,452.34
2961,218,2,213.29,426.58
2962,447,1,156.88,156.88
2962,8,2,236.88,473.76
2962,21,2,348.11,696.22
2962,20,2,446.93,893.86
2962,406,2,7.55,15.1
2963,122,1,65.23,65.23
2964,83,1,243.84,243.84
2964,453,3,335.96,1007.8799999999999
2965,466,2,465.33,930.66
2966,145,2,438.41,876.82
2966,58,1,462.1,462.1
2966,77,3,254.31,762.9300000000001
2966,244,2,286.63,573.26
2967,403,2,44.77,89.54
2967,212,2,381.28,762.56
2967,273,2,193.27,386.54
2968,2,3,139.66,418.98
2968,68,2,5.86,11.72
2968,291,2,336.86,673.72
2968,407,2,474.34,948.68
2969,225,2,14.73,29.46
2969,328,2,251.99,503.98
2969,8,2,236.88,473.76
2969,178,1,449.89,449.89
2969,238,2,150.48,300.96
2970,388,3,439.12,1317.3600000000001
2970,352,2,23.31,46.62
2970,478,3,356.16,1068.48
2971,391,1,14.9,14.9
2971,495,3,239.08,717.24
2971,231,1,376.58,376.58
2971,42,1,38.5,38.5
2971,68,3,5.86,17.580000000000002
2972,190,2,387.18,774.36
2972,87,2,367.59,735.18
2972,345,2,179.94,359.88
2972,136,3,277.36,832.08
2973,445,2,124.24,248.48
2974,24,2,497.43,994.86
2974,492,2,28.24,56.48
2974,294,1,159.06,159.06
2975,335,1,255.49,255.49
2975,398,3,182.45,547.3499999999999
2975,1,2,107.54,215.08
2975,39,3,105.83,317.49
2976,63,3,270.0,810.0
2976,17,2,430.34,860.68
2977,16,1,191.38,191.38
2977,384,2,9.03,18.06
2977,168,3,396.27,1188.81
2977,69,2,494.8,989.6
2978,352,1,23.31,23.31
2978,362,3,110.19,330.57
2978,117,3,16.06,48.17999999999999
2978,220,3,58.27,174.81
2978,64,1,330.1,330.1
2979,265,1,452.37,452.37
2979,222,3,310.77,932.31
2979,387,2,130.92,261.84
2979,62,1,403.84,403.84
2980,292,2,335.18,670.36
2981,325,3,470.48,1411.44
2982,236,2,495.48,990.96
2982,220,3,58.27,174.81
2982,482,2,479.46,958.92
2982,150,1,216.59,216.59
2982,382,1,65.87,65.87
2983,216,2,256.85,513.7
2983,242,3,233.81,701.4300000000001
2983,190,3,387.18,1161.54
2984,304,3,282.76,848.28
2984,149,1,111.19,111.19
2984,93,1,325.85,325.85
2985,121,2,143.28,286.56
2985,170,2,432.62,865.24
2985,464,2,296.32,592.64
2985,489,2,229.25,458.5
2986,234,1,202.87,202.87
2986,451,1,332.65,332.65
2987,128,3,19.74,59.22
2988,79,1,102.92,102.92
2989,409,2,98.63,197.26
2989,258,1,440.33,440.33
2989,276,1,254.66,254.66
2989,446,1,480.38,480.38
2990,207,2,68.25,136.5
2990,260,1,459.47,459.47
2990,360,3,396.94,1190.82
2990,51,3,124.89,374.67
2991,499,1,139.95,139.95
2991,61,2,118.22,236.44
2991,303,2,384.8,769.6
2991,221,1,42.15,42.15
2992,172,2,171.63,343.26
2992,153,2,435.4,870.8
2993,47,2,140.75,281.5
2993,93,1,325.85,325.85
2993,372,1,224.89,224.89
2993,236,2,495.48,990.96
2993,450,2,245.71,491.42
2994,125,1,61.95,61.95
2994,293,2,487.59,975.18
2995,496,3,341.88,1025.6399999999999
2996,435,3,219.72,659.16
2996,399,2,62.97,125.94
2996,84,1,239.85,239.85
2996,96,2,95.56,191.12
2997,438,3,100.54,301.62
2997,451,2,332.65,665.3
2997,495,1,239.08,239.08
2998,273,3,193.27,579.8100000000001
2998,284,3,322.24,966.72
2999,290,2,334.81,669.62
2999,73,1,279.0,279.0
2999,242,3,233.81,701.4300000000001
2999,82,3,479.76,1439.28
3000,127,3,6.58,19.740000000000002
3000,389,3,497.51,1492.53
3000,279,2,273.72,547.44
3000,500,1,236.72,236.72
3001,181,2,369.11,738.22
3001,453,1,335.96,335.96
3001,247,1,228.88,228.88
3001,58,1,462.1,462.1
3001,472,1,485.93,485.93
3002,72,3,455.9,1367.6999999999998
3002,335,3,255.49,766.47
3002,23,1,124.25,124.25
3002,270,2,132.23,264.46
3002,498,1,48.54,48.54
3003,227,2,413.65,827.3
3003,120,2,480.49,960.98
3004,354,2,107.87,215.74
3004,286,2,67.86,135.72
3004,354,3,107.87,323.61
3004,252,3,333.44,1000.3199999999999
3005,197,2,66.56,133.12
3006,303,3,384.8,1154.4
3006,3,1,458.68,458.68
3006,171,2,35.49,70.98
3006,4,3,15.4,46.2
3007,109,3,489.42,1468.26
3007,185,2,236.39,472.78
3007,91,3,440.33,1320.99
3007,499,2,139.95,279.9
3008,466,1,465.33,465.33
3009,217,1,80.51,80.51
3010,56,3,258.91,776.73
3011,129,1,293.08,293.08
3011,462,3,153.15,459.45000000000005
3011,148,1,228.08,228.08
3011,347,2,186.64,373.28
3012,411,2,311.19,622.38
3012,272,1,182.96,182.96
3012,450,3,245.71,737.13
3012,78,1,164.41,164.41
3012,17,3,430.34,1291.02
3013,188,2,331.07,662.14
3013,340,3,281.13,843.39
3013,327,3,357.39,1072.17
3013,200,3,134.77,404.31000000000006
3014,376,2,120.28,240.56
3014,143,3,248.2,744.5999999999999
3014,385,2,177.56,355.12
3014,35,3,14.23,42.69
3014,288,3,174.29,522.87
3015,436,1,41.76,41.76
3016,165,3,170.69,512.0699999999999
3016,33,1,199.18,199.18
3016,232,3,478.28,1434.84
3017,455,1,105.02,105.02
3017,3,1,458.68,458.68
3017,299,3,207.73,623.1899999999999
3018,46,1,51.28,51.28
3019,115,1,200.47,200.47
3019,145,2,438.41,876.82
3019,57,3,281.31,843.9300000000001
3020,77,1,254.31,254.31
3020,108,1,189.13,189.13
3021,324,3,311.54,934.6200000000001
3021,1,2,107.54,215.08
3022,214,2,460.83,921.66
3022,271,2,188.99,377.98
3022,421,1,450.64,450.64
3022,483,2,70.53,141.06
3023,162,3,153.38,460.14
3023,437,3,150.85,452.54999999999995
3023,356,2,346.58,693.16
3023,281,3,173.96,521.88
3023,257,1,287.88,287.88
3024,172,1,171.63,171.63
3024,96,1,95.56,95.56
3025,248,1,255.64,255.64
3025,101,1,38.7,38.7
3026,416,2,163.35,326.7
3026,309,3,484.02,1452.06
3027,395,3,254.9,764.7
3027,208,2,342.64,685.28
3027,162,2,153.38,306.76
3027,233,2,76.89,153.78
3028,64,1,330.1,330.1
3028,201,2,258.09,516.18
3029,118,1,355.19,355.19
3029,229,2,230.52,461.04
3029,457,3,196.35,589.05
3030,356,1,346.58,346.58
3031,200,3,134.77,404.31000000000006
3031,428,1,48.76,48.76
3032,106,3,422.11,1266.33
3032,67,2,439.97,879.94
3032,227,1,413.65,413.65
3033,369,2,492.83,985.66
3033,10,3,421.91,1265.73
3034,206,1,353.54,353.54
3034,430,3,379.23,1137.69
3034,136,2,277.36,554.72
3034,101,3,38.7,116.10000000000001
3035,414,3,457.0,1371.0
3035,358,1,198.63,198.63
3035,367,1,403.14,403.14
3035,288,2,174.29,348.58
3035,273,2,193.27,386.54
3036,57,2,281.31,562.62
3037,378,3,153.62,460.86
3038,495,1,239.08,239.08
3039,260,2,459.47,918.94
3039,195,1,280.71,280.71
3039,260,3,459.47,1378.41
3039,179,2,422.57,845.14
3039,214,3,460.83,1382.49
3040,305,2,80.66,161.32
3040,304,3,282.76,848.28
3040,163,1,307.1,307.1
3040,364,2,469.93,939.86
3040,151,3,369.64,1108.92
3041,439,3,201.62,604.86
3041,447,1,156.88,156.88
3041,237,1,236.39,236.39
3041,57,1,281.31,281.31
3041,268,2,430.32,860.64
3042,30,3,243.42,730.26
3042,146,3,299.06,897.1800000000001
3042,79,1,102.92,102.92
3042,347,1,186.64,186.64
3043,328,1,251.99,251.99
3043,289,1,427.58,427.58
3043,309,2,484.02,968.04
3043,238,1,150.48,150.48
3044,457,3,196.35,589.05
3044,133,1,195.06,195.06
3044,386,3,273.27,819.81
3045,334,1,281.98,281.98
3045,305,1,80.66,80.66
3045,209,1,195.24,195.24
3046,223,1,80.53,80.53
3047,315,1,30.07,30.07
3047,205,1,59.11,59.11
3048,289,1,427.58,427.58
3048,362,1,110.19,110.19
3049,231,3,376.58,1129.74
3049,470,1,67.19,67.19
3049,262,2,356.94,713.88
3049,455,3,105.02,315.06
3049,498,2,48.54,97.08
3050,485,2,165.35,330.7
3050,230,2,314.06,628.12
3051,215,3,313.01,939.03
3052,212,2,381.28,762.56
3052,223,3,80.53,241.59
3053,434,3,379.85,1139.5500000000002
3053,380,1,378.14,378.14
3054,257,2,287.88,575.76
3054,30,2,243.42,486.84
3054,322,3,325.9,977.6999999999999
3054,228,2,469.49,938.98
3054,36,2,325.79,651.58
3055,239,1,254.23,254.23
3055,348,1,45.01,45.01
3055,60,2,407.73,815.46
3056,442,3,470.37,1411.1100000000001
3057,126,2,320.91,641.82
3058,226,3,285.61,856.83
3058,354,3,107.87,323.61
3059,115,1,200.47,200.47
3059,319,1,132.86,132.86
3059,111,2,283.29,566.58
3059,243,3,358.15,1074.4499999999998
3059,156,1,404.58,404.58
3060,168,3,396.27,1188.81
3060,92,1,86.51,86.51
3060,242,1,233.81,233.81
3060,328,2,251.99,503.98
3061,131,1,286.17,286.17
3061,496,2,341.88,683.76
3062,381,1,212.11,212.11
3062,472,3,485.93,1457.79
3062,26,2,170.87,341.74
3062,493,2,435.98,871.96
3063,441,2,314.36,628.72
3063,359,2,353.69,707.38
3063,384,2,9.03,18.06
3064,288,3,174.29,522.87
3064,59,1,471.15,471.15
3064,141,1,257.07,257.07
3064,155,2,77.89,155.78
3064,10,2,421.91,843.82
3065,407,1,474.34,474.34
3066,266,2,292.77,585.54
3066,17,1,430.34,430.34
3066,196,2,372.88,745.76
3067,147,1,404.23,404.23
3067,404,2,115.89,231.78
3068,302,3,343.67,1031.01
3068,210,2,366.8,733.6
3068,5,3,132.04,396.12
3069,172,1,171.63,171.63
3069,147,2,404.23,808.46
3069,242,1,233.81,233.81
3069,24,3,497.43,1492.29
3069,329,2,361.76,723.52
3070,257,1,287.88,287.88
3070,306,1,12.42,12.42
3070,410,1,227.81,227.81
3071,389,2,497.51,995.02
3071,53,3,440.06,1320.18
3071,141,2,257.07,514.14
3072,472,3,485.93,1457.79
3072,228,2,469.49,938.98
3073,19,1,343.63,343.63
3073,425,2,211.7,423.4
3074,498,2,48.54,97.08
3074,121,3,143.28,429.84000000000003
3074,499,3,139.95,419.84999999999997
3075,160,2,386.52,773.04
3076,444,1,232.11,232.11
3077,326,2,337.22,674.44
3077,347,2,186.64,373.28
3077,265,2,452.37,904.74
3078,415,3,454.18,1362.54
3078,312,3,176.2,528.5999999999999
3079,109,1,489.42,489.42
3079,45,3,442.81,1328.43
3080,483,1,70.53,70.53
3080,61,1,118.22,118.22
3080,412,3,343.82,1031.46
3081,331,1,69.86,69.86
3082,214,3,460.83,1382.49
3082,455,3,105.02,315.06
3082,349,1,54.63,54.63
3082,427,2,323.5,647.0
3082,308,2,477.22,954.44
3083,493,2,435.98,871.96
3083,221,3,42.15,126.44999999999999
3083,315,2,30.07,60.14
3084,365,2,373.53,747.06
3084,49,2,486.05,972.1
3085,161,1,281.23,281.23
3085,415,2,454.18,908.36
3085,321,2,271.53,543.06
3085,52,2,207.19,414.38
3086,273,3,193.27,579.8100000000001
3086,300,1,250.81,250.81
3086,56,3,258.91,776.73
3086,162,2,153.38,306.76
3086,118,3,355.19,1065.57
3087,159,3,287.61,862.83
3087,46,1,51.28,51.28
3088,446,2,480.38,960.76
3088,210,1,366.8,366.8
3089,393,2,129.5,259.0
3090,54,3,393.16,1179.48
3090,128,3,19.74,59.22
3090,451,2,332.65,665.3
3090,209,1,195.24,195.24
3090,157,3,208.56,625.6800000000001
3091,470,1,67.19,67.19
3091,258,2,440.33,880.66
3091,267,3,347.18,1041.54
3092,64,3,330.1,990.3000000000001
3092,221,1,42.15,42.15
3092,44,2,437.15,874.3
3092,246,3,234.51,703.53
3093,180,1,348.73,348.73
3093,357,2,213.41,426.82
3093,50,3,347.73,1043.19
3093,161,1,281.23,281.23
3093,129,2,293.08,586.16
3094,309,1,484.02,484.02
3095,208,3,342.64,1027.92
3095,270,3,132.23,396.68999999999994
3095,360,1,396.94,396.94
3095,494,2,340.34,680.68
3095,423,3,317.55,952.6500000000001
3096,41,2,314.77,629.54
3096,428,2,48.76,97.52
3096,345,1,179.94,179.94
3097,484,3,304.06,912.1800000000001
3097,33,2,199.18,398.36
3097,401,2,99.91,199.82
3097,451,1,332.65,332.65
3097,419,2,139.16,278.32
3098,76,1,476.31,476.31
3098,242,1,233.81,233.81
3098,421,1,450.64,450.64
3098,273,2,193.27,386.54
3098,17,2,430.34,860.68
3099,193,1,271.29,271.29
3099,232,3,478.28,1434.84
3099,231,2,376.58,753.16
3099,257,3,287.88,863.64
3099,155,3,77.89,233.67000000000002
3100,147,2,404.23,808.46
3100,30,1,243.42,243.42
3100,484,1,304.06,304.06
3100,357,3,213.41,640.23
3100,175,3,235.77,707.3100000000001
3101,401,2,99.91,199.82
3101,254,1,218.23,218.23
3102,141,2,257.07,514.14
3102,394,1,202.77,202.77
3103,246,3,234.51,703.53
3103,19,1,343.63,343.63
3104,324,1,311.54,311.54
3104,236,2,495.48,990.96
3104,142,1,176.49,176.49
3104,476,1,121.13,121.13
3105,299,3,207.73,623.1899999999999
3105,453,1,335.96,335.96
3106,371,2,319.89,639.78
3106,185,3,236.39,709.17
3106,189,2,23.31,46.62
3106,264,2,165.99,331.98
3106,20,1,446.93,446.93
3107,423,1,317.55,317.55
3107,208,2,342.64,685.28
3108,107,3,262.2,786.5999999999999
3108,367,1,403.14,403.14
3108,434,1,379.85,379.85
3108,177,3,337.04,1011.1200000000001
3108,47,2,140.75,281.5
3109,239,3,254.23,762.6899999999999
3109,328,2,251.99,503.98
3109,203,3,490.13,1470.3899999999999
3109,107,1,262.2,262.2
3110,414,3,457.0,1371.0
3110,32,1,284.06,284.06
3110,355,3,344.54,1033.6200000000001
3110,255,2,170.99,341.98
3111,206,1,353.54,353.54
3111,174,3,258.78,776.3399999999999
3111,155,2,77.89,155.78
3112,22,3,491.32,1473.96
3112,313,3,181.23,543.6899999999999
3113,28,1,72.62,72.62
3113,299,1,207.73,207.73
3113,475,2,426.61,853.22
3114,119,3,120.42,361.26
3114,364,1,469.93,469.93
3115,424,3,41.06,123.18
3115,56,1,258.91,258.91
3116,422,3,275.45,826.3499999999999
3116,399,1,62.97,62.97
3116,419,2,139.16,278.32
3116,11,1,415.63,415.63
3117,31,2,384.06,768.12
3117,173,3,364.45,1093.35
3117,301,1,287.0,287.0
3118,268,2,430.32,860.64
3118,101,3,38.7,116.10000000000001
3118,417,3,202.32,606.96
3119,189,3,23.31,69.92999999999999
3119,299,3,207.73,623.1899999999999
3119,59,3,471.15,1413.4499999999998
3119,264,1,165.99,165.99
3119,262,1,356.94,356.94
3120,385,2,177.56,355.12
3120,265,3,452.37,1357.1100000000001
3120,239,2,254.23,508.46
3121,258,3,440.33,1320.99
3121,383,2,114.97,229.94
3122,358,3,198.63,595.89
3122,254,2,218.23,436.46
3122,33,1,199.18,199.18
3123,252,3,333.44,1000.3199999999999
3124,186,2,288.34,576.68
3124,208,1,342.64,342.64
3124,341,2,469.56,939.12
3125,62,1,403.84,403.84
3125,223,1,80.53,80.53
3125,256,2,344.07,688.14
3125,149,2,111.19,222.38
3125,200,2,134.77,269.54
3126,372,2,224.89,449.78
3126,266,1,292.77,292.77
3126,323,3,5.34,16.02
3126,381,2,212.11,424.22
3127,88,2,361.93,723.86
3127,324,3,311.54,934.6200000000001
3127,207,3,68.25,204.75
3127,398,1,182.45,182.45
3128,55,3,243.64,730.92
3128,438,3,100.54,301.62
3128,249,3,143.22,429.65999999999997
3128,64,1,330.1,330.1
3128,354,1,107.87,107.87
3129,287,3,477.19,1431.57
3130,443,1,365.07,365.07
3131,362,3,110.19,330.57
3131,258,3,440.33,1320.99
3131,331,3,69.86,209.57999999999998
3131,93,2,325.85,651.7
3132,60,1,407.73,407.73
3132,55,1,243.64,243.64
3132,360,2,396.94,793.88
3132,193,2,271.29,542.58
3132,178,3,449.89,1349.67
3133,395,1,254.9,254.9
3133,392,1,364.88,364.88
3133,499,2,139.95,279.9
3133,88,2,361.93,723.86
3134,361,2,89.18,178.36
3135,420,2,410.03,820.06
3135,363,2,479.64,959.28
3136,495,1,239.08,239.08
3136,476,1,121.13,121.13
3136,478,2,356.16,712.32
3136,164,3,158.01,474.03
3136,341,1,469.56,469.56
3137,443,2,365.07,730.14
3137,280,1,346.03,346.03
3137,482,3,479.46,1438.3799999999999
3137,169,2,466.19,932.38
3137,165,2,170.69,341.38
3138,295,1,366.04,366.04
3139,223,1,80.53,80.53
3139,498,2,48.54,97.08
3139,166,2,474.92,949.84
3140,103,2,363.27,726.54
3140,165,1,170.69,170.69
3141,297,1,225.21,225.21
3141,8,2,236.88,473.76
3141,5,3,132.04,396.12
3141,263,1,168.0,168.0
3142,354,1,107.87,107.87
3142,221,2,42.15,84.3
3142,76,3,476.31,1428.93
3142,481,2,209.3,418.6
3143,251,2,208.81,417.62
3143,487,1,396.73,396.73
3143,235,1,384.75,384.75
3144,486,1,45.81,45.81
3144,48,3,113.06,339.18
3144,379,2,222.7,445.4
3144,145,3,438.41,1315.23
3144,343,3,220.03,660.09
3145,181,1,369.11,369.11
3146,422,1,275.45,275.45
3146,107,1,262.2,262.2
3147,6,3,23.99,71.97
3147,123,2,187.5,375.0
3147,51,2,124.89,249.78
3148,189,1,23.31,23.31
3148,220,2,58.27,116.54
3148,487,2,396.73,793.46
3148,216,3,256.85,770.5500000000001
3148,339,3,327.73,983.19
3149,328,2,251.99,503.98
3149,353,2,303.46,606.92
3149,344,1,138.55,138.55
3149,133,2,195.06,390.12
3150,190,1,387.18,387.18
3150,132,1,409.11,409.11
3150,164,1,158.01,158.01
3150,292,2,335.18,670.36
3151,23,1,124.25,124.25
3152,189,3,23.31,69.92999999999999
3152,75,1,123.97,123.97
3152,406,3,7.55,22.65
3152,52,2,207.19,414.38
3152,249,2,143.22,286.44
3153,67,2,439.97,879.94
3154,20,3,446.93,1340.79
3154,174,3,258.78,776.3399999999999
3154,455,2,105.02,210.04
3154,413,1,64.03,64.03
3154,56,2,258.91,517.82
3155,282,3,463.34,1390.02
3155,343,1,220.03,220.03
3155,282,3,463.34,1390.02
3155,152,2,436.45,872.9
3155,313,3,181.23,543.6899999999999
3156,362,1,110.19,110.19
3157,176,1,66.77,66.77
3157,375,3,259.59,778.77
3158,87,3,367.59,1102.77
3158,12,3,291.6,874.8000000000001
3158,379,1,222.7,222.7
3158,7,3,479.78,1439.34
3159,311,3,432.8,1298.4
3159,285,3,440.73,1322.19
3159,222,3,310.77,932.31
3160,155,3,77.89,233.67000000000002
3160,81,1,112.52,112.52
3161,242,1,233.81,233.81
3161,98,3,375.73,1127.19
3161,435,1,219.72,219.72
3162,147,2,404.23,808.46
3162,105,1,414.79,414.79
3162,476,3,121.13,363.39
3162,319,1,132.86,132.86
3163,112,3,17.77,53.31
3163,235,2,384.75,769.5
3163,352,2,23.31,46.62
3163,205,3,59.11,177.32999999999998
3163,454,3,122.06,366.18
3164,200,3,134.77,404.31000000000006
3164,210,3,366.8,1100.4
3164,421,1,450.64,450.64
3165,131,1,286.17,286.17
3165,307,1,75.2,75.2
3165,175,3,235.77,707.3100000000001
3165,453,3,335.96,1007.8799999999999
3165,212,3,381.28,1143.84
3166,11,1,415.63,415.63
3166,377,1,139.69,139.69
3166,114,3,108.7,326.1
3166,148,2,228.08,456.16
3167,318,3,219.59,658.77
3167,496,1,341.88,341.88
3167,314,2,78.8,157.6
3167,201,1,258.09,258.09
3168,127,3,6.58,19.740000000000002
3169,40,3,290.43,871.29
3170,391,1,14.9,14.9
3170,233,2,76.89,153.78
3170,359,3,353.69,1061.07
3171,426,1,438.33,438.33
3171,6,2,23.99,47.98
3171,156,2,404.58,809.16
3171,443,3,365.07,1095.21
3172,103,1,363.27,363.27
3172,85,2,173.78,347.56
3172,104,2,355.23,710.46
3173,174,2,258.78,517.56
3174,243,2,358.15,716.3
3174,202,3,174.67,524.01
3174,183,2,206.12,412.24
3174,202,1,174.67,174.67
3175,175,3,235.77,707.3100000000001
3175,424,3,41.06,123.18
3175,90,3,171.02,513.0600000000001
3176,107,1,262.2,262.2
3176,394,2,202.77,405.54
3176,422,2,275.45,550.9
3176,139,3,349.74,1049.22
3176,192,3,361.57,1084.71
3177,88,1,361.93,361.93
3178,293,2,487.59,975.18
3178,497,3,343.43,1030.29
3178,253,2,399.66,799.32
3179,30,1,243.42,243.42
3179,315,2,30.07,60.14
3179,393,3,129.5,388.5
3179,40,1,290.43,290.43
3180,476,1,121.13,121.13
3180,63,2,270.0,540.0
3181,75,1,123.97,123.97
3181,383,1,114.97,114.97
3182,63,2,270.0,540.0
3182,125,2,61.95,123.9
3182,372,3,224.89,674.67
3182,34,2,150.14,300.28
3183,371,2,319.89,639.78
3183,184,1,119.59,119.59
3184,410,1,227.81,227.81
3184,476,2,121.13,242.26
3184,464,3,296.32,888.96
3184,138,1,93.72,93.72
3184,472,2,485.93,971.86
3185,93,3,325.85,977.5500000000001
3185,320,1,142.18,142.18
3186,45,1,442.81,442.81
3186,120,3,480.49,1441.47
3187,128,2,19.74,39.48
3188,497,3,343.43,1030.29
3188,491,1,130.58,130.58
3188,282,2,463.34,926.68
3188,160,1,386.52,386.52
3189,321,1,271.53,271.53
3189,322,3,325.9,977.6999999999999
3189,53,2,440.06,880.12
3190,245,1,426.38,426.38
3190,246,3,234.51,703.53
3190,408,3,182.79,548.37
3190,297,1,225.21,225.21
3190,368,3,226.17,678.51
3191,220,3,58.27,174.81
3191,89,2,437.32,874.64
3191,464,3,296.32,888.96
3191,92,3,86.51,259.53000000000003
3192,272,2,182.96,365.92
3192,391,1,14.9,14.9
3192,2,2,139.66,279.32
3192,331,1,69.86,69.86
3193,188,1,331.07,331.07
3193,470,1,67.19,67.19
3193,237,2,236.39,472.78
3193,261,3,235.72,707.16
3194,476,3,121.13,363.39
3194,464,1,296.32,296.32
3194,297,3,225.21,675.63
3195,246,1,234.51,234.51
3195,49,1,486.05,486.05
3196,430,3,379.23,1137.69
3196,272,3,182.96,548.88
3196,293,1,487.59,487.59
3196,383,1,114.97,114.97
3197,427,1,323.5,323.5
3198,402,2,336.6,673.2
3199,16,1,191.38,191.38
3199,466,3,465.33,1395.99
3200,59,1,471.15,471.15
3201,228,3,469.49,1408.47
3202,305,2,80.66,161.32
3202,69,2,494.8,989.6
3202,338,3,287.2,861.5999999999999
3202,43,2,84.75,169.5
3203,400,2,297.67,595.34
3203,394,3,202.77,608.3100000000001
3203,190,1,387.18,387.18
3203,79,3,102.92,308.76
3204,316,1,68.22,68.22
3204,66,1,113.14,113.14
3205,362,1,110.19,110.19
3205,169,3,466.19,1398.57
3205,105,2,414.79,829.58
3205,322,3,325.9,977.6999999999999
3206,124,1,130.44,130.44
3206,107,2,262.2,524.4
3206,271,3,188.99,566.97
3206,441,2,314.36,628.72
3206,464,3,296.32,888.96
3207,77,1,254.31,254.31
3207,352,2,23.31,46.62
3207,470,2,67.19,134.38
3208,417,2,202.32,404.64
3208,124,2,130.44,260.88
3208,230,2,314.06,628.12
3208,287,3,477.19,1431.57
3208,208,1,342.64,342.64
3209,190,3,387.18,1161.54
3209,245,2,426.38,852.76
3209,490,2,487.09,974.18
3210,291,2,336.86,673.72
3210,255,1,170.99,170.99
3211,41,3,314.77,944.31
3212,84,3,239.85,719.55
3212,161,2,281.23,562.46
3212,337,1,226.35,226.35
3212,4,3,15.4,46.2
3212,279,1,273.72,273.72
3213,465,2,484.34,968.68
3213,343,1,220.03,220.03
3213,26,3,170.87,512.61
3213,213,2,343.62,687.24
3213,17,3,430.34,1291.02
3214,194,3,22.63,67.89
3214,488,2,243.3,486.6
3214,297,3,225.21,675.63
3214,141,3,257.07,771.21
3214,5,1,132.04,132.04
3215,411,1,311.19,311.19
3215,237,2,236.39,472.78
3215,161,3,281.23,843.69
3215,394,3,202.77,608.3100000000001
3215,26,1,170.87,170.87
3216,278,1,178.94,178.94
3216,208,1,342.64,342.64
3216,175,2,235.77,471.54
3216,338,2,287.2,574.4
3217,95,1,452.34,452.34
3217,105,3,414.79,1244.3700000000001
3217,61,1,118.22,118.22
3217,269,3,183.25,549.75
3218,447,2,156.88,313.76
3218,264,1,165.99,165.99
3218,267,1,347.18,347.18
3218,384,2,9.03,18.06
3218,162,3,153.38,460.14
3219,495,3,239.08,717.24
3220,55,3,243.64,730.92
3220,178,2,449.89,899.78
3221,65,2,318.4,636.8
3221,124,1,130.44,130.44
3221,323,3,5.34,16.02
3221,355,2,344.54,689.08
3221,482,3,479.46,1438.3799999999999
3222,136,3,277.36,832.08
3222,113,2,180.72,361.44
3222,323,1,5.34,5.34
3222,317,1,75.98,75.98
3223,283,1,391.26,391.26
3224,428,1,48.76,48.76
3224,377,2,139.69,279.38
3224,296,1,348.54,348.54
3225,394,2,202.77,405.54
3225,178,1,449.89,449.89
3226,392,2,364.88,729.76
3226,49,2,486.05,972.1
3227,332,3,450.12,1350.3600000000001
3227,458,1,290.04,290.04
3227,221,3,42.15,126.44999999999999
3228,264,3,165.99,497.97
3228,432,1,18.81,18.81
3228,490,2,487.09,974.18
3228,46,1,51.28,51.28
3228,374,3,415.45,1246.35
3229,55,2,243.64,487.28
3229,32,2,284.06,568.12
3230,227,3,413.65,1240.9499999999998
3230,156,3,404.58,1213.74
3230,176,3,66.77,200.31
3230,475,1,426.61,426.61
3230,370,1,49.7,49.7
3231,100,2,175.13,350.26
3231,354,3,107.87,323.61
3231,125,1,61.95,61.95
3231,188,1,331.07,331.07
3231,294,2,159.06,318.12
3232,250,1,179.65,179.65
3232,153,2,435.4,870.8
3233,101,3,38.7,116.10000000000001
3234,101,3,38.7,116.10000000000001
3234,497,2,343.43,686.86
3235,498,2,48.54,97.08
3235,4,3,15.4,46.2
3236,60,2,407.73,815.46
3236,151,2,369.64,739.28
3236,342,3,19.87,59.61
3236,455,2,105.02,210.04
3237,491,3,130.58,391.74
3237,238,3,150.48,451.43999999999994
3237,70,1,420.8,420.8
3237,107,1,262.2,262.2
3237,179,3,422.57,1267.71
3238,249,1,143.22,143.22
3238,6,2,23.99,47.98
3238,497,3,343.43,1030.29
3239,203,2,490.13,980.26
3239,218,1,213.29,213.29
3240,319,1,132.86,132.86
3240,357,2,213.41,426.82
3240,335,2,255.49,510.98
3241,327,3,357.39,1072.17
3241,72,3,455.9,1367.6999999999998
3241,112,1,17.77,17.77
3242,340,1,281.13,281.13
3243,312,3,176.2,528.5999999999999
3243,161,1,281.23,281.23
3243,55,1,243.64,243.64
3243,90,3,171.02,513.0600000000001
3243,226,2,285.61,571.22
3244,422,3,275.45,826.3499999999999
3244,82,1,479.76,479.76
3245,53,2,440.06,880.12
3245,169,1,466.19,466.19
3245,297,1,225.21,225.21
3245,437,1,150.85,150.85
3245,260,3,459.47,1378.41
3246,125,2,61.95,123.9
3246,93,2,325.85,651.7
3246,111,3,283.29,849.8700000000001
3246,313,3,181.23,543.6899999999999
3246,450,1,245.71,245.71
3247,24,1,497.43,497.43
3247,274,1,203.73,203.73
3248,29,2,362.83,725.66
3248,246,3,234.51,703.53
3249,223,3,80.53,241.59
3249,414,3,457.0,1371.0
3249,459,3,220.51,661.53
3249,1,3,107.54,322.62
3250,119,3,120.42,361.26
3250,303,2,384.8,769.6
3251,404,3,115.89,347.67
3251,121,3,143.28,429.84000000000003
3252,131,2,286.17,572.34
3252,253,2,399.66,799.32
3252,30,2,243.42,486.84
3253,487,1,396.73,396.73
3253,208,3,342.64,1027.92
3253,488,2,243.3,486.6
3253,413,2,64.03,128.06
3254,107,1,262.2,262.2
3254,193,3,271.29,813.8700000000001
3254,372,2,224.89,449.78
3254,152,2,436.45,872.9
3255,251,1,208.81,208.81
3255,105,1,414.79,414.79
3255,197,3,66.56,199.68
3256,71,2,43.24,86.48
3256,204,2,396.2,792.4
3256,330,3,434.93,1304.79
3256,106,3,422.11,1266.33
3256,101,2,38.7,77.4
3257,114,2,108.7,217.4
3257,130,1,201.64,201.64
3257,82,2,479.76,959.52
3257,284,2,322.24,644.48
3257,70,1,420.8,420.8
3258,297,3,225.21,675.63
3258,75,3,123.97,371.90999999999997
3258,378,2,153.62,307.24
3258,124,2,130.44,260.88
3258,482,1,479.46,479.46
3259,113,1,180.72,180.72
3260,267,2,347.18,694.36
3261,334,2,281.98,563.96
3262,155,2,77.89,155.78
3262,140,3,115.16,345.48
3263,127,2,6.58,13.16
3263,344,2,138.55,277.1
3263,438,1,100.54,100.54
3263,440,3,362.37,1087.1100000000001
3264,341,3,469.56,1408.68
3264,161,2,281.23,562.46
3264,29,1,362.83,362.83
3264,338,1,287.2,287.2
3265,308,2,477.22,954.44
3265,395,3,254.9,764.7
3265,24,3,497.43,1492.29
3265,1,2,107.54,215.08
3266,345,2,179.94,359.88
3266,282,1,463.34,463.34
3266,165,1,170.69,170.69
3266,464,1,296.32,296.32
3267,497,3,343.43,1030.29
3268,88,1,361.93,361.93
3268,61,2,118.22,236.44
3269,211,3,470.02,1410.06
3269,69,1,494.8,494.8
3269,219,1,9.55,9.55
3269,217,1,80.51,80.51
3270,407,3,474.34,1423.02
3271,317,1,75.98,75.98
3271,371,1,319.89,319.89
3271,338,3,287.2,861.5999999999999
3271,160,2,386.52,773.04
3271,40,3,290.43,871.29
3272,249,2,143.22,286.44
3272,394,1,202.77,202.77
3273,369,3,492.83,1478.49
3273,437,3,150.85,452.54999999999995
3273,280,3,346.03,1038.09
3273,362,3,110.19,330.57
3273,467,2,24.18,48.36
3274,391,2,14.9,29.8
3275,252,2,333.44,666.88
3275,39,2,105.83,211.66
3275,279,1,273.72,273.72
3276,401,1,99.91,99.91
3277,262,2,356.94,713.88
3277,323,3,5.34,16.02
3278,49,3,486.05,1458.15
3278,252,3,333.44,1000.3199999999999
3278,317,1,75.98,75.98
3278,345,2,179.94,359.88
3279,85,2,173.78,347.56
3279,78,2,164.41,328.82
3279,178,2,449.89,899.78
3279,289,2,427.58,855.16
3279,90,3,171.02,513.0600000000001
3280,180,3,348.73,1046.19
3280,62,2,403.84,807.68
3280,302,2,343.67,687.34
3280,323,3,5.34,16.02
3281,375,1,259.59,259.59
3281,257,2,287.88,575.76
3281,323,3,5.34,16.02
3282,152,3,436.45,1309.35
3283,490,2,487.09,974.18
3283,69,3,494.8,1484.4
3283,186,1,288.34,288.34
3284,155,2,77.89,155.78
3284,174,1,258.78,258.78
3284,349,2,54.63,109.26
3284,198,1,209.69,209.69
3284,232,2,478.28,956.56
3285,434,1,379.85,379.85
3285,215,2,313.01,626.02
3285,334,1,281.98,281.98
3285,121,3,143.28,429.84000000000003
3286,412,2,343.82,687.64
3286,70,2,420.8,841.6
3286,12,1,291.6,291.6
3286,206,1,353.54,353.54
3287,293,2,487.59,975.18
3288,207,3,68.25,204.75
3288,16,1,191.38,191.38
3288,345,1,179.94,179.94
3289,59,1,471.15,471.15
3289,352,1,23.31,23.31
3289,55,2,243.64,487.28
3289,76,1,476.31,476.31
3290,238,3,150.48,451.43999999999994
3290,266,1,292.77,292.77
3290,455,2,105.02,210.04
3290,417,2,202.32,404.64
3291,422,3,275.45,826.3499999999999
3291,7,3,479.78,1439.34
3292,338,1,287.2,287.2
3292,210,2,366.8,733.6
3292,136,3,277.36,832.08
3292,96,1,95.56,95.56
3292,480,3,209.16,627.48
3293,110,1,124.44,124.44
3294,127,3,6.58,19.740000000000002
3294,491,2,130.58,261.16
3294,261,1,235.72,235.72
3294,151,3,369.64,1108.92
3294,172,2,171.63,343.26
3295,469,1,351.84,351.84
3295,134,1,9.79,9.79
3295,461,3,472.53,1417.59
3295,141,3,257.07,771.21
3296,89,2,437.32,874.64
3296,440,2,362.37,724.74
3296,96,2,95.56,191.12
3296,22,3,491.32,1473.96
3296,9,2,331.01,662.02
3297,333,2,61.26,122.52
3297,320,2,142.18,284.36
3298,290,1,334.81,334.81
3298,368,3,226.17,678.51
3298,24,2,497.43,994.86
3298,51,3,124.89,374.67
3299,467,3,24.18,72.53999999999999
3299,101,1,38.7,38.7
3299,202,2,174.67,349.34
3300,242,2,233.81,467.62
3300,319,2,132.86,265.72
3300,458,2,290.04,580.08
3301,280,2,346.03,692.06
3302,17,1,430.34,430.34
3302,54,3,393.16,1179.48
3302,217,3,80.51,241.53000000000003
3303,56,3,258.91,776.73
3303,265,2,452.37,904.74
3303,309,1,484.02,484.02
3303,406,3,7.55,22.65
3303,18,3,395.52,1186.56
3304,92,1,86.51,86.51
3304,314,1,78.8,78.8
3304,404,2,115.89,231.78
3304,144,2,149.85,299.7
3304,174,1,258.78,258.78
3305,15,3,190.65,571.95
3305,39,3,105.83,317.49
3305,460,2,382.54,765.08
3305,111,3,283.29,849.8700000000001
3305,20,2,446.93,893.86
3306,414,1,457.0,457.0
3307,365,1,373.53,373.53
3307,23,1,124.25,124.25
3307,268,1,430.32,430.32
3307,82,1,479.76,479.76
3308,237,1,236.39,236.39
3309,230,1,314.06,314.06
3309,307,3,75.2,225.60000000000002
3310,4,1,15.4,15.4
3310,372,1,224.89,224.89
3311,311,3,432.8,1298.4
3311,357,1,213.41,213.41
3311,310,1,78.93,78.93
3311,247,3,228.88,686.64
3311,319,1,132.86,132.86
3312,325,1,470.48,470.48
3313,247,2,228.88,457.76
3314,139,2,349.74,699.48
3314,198,3,209.69,629.0699999999999
3314,114,2,108.7,217.4
3314,379,1,222.7,222.7
3314,374,3,415.45,1246.35
3315,34,2,150.14,300.28
3315,109,1,489.42,489.42
3316,118,1,355.19,355.19
3316,479,3,131.06,393.18
3316,20,1,446.93,446.93
3317,84,1,239.85,239.85
3317,488,2,243.3,486.6
3317,70,3,420.8,1262.4
3317,201,2,258.09,516.18
3318,446,2,480.38,960.76
3318,60,1,407.73,407.73
3319,176,2,66.77,133.54
3319,133,3,195.06,585.1800000000001
3320,495,3,239.08,717.24
3320,96,1,95.56,95.56
3320,439,3,201.62,604.86
3321,120,2,480.49,960.98
3322,290,1,334.81,334.81
3323,156,3,404.58,1213.74
3323,444,1,232.11,232.11
3323,310,1,78.93,78.93
3323,419,2,139.16,278.32
3323,321,1,271.53,271.53
3324,212,2,381.28,762.56
3325,134,2,9.79,19.58
3326,111,3,283.29,849.8700000000001
3326,14,1,127.52,127.52
3326,454,2,122.06,244.12
3327,15,2,190.65,381.3
3327,104,1,355.23,355.23
3327,181,1,369.11,369.11
3327,247,1,228.88,228.88
3327,77,2,254.31,508.62
3328,137,1,124.07,124.07
3328,266,2,292.77,585.54
3328,276,3,254.66,763.98
3329,32,1,284.06,284.06
3329,251,2,208.81,417.62
3329,235,3,384.75,1154.25
3329,231,3,376.58,1129.74
3329,231,3,376.58,1129.74
3330,499,3,139.95,419.84999999999997
3330,67,2,439.97,879.94
3330,489,3,229.25,687.75
3330,354,3,107.87,323.61
3330,240,3,98.4,295.20000000000005
3331,128,3,19.74,59.22
3331,140,3,115.16,345.48
3332,22,1,491.32,491.32
3332,68,2,5.86,11.72
3332,401,2,99.91,199.82
3332,160,3,386.52,1159.56
3332,437,3,150.85,452.54999999999995
3333,328,3,251.99,755.97
3334,168,3,396.27,1188.81
3334,435,1,219.72,219.72
3335,180,2,348.73,697.46
3336,304,3,282.76,848.28
3336,242,1,233.81,233.81
3336,461,2,472.53,945.06
3336,170,2,432.62,865.24
3336,414,3,457.0,1371.0
3337,154,3,371.7,1115.1
3337,436,2,41.76,83.52
3338,408,3,182.79,548.37
3338,218,3,213.29,639.87
3338,193,2,271.29,542.58
3338,183,1,206.12,206.12
3339,268,2,430.32,860.64
3340,382,2,65.87,131.74
3340,411,1,311.19,311.19
3340,181,2,369.11,738.22
3340,214,1,460.83,460.83
3340,252,1,333.44,333.44
3341,475,2,426.61,853.22
3341,196,2,372.88,745.76
3341,363,3,479.64,1438.92
3342,117,1,16.06,16.06
3343,334,2,281.98,563.96
3343,431,3,370.38,1111.1399999999999
3343,173,1,364.45,364.45
3343,373,3,259.22,777.6600000000001
3343,162,2,153.38,306.76
3344,316,1,68.22,68.22
3344,125,1,61.95,61.95
3344,350,1,170.56,170.56
3345,334,3,281.98,845.94
3345,429,2,257.85,515.7
3345,74,3,83.84,251.52
3346,409,3,98.63,295.89
3346,440,1,362.37,362.37
3346,28,3,72.62,217.86
3346,6,2,23.99,47.98
3347,62,2,403.84,807.68
3347,195,1,280.71,280.71
3347,174,2,258.78,517.56
3347,368,1,226.17,226.17
3347,497,3,343.43,1030.29
3348,283,2,391.26,782.52
3348,416,1,163.35,163.35
3349,291,2,336.86,673.72
3349,238,1,150.48,150.48
3349,37,1,183.06,183.06
3350,361,3,89.18,267.54
3350,124,1,130.44,130.44
3350,323,2,5.34,10.68
3350,251,3,208.81,626.4300000000001
3350,212,1,381.28,381.28
3351,373,2,259.22,518.44
3351,407,1,474.34,474.34
3352,301,1,287.0,287.0
3352,103,3,363.27,1089.81
3352,364,1,469.93,469.93
3353,412,1,343.82,343.82
3353,345,3,179.94,539.8199999999999
3353,316,2,68.22,136.44
3353,126,3,320.91,962.73
3354,106,1,422.11,422.11
3354,138,2,93.72,187.44
3355,449,1,209.61,209.61
3355,469,2,351.84,703.68
3356,264,1,165.99,165.99
3356,430,2,379.23,758.46
3357,286,2,67.86,135.72
3357,293,1,487.59,487.59
3358,131,2,286.17,572.34
3358,324,3,311.54,934.6200000000001
3358,105,1,414.79,414.79
3359,266,3,292.77,878.31
3360,213,1,343.62,343.62
3360,356,1,346.58,346.58
3360,74,3,83.84,251.52
3360,131,3,286.17,858.51
3360,430,3,379.23,1137.69
3361,407,2,474.34,948.68
3362,290,2,334.81,669.62
3362,215,1,313.01,313.01
3362,32,2,284.06,568.12
3362,439,1,201.62,201.62
3362,119,1,120.42,120.42
3363,315,3,30.07,90.21000000000001
3363,350,2,170.56,341.12
3363,199,3,355.65,1066.9499999999998
3363,208,3,342.64,1027.92
3363,28,2,72.62,145.24
3364,180,1,348.73,348.73
3364,454,2,122.06,244.12
3364,311,1,432.8,432.8
3364,318,3,219.59,658.77
3364,59,3,471.15,1413.4499999999998
3365,416,3,163.35,490.04999999999995
3365,342,2,19.87,39.74
3365,125,1,61.95,61.95
3365,337,2,226.35,452.7
3365,129,2,293.08,586.16
3366,220,2,58.27,116.54
3366,64,1,330.1,330.1
3366,186,1,288.34,288.34
3366,448,2,119.74,239.48
3367,131,2,286.17,572.34
3368,266,2,292.77,585.54
3368,462,1,153.15,153.15
3369,186,2,288.34,576.68
3369,294,3,159.06,477.18
3370,116,3,490.7,1472.1
3370,481,1,209.3,209.3
3370,401,1,99.91,99.91
3371,162,1,153.38,153.38
3371,97,1,91.52,91.52
3371,288,2,174.29,348.58
3371,22,3,491.32,1473.96
3372,73,1,279.0,279.0
3372,186,1,288.34,288.34
3373,463,3,76.72,230.16
3373,465,3,484.34,1453.02
3373,450,1,245.71,245.71
3373,261,2,235.72,471.44
3373,241,1,463.38,463.38
3374,54,2,393.16,786.32
3374,112,3,17.77,53.31
3375,457,1,196.35,196.35
3375,131,1,286.17,286.17
3375,48,2,113.06,226.12
3375,243,3,358.15,1074.4499999999998
3376,418,1,141.62,141.62
3376,79,1,102.92,102.92
3377,33,1,199.18,199.18
3377,222,3,310.77,932.31
3377,391,1,14.9,14.9
3378,72,2,455.9,911.8
3378,499,2,139.95,279.9
3379,379,1,222.7,222.7
3379,183,2,206.12,412.24
3379,310,1,78.93,78.93
3379,57,1,281.31,281.31
3379,143,1,248.2,248.2
3380,35,1,14.23,14.23
3381,256,3,344.07,1032.21
3381,393,3,129.5,388.5
3381,149,3,111.19,333.57
3382,107,3,262.2,786.5999999999999
3382,83,2,243.84,487.68
3382,250,1,179.65,179.65
3382,225,1,14.73,14.73
3383,126,1,320.91,320.91
3383,461,3,472.53,1417.59
3384,260,3,459.47,1378.41
3384,423,1,317.55,317.55
3384,336,2,41.55,83.1
3384,228,3,469.49,1408.47
3384,420,1,410.03,410.03
3385,316,3,68.22,204.66
3385,483,3,70.53,211.59
3386,484,3,304.06,912.1800000000001
3386,168,2,396.27,792.54
3387,106,3,422.11,1266.33
3387,447,3,156.88,470.64
3388,298,3,310.25,930.75
3388,428,1,48.76,48.76
3389,392,1,364.88,364.88
3389,141,1,257.07,257.07
3390,174,3,258.78,776.3399999999999
3390,299,1,207.73,207.73
3390,427,1,323.5,323.5
3391,377,2,139.69,279.38
3392,155,2,77.89,155.78
3392,237,3,236.39,709.17
3392,7,2,479.78,959.56
3392,223,1,80.53,80.53
3392,364,2,469.93,939.86
3393,51,2,124.89,249.78
3393,111,3,283.29,849.8700000000001
3393,153,2,435.4,870.8
3393,241,2,463.38,926.76
3393,356,1,346.58,346.58
3394,157,3,208.56,625.6800000000001
3394,350,3,170.56,511.68
3394,210,1,366.8,366.8
3395,307,3,75.2,225.60000000000002
3395,18,1,395.52,395.52
3395,209,1,195.24,195.24
3396,19,3,343.63,1030.8899999999999
3396,366,3,409.85,1229.5500000000002
3396,452,1,235.45,235.45
3396,240,2,98.4,196.8
3396,186,1,288.34,288.34
3397,357,3,213.41,640.23
3397,429,2,257.85,515.7
3398,339,1,327.73,327.73
3399,234,1,202.87,202.87
3399,150,3,216.59,649.77
3399,60,3,407.73,1223.19
3400,113,3,180.72,542.16
3400,90,3,171.02,513.0600000000001
3401,287,3,477.19,1431.57
3401,435,3,219.72,659.16
3401,210,3,366.8,1100.4
3401,97,2,91.52,183.04
3402,391,1,14.9,14.9
3402,427,1,323.5,323.5
3402,316,2,68.22,136.44
3403,81,1,112.52,112.52
3404,379,1,222.7,222.7
3404,52,1,207.19,207.19
3404,384,2,9.03,18.06
3405,327,2,357.39,714.78
3405,276,3,254.66,763.98
3405,381,3,212.11,636.33
3405,251,3,208.81,626.4300000000001
3406,6,3,23.99,71.97
3406,366,3,409.85,1229.5500000000002
3406,66,1,113.14,113.14
3407,289,1,427.58,427.58
3408,6,3,23.99,71.97
3409,112,1,17.77,17.77
3409,26,1,170.87,170.87
3410,116,1,490.7,490.7
3411,287,2,477.19,954.38
3411,302,3,343.67,1031.01
3411,41,2,314.77,629.54
3412,232,1,478.28,478.28
3412,463,2,76.72,153.44
3412,450,2,245.71,491.42
3413,142,1,176.49,176.49
3414,274,3,203.73,611.1899999999999
3414,385,3,177.56,532.6800000000001
3414,421,3,450.64,1351.92
3415,338,3,287.2,861.5999999999999
3415,349,3,54.63,163.89000000000001
3415,457,3,196.35,589.05
3415,357,2,213.41,426.82
3416,455,3,105.02,315.06
3416,268,3,430.32,1290.96
3416,76,3,476.31,1428.93
3416,69,2,494.8,989.6
3416,225,3,14.73,44.19
3417,92,1,86.51,86.51
3417,231,2,376.58,753.16
3418,33,2,199.18,398.36
3418,133,1,195.06,195.06
3418,162,3,153.38,460.14
3419,428,3,48.76,146.28
3419,25,3,206.03,618.09
3420,254,2,218.23,436.46
3420,189,2,23.31,46.62
3421,82,2,479.76,959.52
3422,137,2,124.07,248.14
3422,203,2,490.13,980.26
3422,310,3,78.93,236.79000000000002
3423,195,2,280.71,561.42
3423,331,2,69.86,139.72
3423,289,1,427.58,427.58
3423,267,2,347.18,694.36
3423,206,1,353.54,353.54
3424,425,3,211.7,635.0999999999999
3424,116,2,490.7,981.4
3424,438,1,100.54,100.54
3424,322,2,325.9,651.8
3425,371,2,319.89,639.78
3425,275,2,404.88,809.76
3425,301,1,287.0,287.0
3425,228,2,469.49,938.98
3426,167,2,14.91,29.82
3426,462,3,153.15,459.45000000000005
3426,271,3,188.99,566.97
3427,476,2,121.13,242.26
3427,120,3,480.49,1441.47
3427,344,1,138.55,138.55
3428,381,3,212.11,636.33
3429,68,2,5.86,11.72
3429,265,1,452.37,452.37
3429,326,1,337.22,337.22
3429,113,2,180.72,361.44
3429,100,2,175.13,350.26
3430,353,1,303.46,303.46
3430,117,1,16.06,16.06
3430,357,3,213.41,640.23
3430,156,3,404.58,1213.74
3431,29,2,362.83,725.66
3431,349,1,54.63,54.63
3431,359,2,353.69,707.38
3432,208,3,342.64,1027.92
3432,232,3,478.28,1434.84
3433,440,2,362.37,724.74
3433,178,2,449.89,899.78
3433,140,2,115.16,230.32
3434,180,2,348.73,697.46
3434,43,2,84.75,169.5
3434,458,3,290.04,870.1200000000001
3434,221,3,42.15,126.44999999999999
3434,103,1,363.27,363.27
3435,164,1,158.01,158.01
3435,317,1,75.98,75.98
3435,180,2,348.73,697.46
3436,302,3,343.67,1031.01
3437,492,1,28.24,28.24
3437,492,2,28.24,56.48
3437,49,2,486.05,972.1
3437,148,3,228.08,684.24
3437,256,3,344.07,1032.21
3438,434,2,379.85,759.7
3438,469,3,351.84,1055.52
3438,99,3,142.89,428.66999999999996
3439,171,2,35.49,70.98
3440,161,3,281.23,843.69
3440,497,1,343.43,343.43
3441,453,3,335.96,1007.8799999999999
3441,443,2,365.07,730.14
3441,297,3,225.21,675.63
3442,278,1,178.94,178.94
3442,229,3,230.52,691.5600000000001
3442,178,3,449.89,1349.67
3443,136,2,277.36,554.72
3443,424,3,41.06,123.18
3443,97,2,91.52,183.04
3443,438,1,100.54,100.54
3444,220,1,58.27,58.27
3444,62,3,403.84,1211.52
3444,343,1,220.03,220.03
3444,417,3,202.32,606.96
3445,173,1,364.45,364.45
3445,155,1,77.89,77.89
3445,145,3,438.41,1315.23
3446,411,2,311.19,622.38
3446,10,1,421.91,421.91
3446,108,2,189.13,378.26
3446,258,1,440.33,440.33
3447,220,3,58.27,174.81
3447,245,2,426.38,852.76
3447,124,2,130.44,260.88
3447,240,3,98.4,295.20000000000005
3447,405,2,26.88,53.76
3448,214,2,460.83,921.66
3448,47,3,140.75,422.25
3448,208,2,342.64,685.28
3448,435,3,219.72,659.16
3448,108,3,189.13,567.39
3449,481,1,209.3,209.3
3449,164,1,158.01,158.01
3450,59,3,471.15,1413.4499999999998
3451,471,3,64.44,193.32
3452,112,1,17.77,17.77
3452,381,2,212.11,424.22
3452,64,3,330.1,990.3000000000001
3453,368,3,226.17,678.51
3453,469,1,351.84,351.84
3453,16,1,191.38,191.38
3453,38,3,437.95,1313.85
3454,314,2,78.8,157.6
3455,414,2,457.0,914.0
3455,8,2,236.88,473.76
3455,315,3,30.07,90.21000000000001
3455,125,3,61.95,185.85000000000002
3456,172,3,171.63,514.89
3457,414,2,457.0,914.0
3457,10,2,421.91,843.82
3458,218,2,213.29,426.58
3458,239,1,254.23,254.23
3458,447,2,156.88,313.76
3458,77,3,254.31,762.9300000000001
3459,127,3,6.58,19.740000000000002
3459,43,1,84.75,84.75
3459,163,3,307.1,921.3000000000001
3459,221,3,42.15,126.44999999999999
3459,41,1,314.77,314.77
3460,361,2,89.18,178.36
3460,144,2,149.85,299.7
3461,280,3,346.03,1038.09
3462,176,1,66.77,66.77
3462,80,2,296.1,592.2
3462,40,1,290.43,290.43
3462,177,1,337.04,337.04
3463,262,1,356.94,356.94
3464,66,1,113.14,113.14
3464,314,3,78.8,236.39999999999998
3464,207,3,68.25,204.75
3464,452,3,235.45,706.3499999999999
3465,117,3,16.06,48.17999999999999
3465,458,3,290.04,870.1200000000001
3466,350,2,170.56,341.12
3467,49,2,486.05,972.1
3467,273,2,193.27,386.54
3467,113,3,180.72,542.16
3467,165,1,170.69,170.69
3467,250,1,179.65,179.65
3468,311,3,432.8,1298.4
3468,42,1,38.5,38.5
3468,296,1,348.54,348.54
3468,19,3,343.63,1030.8899999999999
3468,104,1,355.23,355.23
3469,214,1,460.83,460.83
3470,148,1,228.08,228.08
3471,452,3,235.45,706.3499999999999
3472,348,1,45.01,45.01
3472,468,1,24.15,24.15
3472,86,2,409.34,818.68
3472,238,1,150.48,150.48
3473,381,2,212.11,424.22
3473,289,3,427.58,1282.74
3473,27,2,432.61,865.22
3473,53,2,440.06,880.12
3474,492,3,28.24,84.72
3474,315,1,30.07,30.07
3475,47,1,140.75,140.75
3475,151,1,369.64,369.64
3475,247,2,228.88,457.76
3475,427,1,323.5,323.5
3476,113,1,180.72,180.72
3476,135,3,451.07,1353.21
3476,415,3,454.18,1362.54
3476,428,1,48.76,48.76
3476,190,3,387.18,1161.54
3477,446,1,480.38,480.38
3477,199,1,355.65,355.65
3478,134,2,9.79,19.58
3478,123,3,187.5,562.5
3478,398,2,182.45,364.9
3479,456,3,242.56,727.6800000000001
3479,107,2,262.2,524.4
3480,96,1,95.56,95.56
3480,483,1,70.53,70.53
3481,85,3,173.78,521.34
3482,88,1,361.93,361.93
3482,450,1,245.71,245.71
3482,27,1,432.61,432.61
3483,367,1,403.14,403.14
3483,281,2,173.96,347.92
3484,281,3,173.96,521.88
3484,132,1,409.11,409.11
3485,91,1,440.33,440.33
3485,236,2,495.48,990.96
3485,267,3,347.18,1041.54
3485,191,2,334.45,668.9
3485,212,3,381.28,1143.84
3486,206,2,353.54,707.08
3486,288,3,174.29,522.87
3486,97,2,91.52,183.04
3486,236,1,495.48,495.48
3487,486,3,45.81,137.43
3487,328,1,251.99,251.99
3488,244,1,286.63,286.63
3488,289,1,427.58,427.58
3488,394,3,202.77,608.3100000000001
3488,139,3,349.74,1049.22
3488,212,3,381.28,1143.84
3489,261,3,235.72,707.16
3489,249,3,143.22,429.65999999999997
3489,210,2,366.8,733.6
3489,47,2,140.75,281.5
3490,394,2,202.77,405.54
3490,368,3,226.17,678.51
3490,366,3,409.85,1229.5500000000002
3490,226,3,285.61,856.83
3491,240,3,98.4,295.20000000000005
3491,258,3,440.33,1320.99
3491,368,2,226.17,452.34
3491,130,3,201.64,604.92
3491,461,1,472.53,472.53
3492,343,2,220.03,440.06
3492,399,3,62.97,188.91
3492,282,1,463.34,463.34
3493,193,2,271.29,542.58
3493,135,2,451.07,902.14
3493,481,3,209.3,627.9000000000001
3493,353,1,303.46,303.46
3494,216,2,256.85,513.7
3494,155,1,77.89,77.89
3495,458,3,290.04,870.1200000000001
3495,54,2,393.16,786.32
3495,133,1,195.06,195.06
3495,67,3,439.97,1319.91
3496,317,1,75.98,75.98
3496,284,3,322.24,966.72
3496,330,3,434.93,1304.79
3496,100,1,175.13,175.13
3497,226,3,285.61,856.83
3497,346,2,206.81,413.62
3497,417,3,202.32,606.96
3498,433,2,457.16,914.32
3498,420,3,410.03,1230.09
3499,179,2,422.57,845.14
3499,360,3,396.94,1190.82
3499,154,2,371.7,743.4
3500,492,2,28.24,56.48
3500,196,2,372.88,745.76
3500,259,1,200.38,200.38
3500,259,1,200.38,200.38
3500,401,3,99.91,299.73
3501,458,2,290.04,580.08
3501,101,1,38.7,38.7
3502,201,1,258.09,258.09
3503,311,3,432.8,1298.4
3503,383,3,114.97,344.90999999999997
3503,310,3,78.93,236.79000000000002
3504,423,1,317.55,317.55
3505,420,2,410.03,820.06
3505,107,3,262.2,786.5999999999999
3505,33,2,199.18,398.36
3505,421,2,450.64,901.28
3506,436,1,41.76,41.76
3506,345,2,179.94,359.88
3506,164,3,158.01,474.03
3507,157,1,208.56,208.56
3507,431,1,370.38,370.38
3507,93,3,325.85,977.5500000000001
3507,311,2,432.8,865.6
3508,119,3,120.42,361.26
3508,129,3,293.08,879.24
3508,23,1,124.25,124.25
3508,492,2,28.24,56.48
3508,441,3,314.36,943.08
3509,132,3,409.11,1227.33
3509,475,2,426.61,853.22
3510,457,1,196.35,196.35
3510,201,2,258.09,516.18
3510,493,1,435.98,435.98
3510,445,2,124.24,248.48
3510,476,1,121.13,121.13
3511,475,3,426.61,1279.83
3511,107,2,262.2,524.4
3511,415,1,454.18,454.18
3512,317,3,75.98,227.94
3512,439,1,201.62,201.62
3512,429,1,257.85,257.85
3512,46,1,51.28,51.28
3513,4,2,15.4,30.8
3514,188,2,331.07,662.14
3514,108,1,189.13,189.13
3514,323,3,5.34,16.02
3514,171,3,35.49,106.47
3514,73,2,279.0,558.0
3515,310,2,78.93,157.86
3515,437,3,150.85,452.54999999999995
3515,259,1,200.38,200.38
3515,122,2,65.23,130.46
3516,450,1,245.71,245.71
3517,28,2,72.62,145.24
3518,118,3,355.19,1065.57
3518,317,3,75.98,227.94
3518,243,3,358.15,1074.4499999999998
3519,171,3,35.49,106.47
3519,272,1,182.96,182.96
3519,23,1,124.25,124.25
3519,191,3,334.45,1003.3499999999999
3520,293,2,487.59,975.18
3520,346,3,206.81,620.4300000000001
3520,426,2,438.33,876.66
3520,354,2,107.87,215.74
3520,62,1,403.84,403.84
3521,180,1,348.73,348.73
3522,96,2,95.56,191.12
3522,484,2,304.06,608.12
3522,17,2,430.34,860.68
3522,183,2,206.12,412.24
3523,3,3,458.68,1376.04
3523,91,2,440.33,880.66
3523,175,1,235.77,235.77
3523,284,2,322.24,644.48
3524,153,2,435.4,870.8
3524,364,1,469.93,469.93
3525,121,3,143.28,429.84000000000003
3525,82,3,479.76,1439.28
3525,297,2,225.21,450.42
3526,237,1,236.39,236.39
3527,343,3,220.03,660.09
3528,215,3,313.01,939.03
3528,449,2,209.61,419.22
3528,358,3,198.63,595.89
3528,138,3,93.72,281.15999999999997
3528,221,3,42.15,126.44999999999999
3529,13,1,41.35,41.35
3529,481,1,209.3,209.3
3530,424,3,41.06,123.18
3530,307,2,75.2,150.4
3530,298,3,310.25,930.75
3531,194,3,22.63,67.89
3531,176,1,66.77,66.77
3531,61,2,118.22,236.44
3532,102,1,196.78,196.78
3532,338,2,287.2,574.4
3532,108,2,189.13,378.26
3532,87,2,367.59,735.18
3532,140,2,115.16,230.32
3533,361,2,89.18,178.36
3533,180,1,348.73,348.73
3533,456,3,242.56,727.6800000000001
3534,149,2,111.19,222.38
3535,202,2,174.67,349.34
3535,193,1,271.29,271.29
3536,355,3,344.54,1033.6200000000001
3537,57,2,281.31,562.62
3537,322,3,325.9,977.6999999999999
3537,416,3,163.35,490.04999999999995
3537,104,2,355.23,710.46
3538,37,2,183.06,366.12
3539,110,3,124.44,373.32
3539,32,3,284.06,852.1800000000001
3539,243,3,358.15,1074.4499999999998
3539,227,2,413.65,827.3
3540,190,3,387.18,1161.54
3540,126,2,320.91,641.82
3540,385,2,177.56,355.12
3540,272,2,182.96,365.92
3541,375,3,259.59,778.77
3542,11,3,415.63,1246.8899999999999
3542,241,2,463.38,926.76
3543,85,1,173.78,173.78
3544,407,1,474.34,474.34
3544,154,1,371.7,371.7
3544,223,3,80.53,241.59
3544,232,2,478.28,956.56
3544,278,2,178.94,357.88
3545,186,1,288.34,288.34
3545,235,3,384.75,1154.25
3546,246,3,234.51,703.53
3546,6,1,23.99,23.99
3547,366,3,409.85,1229.5500000000002
3547,444,2,232.11,464.22
3547,330,3,434.93,1304.79
3547,29,3,362.83,1088.49
3547,180,1,348.73,348.73
3548,346,1,206.81,206.81
3548,194,1,22.63,22.63
3548,6,2,23.99,47.98
3548,169,3,466.19,1398.57
3549,325,2,470.48,940.96
3549,315,3,30.07,90.21000000000001
3549,397,3,154.37,463.11
3549,477,2,155.19,310.38
3550,311,3,432.8,1298.4
3550,167,3,14.91,44.730000000000004
3550,130,2,201.64,403.28
3550,359,2,353.69,707.38
3551,256,2,344.07,688.14
3551,424,2,41.06,82.12
3551,397,3,154.37,463.11
3551,243,1,358.15,358.15
3552,337,2,226.35,452.7
3552,131,2,286.17,572.34
3552,274,2,203.73,407.46
3552,161,3,281.23,843.69
3552,302,1,343.67,343.67
3553,343,2,220.03,440.06
3554,46,1,51.28,51.28
3554,262,3,356.94,1070.82
3554,153,3,435.4,1306.1999999999998
3554,309,2,484.02,968.04
3555,54,2,393.16,786.32
3555,110,2,124.44,248.88
3555,5,1,132.04,132.04
3555,451,2,332.65,665.3
3556,450,1,245.71,245.71
3556,193,2,271.29,542.58
3556,270,1,132.23,132.23
3557,119,2,120.42,240.84
3557,399,1,62.97,62.97
3557,231,2,376.58,753.16
3557,486,2,45.81,91.62
3558,73,2,279.0,558.0
3558,346,1,206.81,206.81
3558,111,1,283.29,283.29
3558,236,2,495.48,990.96
3559,81,1,112.52,112.52
3559,40,2,290.43,580.86
3559,271,2,188.99,377.98
3559,255,3,170.99,512.97
3560,369,3,492.83,1478.49
3561,7,3,479.78,1439.34
3561,306,2,12.42,24.84
3561,358,1,198.63,198.63
3561,310,1,78.93,78.93
3562,356,1,346.58,346.58
3562,382,2,65.87,131.74
3562,62,1,403.84,403.84
3563,257,1,287.88,287.88
3563,135,2,451.07,902.14
3563,147,2,404.23,808.46
3563,480,2,209.16,418.32
3564,437,3,150.85,452.54999999999995
3564,412,3,343.82,1031.46
3564,263,3,168.0,504.0
3565,336,3,41.55,124.64999999999999
3566,32,2,284.06,568.12
3566,87,2,367.59,735.18
3566,191,2,334.45,668.9
3566,323,1,5.34,5.34
3567,309,3,484.02,1452.06
3567,447,3,156.88,470.64
3567,382,2,65.87,131.74
3567,88,1,361.93,361.93
3567,387,2,130.92,261.84
3568,118,2,355.19,710.38
3569,481,1,209.3,209.3
3569,483,3,70.53,211.59
3569,490,1,487.09,487.09
3569,209,2,195.24,390.48
3569,403,1,44.77,44.77
3570,335,2,255.49,510.98
3570,384,1,9.03,9.03
3570,404,1,115.89,115.89
3571,343,2,220.03,440.06
3572,48,1,113.06,113.06
3572,55,2,243.64,487.28
3573,281,3,173.96,521.88
3573,75,2,123.97,247.94
3574,84,3,239.85,719.55
3574,464,2,296.32,592.64
3574,455,1,105.02,105.02
3574,320,2,142.18,284.36
3574,52,2,207.19,414.38
3575,459,3,220.51,661.53
3575,264,3,165.99,497.97
3575,64,3,330.1,990.3000000000001
3576,273,3,193.27,579.8100000000001
3576,477,3,155.19,465.57
3576,260,1,459.47,459.47
3576,21,3,348.11,1044.33
3577,371,2,319.89,639.78
3578,48,2,113.06,226.12
3578,360,3,396.94,1190.82
3579,247,3,228.88,686.64
3580,156,2,404.58,809.16
3580,185,1,236.39,236.39
3580,216,1,256.85,256.85
3580,301,3,287.0,861.0
3580,30,2,243.42,486.84
3581,444,1,232.11,232.11
3582,73,2,279.0,558.0
3583,369,3,492.83,1478.49
3583,321,2,271.53,543.06
3583,55,2,243.64,487.28
3583,479,2,131.06,262.12
3583,341,2,469.56,939.12
3584,111,3,283.29,849.8700000000001
3584,221,2,42.15,84.3
3584,473,1,20.11,20.11
3584,379,3,222.7,668.0999999999999
3585,349,3,54.63,163.89000000000001
3585,334,2,281.98,563.96
3585,36,3,325.79,977.3700000000001
3586,17,3,430.34,1291.02
3586,232,3,478.28,1434.84
3586,471,1,64.44,64.44
3586,200,3,134.77,404.31000000000006
3587,461,3,472.53,1417.59
3587,160,3,386.52,1159.56
3587,225,1,14.73,14.73
3587,341,1,469.56,469.56
3588,277,3,74.18,222.54000000000002
3588,236,3,495.48,1486.44
3588,367,3,403.14,1209.42
3588,201,2,258.09,516.18
3589,425,2,211.7,423.4
3589,125,2,61.95,123.9
3589,31,2,384.06,768.12
3589,97,3,91.52,274.56
3590,468,2,24.15,48.3
3590,208,3,342.64,1027.92
3591,15,2,190.65,381.3
3591,456,1,242.56,242.56
3592,113,1,180.72,180.72
3592,414,2,457.0,914.0
3592,246,2,234.51,469.02
3592,87,2,367.59,735.18
3593,255,2,170.99,341.98
3594,399,3,62.97,188.91
3594,364,2,469.93,939.86
3594,225,2,14.73,29.46
3594,349,3,54.63,163.89000000000001
3594,119,3,120.42,361.26
3595,314,2,78.8,157.6
3595,88,3,361.93,1085.79
3595,446,1,480.38,480.38
3595,142,1,176.49,176.49
3596,142,3,176.49,529.47
3596,430,2,379.23,758.46
3597,493,3,435.98,1307.94
3597,361,1,89.18,89.18
3597,306,3,12.42,37.26
3597,441,1,314.36,314.36
3597,289,3,427.58,1282.74
3598,375,3,259.59,778.77
3598,39,1,105.83,105.83
3598,148,2,228.08,456.16
3599,195,2,280.71,561.42
3599,320,1,142.18,142.18
3599,405,2,26.88,53.76
3599,235,3,384.75,1154.25
3599,243,1,358.15,358.15
3600,347,1,186.64,186.64
3601,291,1,336.86,336.86
3601,11,3,415.63,1246.8899999999999
3601,236,2,495.48,990.96
3602,493,2,435.98,871.96
3602,360,1,396.94,396.94
3602,500,3,236.72,710.16
3602,235,1,384.75,384.75
3603,307,3,75.2,225.60000000000002
3603,264,1,165.99,165.99
3603,20,2,446.93,893.86
3603,89,1,437.32,437.32
3603,496,3,341.88,1025.6399999999999
3604,25,3,206.03,618.09
3604,92,2,86.51,173.02
3604,2,3,139.66,418.98
3605,135,3,451.07,1353.21
3605,160,3,386.52,1159.56
3606,247,3,228.88,686.64
3606,409,2,98.63,197.26
3606,171,1,35.49,35.49
3606,86,3,409.34,1228.02
3607,290,1,334.81,334.81
3607,187,2,315.62,631.24
3607,119,1,120.42,120.42
3607,105,3,414.79,1244.3700000000001
3607,170,1,432.62,432.62
3608,86,1,409.34,409.34
3608,468,1,24.15,24.15
3608,223,2,80.53,161.06
3609,63,2,270.0,540.0
3609,185,3,236.39,709.17
3609,361,1,89.18,89.18
3609,432,1,18.81,18.81
3609,362,1,110.19,110.19
3610,314,3,78.8,236.39999999999998
3610,261,1,235.72,235.72
3610,178,2,449.89,899.78
3610,16,3,191.38,574.14
3611,121,1,143.28,143.28
3611,276,2,254.66,509.32
3612,336,1,41.55,41.55
3613,124,1,130.44,130.44
3613,471,3,64.44,193.32
3613,264,3,165.99,497.97
3614,279,1,273.72,273.72
3614,212,2,381.28,762.56
3614,215,2,313.01,626.02
3615,219,2,9.55,19.1
3615,498,3,48.54,145.62
3615,265,2,452.37,904.74
3616,162,2,153.38,306.76
3616,216,3,256.85,770.5500000000001
3616,296,2,348.54,697.08
3616,59,1,471.15,471.15
3616,313,1,181.23,181.23
3617,59,3,471.15,1413.4499999999998
3617,384,3,9.03,27.089999999999996
3617,123,3,187.5,562.5
3617,364,2,469.93,939.86
3617,113,1,180.72,180.72
3618,272,3,182.96,548.88
3619,440,3,362.37,1087.1100000000001
3620,141,1,257.07,257.07
3620,112,3,17.77,53.31
3620,355,1,344.54,344.54
3620,391,2,14.9,29.8
3620,8,1,236.88,236.88
3621,69,3,494.8,1484.4
3621,431,3,370.38,1111.1399999999999
3621,319,2,132.86,265.72
3621,303,3,384.8,1154.4
3622,298,3,310.25,930.75
3622,292,3,335.18,1005.54
3623,300,2,250.81,501.62
3623,164,1,158.01,158.01
3623,383,1,114.97,114.97
3623,405,3,26.88,80.64
3624,182,2,491.56,983.12
3624,138,2,93.72,187.44
3625,46,1,51.28,51.28
3625,447,1,156.88,156.88
3625,67,3,439.97,1319.91
3626,87,1,367.59,367.59
3626,263,1,168.0,168.0
3627,64,1,330.1,330.1
3627,133,2,195.06,390.12
3627,100,3,175.13,525.39
3627,102,2,196.78,393.56
3627,291,2,336.86,673.72
3628,262,2,356.94,713.88
3629,248,2,255.64,511.28
3629,85,1,173.78,173.78
3630,273,2,193.27,386.54
3631,229,3,230.52,691.5600000000001
3631,327,1,357.39,357.39
3632,119,2,120.42,240.84
3632,181,3,369.11,1107.33
3632,387,1,130.92,130.92
3633,491,1,130.58,130.58
3633,432,1,18.81,18.81
3633,345,1,179.94,179.94
3633,112,1,17.77,17.77
3634,8,1,236.88,236.88
3634,54,3,393.16,1179.48
3634,194,1,22.63,22.63
3634,358,2,198.63,397.26
3635,80,2,296.1,592.2
3636,137,2,124.07,248.14
3636,130,3,201.64,604.92
3636,6,1,23.99,23.99
3637,172,1,171.63,171.63
3638,117,2,16.06,32.12
3638,417,2,202.32,404.64
3639,289,1,427.58,427.58
3639,17,2,430.34,860.68
3640,184,1,119.59,119.59
3640,367,1,403.14,403.14
3640,107,1,262.2,262.2
3640,164,1,158.01,158.01
3641,153,1,435.4,435.4
3641,102,1,196.78,196.78
3641,70,1,420.8,420.8
3641,405,1,26.88,26.88
3641,490,1,487.09,487.09
3642,103,3,363.27,1089.81
3642,21,1,348.11,348.11
3642,6,2,23.99,47.98
3642,333,1,61.26,61.26
3643,343,3,220.03,660.09
3643,264,1,165.99,165.99
3643,205,3,59.11,177.32999999999998
3643,49,1,486.05,486.05
3644,131,1,286.17,286.17
3644,419,3,139.16,417.48
3644,486,1,45.81,45.81
3644,142,1,176.49,176.49
3645,169,1,466.19,466.19
3645,85,3,173.78,521.34
3646,488,3,243.3,729.9000000000001
3647,149,1,111.19,111.19
3647,2,2,139.66,279.32
3647,213,2,343.62,687.24
3647,289,2,427.58,855.16
3648,179,2,422.57,845.14
3649,38,3,437.95,1313.85
3650,142,2,176.49,352.98
3650,30,2,243.42,486.84
3650,99,3,142.89,428.66999999999996
3650,300,2,250.81,501.62
3650,19,2,343.63,687.26
3651,208,1,342.64,342.64
3651,187,3,315.62,946.86
3651,359,3,353.69,1061.07
3651,369,3,492.83,1478.49
3651,166,3,474.92,1424.76
3652,357,3,213.41,640.23
3653,131,1,286.17,286.17
3654,476,2,121.13,242.26
3654,39,1,105.83,105.83
3654,142,3,176.49,529.47
3655,355,3,344.54,1033.6200000000001
3655,489,3,229.25,687.75
3655,312,3,176.2,528.5999999999999
3655,285,1,440.73,440.73
3655,123,2,187.5,375.0
3656,415,1,454.18,454.18
3656,51,2,124.89,249.78
3657,198,2,209.69,419.38
3658,157,3,208.56,625.6800000000001
3658,269,3,183.25,549.75
3658,258,2,440.33,880.66
3658,126,3,320.91,962.73
3659,345,2,179.94,359.88
3659,319,3,132.86,398.58000000000004
3660,302,1,343.67,343.67
3660,263,3,168.0,504.0
3661,39,1,105.83,105.83
3661,335,1,255.49,255.49
3662,53,3,440.06,1320.18
3662,342,3,19.87,59.61
3663,366,3,409.85,1229.5500000000002
3663,344,2,138.55,277.1
3663,60,1,407.73,407.73
3663,185,2,236.39,472.78
3664,63,2,270.0,540.0
3664,221,2,42.15,84.3
3664,55,2,243.64,487.28
3664,88,3,361.93,1085.79
3664,499,2,139.95,279.9
3665,422,1,275.45,275.45
3665,285,2,440.73,881.46
3665,19,3,343.63,1030.8899999999999
3665,419,3,139.16,417.48
3665,248,2,255.64,511.28
3666,303,1,384.8,384.8
3667,283,1,391.26,391.26
3667,248,3,255.64,766.92
3668,224,2,133.14,266.28
3669,245,3,426.38,1279.1399999999999
3669,394,2,202.77,405.54
3669,61,3,118.22,354.65999999999997
3669,173,2,364.45,728.9
3669,189,2,23.31,46.62
3670,46,2,51.28,102.56
3671,255,1,170.99,170.99
3671,104,2,355.23,710.46
3671,382,1,65.87,65.87
3672,159,2,287.61,575.22
3672,294,1,159.06,159.06
3672,499,3,139.95,419.84999999999997
3673,249,1,143.22,143.22
3673,283,1,391.26,391.26
3673,437,2,150.85,301.7
3673,424,2,41.06,82.12
3673,286,1,67.86,67.86
3674,331,2,69.86,139.72
3674,90,1,171.02,171.02
3674,334,1,281.98,281.98
3675,493,2,435.98,871.96
3675,118,2,355.19,710.38
3676,389,1,497.51,497.51
3676,152,3,436.45,1309.35
3676,188,1,331.07,331.07
3677,43,1,84.75,84.75
3677,163,3,307.1,921.3000000000001
3678,151,1,369.64,369.64
3678,470,1,67.19,67.19
3679,46,1,51.28,51.28
3679,68,3,5.86,17.580000000000002
3680,299,2,207.73,415.46
3680,413,2,64.03,128.06
3681,274,3,203.73,611.1899999999999
3681,71,2,43.24,86.48
3681,438,1,100.54,100.54
3681,60,3,407.73,1223.19
3682,60,3,407.73,1223.19
3682,486,2,45.81,91.62
3683,271,2,188.99,377.98
3683,118,2,355.19,710.38
3684,15,2,190.65,381.3
3684,39,3,105.83,317.49
3684,105,2,414.79,829.58
3685,171,2,35.49,70.98
3685,9,1,331.01,331.01
3685,173,3,364.45,1093.35
3685,330,2,434.93,869.86
3685,298,2,310.25,620.5
3686,373,2,259.22,518.44
3686,429,2,257.85,515.7
3687,38,2,437.95,875.9
3687,349,2,54.63,109.26
3687,441,3,314.36,943.08
3688,498,1,48.54,48.54
3688,74,2,83.84,167.68
3688,109,2,489.42,978.84
3688,94,2,186.09,372.18
3688,55,1,243.64,243.64
3689,368,1,226.17,226.17
3689,252,1,333.44,333.44
3690,318,1,219.59,219.59
3691,289,3,427.58,1282.74
3691,330,1,434.93,434.93
3692,181,2,369.11,738.22
3693,155,1,77.89,77.89
3693,151,2,369.64,739.28
3694,324,2,311.54,623.08
3695,420,2,410.03,820.06
3696,236,3,495.48,1486.44
3696,232,3,478.28,1434.84
3696,476,2,121.13,242.26
3697,342,1,19.87,19.87
3697,171,3,35.49,106.47
3698,305,2,80.66,161.32
3698,20,3,446.93,1340.79
3698,488,1,243.3,243.3
3699,471,2,64.44,128.88
3699,346,2,206.81,413.62
3699,114,1,108.7,108.7
3700,210,2,366.8,733.6
3700,23,2,124.25,248.5
3701,116,3,490.7,1472.1
3701,292,3,335.18,1005.54
3701,72,2,455.9,911.8
3702,16,1,191.38,191.38
3703,421,3,450.64,1351.92
3703,269,3,183.25,549.75
3704,491,3,130.58,391.74
3704,98,1,375.73,375.73
3704,419,2,139.16,278.32
3704,495,1,239.08,239.08
3705,381,3,212.11,636.33
3705,289,1,427.58,427.58
3705,341,3,469.56,1408.68
3705,60,1,407.73,407.73
3705,144,2,149.85,299.7
3706,456,1,242.56,242.56
3706,337,2,226.35,452.7
3706,434,1,379.85,379.85
3707,87,1,367.59,367.59
3707,119,2,120.42,240.84
3708,302,2,343.67,687.34
3709,3,2,458.68,917.36
3709,178,3,449.89,1349.67
3709,287,2,477.19,954.38
3709,418,1,141.62,141.62
3710,371,2,319.89,639.78
3710,75,3,123.97,371.90999999999997
3711,11,1,415.63,415.63
3711,122,1,65.23,65.23
3712,462,1,153.15,153.15
3712,96,1,95.56,95.56
3712,268,3,430.32,1290.96
3713,500,2,236.72,473.44
3713,254,2,218.23,436.46
3713,253,3,399.66,1198.98
3714,399,1,62.97,62.97
3714,302,1,343.67,343.67
3715,459,2,220.51,441.02
3715,153,1,435.4,435.4
3715,33,3,199.18,597.54
3716,454,2,122.06,244.12
3716,334,2,281.98,563.96
3716,385,3,177.56,532.6800000000001
3717,426,1,438.33,438.33
3718,51,1,124.89,124.89
3718,374,2,415.45,830.9
3718,5,1,132.04,132.04
3718,362,1,110.19,110.19
3719,406,3,7.55,22.65
3719,467,3,24.18,72.53999999999999
3719,378,3,153.62,460.86
3720,458,3,290.04,870.1200000000001
3721,226,2,285.61,571.22
3721,485,2,165.35,330.7
3721,255,3,170.99,512.97
3721,318,3,219.59,658.77
3721,478,2,356.16,712.32
3722,63,2,270.0,540.0
3722,156,3,404.58,1213.74
3723,263,3,168.0,504.0
3723,284,2,322.24,644.48
3723,67,3,439.97,1319.91
3723,220,1,58.27,58.27
3724,15,3,190.65,571.95
3724,444,2,232.11,464.22
3724,335,1,255.49,255.49
3724,448,2,119.74,239.48
3724,147,3,404.23,1212.69
3725,54,1,393.16,393.16
3725,156,1,404.58,404.58
3726,71,3,43.24,129.72
3727,363,1,479.64,479.64
3727,193,2,271.29,542.58
3727,386,2,273.27,546.54
3728,336,1,41.55,41.55
3728,306,1,12.42,12.42
3729,259,2,200.38,400.76
3729,276,3,254.66,763.98
3729,87,3,367.59,1102.77
3729,20,3,446.93,1340.79
3730,449,2,209.61,419.22
3730,25,2,206.03,412.06
3730,102,1,196.78,196.78
3730,150,3,216.59,649.77
3731,312,2,176.2,352.4
3732,278,3,178.94,536.8199999999999
3732,339,2,327.73,655.46
3732,118,1,355.19,355.19
3733,3,2,458.68,917.36
3733,405,1,26.88,26.88
3733,6,1,23.99,23.99
3733,423,3,317.55,952.6500000000001
3733,5,2,132.04,264.08
3734,352,2,23.31,46.62
3734,24,1,497.43,497.43
3734,466,2,465.33,930.66
3734,33,1,199.18,199.18
3734,372,1,224.89,224.89
3735,370,2,49.7,99.4
3735,194,1,22.63,22.63
3735,64,3,330.1,990.3000000000001
3735,473,1,20.11,20.11
3736,333,3,61.26,183.78
3736,5,1,132.04,132.04
3737,236,2,495.48,990.96
3737,21,2,348.11,696.22
3737,131,3,286.17,858.51
3737,230,3,314.06,942.1800000000001
3737,343,3,220.03,660.09
3738,107,3,262.2,786.5999999999999
3738,399,3,62.97,188.91
3738,396,2,69.93,139.86
3739,341,3,469.56,1408.68
3740,414,3,457.0,1371.0
3740,379,3,222.7,668.0999999999999
3741,186,3,288.34,865.02
3741,330,1,434.93,434.93
3741,82,1,479.76,479.76
3741,72,1,455.9,455.9
3741,320,1,142.18,142.18
3742,349,3,54.63,163.89000000000001
3742,368,1,226.17,226.17
3743,264,1,165.99,165.99
3743,53,2,440.06,880.12
3744,235,1,384.75,384.75
3744,157,3,208.56,625.6800000000001
3744,317,2,75.98,151.96
3744,210,3,366.8,1100.4
3744,463,2,76.72,153.44
3745,320,3,142.18,426.54
3745,375,3,259.59,778.77
3745,428,2,48.76,97.52
3746,450,1,245.71,245.71
3746,87,2,367.59,735.18
3746,215,2,313.01,626.02
3746,463,1,76.72,76.72
3747,13,2,41.35,82.7
3747,368,3,226.17,678.51
3747,108,2,189.13,378.26
3747,440,2,362.37,724.74
3747,280,2,346.03,692.06
3748,247,2,228.88,457.76
3748,66,1,113.14,113.14
3748,40,1,290.43,290.43
3749,298,1,310.25,310.25
3749,475,1,426.61,426.61
3749,107,2,262.2,524.4
3749,43,3,84.75,254.25
3750,377,2,139.69,279.38
3750,107,3,262.2,786.5999999999999
3750,342,3,19.87,59.61
3751,122,1,65.23,65.23
3752,51,2,124.89,249.78
3752,220,1,58.27,58.27
3752,114,2,108.7,217.4
3752,31,3,384.06,1152.18
3752,295,3,366.04,1098.1200000000001
3753,230,1,314.06,314.06
3753,441,2,314.36,628.72
3753,344,3,138.55,415.65000000000003
3753,227,2,413.65,827.3
3754,378,2,153.62,307.24
3754,260,2,459.47,918.94
3754,149,1,111.19,111.19
3754,279,1,273.72,273.72
3754,160,3,386.52,1159.56
3755,107,3,262.2,786.5999999999999
3755,184,1,119.59,119.59
3755,152,3,436.45,1309.35
3755,235,2,384.75,769.5
3755,476,2,121.13,242.26
3756,358,3,198.63,595.89
3756,374,2,415.45,830.9
3756,394,3,202.77,608.3100000000001
3756,341,1,469.56,469.56
3757,297,1,225.21,225.21
3758,339,3,327.73,983.19
3758,27,3,432.61,1297.83
3758,464,3,296.32,888.96
3758,324,2,311.54,623.08
3758,416,2,163.35,326.7
3759,208,3,342.64,1027.92
3759,210,3,366.8,1100.4
3759,433,2,457.16,914.32
3759,22,3,491.32,1473.96
3759,212,2,381.28,762.56
3760,268,3,430.32,1290.96
3761,18,1,395.52,395.52
3761,78,3,164.41,493.23
3762,487,2,396.73,793.46
3762,288,1,174.29,174.29
3763,385,3,177.56,532.6800000000001
3764,225,2,14.73,29.46
3764,134,1,9.79,9.79
3764,53,2,440.06,880.12
3764,416,2,163.35,326.7
3765,14,2,127.52,255.04
3765,21,3,348.11,1044.33
3766,72,3,455.9,1367.6999999999998
3766,48,1,113.06,113.06
3766,409,2,98.63,197.26
3766,467,3,24.18,72.53999999999999
3767,157,2,208.56,417.12
3767,48,1,113.06,113.06
3767,141,1,257.07,257.07
3767,139,2,349.74,699.48
3767,223,1,80.53,80.53
3768,282,3,463.34,1390.02
3768,261,2,235.72,471.44
3768,70,1,420.8,420.8
3768,177,3,337.04,1011.1200000000001
3769,230,3,314.06,942.1800000000001
3769,138,1,93.72,93.72
3769,253,1,399.66,399.66
3769,167,3,14.91,44.730000000000004
3770,98,1,375.73,375.73
3771,196,1,372.88,372.88
3772,204,2,396.2,792.4
3772,253,1,399.66,399.66
3772,331,1,69.86,69.86
3773,95,2,452.34,904.68
3774,314,3,78.8,236.39999999999998
3774,39,1,105.83,105.83
3775,329,3,361.76,1085.28
3775,272,3,182.96,548.88
3776,374,1,415.45,415.45
3776,356,3,346.58,1039.74
3776,67,1,439.97,439.97
3777,154,1,371.7,371.7
3777,170,2,432.62,865.24
3777,282,3,463.34,1390.02
3778,257,3,287.88,863.64
3778,439,3,201.62,604.86
3778,282,3,463.34,1390.02
3779,180,2,348.73,697.46
3780,285,1,440.73,440.73
3781,371,3,319.89,959.67
3781,228,2,469.49,938.98
3781,33,1,199.18,199.18
3781,10,3,421.91,1265.73
3781,207,2,68.25,136.5
3782,500,2,236.72,473.44
3782,390,3,49.86,149.57999999999998
3783,384,2,9.03,18.06
3783,150,2,216.59,433.18
3783,378,3,153.62,460.86
3784,197,1,66.56,66.56
3785,65,3,318.4,955.1999999999999
3785,315,2,30.07,60.14
3785,105,3,414.79,1244.3700000000001
3785,375,3,259.59,778.77
3785,239,2,254.23,508.46
3786,169,1,466.19,466.19
3786,99,2,142.89,285.78
3786,119,1,120.42,120.42
3787,321,3,271.53,814.5899999999999
3788,493,2,435.98,871.96
3789,85,3,173.78,521.34
3789,318,3,219.59,658.77
3790,315,2,30.07,60.14
3790,259,3,200.38,601.14
3790,430,3,379.23,1137.69
3790,238,3,150.48,451.43999999999994
3790,2,2,139.66,279.32
3791,162,3,153.38,460.14
3791,211,2,470.02,940.04
3791,308,2,477.22,954.44
3792,304,2,282.76,565.52
3792,84,1,239.85,239.85
3792,486,3,45.81,137.43
3792,30,2,243.42,486.84
3793,320,2,142.18,284.36
3793,183,1,206.12,206.12
3793,222,1,310.77,310.77
3794,370,3,49.7,149.10000000000002
3794,94,2,186.09,372.18
3794,188,2,331.07,662.14
3794,45,1,442.81,442.81
3794,370,2,49.7,99.4
3795,156,2,404.58,809.16
3796,254,3,218.23,654.6899999999999
3796,215,2,313.01,626.02
3796,489,3,229.25,687.75
3797,24,2,497.43,994.86
3797,224,2,133.14,266.28
3797,29,2,362.83,725.66
3797,27,2,432.61,865.22
3797,88,2,361.93,723.86
3798,268,2,430.32,860.64
3798,384,3,9.03,27.089999999999996
3798,236,1,495.48,495.48
3799,101,1,38.7,38.7
3799,310,3,78.93,236.79000000000002
3799,345,1,179.94,179.94
3799,380,1,378.14,378.14
3800,486,2,45.81,91.62
3800,189,3,23.31,69.92999999999999
3800,373,3,259.22,777.6600000000001
3801,354,2,107.87,215.74
3801,134,3,9.79,29.369999999999997
3801,288,3,174.29,522.87
3802,208,2,342.64,685.28
3803,495,1,239.08,239.08
3803,140,3,115.16,345.48
3804,172,2,171.63,343.26
3805,498,2,48.54,97.08
3805,70,2,420.8,841.6
3805,164,3,158.01,474.03
3805,163,1,307.1,307.1
3806,427,2,323.5,647.0
3807,16,2,191.38,382.76
3807,205,1,59.11,59.11
3807,389,3,497.51,1492.53
3807,206,2,353.54,707.08
3807,44,1,437.15,437.15
3808,150,3,216.59,649.77
3808,166,1,474.92,474.92
3809,328,2,251.99,503.98
3810,320,3,142.18,426.54
3811,131,2,286.17,572.34
3812,470,3,67.19,201.57
3812,165,1,170.69,170.69
3812,326,3,337.22,1011.6600000000001
3812,226,1,285.61,285.61
3812,110,1,124.44,124.44
3813,430,1,379.23,379.23
3813,368,1,226.17,226.17
3814,7,2,479.78,959.56
3814,206,3,353.54,1060.6200000000001
3814,457,1,196.35,196.35
3814,360,3,396.94,1190.82
3814,441,2,314.36,628.72
3815,133,1,195.06,195.06
3815,14,2,127.52,255.04
3815,109,2,489.42,978.84
3815,46,3,51.28,153.84
3816,320,2,142.18,284.36
3817,199,1,355.65,355.65
3817,293,2,487.59,975.18
3817,54,3,393.16,1179.48
3817,252,3,333.44,1000.3199999999999
3818,46,3,51.28,153.84
3818,424,3,41.06,123.18
3818,237,1,236.39,236.39
3819,266,1,292.77,292.77
3819,52,3,207.19,621.5699999999999
3820,23,2,124.25,248.5
3820,343,2,220.03,440.06
3820,137,3,124.07,372.21
3820,420,2,410.03,820.06
3820,170,3,432.62,1297.8600000000001
3821,460,1,382.54,382.54
3821,246,2,234.51,469.02
3821,421,1,450.64,450.64
3822,485,2,165.35,330.7
3822,31,3,384.06,1152.18
3822,290,3,334.81,1004.4300000000001
3822,97,2,91.52,183.04
3822,55,3,243.64,730.92
3823,22,2,491.32,982.64
3823,271,3,188.99,566.97
3823,192,3,361.57,1084.71
3824,312,2,176.2,352.4
3824,381,2,212.11,424.22
3824,307,2,75.2,150.4
3825,397,1,154.37,154.37
3825,44,2,437.15,874.3
3825,263,3,168.0,504.0
3825,442,3,470.37,1411.1100000000001
3826,169,2,466.19,932.38
3826,324,2,311.54,623.08
3826,288,3,174.29,522.87
3826,338,2,287.2,574.4
3826,328,3,251.99,755.97
3827,465,1,484.34,484.34
3827,331,1,69.86,69.86
3828,283,1,391.26,391.26
3828,114,2,108.7,217.4
3828,86,3,409.34,1228.02
3828,355,1,344.54,344.54
3829,12,1,291.6,291.6
3829,363,2,479.64,959.28
3829,435,2,219.72,439.44
3829,264,3,165.99,497.97
3830,462,3,153.15,459.45000000000005
3830,417,2,202.32,404.64
3831,414,3,457.0,1371.0
3831,277,3,74.18,222.54000000000002
3831,428,2,48.76,97.52
3831,470,2,67.19,134.38
3831,449,1,209.61,209.61
3832,147,2,404.23,808.46
3832,340,3,281.13,843.39
3833,490,3,487.09,1461.27
3833,421,1,450.64,450.64
3833,460,3,382.54,1147.6200000000001
3834,111,1,283.29,283.29
3834,36,2,325.79,651.58
3834,117,1,16.06,16.06
3834,32,2,284.06,568.12
3834,115,2,200.47,400.94
3835,68,2,5.86,11.72
3836,128,3,19.74,59.22
3836,454,1,122.06,122.06
3836,1,2,107.54,215.08
3837,95,3,452.34,1357.02
3837,348,3,45.01,135.03
3837,248,2,255.64,511.28
3838,434,1,379.85,379.85
3838,193,1,271.29,271.29
3839,490,3,487.09,1461.27
3839,225,1,14.73,14.73
3839,93,3,325.85,977.5500000000001
3840,431,2,370.38,740.76
3840,483,3,70.53,211.59
3841,290,3,334.81,1004.4300000000001
3841,129,2,293.08,586.16
3841,256,2,344.07,688.14
3841,345,3,179.94,539.8199999999999
3842,29,2,362.83,725.66
3842,187,3,315.62,946.86
3843,138,2,93.72,187.44
3843,11,1,415.63,415.63
3844,157,1,208.56,208.56
3845,420,1,410.03,410.03
3845,401,2,99.91,199.82
3846,366,3,409.85,1229.5500000000002
3846,358,2,198.63,397.26
3847,39,1,105.83,105.83
3848,212,3,381.28,1143.84
3849,168,2,396.27,792.54
3849,271,3,188.99,566.97
3849,325,2,470.48,940.96
3850,295,1,366.04,366.04
3850,196,3,372.88,1118.6399999999999
3851,132,2,409.11,818.22
3852,349,1,54.63,54.63
3852,266,2,292.77,585.54
3852,302,2,343.67,687.34
3852,258,2,440.33,880.66
3853,65,2,318.4,636.8
3853,489,1,229.25,229.25
3853,78,2,164.41,328.82
3853,235,2,384.75,769.5
3854,367,1,403.14,403.14
3854,20,3,446.93,1340.79
3854,131,1,286.17,286.17
3855,398,1,182.45,182.45
3855,422,2,275.45,550.9
3855,393,3,129.5,388.5
3856,358,3,198.63,595.89
3856,65,2,318.4,636.8
3856,409,2,98.63,197.26
3857,336,1,41.55,41.55
3857,434,2,379.85,759.7
3857,222,2,310.77,621.54
3858,254,1,218.23,218.23
3859,354,2,107.87,215.74
3859,377,1,139.69,139.69
3860,279,2,273.72,547.44
3860,145,2,438.41,876.82
3860,50,3,347.73,1043.19
3860,290,3,334.81,1004.4300000000001
3860,413,1,64.03,64.03
3861,168,2,396.27,792.54
3861,421,2,450.64,901.28
3861,130,1,201.64,201.64
3861,418,2,141.62,283.24
3861,246,1,234.51,234.51
3862,347,3,186.64,559.92
3862,40,1,290.43,290.43
3862,342,2,19.87,39.74
3863,3,1,458.68,458.68
3863,101,1,38.7,38.7
3863,471,1,64.44,64.44
3863,484,2,304.06,608.12
3863,291,2,336.86,673.72
3864,127,2,6.58,13.16
3864,8,1,236.88,236.88
3865,385,1,177.56,177.56
3865,205,3,59.11,177.32999999999998
3865,498,3,48.54,145.62
3866,286,3,67.86,203.57999999999998
3867,173,3,364.45,1093.35
3867,113,1,180.72,180.72
3867,401,2,99.91,199.82
3867,247,3,228.88,686.64
3867,50,2,347.73,695.46
3868,59,1,471.15,471.15
3868,332,3,450.12,1350.3600000000001
3868,334,3,281.98,845.94
3868,258,1,440.33,440.33
3869,477,1,155.19,155.19
3869,261,1,235.72,235.72
3869,294,1,159.06,159.06
3869,127,1,6.58,6.58
3869,318,2,219.59,439.18
3870,87,2,367.59,735.18
3870,333,2,61.26,122.52
3870,440,2,362.37,724.74
3870,306,2,12.42,24.84
3871,484,3,304.06,912.1800000000001
3871,418,3,141.62,424.86
3872,199,2,355.65,711.3
3873,32,3,284.06,852.1800000000001
3874,217,2,80.51,161.02
3874,384,3,9.03,27.089999999999996
3874,140,2,115.16,230.32
3874,135,1,451.07,451.07
3874,41,2,314.77,629.54
3875,198,1,209.69,209.69
3875,8,3,236.88,710.64
3875,120,3,480.49,1441.47
3875,20,2,446.93,893.86
3876,330,2,434.93,869.86
3877,284,2,322.24,644.48
3877,329,3,361.76,1085.28
3877,18,3,395.52,1186.56
3878,117,1,16.06,16.06
3879,106,1,422.11,422.11
3879,423,2,317.55,635.1
3879,266,2,292.77,585.54
3880,405,1,26.88,26.88
3880,180,3,348.73,1046.19
3880,261,3,235.72,707.16
3880,71,2,43.24,86.48
3881,324,3,311.54,934.6200000000001
3881,396,3,69.93,209.79000000000002
3881,154,2,371.7,743.4
3881,73,2,279.0,558.0
3882,72,1,455.9,455.9
3882,209,2,195.24,390.48
3883,430,1,379.23,379.23
3883,474,2,239.02,478.04
3883,495,3,239.08,717.24
3883,149,3,111.19,333.57
3883,453,2,335.96,671.92
3884,333,2,61.26,122.52
3884,205,1,59.11,59.11
3885,121,3,143.28,429.84000000000003
3886,7,2,479.78,959.56
3886,491,1,130.58,130.58
3886,387,2,130.92,261.84
3887,116,2,490.7,981.4
3887,284,2,322.24,644.48
3887,122,2,65.23,130.46
3888,429,3,257.85,773.5500000000001
3888,475,2,426.61,853.22
3888,459,2,220.51,441.02
3889,128,3,19.74,59.22
3889,291,3,336.86,1010.58
3889,354,3,107.87,323.61
3890,320,1,142.18,142.18
3890,138,1,93.72,93.72
3890,413,1,64.03,64.03
3890,417,1,202.32,202.32
3890,283,2,391.26,782.52
3891,133,1,195.06,195.06
3891,6,2,23.99,47.98
3891,373,3,259.22,777.6600000000001
3892,180,2,348.73,697.46
3892,342,3,19.87,59.61
3892,440,3,362.37,1087.1100000000001
3892,95,2,452.34,904.68
3893,457,3,196.35,589.05
3893,276,3,254.66,763.98
3894,183,2,206.12,412.24
3894,26,1,170.87,170.87
3895,200,3,134.77,404.31000000000006
3895,64,3,330.1,990.3000000000001
3895,414,3,457.0,1371.0
3895,251,1,208.81,208.81
3895,222,1,310.77,310.77
3896,30,1,243.42,243.42
3896,453,1,335.96,335.96
3896,235,2,384.75,769.5
3896,149,1,111.19,111.19
3897,183,3,206.12,618.36
3898,171,2,35.49,70.98
3898,242,1,233.81,233.81
3898,311,3,432.8,1298.4
3898,258,2,440.33,880.66
3899,32,3,284.06,852.1800000000001
3899,210,2,366.8,733.6
3900,431,2,370.38,740.76
3900,432,1,18.81,18.81
3900,247,3,228.88,686.64
3900,18,1,395.52,395.52
3900,268,3,430.32,1290.96
3901,55,1,243.64,243.64
3901,222,2,310.77,621.54
3902,345,2,179.94,359.88
3902,9,2,331.01,662.02
3902,117,1,16.06,16.06
3902,429,2,257.85,515.7
3903,206,2,353.54,707.08
3903,370,2,49.7,99.4
3903,118,2,355.19,710.38
3903,472,2,485.93,971.86
3903,7,3,479.78,1439.34
3904,321,2,271.53,543.06
3904,404,2,115.89,231.78
3904,259,1,200.38,200.38
3905,106,1,422.11,422.11
3906,104,2,355.23,710.46
3906,395,1,254.9,254.9
3906,423,3,317.55,952.6500000000001
3907,236,3,495.48,1486.44
3907,201,1,258.09,258.09
3907,174,1,258.78,258.78
3908,33,1,199.18,199.18
3908,200,1,134.77,134.77
3908,155,2,77.89,155.78
3908,91,1,440.33,440.33
3908,120,3,480.49,1441.47
3909,339,1,327.73,327.73
3909,260,2,459.47,918.94
3910,162,3,153.38,460.14
3911,90,1,171.02,171.02
3911,410,1,227.81,227.81
3911,469,3,351.84,1055.52
3912,470,2,67.19,134.38
3912,496,1,341.88,341.88
3912,143,2,248.2,496.4
3912,402,1,336.6,336.6
3912,309,1,484.02,484.02
3913,95,3,452.34,1357.02
3914,75,1,123.97,123.97
3915,409,1,98.63,98.63
3916,450,2,245.71,491.42
3917,399,1,62.97,62.97
3917,300,2,250.81,501.62
3917,420,1,410.03,410.03
3918,76,3,476.31,1428.93
3918,398,3,182.45,547.3499999999999
3918,467,3,24.18,72.53999999999999
3918,19,3,343.63,1030.8899999999999
3918,211,1,470.02,470.02
3919,385,2,177.56,355.12
3920,483,3,70.53,211.59
3921,133,2,195.06,390.12
3922,266,3,292.77,878.31
3922,119,1,120.42,120.42
3922,321,1,271.53,271.53
3923,7,2,479.78,959.56
3923,363,3,479.64,1438.92
3924,344,3,138.55,415.65000000000003
3924,91,2,440.33,880.66
3924,206,3,353.54,1060.6200000000001
3925,229,3,230.52,691.5600000000001
3926,124,1,130.44,130.44
3926,383,1,114.97,114.97
3926,277,3,74.18,222.54000000000002
3926,439,3,201.62,604.86
3927,437,3,150.85,452.54999999999995
3927,245,1,426.38,426.38
3927,332,1,450.12,450.12
3927,223,3,80.53,241.59
3928,170,1,432.62,432.62
3928,36,3,325.79,977.3700000000001
3928,500,3,236.72,710.16
3929,401,2,99.91,199.82
3930,414,1,457.0,457.0
3930,82,2,479.76,959.52
3930,20,1,446.93,446.93
3930,262,3,356.94,1070.82
3931,134,1,9.79,9.79
3931,318,1,219.59,219.59
3931,450,2,245.71,491.42
3931,176,1,66.77,66.77
3931,455,1,105.02,105.02
3932,484,2,304.06,608.12
3932,104,1,355.23,355.23
3932,361,1,89.18,89.18
3933,245,3,426.38,1279.1399999999999
3933,331,1,69.86,69.86
3933,34,3,150.14,450.41999999999996
3933,375,2,259.59,519.18
3934,269,2,183.25,366.5
3934,452,1,235.45,235.45
3934,401,3,99.91,299.73
3934,245,2,426.38,852.76
3934,480,1,209.16,209.16
3935,359,2,353.69,707.38
3935,422,2,275.45,550.9
3935,171,3,35.49,106.47
3935,292,1,335.18,335.18
3935,450,2,245.71,491.42
3936,161,2,281.23,562.46
3937,292,3,335.18,1005.54
3937,328,2,251.99,503.98
3937,187,1,315.62,315.62
3937,253,3,399.66,1198.98
3938,98,1,375.73,375.73
3938,103,2,363.27,726.54
3939,354,2,107.87,215.74
3939,350,2,170.56,341.12
3940,426,1,438.33,438.33
3940,462,1,153.15,153.15
3940,199,2,355.65,711.3
3940,337,3,226.35,679.05
3940,274,1,203.73,203.73
3941,313,3,181.23,543.6899999999999
3941,381,3,212.11,636.33
3941,255,2,170.99,341.98
3941,188,3,331.07,993.21
3941,425,1,211.7,211.7
3942,493,3,435.98,1307.94
3942,476,2,121.13,242.26
3942,57,3,281.31,843.9300000000001
3943,451,3,332.65,997.9499999999999
3943,134,1,9.79,9.79
3944,432,3,18.81,56.42999999999999
3944,319,3,132.86,398.58000000000004
3944,342,1,19.87,19.87
3944,457,3,196.35,589.05
3944,62,2,403.84,807.68
3945,50,1,347.73,347.73
3946,191,2,334.45,668.9
3947,386,1,273.27,273.27
3948,62,3,403.84,1211.52
3948,205,2,59.11,118.22
3948,452,1,235.45,235.45
3948,183,2,206.12,412.24
3948,407,1,474.34,474.34
3949,100,2,175.13,350.26
3949,189,3,23.31,69.92999999999999
3949,301,2,287.0,574.0
3949,234,1,202.87,202.87
3949,385,3,177.56,532.6800000000001
3950,74,1,83.84,83.84
3950,316,1,68.22,68.22
3951,262,1,356.94,356.94
3951,86,2,409.34,818.68
3951,170,1,432.62,432.62
3951,232,1,478.28,478.28
3952,172,2,171.63,343.26
3952,32,1,284.06,284.06
3952,476,1,121.13,121.13
3953,157,1,208.56,208.56
3953,247,3,228.88,686.64
3953,11,1,415.63,415.63
3954,367,2,403.14,806.28
3955,157,2,208.56,417.12
3955,19,1,343.63,343.63
3955,171,2,35.49,70.98
3956,219,1,9.55,9.55
3956,110,2,124.44,248.88
3957,50,2,347.73,695.46
3957,392,1,364.88,364.88
3958,337,2,226.35,452.7
3959,180,1,348.73,348.73
3959,10,2,421.91,843.82
3959,20,1,446.93,446.93
3960,480,1,209.16,209.16
3960,235,1,384.75,384.75
3960,235,2,384.75,769.5
3960,308,1,477.22,477.22
3960,54,3,393.16,1179.48
3961,74,1,83.84,83.84
3962,329,3,361.76,1085.28
3962,239,2,254.23,508.46
3963,283,3,391.26,1173.78
3964,66,1,113.14,113.14
3964,364,3,469.93,1409.79
3964,193,2,271.29,542.58
3965,6,2,23.99,47.98
3966,376,2,120.28,240.56
3966,348,3,45.01,135.03
3967,65,1,318.4,318.4
3968,128,3,19.74,59.22
3969,436,3,41.76,125.28
3969,256,2,344.07,688.14
3969,189,3,23.31,69.92999999999999
3969,424,1,41.06,41.06
3969,117,3,16.06,48.17999999999999
3970,354,2,107.87,215.74
3970,29,1,362.83,362.83
3970,484,1,304.06,304.06
3970,385,2,177.56,355.12
3971,248,3,255.64,766.92
3972,397,1,154.37,154.37
3972,408,2,182.79,365.58
3973,360,2,396.94,793.88
3973,468,2,24.15,48.3
3973,364,3,469.93,1409.79
3973,455,3,105.02,315.06
3974,207,2,68.25,136.5
3974,278,3,178.94,536.8199999999999
3974,169,3,466.19,1398.57
3975,134,1,9.79,9.79
3975,377,3,139.69,419.07
3976,196,3,372.88,1118.6399999999999
3976,18,2,395.52,791.04
3977,118,2,355.19,710.38
3977,328,2,251.99,503.98
3977,485,2,165.35,330.7
3977,225,1,14.73,14.73
3978,76,3,476.31,1428.93
3978,27,1,432.61,432.61
3978,91,2,440.33,880.66
3978,158,2,269.42,538.84
3978,142,2,176.49,352.98
3979,94,2,186.09,372.18
3979,233,2,76.89,153.78
3979,258,3,440.33,1320.99
3979,404,3,115.89,347.67
3979,481,3,209.3,627.9000000000001
3980,272,1,182.96,182.96
3980,6,2,23.99,47.98
3980,291,3,336.86,1010.58
3980,381,2,212.11,424.22
3981,341,2,469.56,939.12
3981,106,1,422.11,422.11
3981,410,3,227.81,683.4300000000001
3982,132,2,409.11,818.22
3982,408,1,182.79,182.79
3982,75,2,123.97,247.94
3983,12,2,291.6,583.2
3984,88,3,361.93,1085.79
3984,333,3,61.26,183.78
3985,177,2,337.04,674.08
3986,416,1,163.35,163.35
3986,318,2,219.59,439.18
3986,122,2,65.23,130.46
3987,281,3,173.96,521.88
3987,450,1,245.71,245.71
3987,115,3,200.47,601.41
3988,306,2,12.42,24.84
3988,307,1,75.2,75.2
3988,272,1,182.96,182.96
3988,275,2,404.88,809.76
3989,247,2,228.88,457.76
3989,177,2,337.04,674.08
3989,145,1,438.41,438.41
3989,24,2,497.43,994.86
3989,298,1,310.25,310.25
3990,342,3,19.87,59.61
3990,340,3,281.13,843.39
3990,39,1,105.83,105.83
3990,298,2,310.25,620.5
3990,59,3,471.15,1413.4499999999998
3991,118,3,355.19,1065.57
3991,59,1,471.15,471.15
3991,68,3,5.86,17.580000000000002
3991,346,1,206.81,206.81
3991,470,1,67.19,67.19
3992,283,2,391.26,782.52
3992,369,3,492.83,1478.49
3992,309,3,484.02,1452.06
3992,21,3,348.11,1044.33
3993,249,3,143.22,429.65999999999997
3993,351,3,385.67,1157.01
3994,294,2,159.06,318.12
3994,163,2,307.1,614.2
3994,432,3,18.81,56.42999999999999
3994,293,3,487.59,1462.77
3995,146,1,299.06,299.06
3995,446,3,480.38,1441.1399999999999
3996,342,1,19.87,19.87
3996,5,2,132.04,264.08
3996,405,1,26.88,26.88
3996,101,1,38.7,38.7
3996,376,3,120.28,360.84000000000003
3997,257,2,287.88,575.76
3997,337,2,226.35,452.7
3997,340,2,281.13,562.26
3998,295,2,366.04,732.08
3998,86,3,409.34,1228.02
3998,15,3,190.65,571.95
3998,178,3,449.89,1349.67
3998,68,2,5.86,11.72
3999,112,3,17.77,53.31
3999,290,1,334.81,334.81
3999,377,3,139.69,419.07
4000,101,2,38.7,77.4
4000,236,3,495.48,1486.44
4001,96,2,95.56,191.12
4001,447,1,156.88,156.88
4002,192,1,361.57,361.57
4002,378,2,153.62,307.24
4002,252,3,333.44,1000.3199999999999
4003,14,2,127.52,255.04
4003,144,2,149.85,299.7
4003,244,2,286.63,573.26
4003,106,3,422.11,1266.33
4003,221,3,42.15,126.44999999999999
4004,30,1,243.42,243.42
4004,269,3,183.25,549.75
4005,13,2,41.35,82.7
4005,331,1,69.86,69.86
4006,212,1,381.28,381.28
4006,264,1,165.99,165.99
4006,311,3,432.8,1298.4
4006,63,1,270.0,270.0
4007,406,2,7.55,15.1
4007,135,3,451.07,1353.21
4008,402,3,336.6,1009.8000000000001
4008,373,1,259.22,259.22
4008,395,3,254.9,764.7
4008,308,3,477.22,1431.66
4009,331,3,69.86,209.57999999999998
4009,280,1,346.03,346.03
4009,266,3,292.77,878.31
4009,79,2,102.92,205.84
4009,198,1,209.69,209.69
4010,383,3,114.97,344.90999999999997
4010,45,3,442.81,1328.43
4010,13,3,41.35,124.05000000000001
4011,442,1,470.37,470.37
4011,101,1,38.7,38.7
4011,192,3,361.57,1084.71
4011,43,3,84.75,254.25
4011,464,2,296.32,592.64
4012,92,1,86.51,86.51
4012,319,2,132.86,265.72
4012,205,1,59.11,59.11
4012,124,1,130.44,130.44
4013,4,1,15.4,15.4
4013,217,1,80.51,80.51
4014,377,2,139.69,279.38
4014,306,2,12.42,24.84
4014,68,1,5.86,5.86
4015,272,2,182.96,365.92
4015,26,3,170.87,512.61
4015,439,2,201.62,403.24
4015,72,1,455.9,455.9
4015,452,1,235.45,235.45
4016,12,1,291.6,291.6
4016,50,1,347.73,347.73
4016,359,2,353.69,707.38
4017,16,2,191.38,382.76
4017,51,1,124.89,124.89
4017,49,3,486.05,1458.15
4017,344,1,138.55,138.55
4017,402,1,336.6,336.6
4018,345,3,179.94,539.8199999999999
4018,406,2,7.55,15.1
4018,316,1,68.22,68.22
4018,177,3,337.04,1011.1200000000001
4019,143,2,248.2,496.4
4019,210,1,366.8,366.8
4019,177,3,337.04,1011.1200000000001
4019,428,1,48.76,48.76
4019,243,1,358.15,358.15
4020,74,2,83.84,167.68
4020,27,3,432.61,1297.83
4020,170,1,432.62,432.62
4021,427,3,323.5,970.5
4021,447,3,156.88,470.64
4021,77,3,254.31,762.9300000000001
4021,472,3,485.93,1457.79
4021,298,2,310.25,620.5
4022,392,1,364.88,364.88
4022,197,1,66.56,66.56
4022,304,3,282.76,848.28
4022,232,3,478.28,1434.84
4022,241,2,463.38,926.76
4023,2,3,139.66,418.98
4024,175,2,235.77,471.54
4025,315,2,30.07,60.14
4025,178,1,449.89,449.89
4025,396,2,69.93,139.86
4025,213,3,343.62,1030.8600000000001
4025,48,3,113.06,339.18
4026,408,1,182.79,182.79
4026,57,3,281.31,843.9300000000001
4026,457,3,196.35,589.05
4026,178,2,449.89,899.78
4027,396,3,69.93,209.79000000000002
4027,139,3,349.74,1049.22
4027,40,2,290.43,580.86
4027,463,1,76.72,76.72
4028,485,3,165.35,496.04999999999995
4029,220,2,58.27,116.54
4029,492,3,28.24,84.72
4029,123,2,187.5,375.0
4029,247,1,228.88,228.88
4030,335,2,255.49,510.98
4030,468,3,24.15,72.44999999999999
4030,486,3,45.81,137.43
4030,334,1,281.98,281.98
4031,239,1,254.23,254.23
4031,199,3,355.65,1066.9499999999998
4032,74,1,83.84,83.84
4032,31,2,384.06,768.12
4032,103,1,363.27,363.27
4032,426,2,438.33,876.66
4033,291,1,336.86,336.86
4033,104,1,355.23,355.23
4034,87,3,367.59,1102.77
4034,60,1,407.73,407.73
4034,21,2,348.11,696.22
4034,96,1,95.56,95.56
4034,6,3,23.99,71.97
4035,44,3,437.15,1311.4499999999998
4035,462,2,153.15,306.3
4035,4,3,15.4,46.2
4035,257,1,287.88,287.88
4035,90,2,171.02,342.04
4036,274,2,203.73,407.46
4037,375,3,259.59,778.77
4037,80,1,296.1,296.1
4037,87,3,367.59,1102.77
4038,411,2,311.19,622.38
4038,431,1,370.38,370.38
4038,425,1,211.7,211.7
4039,86,2,409.34,818.68
4039,9,1,331.01,331.01
4039,125,1,61.95,61.95
4040,460,3,382.54,1147.6200000000001
4040,173,3,364.45,1093.35
4040,458,3,290.04,870.1200000000001
4040,382,2,65.87,131.74
4040,460,1,382.54,382.54
4041,285,1,440.73,440.73
4041,310,3,78.93,236.79000000000002
4041,218,3,213.29,639.87
4042,13,1,41.35,41.35
4042,368,1,226.17,226.17
4042,284,3,322.24,966.72
4043,426,3,438.33,1314.99
4043,38,3,437.95,1313.85
4043,87,3,367.59,1102.77
4043,205,3,59.11,177.32999999999998
4043,344,3,138.55,415.65000000000003
4044,250,3,179.65,538.95
4045,144,1,149.85,149.85
4046,119,2,120.42,240.84
4046,291,3,336.86,1010.58
4046,474,3,239.02,717.0600000000001
4046,453,3,335.96,1007.8799999999999
4046,243,2,358.15,716.3
4047,175,1,235.77,235.77
4048,356,3,346.58,1039.74
4048,133,3,195.06,585.1800000000001
4048,437,1,150.85,150.85
4048,30,2,243.42,486.84
4048,243,2,358.15,716.3
4049,18,1,395.52,395.52
4050,188,3,331.07,993.21
4050,272,3,182.96,548.88
4051,279,2,273.72,547.44
4052,19,3,343.63,1030.8899999999999
4053,236,1,495.48,495.48
4054,380,3,378.14,1134.42
4054,392,2,364.88,729.76
4054,265,1,452.37,452.37
4055,282,1,463.34,463.34
4055,96,3,95.56,286.68
4055,153,3,435.4,1306.1999999999998
4056,87,2,367.59,735.18
4056,154,2,371.7,743.4
4056,31,2,384.06,768.12
4056,410,1,227.81,227.81
4057,234,3,202.87,608.61
4058,481,1,209.3,209.3
4059,280,3,346.03,1038.09
4060,337,3,226.35,679.05
4060,234,3,202.87,608.61
4060,373,2,259.22,518.44
4061,266,2,292.77,585.54
4061,34,1,150.14,150.14
4061,178,2,449.89,899.78
4061,450,1,245.71,245.71
4062,287,2,477.19,954.38
4062,179,2,422.57,845.14
4062,497,3,343.43,1030.29
4062,214,3,460.83,1382.49
4063,58,2,462.1,924.2
4063,144,1,149.85,149.85
4063,114,3,108.7,326.1
4063,428,3,48.76,146.28
4064,453,1,335.96,335.96
4065,129,1,293.08,293.08
4065,328,2,251.99,503.98
4065,220,1,58.27,58.27
4065,88,1,361.93,361.93
4066,96,1,95.56,95.56
4066,202,1,174.67,174.67
4066,494,2,340.34,680.68
4067,444,1,232.11,232.11
4068,284,3,322.24,966.72
4069,178,2,449.89,899.78
4069,233,3,76.89,230.67000000000002
4070,177,1,337.04,337.04
4070,99,3,142.89,428.66999999999996
4070,380,2,378.14,756.28
4070,467,1,24.18,24.18
4070,499,3,139.95,419.84999999999997
4071,150,2,216.59,433.18
4071,162,2,153.38,306.76
4072,303,1,384.8,384.8
4072,251,2,208.81,417.62
4072,477,3,155.19,465.57
4073,212,3,381.28,1143.84
4073,413,2,64.03,128.06
4073,280,3,346.03,1038.09
4073,384,1,9.03,9.03
4073,438,1,100.54,100.54
4074,87,3,367.59,1102.77
4074,97,3,91.52,274.56
4075,77,1,254.31,254.31
4075,402,2,336.6,673.2
4075,72,2,455.9,911.8
4075,43,3,84.75,254.25
4075,415,3,454.18,1362.54
4076,104,2,355.23,710.46
4076,38,3,437.95,1313.85
4076,339,2,327.73,655.46
4076,443,2,365.07,730.14
4076,11,3,415.63,1246.8899999999999
4077,208,1,342.64,342.64
4077,252,1,333.44,333.44
4078,319,1,132.86,132.86
4079,54,3,393.16,1179.48
4080,299,1,207.73,207.73
4080,96,2,95.56,191.12
4080,152,3,436.45,1309.35
4080,135,3,451.07,1353.21
4080,416,1,163.35,163.35
4081,408,2,182.79,365.58
4081,164,3,158.01,474.03
4081,488,1,243.3,243.3
4082,252,2,333.44,666.88
4082,187,2,315.62,631.24
4082,32,2,284.06,568.12
4082,357,2,213.41,426.82
4083,202,1,174.67,174.67
4083,378,3,153.62,460.86
4083,497,2,343.43,686.86
4083,391,1,14.9,14.9
4083,79,1,102.92,102.92
4084,58,3,462.1,1386.3000000000002
4084,408,3,182.79,548.37
4085,494,2,340.34,680.68
4085,86,2,409.34,818.68
4085,43,3,84.75,254.25
4086,236,3,495.48,1486.44
4086,96,2,95.56,191.12
4087,269,2,183.25,366.5
4087,27,3,432.61,1297.83
4088,130,3,201.64,604.92
4088,391,2,14.9,29.8
4089,302,1,343.67,343.67
4089,429,1,257.85,257.85
4089,423,2,317.55,635.1
4089,225,2,14.73,29.46
4089,148,3,228.08,684.24
4090,70,3,420.8,1262.4
4090,254,1,218.23,218.23
4090,319,1,132.86,132.86
4090,230,2,314.06,628.12
4091,331,1,69.86,69.86
4091,342,2,19.87,39.74
4091,198,1,209.69,209.69
4092,129,3,293.08,879.24
4092,379,3,222.7,668.0999999999999
4093,319,3,132.86,398.58000000000004
4093,329,2,361.76,723.52
4094,279,2,273.72,547.44
4094,111,1,283.29,283.29
4095,311,1,432.8,432.8
4095,142,3,176.49,529.47
4095,147,1,404.23,404.23
4096,204,3,396.2,1188.6
4097,202,2,174.67,349.34
4097,205,1,59.11,59.11
4097,54,3,393.16,1179.48
4098,189,1,23.31,23.31
4098,400,3,297.67,893.01
4098,163,1,307.1,307.1
4098,348,1,45.01,45.01
4098,437,1,150.85,150.85
4099,186,3,288.34,865.02
4099,245,3,426.38,1279.1399999999999
4100,485,3,165.35,496.04999999999995
4100,443,1,365.07,365.07
4100,294,1,159.06,159.06
4100,306,2,12.42,24.84
4101,60,3,407.73,1223.19
4102,230,2,314.06,628.12
4102,121,3,143.28,429.84000000000003
4102,318,3,219.59,658.77
4103,295,3,366.04,1098.1200000000001
4103,219,1,9.55,9.55
4103,272,1,182.96,182.96
4103,45,3,442.81,1328.43
4103,269,2,183.25,366.5
4104,343,2,220.03,440.06
4104,68,3,5.86,17.580000000000002
4104,324,2,311.54,623.08
4105,81,3,112.52,337.56
4105,376,1,120.28,120.28
4106,449,3,209.61,628.83
4107,302,3,343.67,1031.01
4107,421,2,450.64,901.28
4107,391,1,14.9,14.9
4107,250,1,179.65,179.65
4108,176,3,66.77,200.31
4108,500,1,236.72,236.72
4108,17,2,430.34,860.68
4108,166,1,474.92,474.92
4108,287,2,477.19,954.38
4109,225,2,14.73,29.46
4109,43,2,84.75,169.5
4109,359,3,353.69,1061.07
4110,428,2,48.76,97.52
4110,29,1,362.83,362.83
4110,232,3,478.28,1434.84
4110,213,2,343.62,687.24
4110,191,2,334.45,668.9
4111,451,1,332.65,332.65
4111,489,1,229.25,229.25
4111,135,2,451.07,902.14
4111,322,1,325.9,325.9
4112,417,1,202.32,202.32
4112,294,1,159.06,159.06
4112,470,1,67.19,67.19
4113,242,3,233.81,701.4300000000001
4114,183,1,206.12,206.12
4114,15,2,190.65,381.3
4115,151,1,369.64,369.64
4115,247,3,228.88,686.64
4115,463,3,76.72,230.16
4115,140,2,115.16,230.32
4115,218,2,213.29,426.58
4116,463,2,76.72,153.44
4116,34,2,150.14,300.28
4116,407,2,474.34,948.68
4116,194,2,22.63,45.26
4117,92,1,86.51,86.51
4117,289,1,427.58,427.58
4117,80,1,296.1,296.1
4117,450,3,245.71,737.13
4118,274,1,203.73,203.73
4118,283,3,391.26,1173.78
4118,334,3,281.98,845.94
4118,225,1,14.73,14.73
4119,410,2,227.81,455.62
4119,291,2,336.86,673.72
4119,314,1,78.8,78.8
4120,303,3,384.8,1154.4
4120,106,1,422.11,422.11
4120,172,1,171.63,171.63
4120,14,2,127.52,255.04
4121,499,1,139.95,139.95
4121,188,2,331.07,662.14
4121,306,2,12.42,24.84
4122,64,1,330.1,330.1
4123,363,2,479.64,959.28
4123,422,1,275.45,275.45
4124,395,3,254.9,764.7
4125,301,2,287.0,574.0
4125,392,3,364.88,1094.6399999999999
4125,270,2,132.23,264.46
4125,85,3,173.78,521.34
4126,248,3,255.64,766.92
4126,11,3,415.63,1246.8899999999999
4126,178,2,449.89,899.78
4126,371,1,319.89,319.89
4127,128,2,19.74,39.48
4127,268,1,430.32,430.32
4127,2,1,139.66,139.66
4127,162,3,153.38,460.14
4128,409,3,98.63,295.89
4128,418,1,141.62,141.62
4128,22,1,491.32,491.32
4129,196,1,372.88,372.88
4129,38,2,437.95,875.9
4129,309,1,484.02,484.02
4130,140,1,115.16,115.16
4130,137,2,124.07,248.14
4130,470,1,67.19,67.19
4131,315,2,30.07,60.14
4131,487,1,396.73,396.73
4132,337,2,226.35,452.7
4133,430,2,379.23,758.46
4134,350,3,170.56,511.68
4135,423,1,317.55,317.55
4136,361,2,89.18,178.36
4136,335,2,255.49,510.98
4136,188,1,331.07,331.07
4136,196,3,372.88,1118.6399999999999
4136,232,1,478.28,478.28
4137,435,3,219.72,659.16
4138,295,1,366.04,366.04
4138,299,1,207.73,207.73
4139,449,3,209.61,628.83
4140,170,1,432.62,432.62
4140,91,2,440.33,880.66
4140,20,3,446.93,1340.79
4140,28,3,72.62,217.86
4140,198,1,209.69,209.69
4141,193,3,271.29,813.8700000000001
4141,39,3,105.83,317.49
4141,45,2,442.81,885.62
4141,34,3,150.14,450.41999999999996
4142,40,1,290.43,290.43
4142,178,3,449.89,1349.67
4142,42,1,38.5,38.5
4142,331,2,69.86,139.72
4143,44,2,437.15,874.3
4143,245,3,426.38,1279.1399999999999
4143,467,2,24.18,48.36
4143,391,2,14.9,29.8
4144,337,3,226.35,679.05
4144,351,3,385.67,1157.01
4145,258,2,440.33,880.66
4145,319,1,132.86,132.86
4145,128,3,19.74,59.22
4145,147,3,404.23,1212.69
4145,118,1,355.19,355.19
4146,268,1,430.32,430.32
4146,159,3,287.61,862.83
4146,471,3,64.44,193.32
4147,253,1,399.66,399.66
4147,461,2,472.53,945.06
4148,49,2,486.05,972.1
4148,337,3,226.35,679.05
4148,89,3,437.32,1311.96
4148,198,1,209.69,209.69
4148,189,1,23.31,23.31
4149,416,1,163.35,163.35
4149,406,3,7.55,22.65
4149,431,2,370.38,740.76
4150,88,1,361.93,361.93
4150,440,1,362.37,362.37
4150,209,1,195.24,195.24
4150,394,3,202.77,608.3100000000001
4151,63,3,270.0,810.0
4151,151,1,369.64,369.64
4151,25,3,206.03,618.09
4152,165,3,170.69,512.0699999999999
4152,351,1,385.67,385.67
4152,100,2,175.13,350.26
4153,95,3,452.34,1357.02
4154,304,2,282.76,565.52
4154,159,2,287.61,575.22
4154,75,2,123.97,247.94
4155,167,1,14.91,14.91
4156,286,1,67.86,67.86
4156,54,1,393.16,393.16
4156,426,1,438.33,438.33
4156,81,2,112.52,225.04
4156,377,3,139.69,419.07
4157,386,2,273.27,546.54
4158,220,2,58.27,116.54
4158,314,3,78.8,236.39999999999998
4158,105,2,414.79,829.58
4159,423,1,317.55,317.55
4159,135,3,451.07,1353.21
4159,43,1,84.75,84.75
4159,59,1,471.15,471.15
4160,71,3,43.24,129.72
4161,388,3,439.12,1317.3600000000001
4161,434,2,379.85,759.7
4161,151,2,369.64,739.28
4162,18,2,395.52,791.04
4162,13,1,41.35,41.35
4163,326,3,337.22,1011.6600000000001
4164,95,1,452.34,452.34
4164,164,2,158.01,316.02
4164,113,3,180.72,542.16
4164,346,3,206.81,620.4300000000001
4164,129,1,293.08,293.08
4165,208,1,342.64,342.64
4165,450,3,245.71,737.13
4165,470,2,67.19,134.38
4165,105,2,414.79,829.58
4166,242,1,233.81,233.81
4167,92,3,86.51,259.53000000000003
4167,62,2,403.84,807.68
4167,144,2,149.85,299.7
4167,159,1,287.61,287.61
4168,142,1,176.49,176.49
4168,442,1,470.37,470.37
4168,270,3,132.23,396.68999999999994
4168,365,1,373.53,373.53
4168,424,2,41.06,82.12
4169,396,1,69.93,69.93
4170,379,2,222.7,445.4
4170,188,3,331.07,993.21
4170,450,2,245.71,491.42
4171,468,1,24.15,24.15
4171,307,1,75.2,75.2
4171,77,1,254.31,254.31
4172,404,2,115.89,231.78
4172,21,2,348.11,696.22
4172,1,3,107.54,322.62
4172,432,2,18.81,37.62
4172,381,1,212.11,212.11
4173,333,1,61.26,61.26
4173,246,1,234.51,234.51
4174,325,1,470.48,470.48
4174,101,3,38.7,116.10000000000001
4174,245,1,426.38,426.38
4175,205,2,59.11,118.22
4175,181,1,369.11,369.11
4175,84,3,239.85,719.55
4176,464,1,296.32,296.32
4177,347,2,186.64,373.28
4177,456,1,242.56,242.56
4178,238,3,150.48,451.43999999999994
4178,286,3,67.86,203.57999999999998
4178,423,3,317.55,952.6500000000001
4179,162,3,153.38,460.14
4179,484,1,304.06,304.06
4179,257,3,287.88,863.64
4180,341,2,469.56,939.12
4180,432,2,18.81,37.62
4180,287,1,477.19,477.19
4181,200,3,134.77,404.31000000000006
4181,321,2,271.53,543.06
4181,93,3,325.85,977.5500000000001
4181,109,3,489.42,1468.26
4181,114,3,108.7,326.1
4182,121,1,143.28,143.28
4183,373,1,259.22,259.22
4183,439,3,201.62,604.86
4184,127,2,6.58,13.16
4185,472,2,485.93,971.86
4185,101,2,38.7,77.4
4185,53,1,440.06,440.06
4186,446,1,480.38,480.38
4186,264,2,165.99,331.98
4186,421,2,450.64,901.28
4186,418,2,141.62,283.24
4187,379,1,222.7,222.7
4188,306,2,12.42,24.84
4188,367,2,403.14,806.28
4188,57,3,281.31,843.9300000000001
4188,92,2,86.51,173.02
4189,176,3,66.77,200.31
4189,419,3,139.16,417.48
4189,422,2,275.45,550.9
4189,331,1,69.86,69.86
4189,297,3,225.21,675.63
4190,162,2,153.38,306.76
4190,485,2,165.35,330.7
4190,64,1,330.1,330.1
4191,471,1,64.44,64.44
4191,301,1,287.0,287.0
4191,82,1,479.76,479.76
4192,295,3,366.04,1098.1200000000001
4192,465,2,484.34,968.68
4192,379,2,222.7,445.4
4192,40,2,290.43,580.86
4192,488,1,243.3,243.3
4193,186,1,288.34,288.34
4194,178,1,449.89,449.89
4195,421,3,450.64,1351.92
4195,354,3,107.87,323.61
4195,353,2,303.46,606.92
4195,437,1,150.85,150.85
4196,214,1,460.83,460.83
4196,328,1,251.99,251.99
4196,367,3,403.14,1209.42
4197,167,2,14.91,29.82
4197,403,1,44.77,44.77
4197,74,1,83.84,83.84
4197,290,2,334.81,669.62
4197,297,1,225.21,225.21
4198,279,2,273.72,547.44
4198,464,2,296.32,592.64
4198,305,2,80.66,161.32
4198,356,1,346.58,346.58
4198,277,1,74.18,74.18
4199,62,3,403.84,1211.52
4199,360,2,396.94,793.88
4199,331,1,69.86,69.86
4200,309,3,484.02,1452.06
4200,404,1,115.89,115.89
4200,122,3,65.23,195.69
4200,125,3,61.95,185.85000000000002
4200,363,1,479.64,479.64
4201,153,1,435.4,435.4
4202,299,3,207.73,623.1899999999999
4202,121,1,143.28,143.28
4202,210,1,366.8,366.8
4202,166,1,474.92,474.92
4202,90,1,171.02,171.02
4203,254,3,218.23,654.6899999999999
4203,95,3,452.34,1357.02
4203,130,2,201.64,403.28
4204,59,1,471.15,471.15
4205,385,2,177.56,355.12
4205,286,1,67.86,67.86
4205,494,3,340.34,1021.02
4206,80,3,296.1,888.3000000000001
4206,406,3,7.55,22.65
4206,138,3,93.72,281.15999999999997
4207,302,3,343.67,1031.01
4207,15,2,190.65,381.3
4207,142,1,176.49,176.49
4207,494,1,340.34,340.34
4208,360,3,396.94,1190.82
4208,110,3,124.44,373.32
4208,72,1,455.9,455.9
4208,251,3,208.81,626.4300000000001
4209,30,3,243.42,730.26
4209,306,3,12.42,37.26
4210,392,2,364.88,729.76
4210,226,3,285.61,856.83
4211,384,3,9.03,27.089999999999996
4211,264,1,165.99,165.99
4211,459,3,220.51,661.53
4211,451,2,332.65,665.3
4212,348,2,45.01,90.02
4212,36,2,325.79,651.58
4212,62,2,403.84,807.68
4212,303,2,384.8,769.6
4212,366,2,409.85,819.7
4213,115,2,200.47,400.94
4214,386,1,273.27,273.27
4214,10,2,421.91,843.82
4215,266,2,292.77,585.54
4215,384,1,9.03,9.03
4215,231,2,376.58,753.16
4215,498,2,48.54,97.08
4216,111,3,283.29,849.8700000000001
4216,2,3,139.66,418.98
4216,248,2,255.64,511.28
4216,286,3,67.86,203.57999999999998
4216,244,3,286.63,859.89
4217,278,2,178.94,357.88
4217,405,1,26.88,26.88
4217,201,2,258.09,516.18
4218,469,1,351.84,351.84
4218,437,2,150.85,301.7
4218,425,1,211.7,211.7
4218,104,2,355.23,710.46
4218,285,1,440.73,440.73
4219,58,3,462.1,1386.3000000000002
4219,348,2,45.01,90.02
4219,136,2,277.36,554.72
4219,185,2,236.39,472.78
4220,471,2,64.44,128.88
4220,139,3,349.74,1049.22
4220,355,1,344.54,344.54
4220,494,1,340.34,340.34
4221,44,3,437.15,1311.4499999999998
4221,74,3,83.84,251.52
4222,170,2,432.62,865.24
4222,238,3,150.48,451.43999999999994
4222,245,2,426.38,852.76
4223,407,2,474.34,948.68
4224,457,2,196.35,392.7
4224,223,3,80.53,241.59
4224,281,2,173.96,347.92
4224,257,1,287.88,287.88
4224,288,1,174.29,174.29
4225,72,3,455.9,1367.6999999999998
4225,213,2,343.62,687.24
4225,462,1,153.15,153.15
4226,332,3,450.12,1350.3600000000001
4226,382,3,65.87,197.61
4226,253,3,399.66,1198.98
4226,14,1,127.52,127.52
4227,403,2,44.77,89.54
4227,230,1,314.06,314.06
4227,323,2,5.34,10.68
4227,115,2,200.47,400.94
4227,478,1,356.16,356.16
4228,225,2,14.73,29.46
4228,409,1,98.63,98.63
4228,317,3,75.98,227.94
4228,280,3,346.03,1038.09
4229,396,3,69.93,209.79000000000002
4229,226,1,285.61,285.61
4229,435,1,219.72,219.72
4230,478,3,356.16,1068.48
4231,307,1,75.2,75.2
4231,362,3,110.19,330.57
4231,240,2,98.4,196.8
4231,202,2,174.67,349.34
4232,118,1,355.19,355.19
4232,138,2,93.72,187.44
4233,171,1,35.49,35.49
4233,172,3,171.63,514.89
4234,6,3,23.99,71.97
4234,306,2,12.42,24.84
4234,463,3,76.72,230.16
4235,206,3,353.54,1060.6200000000001
4236,121,3,143.28,429.84000000000003
4237,154,3,371.7,1115.1
4237,248,3,255.64,766.92
4237,32,2,284.06,568.12
4238,26,1,170.87,170.87
4238,137,3,124.07,372.21
4239,237,3,236.39,709.17
4239,261,1,235.72,235.72
4239,278,2,178.94,357.88
4240,316,2,68.22,136.44
4240,451,2,332.65,665.3
4240,217,3,80.51,241.53000000000003
4240,167,3,14.91,44.730000000000004
4240,146,3,299.06,897.1800000000001
4241,197,1,66.56,66.56
4242,178,3,449.89,1349.67
4242,72,2,455.9,911.8
4243,461,1,472.53,472.53
4243,295,1,366.04,366.04
4243,87,3,367.59,1102.77
4244,19,3,343.63,1030.8899999999999
4244,342,2,19.87,39.74
4244,105,2,414.79,829.58
4244,477,2,155.19,310.38
4244,452,2,235.45,470.9
4245,11,2,415.63,831.26
4245,161,1,281.23,281.23
4245,18,2,395.52,791.04
4246,391,2,14.9,29.8
4246,99,2,142.89,285.78
4246,470,3,67.19,201.57
4246,12,3,291.6,874.8000000000001
4246,460,2,382.54,765.08
4247,64,1,330.1,330.1
4247,255,1,170.99,170.99
4247,97,1,91.52,91.52
4248,270,3,132.23,396.68999999999994
4248,64,1,330.1,330.1
4249,48,2,113.06,226.12
4249,394,2,202.77,405.54
4249,442,2,470.37,940.74
4250,340,1,281.13,281.13
4250,359,3,353.69,1061.07
4250,401,3,99.91,299.73
4251,277,1,74.18,74.18
4251,486,3,45.81,137.43
4251,3,2,458.68,917.36
4252,230,3,314.06,942.1800000000001
4252,441,1,314.36,314.36
4252,192,3,361.57,1084.71
4252,35,2,14.23,28.46
4252,4,3,15.4,46.2
4253,439,1,201.62,201.62
4253,291,3,336.86,1010.58
4254,233,2,76.89,153.78
4254,361,2,89.18,178.36
4254,41,3,314.77,944.31
4255,372,3,224.89,674.67
4255,259,2,200.38,400.76
4255,356,3,346.58,1039.74
4255,419,2,139.16,278.32
4255,239,2,254.23,508.46
4256,377,3,139.69,419.07
4256,347,1,186.64,186.64
4256,427,2,323.5,647.0
4256,374,3,415.45,1246.35
4256,378,1,153.62,153.62
4257,495,2,239.08,478.16
4257,109,1,489.42,489.42
4258,275,1,404.88,404.88
4258,496,2,341.88,683.76
4259,117,3,16.06,48.17999999999999
4260,294,1,159.06,159.06
4260,468,1,24.15,24.15
4260,82,3,479.76,1439.28
4260,134,2,9.79,19.58
4261,82,3,479.76,1439.28
4261,332,3,450.12,1350.3600000000001
4261,478,3,356.16,1068.48
4261,454,3,122.06,366.18
4262,218,3,213.29,639.87
4262,61,3,118.22,354.65999999999997
4262,373,3,259.22,777.6600000000001
4262,478,2,356.16,712.32
4262,455,3,105.02,315.06
4263,177,3,337.04,1011.1200000000001
4263,12,1,291.6,291.6
4263,304,3,282.76,848.28
4264,380,3,378.14,1134.42
4264,411,2,311.19,622.38
4264,394,2,202.77,405.54
4264,54,2,393.16,786.32
4265,77,1,254.31,254.31
4265,150,1,216.59,216.59
4266,57,1,281.31,281.31
4266,313,3,181.23,543.6899999999999
4266,17,2,430.34,860.68
4266,248,1,255.64,255.64
4266,307,2,75.2,150.4
4267,296,1,348.54,348.54
4267,344,1,138.55,138.55
4268,474,3,239.02,717.0600000000001
4268,270,2,132.23,264.46
4269,361,2,89.18,178.36
4269,395,3,254.9,764.7
4270,327,2,357.39,714.78
4270,31,1,384.06,384.06
4270,309,1,484.02,484.02
4270,325,2,470.48,940.96
4271,484,1,304.06,304.06
4271,208,1,342.64,342.64
4271,121,2,143.28,286.56
4272,499,1,139.95,139.95
4272,60,2,407.73,815.46
4273,66,3,113.14,339.42
4273,380,3,378.14,1134.42
4273,404,1,115.89,115.89
4273,182,1,491.56,491.56
4273,162,1,153.38,153.38
4274,478,3,356.16,1068.48
4274,138,2,93.72,187.44
4274,338,3,287.2,861.5999999999999
4275,190,2,387.18,774.36
4275,80,3,296.1,888.3000000000001
4275,2,3,139.66,418.98
4275,100,3,175.13,525.39
4276,276,1,254.66,254.66
4276,107,3,262.2,786.5999999999999
4276,400,3,297.67,893.01
4276,243,2,358.15,716.3
4276,260,3,459.47,1378.41
4277,266,2,292.77,585.54
4277,269,1,183.25,183.25
4277,482,1,479.46,479.46
4277,206,2,353.54,707.08
4278,462,1,153.15,153.15
4278,301,3,287.0,861.0
4278,117,1,16.06,16.06
4279,403,2,44.77,89.54
4280,164,1,158.01,158.01
4280,55,1,243.64,243.64
4280,134,2,9.79,19.58
4280,194,3,22.63,67.89
4280,219,3,9.55,28.650000000000002
4281,321,3,271.53,814.5899999999999
4281,429,1,257.85,257.85
4281,144,1,149.85,149.85
4282,104,3,355.23,1065.69
4282,449,3,209.61,628.83
4282,371,3,319.89,959.67
4282,335,1,255.49,255.49
4283,170,1,432.62,432.62
4283,339,1,327.73,327.73
4284,245,1,426.38,426.38
4284,280,1,346.03,346.03
4284,354,2,107.87,215.74
4285,57,3,281.31,843.9300000000001
4285,50,1,347.73,347.73
4285,349,1,54.63,54.63
4286,472,1,485.93,485.93
4286,220,1,58.27,58.27
4287,497,2,343.43,686.86
4287,61,1,118.22,118.22
4288,486,2,45.81,91.62
4288,312,1,176.2,176.2
4288,293,2,487.59,975.18
4289,400,1,297.67,297.67
4289,171,3,35.49,106.47
4289,499,1,139.95,139.95
4290,28,2,72.62,145.24
4290,247,1,228.88,228.88
4290,280,2,346.03,692.06
4290,240,2,98.4,196.8
4291,403,3,44.77,134.31
4291,188,3,331.07,993.21
4291,306,2,12.42,24.84
4291,188,3,331.07,993.21
4292,487,2,396.73,793.46
4292,476,3,121.13,363.39
4292,374,2,415.45,830.9
4293,481,2,209.3,418.6
4293,399,1,62.97,62.97
4293,282,2,463.34,926.68
4294,351,2,385.67,771.34
4294,362,3,110.19,330.57
4294,296,1,348.54,348.54
4295,21,2,348.11,696.22
4295,120,3,480.49,1441.47
4296,132,2,409.11,818.22
4296,125,3,61.95,185.85000000000002
4296,356,3,346.58,1039.74
4296,218,2,213.29,426.58
4297,76,3,476.31,1428.93
4298,412,1,343.82,343.82
4299,481,1,209.3,209.3
4300,304,2,282.76,565.52
4300,368,1,226.17,226.17
4300,487,2,396.73,793.46
4300,61,3,118.22,354.65999999999997
4301,466,3,465.33,1395.99
4301,413,2,64.03,128.06
4301,382,1,65.87,65.87
4302,335,1,255.49,255.49
4303,111,2,283.29,566.58
4303,110,3,124.44,373.32
4303,322,1,325.9,325.9
4303,200,3,134.77,404.31000000000006
4304,280,2,346.03,692.06
4304,260,1,459.47,459.47
4304,171,2,35.49,70.98
4304,351,3,385.67,1157.01
4305,476,3,121.13,363.39
4305,37,3,183.06,549.1800000000001
4305,152,2,436.45,872.9
4305,202,1,174.67,174.67
4306,399,3,62.97,188.91
4306,72,3,455.9,1367.6999999999998
4307,130,2,201.64,403.28
4307,109,1,489.42,489.42
4307,305,2,80.66,161.32
4307,86,2,409.34,818.68
4307,298,2,310.25,620.5
4308,218,1,213.29,213.29
4308,149,3,111.19,333.57
4308,250,3,179.65,538.95
4308,17,2,430.34,860.68
4308,440,1,362.37,362.37
4309,156,3,404.58,1213.74
4309,228,3,469.49,1408.47
4310,381,1,212.11,212.11
4310,450,3,245.71,737.13
4310,187,1,315.62,315.62
4310,295,3,366.04,1098.1200000000001
4311,258,2,440.33,880.66
4311,86,1,409.34,409.34
4312,365,2,373.53,747.06
4312,401,2,99.91,199.82
4313,281,1,173.96,173.96
4313,373,1,259.22,259.22
4314,478,2,356.16,712.32
4314,499,2,139.95,279.9
4314,225,1,14.73,14.73
4314,299,3,207.73,623.1899999999999
4315,363,1,479.64,479.64
4315,26,3,170.87,512.61
4315,352,2,23.31,46.62
4316,26,3,170.87,512.61
4317,312,2,176.2,352.4
4317,392,3,364.88,1094.6399999999999
4317,13,2,41.35,82.7
4317,186,1,288.34,288.34
4318,334,2,281.98,563.96
4318,433,1,457.16,457.16
4319,138,2,93.72,187.44
4319,359,3,353.69,1061.07
4319,322,3,325.9,977.6999999999999
4319,467,1,24.18,24.18
4320,288,3,174.29,522.87
4320,257,2,287.88,575.76
4321,34,3,150.14,450.41999999999996
4321,250,3,179.65,538.95
4321,201,3,258.09,774.27
4322,75,2,123.97,247.94
4322,277,3,74.18,222.54000000000002
4323,331,3,69.86,209.57999999999998
4323,119,1,120.42,120.42
4323,348,2,45.01,90.02
4324,278,3,178.94,536.8199999999999
4324,172,2,171.63,343.26
4324,158,2,269.42,538.84
4324,370,2,49.7,99.4
4324,231,3,376.58,1129.74
4325,396,1,69.93,69.93
4326,42,2,38.5,77.0
4326,452,1,235.45,235.45
4326,426,2,438.33,876.66
4326,296,3,348.54,1045.6200000000001
4327,352,1,23.31,23.31
4327,204,3,396.2,1188.6
4327,236,3,495.48,1486.44
4328,143,2,248.2,496.4
4328,25,2,206.03,412.06
4328,463,1,76.72,76.72
4328,78,1,164.41,164.41
4329,469,3,351.84,1055.52
4330,312,2,176.2,352.4
4331,94,3,186.09,558.27
4331,253,1,399.66,399.66
4331,26,3,170.87,512.61
4331,319,2,132.86,265.72
4332,285,3,440.73,1322.19
4332,56,1,258.91,258.91
4333,306,1,12.42,12.42
4333,146,1,299.06,299.06
4334,156,1,404.58,404.58
4334,210,3,366.8,1100.4
4335,373,1,259.22,259.22
4335,468,2,24.15,48.3
4335,214,1,460.83,460.83
4336,234,2,202.87,405.74
4337,293,3,487.59,1462.77
4338,104,1,355.23,355.23
4338,177,1,337.04,337.04
4339,159,3,287.61,862.83
4339,119,2,120.42,240.84
4339,203,1,490.13,490.13
4339,103,3,363.27,1089.81
4340,434,2,379.85,759.7
4340,72,3,455.9,1367.6999999999998
4340,200,2,134.77,269.54
4341,149,2,111.19,222.38
4341,495,1,239.08,239.08
4341,184,2,119.59,239.18
4342,85,3,173.78,521.34
4342,496,2,341.88,683.76
4342,163,1,307.1,307.1
4342,117,2,16.06,32.12
4342,442,2,470.37,940.74
4343,457,1,196.35,196.35
4343,359,1,353.69,353.69
4344,323,2,5.34,10.68
4344,383,1,114.97,114.97
4345,20,1,446.93,446.93
4345,120,1,480.49,480.49
4345,350,2,170.56,341.12
4346,292,1,335.18,335.18
4346,221,2,42.15,84.3
4346,476,3,121.13,363.39
4346,461,1,472.53,472.53
4347,177,1,337.04,337.04
4347,221,2,42.15,84.3
4347,465,1,484.34,484.34
4347,238,1,150.48,150.48
4347,173,2,364.45,728.9
4348,39,1,105.83,105.83
4348,101,1,38.7,38.7
4348,341,3,469.56,1408.68
4348,39,2,105.83,211.66
4349,75,2,123.97,247.94
4350,165,1,170.69,170.69
4350,236,2,495.48,990.96
4350,244,2,286.63,573.26
4351,56,3,258.91,776.73
4351,325,3,470.48,1411.44
4351,217,3,80.51,241.53000000000003
4351,39,2,105.83,211.66
4351,412,2,343.82,687.64
4352,346,3,206.81,620.4300000000001
4352,137,3,124.07,372.21
4352,411,1,311.19,311.19
4352,353,2,303.46,606.92
4353,386,3,273.27,819.81
4353,311,1,432.8,432.8
4353,78,3,164.41,493.23
4353,494,2,340.34,680.68
4353,257,1,287.88,287.88
4354,377,1,139.69,139.69
4354,1,1,107.54,107.54
4354,432,3,18.81,56.42999999999999
4355,427,3,323.5,970.5
4355,497,3,343.43,1030.29
4355,461,1,472.53,472.53
4355,82,3,479.76,1439.28
4356,443,2,365.07,730.14
4357,174,1,258.78,258.78
4358,147,1,404.23,404.23
4358,101,3,38.7,116.10000000000001
4358,40,2,290.43,580.86
4359,2,3,139.66,418.98
4359,433,1,457.16,457.16
4359,152,3,436.45,1309.35
4359,123,2,187.5,375.0
4359,24,1,497.43,497.43
4360,79,2,102.92,205.84
4360,390,3,49.86,149.57999999999998
4360,401,3,99.91,299.73
4360,72,2,455.9,911.8
4360,348,1,45.01,45.01
4361,277,3,74.18,222.54000000000002
4361,198,1,209.69,209.69
4361,413,3,64.03,192.09
4361,360,3,396.94,1190.82
4361,268,3,430.32,1290.96
4362,308,3,477.22,1431.66
4362,369,3,492.83,1478.49
4363,427,1,323.5,323.5
4363,102,1,196.78,196.78
4364,48,1,113.06,113.06
4364,357,2,213.41,426.82
4364,160,2,386.52,773.04
4364,167,3,14.91,44.730000000000004
4365,67,2,439.97,879.94
4365,242,2,233.81,467.62
4366,136,3,277.36,832.08
4367,436,1,41.76,41.76
4368,160,3,386.52,1159.56
4368,368,2,226.17,452.34
4368,34,3,150.14,450.41999999999996
4368,81,3,112.52,337.56
4369,326,1,337.22,337.22
4369,339,1,327.73,327.73
4370,477,3,155.19,465.57
4371,201,2,258.09,516.18
4371,62,1,403.84,403.84
4371,16,3,191.38,574.14
4372,451,1,332.65,332.65
4372,60,3,407.73,1223.19
4372,428,3,48.76,146.28
4372,393,3,129.5,388.5
4372,408,1,182.79,182.79
4373,301,3,287.0,861.0
4373,124,3,130.44,391.32
4374,229,3,230.52,691.5600000000001
4374,40,3,290.43,871.29
4374,17,3,430.34,1291.02
4374,205,3,59.11,177.32999999999998
4375,50,3,347.73,1043.19
4375,232,1,478.28,478.28
4375,167,2,14.91,29.82
4376,482,1,479.46,479.46
4376,438,3,100.54,301.62
4376,139,3,349.74,1049.22
4377,268,1,430.32,430.32
4377,189,2,23.31,46.62
4377,166,2,474.92,949.84
4377,375,2,259.59,519.18
4378,251,2,208.81,417.62
4378,57,1,281.31,281.31
4378,181,1,369.11,369.11
4379,140,3,115.16,345.48
4379,182,1,491.56,491.56
4380,362,1,110.19,110.19
4380,171,1,35.49,35.49
4380,78,3,164.41,493.23
4381,5,2,132.04,264.08
4381,362,2,110.19,220.38
4381,138,3,93.72,281.15999999999997
4381,498,2,48.54,97.08
4382,359,2,353.69,707.38
4382,63,3,270.0,810.0
4382,215,2,313.01,626.02
4382,279,2,273.72,547.44
4382,85,2,173.78,347.56
4383,109,2,489.42,978.84
4383,389,2,497.51,995.02
4383,284,2,322.24,644.48
4383,416,1,163.35,163.35
4383,87,2,367.59,735.18
4384,239,2,254.23,508.46
4384,461,3,472.53,1417.59
4384,54,2,393.16,786.32
4384,247,1,228.88,228.88
4384,446,1,480.38,480.38
4385,474,3,239.02,717.0600000000001
4385,247,3,228.88,686.64
4385,9,1,331.01,331.01
4386,307,1,75.2,75.2
4386,425,2,211.7,423.4
4386,373,1,259.22,259.22
4386,14,3,127.52,382.56
4386,320,1,142.18,142.18
4387,298,2,310.25,620.5
4387,153,2,435.4,870.8
4387,437,2,150.85,301.7
4387,342,3,19.87,59.61
4387,311,3,432.8,1298.4
4388,127,3,6.58,19.740000000000002
4388,154,2,371.7,743.4
4388,102,2,196.78,393.56
4389,140,2,115.16,230.32
4389,289,3,427.58,1282.74
4389,364,2,469.93,939.86
4390,26,2,170.87,341.74
4391,292,3,335.18,1005.54
4391,138,3,93.72,281.15999999999997
4391,387,1,130.92,130.92
4392,73,2,279.0,558.0
4393,345,1,179.94,179.94
4393,329,3,361.76,1085.28
4394,430,2,379.23,758.46
4395,13,1,41.35,41.35
4396,140,3,115.16,345.48
4397,371,2,319.89,639.78
4397,433,3,457.16,1371.48
4397,74,3,83.84,251.52
4397,268,3,430.32,1290.96
4397,289,3,427.58,1282.74
4398,348,1,45.01,45.01
4399,185,1,236.39,236.39
4399,163,2,307.1,614.2
4399,461,1,472.53,472.53
4399,461,2,472.53,945.06
4399,174,3,258.78,776.3399999999999
4400,476,2,121.13,242.26
4400,86,1,409.34,409.34
4401,8,3,236.88,710.64
4401,161,3,281.23,843.69
4402,223,2,80.53,161.06
4402,360,2,396.94,793.88
4402,427,3,323.5,970.5
4402,280,1,346.03,346.03
4402,421,2,450.64,901.28
4403,485,3,165.35,496.04999999999995
4403,480,3,209.16,627.48
4403,410,3,227.81,683.4300000000001
4403,414,3,457.0,1371.0
4404,33,2,199.18,398.36
4404,95,1,452.34,452.34
4404,406,3,7.55,22.65
4404,492,3,28.24,84.72
4405,427,3,323.5,970.5
4405,200,1,134.77,134.77
4406,251,3,208.81,626.4300000000001
4407,315,1,30.07,30.07
4407,160,2,386.52,773.04
4408,293,2,487.59,975.18
4409,342,1,19.87,19.87
4409,445,2,124.24,248.48
4409,164,1,158.01,158.01
4409,144,1,149.85,149.85
4410,24,2,497.43,994.86
4410,130,2,201.64,403.28
4410,477,1,155.19,155.19
4411,269,3,183.25,549.75
4412,245,1,426.38,426.38
4412,327,1,357.39,357.39
4412,332,3,450.12,1350.3600000000001
4412,500,1,236.72,236.72
4412,367,3,403.14,1209.42
4413,356,1,346.58,346.58
4413,489,2,229.25,458.5
4413,413,3,64.03,192.09
4414,395,3,254.9,764.7
4415,126,2,320.91,641.82
4415,412,1,343.82,343.82
4415,49,2,486.05,972.1
4415,243,3,358.15,1074.4499999999998
4415,291,3,336.86,1010.58
4416,410,1,227.81,227.81
4416,474,3,239.02,717.0600000000001
4416,453,1,335.96,335.96
4416,294,1,159.06,159.06
4417,143,3,248.2,744.5999999999999
4417,500,3,236.72,710.16
4417,382,1,65.87,65.87
4418,261,3,235.72,707.16
4418,473,3,20.11,60.33
4419,170,2,432.62,865.24
4419,68,2,5.86,11.72
4419,363,1,479.64,479.64
4419,61,1,118.22,118.22
4419,498,3,48.54,145.62
4420,118,1,355.19,355.19
4421,396,1,69.93,69.93
4421,233,1,76.89,76.89
4421,238,1,150.48,150.48
4422,54,3,393.16,1179.48
4422,107,3,262.2,786.5999999999999
4422,479,2,131.06,262.12
4422,129,2,293.08,586.16
4422,3,2,458.68,917.36
4423,437,2,150.85,301.7
4423,264,1,165.99,165.99
4423,106,3,422.11,1266.33
4424,239,1,254.23,254.23
4424,11,2,415.63,831.26
4424,273,2,193.27,386.54
4425,53,1,440.06,440.06
4426,231,2,376.58,753.16
4426,283,2,391.26,782.52
4427,263,3,168.0,504.0
4427,92,2,86.51,173.02
4428,296,3,348.54,1045.6200000000001
4428,341,2,469.56,939.12
4429,154,2,371.7,743.4
4429,365,1,373.53,373.53
4430,141,2,257.07,514.14
4431,375,3,259.59,778.77
4431,385,2,177.56,355.12
4431,442,2,470.37,940.74
4431,220,3,58.27,174.81
4431,96,3,95.56,286.68
4432,315,2,30.07,60.14
4433,286,3,67.86,203.57999999999998
4433,452,2,235.45,470.9
4433,267,1,347.18,347.18
4433,440,2,362.37,724.74
4434,221,1,42.15,42.15
4434,437,2,150.85,301.7
4434,481,2,209.3,418.6
4434,476,2,121.13,242.26
4434,183,2,206.12,412.24
4435,126,3,320.91,962.73
4435,114,2,108.7,217.4
4435,485,3,165.35,496.04999999999995
4435,227,2,413.65,827.3
4436,389,2,497.51,995.02
4436,426,1,438.33,438.33
4436,257,3,287.88,863.64
4436,177,2,337.04,674.08
4436,288,2,174.29,348.58
4437,389,3,497.51,1492.53
4438,109,3,489.42,1468.26
4439,105,1,414.79,414.79
4439,254,2,218.23,436.46
4440,270,2,132.23,264.46
4440,101,3,38.7,116.10000000000001
4440,485,3,165.35,496.04999999999995
4441,106,2,422.11,844.22
4441,177,1,337.04,337.04
4442,354,1,107.87,107.87
4443,221,2,42.15,84.3
4443,143,3,248.2,744.5999999999999
4443,318,2,219.59,439.18
4443,201,1,258.09,258.09
4443,21,3,348.11,1044.33
4444,325,2,470.48,940.96
4444,490,3,487.09,1461.27
4445,381,3,212.11,636.33
4445,122,2,65.23,130.46
4445,34,3,150.14,450.41999999999996
4445,34,2,150.14,300.28
4446,433,2,457.16,914.32
4447,97,3,91.52,274.56
4447,231,1,376.58,376.58
4447,225,1,14.73,14.73
4447,36,3,325.79,977.3700000000001
4448,488,3,243.3,729.9000000000001
4448,150,3,216.59,649.77
4448,414,3,457.0,1371.0
4448,440,2,362.37,724.74
4449,126,2,320.91,641.82
4449,442,2,470.37,940.74
4449,297,3,225.21,675.63
4449,492,2,28.24,56.48
4450,418,3,141.62,424.86
4450,499,3,139.95,419.84999999999997
4450,173,1,364.45,364.45
4450,427,1,323.5,323.5
4451,488,2,243.3,486.6
4451,211,1,470.02,470.02
4451,22,3,491.32,1473.96
4451,423,2,317.55,635.1
4452,20,3,446.93,1340.79
4452,317,2,75.98,151.96
4452,366,3,409.85,1229.5500000000002
4452,489,3,229.25,687.75
4452,295,2,366.04,732.08
4453,441,3,314.36,943.08
4454,230,3,314.06,942.1800000000001
4454,463,2,76.72,153.44
4454,287,3,477.19,1431.57
4454,490,2,487.09,974.18
4455,455,1,105.02,105.02
4455,230,1,314.06,314.06
4456,181,1,369.11,369.11
4456,250,2,179.65,359.3
4457,442,3,470.37,1411.1100000000001
4457,262,3,356.94,1070.82
4457,100,1,175.13,175.13
4457,44,1,437.15,437.15
4458,308,3,477.22,1431.66
4458,274,1,203.73,203.73
4458,305,3,80.66,241.98
4458,37,3,183.06,549.1800000000001
4459,96,3,95.56,286.68
4460,347,1,186.64,186.64
4461,74,3,83.84,251.52
4461,451,1,332.65,332.65
4461,190,3,387.18,1161.54
4462,46,3,51.28,153.84
4462,337,1,226.35,226.35
4462,405,3,26.88,80.64
4462,365,2,373.53,747.06
4463,81,2,112.52,225.04
4464,297,2,225.21,450.42
4464,422,2,275.45,550.9
4464,263,2,168.0,336.0
4464,296,3,348.54,1045.6200000000001
4464,257,3,287.88,863.64
4465,95,3,452.34,1357.02
4465,417,1,202.32,202.32
4466,368,3,226.17,678.51
4466,344,3,138.55,415.65000000000003
4467,51,3,124.89,374.67
4468,307,1,75.2,75.2
4468,435,1,219.72,219.72
4469,355,2,344.54,689.08
4469,416,3,163.35,490.04999999999995
4469,138,1,93.72,93.72
4469,13,3,41.35,124.05000000000001
4470,77,3,254.31,762.9300000000001
4470,139,1,349.74,349.74
4470,336,3,41.55,124.64999999999999
4471,437,1,150.85,150.85
4472,361,3,89.18,267.54
4472,109,1,489.42,489.42
4473,432,1,18.81,18.81
4473,384,1,9.03,9.03
4473,244,1,286.63,286.63
4474,205,2,59.11,118.22
4474,263,3,168.0,504.0
4474,41,2,314.77,629.54
4475,49,2,486.05,972.1
4475,123,2,187.5,375.0
4475,377,3,139.69,419.07
4475,467,3,24.18,72.53999999999999
4476,400,2,297.67,595.34
4477,246,2,234.51,469.02
4477,466,1,465.33,465.33
4477,322,2,325.9,651.8
4477,497,3,343.43,1030.29
4478,8,3,236.88,710.64
4478,428,3,48.76,146.28
4479,37,3,183.06,549.1800000000001
4479,307,1,75.2,75.2
4479,499,2,139.95,279.9
4479,51,1,124.89,124.89
4479,431,1,370.38,370.38
4480,123,2,187.5,375.0
4480,111,3,283.29,849.8700000000001
4480,330,3,434.93,1304.79
4481,495,1,239.08,239.08
4481,439,3,201.62,604.86
4481,188,2,331.07,662.14
4481,37,1,183.06,183.06
4482,146,3,299.06,897.1800000000001
4482,22,1,491.32,491.32
4482,160,2,386.52,773.04
4482,322,2,325.9,651.8
4482,137,1,124.07,124.07
4483,354,1,107.87,107.87
4483,407,2,474.34,948.68
4483,155,3,77.89,233.67000000000002
4483,147,1,404.23,404.23
4483,15,2,190.65,381.3
4484,336,3,41.55,124.64999999999999
4484,202,2,174.67,349.34
4484,62,2,403.84,807.68
4484,473,2,20.11,40.22
4485,383,1,114.97,114.97
4486,491,1,130.58,130.58
4486,441,1,314.36,314.36
4486,50,3,347.73,1043.19
4487,399,2,62.97,125.94
4487,122,3,65.23,195.69
4487,315,2,30.07,60.14
4487,196,2,372.88,745.76
4488,472,1,485.93,485.93
4488,465,2,484.34,968.68
4489,250,3,179.65,538.95
4489,492,3,28.24,84.72
4489,330,3,434.93,1304.79
4490,491,3,130.58,391.74
4490,334,3,281.98,845.94
4490,463,2,76.72,153.44
4490,110,2,124.44,248.88
4490,426,1,438.33,438.33
4491,304,3,282.76,848.28
4491,146,3,299.06,897.1800000000001
4491,433,1,457.16,457.16
4491,358,1,198.63,198.63
4492,29,1,362.83,362.83
4492,97,2,91.52,183.04
4492,276,3,254.66,763.98
4492,365,1,373.53,373.53
4493,257,2,287.88,575.76
4493,268,1,430.32,430.32
4493,352,1,23.31,23.31
4494,118,3,355.19,1065.57
4495,139,3,349.74,1049.22
4495,98,1,375.73,375.73
4495,210,1,366.8,366.8
4495,60,3,407.73,1223.19
4495,284,3,322.24,966.72
4496,421,1,450.64,450.64
4496,56,1,258.91,258.91
4496,105,2,414.79,829.58
4496,318,2,219.59,439.18
4496,63,2,270.0,540.0
4497,176,1,66.77,66.77
4497,341,3,469.56,1408.68
4497,381,3,212.11,636.33
4497,76,2,476.31,952.62
4497,196,3,372.88,1118.6399999999999
4498,67,3,439.97,1319.91
4498,455,3,105.02,315.06
4498,249,3,143.22,429.65999999999997
4498,384,1,9.03,9.03
4498,231,1,376.58,376.58
4499,76,3,476.31,1428.93
4499,484,3,304.06,912.1800000000001
4499,273,1,193.27,193.27
4500,424,2,41.06,82.12
4500,118,3,355.19,1065.57
4500,314,3,78.8,236.39999999999998
4500,325,2,470.48,940.96
4500,272,1,182.96,182.96
4501,265,2,452.37,904.74
4501,484,1,304.06,304.06
4501,120,1,480.49,480.49
4502,365,2,373.53,747.06
4502,35,1,14.23,14.23
4502,163,2,307.1,614.2
4502,291,3,336.86,1010.58
4502,311,1,432.8,432.8
4503,50,1,347.73,347.73
4503,105,2,414.79,829.58
4503,11,2,415.63,831.26
4503,309,1,484.02,484.02
4504,453,3,335.96,1007.8799999999999
4505,386,2,273.27,546.54
4505,460,1,382.54,382.54
4506,88,3,361.93,1085.79
4506,216,2,256.85,513.7
4506,275,1,404.88,404.88
4506,254,1,218.23,218.23
4506,241,2,463.38,926.76
4507,384,2,9.03,18.06
4508,44,2,437.15,874.3
4508,136,2,277.36,554.72
4508,400,3,297.67,893.01
4508,464,2,296.32,592.64
4509,450,3,245.71,737.13
4509,88,1,361.93,361.93
4509,223,2,80.53,161.06
4509,424,3,41.06,123.18
4510,45,3,442.81,1328.43
4511,320,2,142.18,284.36
4511,200,3,134.77,404.31000000000006
4511,247,2,228.88,457.76
4511,55,2,243.64,487.28
4511,456,2,242.56,485.12
4512,402,2,336.6,673.2
4512,153,3,435.4,1306.1999999999998
4512,146,1,299.06,299.06
4512,10,3,421.91,1265.73
4512,368,3,226.17,678.51
4513,240,2,98.4,196.8
4514,470,3,67.19,201.57
4514,455,2,105.02,210.04
4514,394,3,202.77,608.3100000000001
4515,72,2,455.9,911.8
4515,234,3,202.87,608.61
4515,329,3,361.76,1085.28
4516,227,3,413.65,1240.9499999999998
4516,380,3,378.14,1134.42
4516,317,3,75.98,227.94
4516,373,1,259.22,259.22
4516,349,3,54.63,163.89000000000001
4517,8,3,236.88,710.64
4517,73,1,279.0,279.0
4517,304,2,282.76,565.52
4518,112,1,17.77,17.77
4519,184,1,119.59,119.59
4520,333,1,61.26,61.26
4520,136,3,277.36,832.08
4520,140,2,115.16,230.32
4520,348,2,45.01,90.02
4521,500,2,236.72,473.44
4521,189,3,23.31,69.92999999999999
4521,285,3,440.73,1322.19
4521,73,1,279.0,279.0
4521,276,3,254.66,763.98
4522,298,3,310.25,930.75
4522,346,3,206.81,620.4300000000001
4522,240,2,98.4,196.8
4523,352,2,23.31,46.62
4524,243,2,358.15,716.3
4524,186,3,288.34,865.02
4525,461,3,472.53,1417.59
4525,75,1,123.97,123.97
4525,400,3,297.67,893.01
4525,56,1,258.91,258.91
4526,290,2,334.81,669.62
4526,218,2,213.29,426.58
4526,122,1,65.23,65.23
4526,311,3,432.8,1298.4
4526,451,1,332.65,332.65
4527,123,2,187.5,375.0
4527,223,1,80.53,80.53
4528,101,3,38.7,116.10000000000001
4528,322,3,325.9,977.6999999999999
4528,203,1,490.13,490.13
4529,123,2,187.5,375.0
4530,125,2,61.95,123.9
4530,327,1,357.39,357.39
4530,153,3,435.4,1306.1999999999998
4530,145,2,438.41,876.82
4530,12,2,291.6,583.2
4531,424,3,41.06,123.18
4531,139,1,349.74,349.74
4532,248,3,255.64,766.92
4532,399,1,62.97,62.97
4532,201,3,258.09,774.27
4533,285,1,440.73,440.73
4533,143,3,248.2,744.5999999999999
4533,350,1,170.56,170.56
4533,38,3,437.95,1313.85
4534,183,1,206.12,206.12
4534,280,1,346.03,346.03
4534,177,1,337.04,337.04
4535,272,2,182.96,365.92
4535,422,3,275.45,826.3499999999999
4535,194,1,22.63,22.63
4535,132,1,409.11,409.11
4536,138,3,93.72,281.15999999999997
4536,468,3,24.15,72.44999999999999
4536,264,1,165.99,165.99
4536,191,3,334.45,1003.3499999999999
4536,322,3,325.9,977.6999999999999
4537,454,3,122.06,366.18
4537,142,3,176.49,529.47
4538,391,2,14.9,29.8
4538,153,1,435.4,435.4
4538,314,1,78.8,78.8
4539,185,3,236.39,709.17
4539,308,3,477.22,1431.66
4540,78,1,164.41,164.41
4540,47,2,140.75,281.5
4540,245,1,426.38,426.38
4540,234,1,202.87,202.87
4541,188,1,331.07,331.07
4541,377,1,139.69,139.69
4541,322,2,325.9,651.8
4541,135,2,451.07,902.14
4541,471,1,64.44,64.44
4542,41,1,314.77,314.77
4542,358,1,198.63,198.63
4542,153,3,435.4,1306.1999999999998
4542,440,1,362.37,362.37
4542,426,3,438.33,1314.99
4543,297,3,225.21,675.63
4543,344,2,138.55,277.1
4543,250,2,179.65,359.3
4544,354,3,107.87,323.61
4545,240,3,98.4,295.20000000000005
4545,465,2,484.34,968.68
4545,243,1,358.15,358.15
4545,473,3,20.11,60.33
4545,474,1,239.02,239.02
4546,8,1,236.88,236.88
4546,250,2,179.65,359.3
4546,462,1,153.15,153.15
4546,120,2,480.49,960.98
4546,462,1,153.15,153.15
4547,452,2,235.45,470.9
4547,356,2,346.58,693.16
4547,208,3,342.64,1027.92
4548,422,2,275.45,550.9
4549,147,3,404.23,1212.69
4549,473,2,20.11,40.22
4549,54,3,393.16,1179.48
4550,264,1,165.99,165.99
4550,397,3,154.37,463.11
4550,21,2,348.11,696.22
4551,457,1,196.35,196.35
4551,452,3,235.45,706.3499999999999
4551,143,1,248.2,248.2
4552,96,1,95.56,95.56
4552,75,1,123.97,123.97
4553,200,2,134.77,269.54
4553,254,3,218.23,654.6899999999999
4553,148,2,228.08,456.16
4553,468,3,24.15,72.44999999999999
4554,7,1,479.78,479.78
4554,334,2,281.98,563.96
4554,380,1,378.14,378.14
4554,378,2,153.62,307.24
4555,313,2,181.23,362.46
4555,157,2,208.56,417.12
4555,499,2,139.95,279.9
4555,463,3,76.72,230.16
4556,432,3,18.81,56.42999999999999
4556,255,2,170.99,341.98
4556,275,2,404.88,809.76
4557,410,1,227.81,227.81
4557,55,1,243.64,243.64
4557,426,2,438.33,876.66
4557,67,3,439.97,1319.91
4558,384,1,9.03,9.03
4558,175,2,235.77,471.54
4559,391,2,14.9,29.8
4559,17,2,430.34,860.68
4559,446,2,480.38,960.76
4560,298,3,310.25,930.75
4561,34,1,150.14,150.14
4561,243,1,358.15,358.15
4562,164,3,158.01,474.03
4562,255,3,170.99,512.97
4563,456,2,242.56,485.12
4564,251,2,208.81,417.62
4564,400,2,297.67,595.34
4564,428,3,48.76,146.28
4564,25,3,206.03,618.09
4564,156,1,404.58,404.58
4565,158,3,269.42,808.26
4565,59,2,471.15,942.3
4565,259,1,200.38,200.38
4565,487,1,396.73,396.73
4566,434,3,379.85,1139.5500000000002
4567,130,2,201.64,403.28
4567,240,2,98.4,196.8
4567,365,1,373.53,373.53
4567,468,3,24.15,72.44999999999999
4568,43,2,84.75,169.5
4568,164,1,158.01,158.01
4568,141,1,257.07,257.07
4568,19,2,343.63,687.26
4568,152,2,436.45,872.9
4569,193,1,271.29,271.29
4569,182,1,491.56,491.56
4569,324,1,311.54,311.54
4570,219,1,9.55,9.55
4570,113,1,180.72,180.72
4570,274,2,203.73,407.46
4570,109,1,489.42,489.42
4571,275,3,404.88,1214.6399999999999
4571,500,1,236.72,236.72
4571,346,3,206.81,620.4300000000001
4571,400,1,297.67,297.67
4572,169,2,466.19,932.38
4572,79,2,102.92,205.84
4573,475,3,426.61,1279.83
4574,114,1,108.7,108.7
4574,151,2,369.64,739.28
4574,312,1,176.2,176.2
4575,256,1,344.07,344.07
4575,336,1,41.55,41.55
4576,492,1,28.24,28.24
4576,58,1,462.1,462.1
4576,208,1,342.64,342.64
4576,135,1,451.07,451.07
4577,83,3,243.84,731.52
4577,41,3,314.77,944.31
4578,207,1,68.25,68.25
4578,20,2,446.93,893.86
4578,147,3,404.23,1212.69
4578,486,3,45.81,137.43
4579,389,1,497.51,497.51
4579,110,2,124.44,248.88
4579,272,2,182.96,365.92
4580,173,2,364.45,728.9
4581,370,2,49.7,99.4
4581,138,3,93.72,281.15999999999997
4581,206,3,353.54,1060.6200000000001
4581,137,3,124.07,372.21
4582,235,2,384.75,769.5
4582,337,1,226.35,226.35
4582,34,3,150.14,450.41999999999996
4582,387,3,130.92,392.76
4582,66,3,113.14,339.42
4583,20,2,446.93,893.86
4583,138,3,93.72,281.15999999999997
4583,411,1,311.19,311.19
4584,264,2,165.99,331.98
4584,249,3,143.22,429.65999999999997
4585,388,2,439.12,878.24
4585,211,1,470.02,470.02
4585,392,1,364.88,364.88
4585,128,3,19.74,59.22
4586,191,1,334.45,334.45
4587,82,3,479.76,1439.28
4588,29,1,362.83,362.83
4588,264,3,165.99,497.97
4588,397,3,154.37,463.11
4588,149,3,111.19,333.57
4589,143,2,248.2,496.4
4589,64,1,330.1,330.1
4589,341,2,469.56,939.12
4590,363,2,479.64,959.28
4590,494,1,340.34,340.34
4591,348,2,45.01,90.02
4591,345,2,179.94,359.88
4591,468,1,24.15,24.15
4591,105,3,414.79,1244.3700000000001
4591,442,3,470.37,1411.1100000000001
4592,323,3,5.34,16.02
4592,387,2,130.92,261.84
4592,234,1,202.87,202.87
4592,159,1,287.61,287.61
4593,364,2,469.93,939.86
4594,151,2,369.64,739.28
4594,170,3,432.62,1297.8600000000001
4594,256,3,344.07,1032.21
4595,180,3,348.73,1046.19
4595,430,3,379.23,1137.69
4595,434,2,379.85,759.7
4595,274,2,203.73,407.46
4596,385,2,177.56,355.12
4596,474,2,239.02,478.04
4596,53,2,440.06,880.12
4596,435,3,219.72,659.16
4596,496,3,341.88,1025.6399999999999
4597,360,2,396.94,793.88
4597,475,2,426.61,853.22
4597,297,3,225.21,675.63
4597,362,2,110.19,220.38
4597,90,2,171.02,342.04
4598,11,2,415.63,831.26
4598,485,1,165.35,165.35
4598,21,1,348.11,348.11
4599,167,1,14.91,14.91
4599,96,2,95.56,191.12
4599,282,2,463.34,926.68
4599,52,2,207.19,414.38
4599,500,1,236.72,236.72
4600,92,2,86.51,173.02
4600,136,1,277.36,277.36
4600,309,2,484.02,968.04
4600,295,2,366.04,732.08
4600,399,3,62.97,188.91
4601,93,2,325.85,651.7
4601,284,1,322.24,322.24
4601,146,1,299.06,299.06
4602,438,2,100.54,201.08
4602,194,2,22.63,45.26
4602,84,1,239.85,239.85
4602,366,3,409.85,1229.5500000000002
4602,134,3,9.79,29.369999999999997
4603,364,2,469.93,939.86
4603,314,2,78.8,157.6
4603,41,1,314.77,314.77
4604,74,2,83.84,167.68
4604,468,1,24.15,24.15
4604,234,1,202.87,202.87
4605,143,1,248.2,248.2
4605,174,2,258.78,517.56
4605,10,2,421.91,843.82
4606,21,1,348.11,348.11
4607,31,1,384.06,384.06
4607,43,3,84.75,254.25
4607,249,1,143.22,143.22
4607,77,1,254.31,254.31
4607,233,3,76.89,230.67000000000002
4608,195,1,280.71,280.71
4609,322,2,325.9,651.8
4609,104,3,355.23,1065.69
4609,479,1,131.06,131.06
4609,362,1,110.19,110.19
4609,235,2,384.75,769.5
4610,47,2,140.75,281.5
4611,379,2,222.7,445.4
4611,73,2,279.0,558.0
4611,487,2,396.73,793.46
4611,426,1,438.33,438.33
4611,7,3,479.78,1439.34
4612,225,3,14.73,44.19
4613,279,2,273.72,547.44
4613,196,1,372.88,372.88
4613,499,1,139.95,139.95
4613,222,2,310.77,621.54
4614,112,3,17.77,53.31
4614,425,1,211.7,211.7
4615,307,3,75.2,225.60000000000002
4615,424,2,41.06,82.12
4615,32,2,284.06,568.12
4615,356,1,346.58,346.58
4616,308,2,477.22,954.44
4616,136,3,277.36,832.08
4616,109,3,489.42,1468.26
4617,132,2,409.11,818.22
4617,472,1,485.93,485.93
4617,209,3,195.24,585.72
4617,76,3,476.31,1428.93
4617,450,1,245.71,245.71
4618,179,1,422.57,422.57
4618,102,3,196.78,590.34
4618,364,2,469.93,939.86
4618,390,1,49.86,49.86
4619,247,2,228.88,457.76
4619,336,3,41.55,124.64999999999999
4620,349,2,54.63,109.26
4621,27,1,432.61,432.61
4621,274,3,203.73,611.1899999999999
4621,19,1,343.63,343.63
4621,138,2,93.72,187.44
4621,307,2,75.2,150.4
4622,81,3,112.52,337.56
4622,104,2,355.23,710.46
4622,150,2,216.59,433.18
4622,334,3,281.98,845.94
4623,438,1,100.54,100.54
4623,87,3,367.59,1102.77
4623,362,2,110.19,220.38
4623,184,2,119.59,239.18
4624,425,3,211.7,635.0999999999999
4624,467,3,24.18,72.53999999999999
4625,114,1,108.7,108.7
4625,86,1,409.34,409.34
4626,89,2,437.32,874.64
4626,218,3,213.29,639.87
4626,428,3,48.76,146.28
4627,478,1,356.16,356.16
4627,14,3,127.52,382.56
4627,76,1,476.31,476.31
4627,63,3,270.0,810.0
4628,441,1,314.36,314.36
4629,17,3,430.34,1291.02
4630,76,1,476.31,476.31
4630,154,3,371.7,1115.1
4630,314,1,78.8,78.8
4631,66,1,113.14,113.14
4631,147,2,404.23,808.46
4631,79,1,102.92,102.92
4631,340,1,281.13,281.13
4631,468,2,24.15,48.3
4632,332,2,450.12,900.24
4632,7,3,479.78,1439.34
4632,180,1,348.73,348.73
4632,487,1,396.73,396.73
4633,391,3,14.9,44.7
4633,487,1,396.73,396.73
4633,3,1,458.68,458.68
4634,454,3,122.06,366.18
4634,426,2,438.33,876.66
4635,113,2,180.72,361.44
4636,401,2,99.91,199.82
4636,45,1,442.81,442.81
4636,345,3,179.94,539.8199999999999
4636,195,2,280.71,561.42
4636,69,2,494.8,989.6
4637,442,1,470.37,470.37
4637,479,3,131.06,393.18
4637,300,2,250.81,501.62
4638,443,3,365.07,1095.21
4638,74,3,83.84,251.52
4638,165,3,170.69,512.0699999999999
4638,128,1,19.74,19.74
4638,174,1,258.78,258.78
4639,174,2,258.78,517.56
4640,24,1,497.43,497.43
4640,228,3,469.49,1408.47
4640,154,3,371.7,1115.1
4641,61,3,118.22,354.65999999999997
4642,42,2,38.5,77.0
4642,282,2,463.34,926.68
4643,436,1,41.76,41.76
4643,80,2,296.1,592.2
4643,14,2,127.52,255.04
4643,199,1,355.65,355.65
4643,423,2,317.55,635.1
4644,494,2,340.34,680.68
4644,380,1,378.14,378.14
4645,202,1,174.67,174.67
4645,15,1,190.65,190.65
4645,156,1,404.58,404.58
4645,144,2,149.85,299.7
4646,350,1,170.56,170.56
4646,316,2,68.22,136.44
4646,125,3,61.95,185.85000000000002
4646,348,3,45.01,135.03
4646,476,1,121.13,121.13
4647,337,1,226.35,226.35
4647,5,2,132.04,264.08
4647,69,3,494.8,1484.4
4647,352,1,23.31,23.31
4648,447,1,156.88,156.88
4648,169,3,466.19,1398.57
4648,146,2,299.06,598.12
4649,412,1,343.82,343.82
4650,259,2,200.38,400.76
4650,349,3,54.63,163.89000000000001
4650,445,2,124.24,248.48
4650,410,3,227.81,683.4300000000001
4650,265,2,452.37,904.74
4651,450,2,245.71,491.42
4651,489,2,229.25,458.5
4651,356,2,346.58,693.16
4651,325,2,470.48,940.96
4652,231,2,376.58,753.16
4652,182,2,491.56,983.12
4652,279,3,273.72,821.1600000000001
4652,130,3,201.64,604.92
4653,420,2,410.03,820.06
4654,406,3,7.55,22.65
4654,364,1,469.93,469.93
4654,145,1,438.41,438.41
4654,149,1,111.19,111.19
4654,10,2,421.91,843.82
4655,463,1,76.72,76.72
4656,127,3,6.58,19.740000000000002
4657,250,3,179.65,538.95
4657,497,2,343.43,686.86
4658,281,1,173.96,173.96
4658,105,2,414.79,829.58
4659,54,2,393.16,786.32
4659,413,2,64.03,128.06
4659,7,3,479.78,1439.34
4659,103,3,363.27,1089.81
4660,43,3,84.75,254.25
4660,36,2,325.79,651.58
4660,233,1,76.89,76.89
4661,327,2,357.39,714.78
4662,237,3,236.39,709.17
4662,123,3,187.5,562.5
4662,324,3,311.54,934.6200000000001
4663,352,3,23.31,69.92999999999999
4663,290,1,334.81,334.81
4664,224,2,133.14,266.28
4664,224,1,133.14,133.14
4664,417,2,202.32,404.64
4665,60,1,407.73,407.73
4665,55,1,243.64,243.64
4666,139,3,349.74,1049.22
4666,422,3,275.45,826.3499999999999
4666,140,2,115.16,230.32
4666,95,2,452.34,904.68
4667,75,2,123.97,247.94
4668,29,3,362.83,1088.49
4668,253,2,399.66,799.32
4669,432,1,18.81,18.81
4669,321,2,271.53,543.06
4669,236,3,495.48,1486.44
4670,220,3,58.27,174.81
4670,308,1,477.22,477.22
4670,97,3,91.52,274.56
4670,66,3,113.14,339.42
4671,20,3,446.93,1340.79
4671,245,3,426.38,1279.1399999999999
4671,42,2,38.5,77.0
4671,369,2,492.83,985.66
4671,135,3,451.07,1353.21
4672,482,3,479.46,1438.3799999999999
4672,394,2,202.77,405.54
4672,329,1,361.76,361.76
4673,188,2,331.07,662.14
4673,354,3,107.87,323.61
4673,353,2,303.46,606.92
4673,92,3,86.51,259.53000000000003
4674,91,3,440.33,1320.99
4674,459,3,220.51,661.53
4674,498,1,48.54,48.54
4674,263,2,168.0,336.0
4675,499,3,139.95,419.84999999999997
4675,368,3,226.17,678.51
4675,274,2,203.73,407.46
4676,124,2,130.44,260.88
4676,412,3,343.82,1031.46
4677,303,3,384.8,1154.4
4677,424,3,41.06,123.18
4677,43,3,84.75,254.25
4677,481,1,209.3,209.3
4678,346,1,206.81,206.81
4678,48,1,113.06,113.06
4678,414,2,457.0,914.0
4679,306,1,12.42,12.42
4679,270,2,132.23,264.46
4679,22,1,491.32,491.32
4679,199,3,355.65,1066.9499999999998
4680,400,1,297.67,297.67
4680,340,1,281.13,281.13
4680,110,1,124.44,124.44
4680,216,3,256.85,770.5500000000001
4680,286,3,67.86,203.57999999999998
4681,126,3,320.91,962.73
4681,142,2,176.49,352.98
4682,84,2,239.85,479.7
4682,265,2,452.37,904.74
4682,133,1,195.06,195.06
4682,43,3,84.75,254.25
4683,36,3,325.79,977.3700000000001
4683,412,2,343.82,687.64
4684,274,3,203.73,611.1899999999999
4684,437,3,150.85,452.54999999999995
4684,484,3,304.06,912.1800000000001
4684,172,1,171.63,171.63
4685,346,1,206.81,206.81
4685,253,2,399.66,799.32
4685,131,3,286.17,858.51
4685,87,1,367.59,367.59
4686,430,2,379.23,758.46
4686,142,2,176.49,352.98
4686,405,2,26.88,53.76
4686,377,2,139.69,279.38
4687,33,2,199.18,398.36
4687,123,1,187.5,187.5
4687,217,1,80.51,80.51
4687,355,2,344.54,689.08
4688,485,1,165.35,165.35
4689,340,2,281.13,562.26
4689,475,1,426.61,426.61
4690,313,3,181.23,543.6899999999999
4690,32,3,284.06,852.1800000000001
4691,127,3,6.58,19.740000000000002
4691,219,2,9.55,19.1
4691,415,1,454.18,454.18
4691,287,2,477.19,954.38
4692,359,1,353.69,353.69
4692,474,3,239.02,717.0600000000001
4693,294,1,159.06,159.06
4693,293,3,487.59,1462.77
4693,59,3,471.15,1413.4499999999998
4693,184,3,119.59,358.77
4694,248,3,255.64,766.92
4694,203,3,490.13,1470.3899999999999
4695,6,2,23.99,47.98
4695,203,2,490.13,980.26
4695,221,1,42.15,42.15
4695,476,3,121.13,363.39
4695,293,1,487.59,487.59
4696,348,3,45.01,135.03
4697,208,1,342.64,342.64
4697,344,3,138.55,415.65000000000003
4697,279,1,273.72,273.72
4698,486,2,45.81,91.62
4699,481,1,209.3,209.3
4699,382,2,65.87,131.74
4699,330,1,434.93,434.93
4699,193,2,271.29,542.58
4700,327,1,357.39,357.39
4700,11,2,415.63,831.26
4700,460,1,382.54,382.54
4700,478,1,356.16,356.16
4701,379,1,222.7,222.7
4701,220,2,58.27,116.54
4701,292,1,335.18,335.18
4701,475,3,426.61,1279.83
4702,156,1,404.58,404.58
4702,290,1,334.81,334.81
4702,129,3,293.08,879.24
4703,435,2,219.72,439.44
4703,485,2,165.35,330.7
4703,213,3,343.62,1030.8600000000001
4703,160,1,386.52,386.52
4703,308,2,477.22,954.44
4704,344,1,138.55,138.55
4705,330,2,434.93,869.86
4706,408,1,182.79,182.79
4706,97,1,91.52,91.52
4706,180,1,348.73,348.73
4707,451,2,332.65,665.3
4707,65,1,318.4,318.4
4707,87,3,367.59,1102.77
4708,435,2,219.72,439.44
4708,251,2,208.81,417.62
4708,13,1,41.35,41.35
4709,447,2,156.88,313.76
4709,475,2,426.61,853.22
4709,359,2,353.69,707.38
4709,428,2,48.76,97.52
4709,3,1,458.68,458.68
4710,88,2,361.93,723.86
4710,75,1,123.97,123.97
4711,306,1,12.42,12.42
4712,315,1,30.07,30.07
4712,75,3,123.97,371.90999999999997
4712,373,2,259.22,518.44
4712,390,1,49.86,49.86
4713,148,3,228.08,684.24
4713,383,1,114.97,114.97
4713,53,2,440.06,880.12
4713,238,1,150.48,150.48
4714,330,1,434.93,434.93
4715,334,2,281.98,563.96
4716,461,2,472.53,945.06
4716,241,1,463.38,463.38
4717,359,3,353.69,1061.07
4717,211,2,470.02,940.04
4717,101,2,38.7,77.4
4717,70,3,420.8,1262.4
4718,268,2,430.32,860.64
4719,471,3,64.44,193.32
4720,86,1,409.34,409.34
4720,321,3,271.53,814.5899999999999
4720,415,2,454.18,908.36
4721,365,1,373.53,373.53
4722,185,2,236.39,472.78
4722,207,3,68.25,204.75
4722,443,2,365.07,730.14
4722,286,2,67.86,135.72
4722,455,1,105.02,105.02
4723,364,1,469.93,469.93
4723,428,3,48.76,146.28
4723,117,2,16.06,32.12
4724,392,2,364.88,729.76
4724,172,3,171.63,514.89
4724,467,3,24.18,72.53999999999999
4725,6,1,23.99,23.99
4725,465,3,484.34,1453.02
4725,122,3,65.23,195.69
4725,273,2,193.27,386.54
4725,178,1,449.89,449.89
4726,8,1,236.88,236.88
4727,352,3,23.31,69.92999999999999
4727,387,1,130.92,130.92
4727,67,1,439.97,439.97
4728,303,2,384.8,769.6
4728,311,1,432.8,432.8
4728,454,1,122.06,122.06
4729,264,3,165.99,497.97
4729,264,1,165.99,165.99
4730,86,2,409.34,818.68
4730,300,3,250.81,752.4300000000001
4730,184,2,119.59,239.18
4731,56,2,258.91,517.82
4731,198,2,209.69,419.38
4731,176,1,66.77,66.77
4732,323,2,5.34,10.68
4732,23,2,124.25,248.5
4733,52,3,207.19,621.5699999999999
4733,167,1,14.91,14.91
4734,386,1,273.27,273.27
4735,485,3,165.35,496.04999999999995
4735,475,1,426.61,426.61
4735,185,2,236.39,472.78
4735,38,3,437.95,1313.85
4735,341,1,469.56,469.56
4736,79,1,102.92,102.92
4736,254,1,218.23,218.23
4737,253,2,399.66,799.32
4737,253,1,399.66,399.66
4737,406,3,7.55,22.65
4738,72,2,455.9,911.8
4738,48,1,113.06,113.06
4738,367,3,403.14,1209.42
4738,310,2,78.93,157.86
4739,358,2,198.63,397.26
4740,443,2,365.07,730.14
4740,30,1,243.42,243.42
4740,355,2,344.54,689.08
4740,275,1,404.88,404.88
4741,12,1,291.6,291.6
4741,248,1,255.64,255.64
4741,235,3,384.75,1154.25
4742,75,1,123.97,123.97
4742,402,3,336.6,1009.8000000000001
4742,21,2,348.11,696.22
4742,220,1,58.27,58.27
4742,35,2,14.23,28.46
4743,1,3,107.54,322.62
4744,129,1,293.08,293.08
4744,451,3,332.65,997.9499999999999
4744,78,2,164.41,328.82
4744,10,1,421.91,421.91
4745,385,3,177.56,532.6800000000001
4746,441,3,314.36,943.08
4746,396,3,69.93,209.79000000000002
4746,40,1,290.43,290.43
4747,67,3,439.97,1319.91
4747,31,2,384.06,768.12
4747,242,1,233.81,233.81
4747,222,2,310.77,621.54
4748,456,3,242.56,727.6800000000001
4748,23,1,124.25,124.25
4748,111,2,283.29,566.58
4748,441,3,314.36,943.08
4748,179,1,422.57,422.57
4749,440,3,362.37,1087.1100000000001
4749,410,1,227.81,227.81
4750,59,3,471.15,1413.4499999999998
4750,159,2,287.61,575.22
4751,92,2,86.51,173.02
4751,10,1,421.91,421.91
4751,478,3,356.16,1068.48
4752,391,2,14.9,29.8
4752,2,3,139.66,418.98
4752,210,2,366.8,733.6
4753,483,3,70.53,211.59
4754,325,3,470.48,1411.44
4754,144,1,149.85,149.85
4755,12,2,291.6,583.2
4755,309,1,484.02,484.02
4755,132,1,409.11,409.11
4755,98,3,375.73,1127.19
4756,92,1,86.51,86.51
4756,361,3,89.18,267.54
4756,459,2,220.51,441.02
4756,191,3,334.45,1003.3499999999999
4757,382,1,65.87,65.87
4757,3,2,458.68,917.36
4757,463,2,76.72,153.44
4757,489,2,229.25,458.5
4758,192,3,361.57,1084.71
4758,79,2,102.92,205.84
4758,307,2,75.2,150.4
4759,313,2,181.23,362.46
4759,350,1,170.56,170.56
4759,15,2,190.65,381.3
4759,137,1,124.07,124.07
4760,396,2,69.93,139.86
4760,253,3,399.66,1198.98
4760,21,1,348.11,348.11
4761,474,3,239.02,717.0600000000001
4761,442,1,470.37,470.37
4761,73,3,279.0,837.0
4761,357,2,213.41,426.82
4761,300,2,250.81,501.62
4762,167,3,14.91,44.730000000000004
4762,337,2,226.35,452.7
4762,30,2,243.42,486.84
4763,337,3,226.35,679.05
4764,486,2,45.81,91.62
4764,43,1,84.75,84.75
4764,142,1,176.49,176.49
4764,461,3,472.53,1417.59
4765,91,3,440.33,1320.99
4766,338,3,287.2,861.5999999999999
4766,51,3,124.89,374.67
4766,351,1,385.67,385.67
4766,421,1,450.64,450.64
4767,288,3,174.29,522.87
4767,35,3,14.23,42.69
4767,12,3,291.6,874.8000000000001
4767,374,2,415.45,830.9
4767,180,3,348.73,1046.19
4768,229,3,230.52,691.5600000000001
4768,219,2,9.55,19.1
4769,311,1,432.8,432.8
4769,183,1,206.12,206.12
4770,236,2,495.48,990.96
4770,342,2,19.87,39.74
4771,267,1,347.18,347.18
4772,170,3,432.62,1297.8600000000001
4772,110,3,124.44,373.32
4772,119,3,120.42,361.26
4772,351,1,385.67,385.67
4772,361,3,89.18,267.54
4773,118,1,355.19,355.19
4773,426,1,438.33,438.33
4774,322,1,325.9,325.9
4774,46,2,51.28,102.56
4774,322,2,325.9,651.8
4774,397,2,154.37,308.74
4774,48,3,113.06,339.18
4775,459,3,220.51,661.53
4775,131,3,286.17,858.51
4775,158,1,269.42,269.42
4776,432,1,18.81,18.81
4776,109,2,489.42,978.84
4776,199,1,355.65,355.65
4777,428,1,48.76,48.76
4777,361,2,89.18,178.36
4777,51,1,124.89,124.89
4778,433,3,457.16,1371.48
4778,110,3,124.44,373.32
4778,457,1,196.35,196.35
4778,222,3,310.77,932.31
4779,449,3,209.61,628.83
4780,245,1,426.38,426.38
4780,84,1,239.85,239.85
4781,322,1,325.9,325.9
4781,179,2,422.57,845.14
4781,272,3,182.96,548.88
4781,194,1,22.63,22.63
4781,188,3,331.07,993.21
4782,430,2,379.23,758.46
4782,205,1,59.11,59.11
4782,190,1,387.18,387.18
4782,232,1,478.28,478.28
4783,442,2,470.37,940.74
4784,43,3,84.75,254.25
4784,60,2,407.73,815.46
4784,86,2,409.34,818.68
4785,485,2,165.35,330.7
4785,494,3,340.34,1021.02
4786,24,3,497.43,1492.29
4787,402,2,336.6,673.2
4787,357,1,213.41,213.41
4787,402,1,336.6,336.6
4788,370,1,49.7,49.7
4789,353,1,303.46,303.46
4789,166,1,474.92,474.92
4789,190,1,387.18,387.18
4790,243,1,358.15,358.15
4791,136,3,277.36,832.08
4791,152,1,436.45,436.45
4792,5,2,132.04,264.08
4792,386,3,273.27,819.81
4792,152,2,436.45,872.9
4793,273,3,193.27,579.8100000000001
4793,26,3,170.87,512.61
4794,410,3,227.81,683.4300000000001
4794,281,2,173.96,347.92
4794,327,3,357.39,1072.17
4795,320,2,142.18,284.36
4795,283,2,391.26,782.52
4795,262,3,356.94,1070.82
4795,166,2,474.92,949.84
4796,194,2,22.63,45.26
4796,459,2,220.51,441.02
4796,137,2,124.07,248.14
4797,15,1,190.65,190.65
4797,192,3,361.57,1084.71
4798,362,1,110.19,110.19
4799,88,1,361.93,361.93
4799,205,2,59.11,118.22
4800,294,1,159.06,159.06
4801,430,3,379.23,1137.69
4801,333,3,61.26,183.78
4801,131,3,286.17,858.51
4801,158,1,269.42,269.42
4802,26,3,170.87,512.61
4803,165,1,170.69,170.69
4803,21,2,348.11,696.22
4803,151,3,369.64,1108.92
4803,373,1,259.22,259.22
4803,459,3,220.51,661.53
4804,102,3,196.78,590.34
4805,460,3,382.54,1147.6200000000001
4805,257,3,287.88,863.64
4805,279,2,273.72,547.44
4806,426,1,438.33,438.33
4806,355,1,344.54,344.54
4806,313,1,181.23,181.23
4806,285,2,440.73,881.46
4807,210,2,366.8,733.6
4807,236,3,495.48,1486.44
4808,417,2,202.32,404.64
4808,41,2,314.77,629.54
4809,442,2,470.37,940.74
4809,272,3,182.96,548.88
4809,258,3,440.33,1320.99
4809,442,3,470.37,1411.1100000000001
4810,249,3,143.22,429.65999999999997
4811,218,2,213.29,426.58
4811,428,2,48.76,97.52
4811,233,1,76.89,76.89
4812,6,3,23.99,71.97
4812,82,3,479.76,1439.28
4813,208,3,342.64,1027.92
4813,408,1,182.79,182.79
4813,41,2,314.77,629.54
4813,426,3,438.33,1314.99
4814,218,3,213.29,639.87
4815,434,2,379.85,759.7
4816,256,3,344.07,1032.21
4816,221,2,42.15,84.3
4816,249,2,143.22,286.44
4817,88,1,361.93,361.93
4817,425,3,211.7,635.0999999999999
4817,319,1,132.86,132.86
4817,280,3,346.03,1038.09
4817,431,3,370.38,1111.1399999999999
4818,253,1,399.66,399.66
4818,367,1,403.14,403.14
4818,275,1,404.88,404.88
4818,419,1,139.16,139.16
4818,282,2,463.34,926.68
4819,65,1,318.4,318.4
4819,367,2,403.14,806.28
4820,342,1,19.87,19.87
4821,92,2,86.51,173.02
4821,422,1,275.45,275.45
4821,345,2,179.94,359.88
4821,257,1,287.88,287.88
4822,124,2,130.44,260.88
4822,231,3,376.58,1129.74
4823,251,2,208.81,417.62
4823,439,2,201.62,403.24
4823,207,1,68.25,68.25
4823,83,3,243.84,731.52
4824,473,2,20.11,40.22
4824,395,2,254.9,509.8
4824,458,2,290.04,580.08
4825,196,2,372.88,745.76
4825,389,1,497.51,497.51
4826,394,1,202.77,202.77
4826,295,1,366.04,366.04
4826,342,1,19.87,19.87
4827,400,1,297.67,297.67
4827,138,3,93.72,281.15999999999997
4828,474,3,239.02,717.0600000000001
4828,378,1,153.62,153.62
4829,296,2,348.54,697.08
4830,383,3,114.97,344.90999999999997
4831,288,2,174.29,348.58
4832,60,1,407.73,407.73
4832,102,3,196.78,590.34
4832,27,1,432.61,432.61
4833,148,1,228.08,228.08
4833,222,2,310.77,621.54
4833,247,2,228.88,457.76
4833,33,2,199.18,398.36
4833,332,2,450.12,900.24
4834,472,3,485.93,1457.79
4834,327,1,357.39,357.39
4835,162,3,153.38,460.14
4836,469,2,351.84,703.68
4837,425,3,211.7,635.0999999999999
4837,403,1,44.77,44.77
4838,10,1,421.91,421.91
4838,80,2,296.1,592.2
4839,161,3,281.23,843.69
4839,363,3,479.64,1438.92
4839,364,2,469.93,939.86
4839,80,1,296.1,296.1
4840,317,3,75.98,227.94
4840,159,2,287.61,575.22
4840,305,2,80.66,161.32
4841,351,3,385.67,1157.01
4841,35,3,14.23,42.69
4841,429,3,257.85,773.5500000000001
4841,9,1,331.01,331.01
4841,461,2,472.53,945.06
4842,133,2,195.06,390.12
4843,415,1,454.18,454.18
4844,268,1,430.32,430.32
4844,89,2,437.32,874.64
4845,214,3,460.83,1382.49
4845,397,2,154.37,308.74
4845,247,2,228.88,457.76
4845,114,3,108.7,326.1
4845,185,3,236.39,709.17
4846,66,1,113.14,113.14
4846,438,1,100.54,100.54
4846,376,3,120.28,360.84000000000003
4847,474,1,239.02,239.02
4847,116,2,490.7,981.4
4848,294,3,159.06,477.18
4848,463,3,76.72,230.16
4849,497,1,343.43,343.43
4850,148,2,228.08,456.16
4850,399,2,62.97,125.94
4850,198,3,209.69,629.0699999999999
4850,223,2,80.53,161.06
4851,133,2,195.06,390.12
4851,7,1,479.78,479.78
4852,188,1,331.07,331.07
4852,379,2,222.7,445.4
4853,446,3,480.38,1441.1399999999999
4853,209,3,195.24,585.72
4853,237,3,236.39,709.17
4853,159,3,287.61,862.83
4854,64,1,330.1,330.1
4854,36,3,325.79,977.3700000000001
4854,384,1,9.03,9.03
4854,352,1,23.31,23.31
4855,463,2,76.72,153.44
4855,416,2,163.35,326.7
4855,239,1,254.23,254.23
4855,332,3,450.12,1350.3600000000001
4855,198,2,209.69,419.38
4856,125,1,61.95,61.95
4857,337,3,226.35,679.05
4857,105,1,414.79,414.79
4857,186,1,288.34,288.34
4858,161,3,281.23,843.69
4858,331,3,69.86,209.57999999999998
4859,368,1,226.17,226.17
4859,158,2,269.42,538.84
4860,38,1,437.95,437.95
4860,483,2,70.53,141.06
4860,499,1,139.95,139.95
4861,147,3,404.23,1212.69
4861,210,3,366.8,1100.4
4862,335,3,255.49,766.47
4862,50,1,347.73,347.73
4863,266,3,292.77,878.31
4863,176,2,66.77,133.54
4863,255,3,170.99,512.97
4863,249,2,143.22,286.44
4864,341,3,469.56,1408.68
4865,487,2,396.73,793.46
4865,292,3,335.18,1005.54
4865,205,2,59.11,118.22
4865,194,1,22.63,22.63
4865,315,3,30.07,90.21000000000001
4866,200,3,134.77,404.31000000000006
4866,164,1,158.01,158.01
4866,13,2,41.35,82.7
4866,444,2,232.11,464.22
4866,234,2,202.87,405.74
4867,322,2,325.9,651.8
4867,222,2,310.77,621.54
4867,51,1,124.89,124.89
4868,104,3,355.23,1065.69
4869,413,2,64.03,128.06
4869,155,1,77.89,77.89
4869,469,2,351.84,703.68
4869,26,3,170.87,512.61
4869,498,1,48.54,48.54
4870,487,2,396.73,793.46
4871,443,1,365.07,365.07
4871,385,3,177.56,532.6800000000001
4871,59,3,471.15,1413.4499999999998
4871,219,1,9.55,9.55
4872,293,3,487.59,1462.77
4872,204,1,396.2,396.2
4873,168,2,396.27,792.54
4873,363,2,479.64,959.28
4873,374,2,415.45,830.9
4874,269,1,183.25,183.25
4874,373,2,259.22,518.44
4875,368,3,226.17,678.51
4876,349,3,54.63,163.89000000000001
4876,329,1,361.76,361.76
4876,333,3,61.26,183.78
4876,339,3,327.73,983.19
4877,31,2,384.06,768.12
4877,139,1,349.74,349.74
4878,84,2,239.85,479.7
4878,22,1,491.32,491.32
4879,435,2,219.72,439.44
4879,10,2,421.91,843.82
4879,13,2,41.35,82.7
4879,6,3,23.99,71.97
4880,96,3,95.56,286.68
4880,131,3,286.17,858.51
4880,154,2,371.7,743.4
4881,309,2,484.02,968.04
4881,169,3,466.19,1398.57
4882,205,2,59.11,118.22
4882,183,2,206.12,412.24
4882,339,1,327.73,327.73
4883,135,1,451.07,451.07
4883,417,3,202.32,606.96
4883,201,2,258.09,516.18
4883,466,1,465.33,465.33
4884,433,2,457.16,914.32
4884,15,1,190.65,190.65
4884,314,1,78.8,78.8
4884,177,3,337.04,1011.1200000000001
4884,231,1,376.58,376.58
4885,133,3,195.06,585.1800000000001
4885,443,2,365.07,730.14
4886,209,1,195.24,195.24
4886,289,3,427.58,1282.74
4887,495,3,239.08,717.24
4887,453,1,335.96,335.96
4888,44,2,437.15,874.3
4888,216,2,256.85,513.7
4888,211,2,470.02,940.04
4889,244,3,286.63,859.89
4889,25,1,206.03,206.03
4890,298,1,310.25,310.25
4890,269,2,183.25,366.5
4890,319,1,132.86,132.86
4891,167,3,14.91,44.730000000000004
4891,63,1,270.0,270.0
4891,178,1,449.89,449.89
4891,494,1,340.34,340.34
4892,85,1,173.78,173.78
4892,120,2,480.49,960.98
4892,264,2,165.99,331.98
4893,419,1,139.16,139.16
4893,299,3,207.73,623.1899999999999
4893,345,2,179.94,359.88
4893,205,2,59.11,118.22
4894,479,1,131.06,131.06
4895,235,1,384.75,384.75
4895,356,2,346.58,693.16
4895,228,2,469.49,938.98
4896,248,3,255.64,766.92
4896,415,3,454.18,1362.54
4896,223,2,80.53,161.06
4896,339,2,327.73,655.46
4896,37,3,183.06,549.1800000000001
4897,256,1,344.07,344.07
4897,323,1,5.34,5.34
4897,311,3,432.8,1298.4
4897,199,3,355.65,1066.9499999999998
4897,125,2,61.95,123.9
4898,414,3,457.0,1371.0
4898,496,3,341.88,1025.6399999999999
4899,5,3,132.04,396.12
4899,426,1,438.33,438.33
4899,141,1,257.07,257.07
4899,94,2,186.09,372.18
4899,155,2,77.89,155.78
4900,154,3,371.7,1115.1
4900,136,3,277.36,832.08
4901,372,1,224.89,224.89
4901,480,2,209.16,418.32
4901,246,3,234.51,703.53
4901,232,3,478.28,1434.84
4902,5,2,132.04,264.08
4902,407,3,474.34,1423.02
4902,262,1,356.94,356.94
4902,465,3,484.34,1453.02
4903,40,1,290.43,290.43
4903,343,3,220.03,660.09
4903,317,2,75.98,151.96
4903,21,1,348.11,348.11
4904,450,1,245.71,245.71
4904,320,1,142.18,142.18
4904,242,2,233.81,467.62
4904,189,1,23.31,23.31
4905,303,3,384.8,1154.4
4906,452,1,235.45,235.45
4906,453,3,335.96,1007.8799999999999
4906,191,3,334.45,1003.3499999999999
4906,395,1,254.9,254.9
4907,271,3,188.99,566.97
4907,216,3,256.85,770.5500000000001
4907,81,2,112.52,225.04
4907,250,3,179.65,538.95
4907,491,2,130.58,261.16
4908,491,2,130.58,261.16
4909,242,3,233.81,701.4300000000001
4909,84,1,239.85,239.85
4909,29,1,362.83,362.83
4910,180,3,348.73,1046.19
4911,221,3,42.15,126.44999999999999
4911,360,3,396.94,1190.82
4911,194,1,22.63,22.63
4912,243,1,358.15,358.15
4912,231,1,376.58,376.58
4912,60,3,407.73,1223.19
4913,329,1,361.76,361.76
4913,97,3,91.52,274.56
4913,133,2,195.06,390.12
4913,213,2,343.62,687.24
4914,177,2,337.04,674.08
4914,315,3,30.07,90.21000000000001
4914,273,1,193.27,193.27
4914,56,2,258.91,517.82
4914,290,1,334.81,334.81
4915,83,2,243.84,487.68
4916,136,1,277.36,277.36
4917,337,2,226.35,452.7
4917,154,3,371.7,1115.1
4917,496,2,341.88,683.76
4917,190,3,387.18,1161.54
4918,485,1,165.35,165.35
4918,469,2,351.84,703.68
4918,332,1,450.12,450.12
4918,5,3,132.04,396.12
4918,188,2,331.07,662.14
4919,180,3,348.73,1046.19
4919,171,2,35.49,70.98
4919,490,3,487.09,1461.27
4919,289,1,427.58,427.58
4920,212,1,381.28,381.28
4920,238,2,150.48,300.96
4920,200,1,134.77,134.77
4921,399,3,62.97,188.91
4921,191,1,334.45,334.45
4922,76,1,476.31,476.31
4922,402,1,336.6,336.6
4923,133,2,195.06,390.12
4923,154,3,371.7,1115.1
4923,137,1,124.07,124.07
4923,334,1,281.98,281.98
4924,287,1,477.19,477.19
4925,291,2,336.86,673.72
4925,452,3,235.45,706.3499999999999
4925,127,2,6.58,13.16
4926,427,3,323.5,970.5
4926,106,3,422.11,1266.33
4926,30,1,243.42,243.42
4926,101,3,38.7,116.10000000000001
4927,138,3,93.72,281.15999999999997
4927,97,3,91.52,274.56
4928,60,2,407.73,815.46
4928,80,1,296.1,296.1
4928,83,2,243.84,487.68
4928,353,1,303.46,303.46
4928,218,3,213.29,639.87
4929,227,2,413.65,827.3
4929,195,3,280.71,842.1299999999999
4929,295,2,366.04,732.08
4929,73,3,279.0,837.0
4930,221,2,42.15,84.3
4930,91,2,440.33,880.66
4930,162,1,153.38,153.38
4931,315,1,30.07,30.07
4931,454,2,122.06,244.12
4931,218,2,213.29,426.58
4932,240,3,98.4,295.20000000000005
4932,143,2,248.2,496.4
4932,383,1,114.97,114.97
4932,295,2,366.04,732.08
4933,103,1,363.27,363.27
4933,248,1,255.64,255.64
4933,258,3,440.33,1320.99
4933,1,2,107.54,215.08
4934,275,3,404.88,1214.6399999999999
4934,388,3,439.12,1317.3600000000001
4935,393,1,129.5,129.5
4935,468,2,24.15,48.3
4936,345,2,179.94,359.88
4936,376,1,120.28,120.28
4937,106,1,422.11,422.11
4938,457,1,196.35,196.35
4938,459,1,220.51,220.51
4939,29,2,362.83,725.66
4939,490,2,487.09,974.18
4939,400,2,297.67,595.34
4939,359,3,353.69,1061.07
4940,108,1,189.13,189.13
4940,207,1,68.25,68.25
4940,187,2,315.62,631.24
4940,273,3,193.27,579.8100000000001
4940,128,3,19.74,59.22
4941,339,3,327.73,983.19
4941,456,2,242.56,485.12
4942,485,1,165.35,165.35
4942,241,2,463.38,926.76
4943,38,1,437.95,437.95
4943,376,1,120.28,120.28
4943,368,3,226.17,678.51
4943,495,3,239.08,717.24
4943,208,1,342.64,342.64
4944,498,3,48.54,145.62
4945,337,1,226.35,226.35
4945,353,2,303.46,606.92
4945,224,1,133.14,133.14
4946,449,1,209.61,209.61
4946,466,3,465.33,1395.99
4946,250,2,179.65,359.3
4946,410,1,227.81,227.81
4947,81,3,112.52,337.56
4947,131,1,286.17,286.17
4948,232,3,478.28,1434.84
4948,215,3,313.01,939.03
4949,213,2,343.62,687.24
4949,169,1,466.19,466.19
4949,268,2,430.32,860.64
4949,31,3,384.06,1152.18
4950,421,2,450.64,901.28
4950,411,3,311.19,933.5699999999999
4950,308,3,477.22,1431.66
4951,384,1,9.03,9.03
4951,133,1,195.06,195.06
4951,352,1,23.31,23.31
4951,427,2,323.5,647.0
4952,402,1,336.6,336.6
4952,3,3,458.68,1376.04
4952,189,1,23.31,23.31
4952,355,2,344.54,689.08
4952,76,2,476.31,952.62
4953,89,1,437.32,437.32
4953,478,2,356.16,712.32
4953,20,1,446.93,446.93
4954,156,3,404.58,1213.74
4954,282,1,463.34,463.34
4955,90,3,171.02,513.0600000000001
4955,352,3,23.31,69.92999999999999
4955,264,1,165.99,165.99
4956,83,2,243.84,487.68
4957,181,3,369.11,1107.33
4957,161,3,281.23,843.69
4957,44,1,437.15,437.15
4957,5,1,132.04,132.04
4957,221,1,42.15,42.15
4958,257,3,287.88,863.64
4958,410,1,227.81,227.81
4959,66,1,113.14,113.14
4959,166,1,474.92,474.92
4959,362,1,110.19,110.19
4960,191,3,334.45,1003.3499999999999
4960,104,1,355.23,355.23
4960,223,2,80.53,161.06
4960,393,2,129.5,259.0
4961,166,1,474.92,474.92
4961,65,2,318.4,636.8
4962,221,2,42.15,84.3
4963,81,2,112.52,225.04
4963,103,1,363.27,363.27
4963,352,3,23.31,69.92999999999999
4964,28,3,72.62,217.86
4964,266,2,292.77,585.54
4965,293,3,487.59,1462.77
4965,345,2,179.94,359.88
4965,121,3,143.28,429.84000000000003
4966,417,2,202.32,404.64
4966,359,2,353.69,707.38
4966,264,3,165.99,497.97
4966,466,2,465.33,930.66
4966,231,1,376.58,376.58
4967,295,3,366.04,1098.1200000000001
4968,32,2,284.06,568.12
4968,217,3,80.51,241.53000000000003
4969,194,3,22.63,67.89
4969,301,2,287.0,574.0
4969,306,2,12.42,24.84
4970,49,1,486.05,486.05
4971,71,2,43.24,86.48
4971,56,1,258.91,258.91
4971,311,2,432.8,865.6
4972,21,2,348.11,696.22
4972,164,1,158.01,158.01
4972,437,3,150.85,452.54999999999995
4972,313,2,181.23,362.46
4972,151,3,369.64,1108.92
4973,452,3,235.45,706.3499999999999
4973,222,2,310.77,621.54
4973,140,1,115.16,115.16
4973,80,2,296.1,592.2
4973,89,3,437.32,1311.96
4974,406,2,7.55,15.1
4975,345,1,179.94,179.94
4975,327,1,357.39,357.39
4975,479,1,131.06,131.06
4976,23,2,124.25,248.5
4977,350,2,170.56,341.12
4977,413,2,64.03,128.06
4978,211,2,470.02,940.04
4978,178,3,449.89,1349.67
4978,318,3,219.59,658.77
4979,193,3,271.29,813.8700000000001
4979,385,2,177.56,355.12
4979,432,2,18.81,37.62
4980,157,2,208.56,417.12
4981,309,1,484.02,484.02
4981,76,2,476.31,952.62
4982,310,2,78.93,157.86
4982,342,2,19.87,39.74
4982,169,2,466.19,932.38
4982,470,2,67.19,134.38
4983,131,3,286.17,858.51
4983,488,2,243.3,486.6
4983,74,3,83.84,251.52
4984,154,3,371.7,1115.1
4984,226,1,285.61,285.61
4985,410,1,227.81,227.81
4985,352,2,23.31,46.62
4985,477,3,155.19,465.57
4985,279,3,273.72,821.1600000000001
4985,426,3,438.33,1314.99
4986,377,1,139.69,139.69
4987,308,3,477.22,1431.66
4987,74,1,83.84,83.84
4987,443,3,365.07,1095.21
4987,41,2,314.77,629.54
4988,18,3,395.52,1186.56
4988,115,1,200.47,200.47
4989,233,3,76.89,230.67000000000002
4990,158,3,269.42,808.26
4991,268,3,430.32,1290.96
4991,54,2,393.16,786.32
4991,126,1,320.91,320.91
4991,228,3,469.49,1408.47
4992,222,3,310.77,932.31
4992,34,1,150.14,150.14
4992,451,2,332.65,665.3
4993,35,1,14.23,14.23
4993,155,1,77.89,77.89
4993,41,2,314.77,629.54
4994,151,2,369.64,739.28
4994,454,3,122.06,366.18
4995,389,3,497.51,1492.53
4995,214,2,460.83,921.66
4995,457,3,196.35,589.05
4996,452,3,235.45,706.3499999999999
4997,319,3,132.86,398.58000000000004
4997,354,1,107.87,107.87
4997,168,3,396.27,1188.81
4997,312,3,176.2,528.5999999999999
4997,122,2,65.23,130.46
4998,327,3,357.39,1072.17
4998,198,3,209.69,629.0699999999999
4998,60,1,407.73,407.73
4998,89,3,437.32,1311.96
4998,282,2,463.34,926.68
4999,222,1,310.77,310.77
4999,128,3,19.74,59.22
5000,11,3,415.63,1246.8899999999999
5001,213,1,343.62,343.62
5001,284,2,322.24,644.48
5001,180,2,348.73,697.46
5001,54,1,393.16,393.16
5001,415,3,454.18,1362.54
5002,7,1,479.78,479.78
5002,408,3,182.79,548.37
5002,93,3,325.85,977.5500000000001
5002,76,1,476.31,476.31
5003,399,2,62.97,125.94
5003,331,3,69.86,209.57999999999998
5003,421,2,450.64,901.28
5003,432,2,18.81,37.62
5004,433,1,457.16,457.16
5004,401,3,99.91,299.73
5004,344,1,138.55,138.55
5004,406,2,7.55,15.1
5004,327,1,357.39,357.39
5005,274,1,203.73,203.73
5005,453,3,335.96,1007.8799999999999
5005,159,3,287.61,862.83
5006,422,3,275.45,826.3499999999999
5006,420,2,410.03,820.06
5006,491,1,130.58,130.58
5006,228,1,469.49,469.49
5007,325,3,470.48,1411.44
5007,188,2,331.07,662.14
5007,299,2,207.73,415.46
5007,378,1,153.62,153.62
5008,19,2,343.63,687.26
5008,118,1,355.19,355.19
5008,154,1,371.7,371.7
5008,491,2,130.58,261.16
5009,127,3,6.58,19.740000000000002
5009,154,1,371.7,371.7
5009,314,3,78.8,236.39999999999998
5009,166,3,474.92,1424.76
5009,23,1,124.25,124.25
5010,206,1,353.54,353.54
5010,252,2,333.44,666.88
5011,120,2,480.49,960.98
5011,31,3,384.06,1152.18
5011,267,3,347.18,1041.54
5011,436,1,41.76,41.76
5012,342,2,19.87,39.74
5012,275,2,404.88,809.76
5012,447,1,156.88,156.88
5012,480,1,209.16,209.16
5013,216,3,256.85,770.5500000000001
5013,470,3,67.19,201.57
5014,341,1,469.56,469.56
5014,450,1,245.71,245.71
5014,98,3,375.73,1127.19
5015,147,3,404.23,1212.69
5016,452,2,235.45,470.9
5017,319,2,132.86,265.72
5017,165,1,170.69,170.69
5017,14,1,127.52,127.52
5017,75,2,123.97,247.94
5018,84,3,239.85,719.55
5018,395,1,254.9,254.9
5018,398,2,182.45,364.9
5019,2,3,139.66,418.98
5019,270,2,132.23,264.46
5019,470,3,67.19,201.57
5020,444,1,232.11,232.11
5020,126,1,320.91,320.91
5020,309,2,484.02,968.04
5021,462,1,153.15,153.15
5022,180,3,348.73,1046.19
5022,297,2,225.21,450.42
5022,255,2,170.99,341.98
5023,167,3,14.91,44.730000000000004
5023,100,3,175.13,525.39
5024,434,3,379.85,1139.5500000000002
5024,54,1,393.16,393.16
5024,76,2,476.31,952.62
5024,16,3,191.38,574.14
5024,22,2,491.32,982.64
5025,278,3,178.94,536.8199999999999
5025,84,2,239.85,479.7
5025,343,2,220.03,440.06
5025,446,3,480.38,1441.1399999999999
5026,22,3,491.32,1473.96
5027,307,3,75.2,225.60000000000002
5028,131,2,286.17,572.34
5028,162,3,153.38,460.14
5029,14,1,127.52,127.52
5029,494,2,340.34,680.68
5029,288,3,174.29,522.87
5029,232,3,478.28,1434.84
5029,202,2,174.67,349.34
5030,200,2,134.77,269.54
5030,240,1,98.4,98.4
5030,499,1,139.95,139.95
5031,1,2,107.54,215.08
5031,221,2,42.15,84.3
5031,355,3,344.54,1033.6200000000001
5031,153,3,435.4,1306.1999999999998
5032,343,3,220.03,660.09
5033,159,2,287.61,575.22
5033,310,1,78.93,78.93
5033,24,1,497.43,497.43
5033,313,2,181.23,362.46
5034,314,1,78.8,78.8
5035,33,1,199.18,199.18
5035,384,2,9.03,18.06
5035,408,2,182.79,365.58
5035,152,2,436.45,872.9
5036,466,3,465.33,1395.99
5036,51,2,124.89,249.78
5036,460,1,382.54,382.54
5036,216,1,256.85,256.85
5037,265,3,452.37,1357.1100000000001
5037,253,2,399.66,799.32
5038,302,2,343.67,687.34
5038,117,3,16.06,48.17999999999999
5038,364,1,469.93,469.93
5038,270,1,132.23,132.23
5038,387,1,130.92,130.92
5039,156,1,404.58,404.58
5039,102,1,196.78,196.78
5039,142,1,176.49,176.49
5039,114,1,108.7,108.7
5039,130,2,201.64,403.28
5040,198,1,209.69,209.69
5041,132,3,409.11,1227.33
5042,218,2,213.29,426.58
5042,17,3,430.34,1291.02
5042,352,1,23.31,23.31
5042,199,1,355.65,355.65
5042,373,1,259.22,259.22
5043,211,2,470.02,940.04
5043,27,1,432.61,432.61
5043,225,1,14.73,14.73
5043,142,3,176.49,529.47
5044,93,2,325.85,651.7
5044,105,1,414.79,414.79
5044,18,2,395.52,791.04
5044,16,2,191.38,382.76
5044,403,3,44.77,134.31
5045,243,3,358.15,1074.4499999999998
5046,296,2,348.54,697.08
5046,308,3,477.22,1431.66
5046,472,1,485.93,485.93
5046,120,1,480.49,480.49
5046,482,1,479.46,479.46
5047,90,3,171.02,513.0600000000001
5048,60,2,407.73,815.46
5048,291,3,336.86,1010.58
5048,379,3,222.7,668.0999999999999
5049,94,1,186.09,186.09
5049,265,2,452.37,904.74
5049,107,2,262.2,524.4
5050,54,3,393.16,1179.48
5050,25,2,206.03,412.06
5051,491,2,130.58,261.16
5051,217,1,80.51,80.51
5052,59,1,471.15,471.15
5052,427,3,323.5,970.5
5052,70,1,420.8,420.8
5052,347,3,186.64,559.92
5053,382,3,65.87,197.61
5053,204,2,396.2,792.4
5054,423,1,317.55,317.55
5054,140,2,115.16,230.32
5054,306,1,12.42,12.42
5054,80,2,296.1,592.2
5054,397,1,154.37,154.37
5055,174,3,258.78,776.3399999999999
5055,322,1,325.9,325.9
5056,496,3,341.88,1025.6399999999999
5056,236,1,495.48,495.48
5057,185,1,236.39,236.39
5057,417,2,202.32,404.64
5057,496,2,341.88,683.76
5058,484,3,304.06,912.1800000000001
5059,185,3,236.39,709.17
5059,180,1,348.73,348.73
5060,277,2,74.18,148.36
5060,146,1,299.06,299.06
5060,471,3,64.44,193.32
5061,360,1,396.94,396.94
5061,178,2,449.89,899.78
5062,41,2,314.77,629.54
5063,345,3,179.94,539.8199999999999
5063,98,1,375.73,375.73
5064,383,3,114.97,344.90999999999997
5065,230,2,314.06,628.12
5065,117,3,16.06,48.17999999999999
5066,271,2,188.99,377.98
5066,190,2,387.18,774.36
5067,169,3,466.19,1398.57
5067,422,2,275.45,550.9
5067,430,1,379.23,379.23
5067,406,2,7.55,15.1
5067,481,1,209.3,209.3
5068,70,2,420.8,841.6
5068,260,3,459.47,1378.41
5068,379,3,222.7,668.0999999999999
5068,241,3,463.38,1390.1399999999999
5069,6,3,23.99,71.97
5070,188,1,331.07,331.07
5070,372,1,224.89,224.89
5071,201,1,258.09,258.09
5071,456,3,242.56,727.6800000000001
5071,259,3,200.38,601.14
5071,203,1,490.13,490.13
5072,39,2,105.83,211.66
5072,489,3,229.25,687.75
5072,475,3,426.61,1279.83
5073,180,1,348.73,348.73
5073,354,1,107.87,107.87
5073,3,1,458.68,458.68
5074,63,3,270.0,810.0
5074,150,1,216.59,216.59
5074,217,2,80.51,161.02
5074,250,1,179.65,179.65
5075,36,2,325.79,651.58
5075,200,2,134.77,269.54
5075,173,3,364.45,1093.35
5075,54,3,393.16,1179.48
5076,21,2,348.11,696.22
5076,397,2,154.37,308.74
5076,459,1,220.51,220.51
5076,390,3,49.86,149.57999999999998
5077,310,2,78.93,157.86
5077,27,3,432.61,1297.83
5077,76,3,476.31,1428.93
5077,304,1,282.76,282.76
5077,358,2,198.63,397.26
5078,230,3,314.06,942.1800000000001
5078,144,3,149.85,449.54999999999995
5078,34,1,150.14,150.14
5078,63,3,270.0,810.0
5079,179,2,422.57,845.14
5079,397,2,154.37,308.74
5079,264,1,165.99,165.99
5079,343,3,220.03,660.09
5080,200,2,134.77,269.54
5080,418,3,141.62,424.86
5080,399,1,62.97,62.97
5080,12,2,291.6,583.2
5081,156,2,404.58,809.16
5081,138,3,93.72,281.15999999999997
5082,86,1,409.34,409.34
5083,72,1,455.9,455.9
5083,169,2,466.19,932.38
5083,87,3,367.59,1102.77
5083,321,1,271.53,271.53
5083,356,3,346.58,1039.74
5084,101,1,38.7,38.7
5084,255,1,170.99,170.99
5084,245,2,426.38,852.76
5084,497,3,343.43,1030.29
5084,12,1,291.6,291.6
5085,338,1,287.2,287.2
5085,168,3,396.27,1188.81
5085,57,2,281.31,562.62
5086,55,2,243.64,487.28
5086,323,2,5.34,10.68
5087,281,2,173.96,347.92
5088,253,3,399.66,1198.98
5088,246,1,234.51,234.51
5088,147,1,404.23,404.23
5088,300,1,250.81,250.81
5088,55,1,243.64,243.64
5089,14,3,127.52,382.56
5089,292,2,335.18,670.36
5089,436,1,41.76,41.76
5090,435,3,219.72,659.16
5091,369,2,492.83,985.66
5091,161,2,281.23,562.46
5092,157,1,208.56,208.56
5092,153,3,435.4,1306.1999999999998
5092,412,3,343.82,1031.46
5092,189,3,23.31,69.92999999999999
5092,27,1,432.61,432.61
5093,399,3,62.97,188.91
5093,1,2,107.54,215.08
5094,357,1,213.41,213.41
5094,129,1,293.08,293.08
5094,356,1,346.58,346.58
5094,265,2,452.37,904.74
5094,220,1,58.27,58.27
5095,191,1,334.45,334.45
5095,313,3,181.23,543.6899999999999
5095,109,1,489.42,489.42
5095,386,1,273.27,273.27
5095,201,3,258.09,774.27
5096,150,1,216.59,216.59
5096,489,2,229.25,458.5
5096,345,2,179.94,359.88
5097,18,2,395.52,791.04
5097,244,1,286.63,286.63
5098,308,1,477.22,477.22
5098,188,2,331.07,662.14
5098,336,3,41.55,124.64999999999999
5098,166,1,474.92,474.92
5099,22,2,491.32,982.64
5099,327,3,357.39,1072.17
5099,26,2,170.87,341.74
5100,23,2,124.25,248.5
5100,310,1,78.93,78.93
5101,370,3,49.7,149.10000000000002
5101,19,3,343.63,1030.8899999999999
5101,426,3,438.33,1314.99
5102,364,3,469.93,1409.79
5103,307,1,75.2,75.2
5103,468,2,24.15,48.3
5104,117,1,16.06,16.06
5104,88,2,361.93,723.86
5104,495,1,239.08,239.08
5105,76,1,476.31,476.31
5105,20,2,446.93,893.86
5105,108,2,189.13,378.26
5105,269,2,183.25,366.5
5106,137,2,124.07,248.14
5107,135,1,451.07,451.07
5108,47,1,140.75,140.75
5108,193,1,271.29,271.29
5108,457,1,196.35,196.35
5108,247,1,228.88,228.88
5109,492,1,28.24,28.24
5109,156,2,404.58,809.16
5109,29,3,362.83,1088.49
5109,430,1,379.23,379.23
5110,477,2,155.19,310.38
5110,436,2,41.76,83.52
5110,157,2,208.56,417.12
5110,154,3,371.7,1115.1
5110,95,3,452.34,1357.02
5111,281,3,173.96,521.88
5111,139,1,349.74,349.74
5111,428,2,48.76,97.52
5111,115,1,200.47,200.47
5111,363,1,479.64,479.64
5112,304,3,282.76,848.28
5112,75,1,123.97,123.97
5112,178,3,449.89,1349.67
5112,405,2,26.88,53.76
5112,91,2,440.33,880.66
5113,311,1,432.8,432.8
5113,345,3,179.94,539.8199999999999
5114,286,2,67.86,135.72
5114,7,1,479.78,479.78
5115,228,2,469.49,938.98
5116,498,1,48.54,48.54
5116,250,1,179.65,179.65
5116,36,1,325.79,325.79
5116,245,2,426.38,852.76
5117,39,2,105.83,211.66
5117,319,2,132.86,265.72
5117,471,3,64.44,193.32
5117,427,1,323.5,323.5
5118,351,2,385.67,771.34
5118,217,3,80.51,241.53000000000003
5118,86,3,409.34,1228.02
5118,210,2,366.8,733.6
5118,317,1,75.98,75.98
5119,298,3,310.25,930.75
5119,163,2,307.1,614.2
5120,105,1,414.79,414.79
5120,163,2,307.1,614.2
5120,14,1,127.52,127.52
5120,256,1,344.07,344.07
5120,340,3,281.13,843.39
5121,216,3,256.85,770.5500000000001
5121,119,3,120.42,361.26
5122,53,1,440.06,440.06
5123,395,2,254.9,509.8
5123,58,1,462.1,462.1
5123,420,1,410.03,410.03
5123,353,2,303.46,606.92
5124,121,3,143.28,429.84000000000003
5124,122,2,65.23,130.46
5124,283,3,391.26,1173.78
5125,196,3,372.88,1118.6399999999999
5125,457,3,196.35,589.05
5125,481,1,209.3,209.3
5126,421,2,450.64,901.28
5126,432,3,18.81,56.42999999999999
5126,444,1,232.11,232.11
5126,77,3,254.31,762.9300000000001
5127,413,3,64.03,192.09
5128,347,3,186.64,559.92
5128,485,2,165.35,330.7
5129,314,1,78.8,78.8
5129,26,3,170.87,512.61
5129,296,3,348.54,1045.6200000000001
5130,294,1,159.06,159.06
5130,265,2,452.37,904.74
5130,190,2,387.18,774.36
5130,216,3,256.85,770.5500000000001
5130,251,1,208.81,208.81
5131,319,3,132.86,398.58000000000004
5131,337,3,226.35,679.05
5131,32,3,284.06,852.1800000000001
5132,211,3,470.02,1410.06
5132,205,2,59.11,118.22
5132,300,3,250.81,752.4300000000001
5132,194,1,22.63,22.63
5133,324,1,311.54,311.54
5134,193,1,271.29,271.29
5134,256,3,344.07,1032.21
5135,277,1,74.18,74.18
5135,422,3,275.45,826.3499999999999
5135,468,1,24.15,24.15
5136,122,3,65.23,195.69
5136,208,1,342.64,342.64
5137,285,3,440.73,1322.19
5137,35,3,14.23,42.69
5137,361,2,89.18,178.36
5138,228,3,469.49,1408.47
5138,68,2,5.86,11.72
5139,302,2,343.67,687.34
5139,414,3,457.0,1371.0
5139,80,2,296.1,592.2
5140,286,2,67.86,135.72
5140,383,1,114.97,114.97
5140,387,1,130.92,130.92
5140,418,1,141.62,141.62
5141,171,2,35.49,70.98
5141,208,1,342.64,342.64
5141,364,2,469.93,939.86
5141,28,2,72.62,145.24
5141,94,2,186.09,372.18
5142,479,3,131.06,393.18
5142,311,3,432.8,1298.4
5143,462,1,153.15,153.15
5144,307,1,75.2,75.2
5144,428,3,48.76,146.28
5144,20,2,446.93,893.86
5144,138,3,93.72,281.15999999999997
5144,229,1,230.52,230.52
5145,177,1,337.04,337.04
5145,18,2,395.52,791.04
5146,106,2,422.11,844.22
5146,313,3,181.23,543.6899999999999
5147,67,3,439.97,1319.91
5148,303,3,384.8,1154.4
5148,485,1,165.35,165.35
5149,275,1,404.88,404.88
5149,349,3,54.63,163.89000000000001
5149,387,2,130.92,261.84
5149,223,2,80.53,161.06
5149,356,2,346.58,693.16
5150,462,1,153.15,153.15
5150,98,2,375.73,751.46
5150,165,2,170.69,341.38
5150,331,1,69.86,69.86
5150,36,2,325.79,651.58
5151,328,1,251.99,251.99
5151,76,2,476.31,952.62
5152,240,2,98.4,196.8
5152,339,2,327.73,655.46
5152,232,3,478.28,1434.84
5152,189,2,23.31,46.62
5153,457,1,196.35,196.35
5153,431,3,370.38,1111.1399999999999
5153,67,2,439.97,879.94
5153,320,1,142.18,142.18
5154,181,3,369.11,1107.33
5154,475,1,426.61,426.61
5154,45,1,442.81,442.81
5154,427,3,323.5,970.5
5155,148,2,228.08,456.16
5155,204,2,396.2,792.4
5156,267,2,347.18,694.36
5156,117,3,16.06,48.17999999999999
5156,176,2,66.77,133.54
5157,202,1,174.67,174.67
5157,259,3,200.38,601.14
5157,164,3,158.01,474.03
5157,309,1,484.02,484.02
5157,368,1,226.17,226.17
5158,321,1,271.53,271.53
5158,475,3,426.61,1279.83
5158,23,2,124.25,248.5
5158,11,1,415.63,415.63
5159,369,1,492.83,492.83
5159,451,3,332.65,997.9499999999999
5160,51,2,124.89,249.78
5160,257,3,287.88,863.64
5161,472,2,485.93,971.86
5161,357,1,213.41,213.41
5161,46,3,51.28,153.84
5161,280,3,346.03,1038.09
5162,193,1,271.29,271.29
5162,59,2,471.15,942.3
5162,367,2,403.14,806.28
5162,223,1,80.53,80.53
5163,204,1,396.2,396.2
5163,490,2,487.09,974.18
5163,354,2,107.87,215.74
5164,11,1,415.63,415.63
5165,72,3,455.9,1367.6999999999998
5165,353,3,303.46,910.3799999999999
5165,434,2,379.85,759.7
5165,90,3,171.02,513.0600000000001
5165,336,3,41.55,124.64999999999999
5166,273,3,193.27,579.8100000000001
5166,362,2,110.19,220.38
5166,418,1,141.62,141.62
5166,457,3,196.35,589.05
5167,457,1,196.35,196.35
5167,233,1,76.89,76.89
5167,56,1,258.91,258.91
5168,16,3,191.38,574.14
5168,245,2,426.38,852.76
5168,411,2,311.19,622.38
5168,295,3,366.04,1098.1200000000001
5169,186,3,288.34,865.02
5169,258,1,440.33,440.33
5169,117,1,16.06,16.06
5169,450,3,245.71,737.13
5170,14,1,127.52,127.52
5170,415,3,454.18,1362.54
5171,218,2,213.29,426.58
5171,72,1,455.9,455.9
5171,130,3,201.64,604.92
5172,232,2,478.28,956.56
5172,467,2,24.18,48.36
5172,95,2,452.34,904.68
5172,80,1,296.1,296.1
5173,37,1,183.06,183.06
5173,16,3,191.38,574.14
5174,241,3,463.38,1390.1399999999999
5174,165,3,170.69,512.0699999999999
5175,191,3,334.45,1003.3499999999999
5176,152,3,436.45,1309.35
5176,302,2,343.67,687.34
5176,215,1,313.01,313.01
5176,131,2,286.17,572.34
5176,131,1,286.17,286.17
5177,60,3,407.73,1223.19
5178,61,3,118.22,354.65999999999997
5178,232,2,478.28,956.56
5178,494,3,340.34,1021.02
5178,16,2,191.38,382.76
5179,481,1,209.3,209.3
5179,402,2,336.6,673.2
5179,483,1,70.53,70.53
5180,372,3,224.89,674.67
5180,25,2,206.03,412.06
5180,255,2,170.99,341.98
5180,318,3,219.59,658.77
5181,335,1,255.49,255.49
5182,333,1,61.26,61.26
5182,318,2,219.59,439.18
5182,299,2,207.73,415.46
5182,304,3,282.76,848.28
5182,284,3,322.24,966.72
5183,459,2,220.51,441.02
5183,169,3,466.19,1398.57
5183,421,1,450.64,450.64
5183,275,2,404.88,809.76
5184,489,1,229.25,229.25
5184,337,1,226.35,226.35
5184,411,3,311.19,933.5699999999999
5184,466,1,465.33,465.33
5184,468,2,24.15,48.3
5185,451,3,332.65,997.9499999999999
5185,48,2,113.06,226.12
5185,479,2,131.06,262.12
5185,473,2,20.11,40.22
5186,259,2,200.38,400.76
5186,180,1,348.73,348.73
5186,407,3,474.34,1423.02
5187,336,1,41.55,41.55
5187,314,2,78.8,157.6
5187,355,1,344.54,344.54
5187,235,2,384.75,769.5
5187,381,1,212.11,212.11
5188,417,2,202.32,404.64
5188,353,1,303.46,303.46
5188,307,1,75.2,75.2
5188,104,1,355.23,355.23
5189,334,3,281.98,845.94
5189,471,1,64.44,64.44
5189,334,1,281.98,281.98
5189,232,1,478.28,478.28
5189,479,3,131.06,393.18
5190,262,3,356.94,1070.82
5190,291,1,336.86,336.86
5190,28,1,72.62,72.62
5190,28,2,72.62,145.24
5191,51,1,124.89,124.89
5192,320,2,142.18,284.36
5193,141,1,257.07,257.07
5193,422,2,275.45,550.9
5194,292,1,335.18,335.18
5194,440,3,362.37,1087.1100000000001
5194,133,1,195.06,195.06
5195,134,1,9.79,9.79
5195,441,3,314.36,943.08
5195,62,1,403.84,403.84
5196,186,1,288.34,288.34
5196,419,1,139.16,139.16
5196,369,1,492.83,492.83
5196,44,3,437.15,1311.4499999999998
5196,199,1,355.65,355.65
5197,99,2,142.89,285.78
5198,380,1,378.14,378.14
5198,104,1,355.23,355.23
5198,94,3,186.09,558.27
5198,288,2,174.29,348.58
5198,19,1,343.63,343.63
5199,162,1,153.38,153.38
5199,367,3,403.14,1209.42
5199,459,3,220.51,661.53
5199,267,1,347.18,347.18
5199,391,1,14.9,14.9
5200,387,2,130.92,261.84
5200,186,2,288.34,576.68
5201,2,3,139.66,418.98
5201,33,3,199.18,597.54
5201,492,2,28.24,56.48
5202,406,3,7.55,22.65
5203,229,3,230.52,691.5600000000001
5204,265,2,452.37,904.74
5204,96,3,95.56,286.68
5204,359,1,353.69,353.69
5205,246,1,234.51,234.51
5206,334,3,281.98,845.94
5207,170,2,432.62,865.24
5207,249,3,143.22,429.65999999999997
5207,182,2,491.56,983.12
5207,154,2,371.7,743.4
5207,46,1,51.28,51.28
5208,106,1,422.11,422.11
5208,150,1,216.59,216.59
5208,138,2,93.72,187.44
5208,237,1,236.39,236.39
5208,71,3,43.24,129.72
5209,289,3,427.58,1282.74
5210,183,1,206.12,206.12
5210,368,1,226.17,226.17
5210,50,1,347.73,347.73
5211,273,2,193.27,386.54
5211,187,2,315.62,631.24
5211,324,2,311.54,623.08
5211,491,2,130.58,261.16
5212,224,3,133.14,399.41999999999996
5212,167,1,14.91,14.91
5212,432,2,18.81,37.62
5212,253,1,399.66,399.66
5212,76,3,476.31,1428.93
5213,81,3,112.52,337.56
5213,488,1,243.3,243.3
5213,374,1,415.45,415.45
5213,235,2,384.75,769.5
5214,406,1,7.55,7.55
5215,178,2,449.89,899.78
5215,288,3,174.29,522.87
5216,275,3,404.88,1214.6399999999999
5216,222,3,310.77,932.31
5216,39,3,105.83,317.49
5216,324,3,311.54,934.6200000000001
5217,308,1,477.22,477.22
5217,212,3,381.28,1143.84
5218,446,3,480.38,1441.1399999999999
5218,38,2,437.95,875.9
5218,110,2,124.44,248.88
5219,373,2,259.22,518.44
5220,435,2,219.72,439.44
5220,256,3,344.07,1032.21
5220,485,2,165.35,330.7
5220,112,2,17.77,35.54
5220,394,2,202.77,405.54
5221,433,2,457.16,914.32
5221,320,1,142.18,142.18
5221,94,2,186.09,372.18
5222,70,1,420.8,420.8
5222,183,3,206.12,618.36
5222,329,1,361.76,361.76
5222,78,3,164.41,493.23
5223,74,2,83.84,167.68
5223,155,3,77.89,233.67000000000002
5223,91,1,440.33,440.33
5224,169,1,466.19,466.19
5224,405,3,26.88,80.64
5224,386,1,273.27,273.27
5224,396,3,69.93,209.79000000000002
5225,314,2,78.8,157.6
5225,194,1,22.63,22.63
5225,72,1,455.9,455.9
5225,90,1,171.02,171.02
5226,78,2,164.41,328.82
5227,500,1,236.72,236.72
5227,158,2,269.42,538.84
5227,57,2,281.31,562.62
5227,487,1,396.73,396.73
5227,118,2,355.19,710.38
5228,382,2,65.87,131.74
5229,437,1,150.85,150.85
5229,250,2,179.65,359.3
5229,40,1,290.43,290.43
5229,282,2,463.34,926.68
5229,489,1,229.25,229.25
5230,437,1,150.85,150.85
5230,340,2,281.13,562.26
5230,46,2,51.28,102.56
5230,384,2,9.03,18.06
5230,329,3,361.76,1085.28
5231,352,1,23.31,23.31
5232,103,1,363.27,363.27
5232,80,1,296.1,296.1
5232,75,2,123.97,247.94
5232,252,1,333.44,333.44
5232,474,2,239.02,478.04
5233,398,1,182.45,182.45
5233,12,2,291.6,583.2
5233,330,2,434.93,869.86
5233,38,3,437.95,1313.85
5233,224,2,133.14,266.28
5234,174,2,258.78,517.56
5234,176,3,66.77,200.31
5234,63,2,270.0,540.0
5234,225,1,14.73,14.73
5234,252,1,333.44,333.44
5235,350,3,170.56,511.68
5236,341,1,469.56,469.56
5236,447,3,156.88,470.64
5236,499,1,139.95,139.95
5236,103,1,363.27,363.27
5236,83,2,243.84,487.68
5237,13,2,41.35,82.7
5238,420,2,410.03,820.06
5238,354,2,107.87,215.74
5238,268,1,430.32,430.32
5238,42,1,38.5,38.5
5238,292,2,335.18,670.36
5239,58,1,462.1,462.1
5239,463,3,76.72,230.16
5240,434,1,379.85,379.85
5240,4,2,15.4,30.8
5241,399,2,62.97,125.94
5241,53,1,440.06,440.06
5241,429,3,257.85,773.5500000000001
5241,312,1,176.2,176.2
5241,156,1,404.58,404.58
5242,50,1,347.73,347.73
5242,437,2,150.85,301.7
5242,252,2,333.44,666.88
5242,420,3,410.03,1230.09
5243,122,3,65.23,195.69
5243,293,1,487.59,487.59
5244,264,1,165.99,165.99
5244,284,1,322.24,322.24
5245,443,3,365.07,1095.21
5245,242,3,233.81,701.4300000000001
5246,374,2,415.45,830.9
5246,459,2,220.51,441.02
5247,449,2,209.61,419.22
5247,415,1,454.18,454.18
5247,50,2,347.73,695.46
5247,335,1,255.49,255.49
5248,277,2,74.18,148.36
5248,456,3,242.56,727.6800000000001
5248,224,2,133.14,266.28
5248,238,2,150.48,300.96
5248,414,1,457.0,457.0
5249,478,3,356.16,1068.48
5249,13,1,41.35,41.35
5249,464,3,296.32,888.96
5250,35,3,14.23,42.69
5250,271,1,188.99,188.99
5250,266,2,292.77,585.54
5250,296,2,348.54,697.08
5251,299,3,207.73,623.1899999999999
5251,483,1,70.53,70.53
5251,23,3,124.25,372.75
5251,478,1,356.16,356.16
5251,444,2,232.11,464.22
5252,69,2,494.8,989.6
5252,131,1,286.17,286.17
5253,152,2,436.45,872.9
5253,65,1,318.4,318.4
5253,358,1,198.63,198.63
5254,127,1,6.58,6.58
5254,100,3,175.13,525.39
5254,43,1,84.75,84.75
5254,216,1,256.85,256.85
5255,343,3,220.03,660.09
5255,454,1,122.06,122.06
5255,454,1,122.06,122.06
5255,55,1,243.64,243.64
5256,84,1,239.85,239.85
5256,161,2,281.23,562.46
5256,481,1,209.3,209.3
5256,220,3,58.27,174.81
5257,220,2,58.27,116.54
5257,235,1,384.75,384.75
5257,343,2,220.03,440.06
5257,374,3,415.45,1246.35
5257,454,2,122.06,244.12
5258,190,1,387.18,387.18
5258,271,1,188.99,188.99
5258,300,2,250.81,501.62
5258,243,3,358.15,1074.4499999999998
5258,400,1,297.67,297.67
5259,314,3,78.8,236.39999999999998
5260,401,1,99.91,99.91
5260,487,3,396.73,1190.19
5260,455,1,105.02,105.02
5260,472,3,485.93,1457.79
5260,49,3,486.05,1458.15
5261,173,3,364.45,1093.35
5261,40,1,290.43,290.43
5261,98,2,375.73,751.46
5261,233,1,76.89,76.89
5261,395,3,254.9,764.7
5262,63,2,270.0,540.0
5262,467,1,24.18,24.18
5263,176,1,66.77,66.77
5264,157,3,208.56,625.6800000000001
5264,108,1,189.13,189.13
5264,50,3,347.73,1043.19
5264,348,3,45.01,135.03
5265,403,2,44.77,89.54
5265,434,2,379.85,759.7
5265,104,1,355.23,355.23
5265,310,3,78.93,236.79000000000002
5266,202,1,174.67,174.67
5266,124,2,130.44,260.88
5266,460,2,382.54,765.08
5266,99,2,142.89,285.78
5267,447,3,156.88,470.64
5267,290,3,334.81,1004.4300000000001
5268,455,1,105.02,105.02
5268,486,3,45.81,137.43
5269,78,3,164.41,493.23
5269,368,1,226.17,226.17
5269,90,1,171.02,171.02
5270,425,3,211.7,635.0999999999999
5270,100,2,175.13,350.26
5270,354,1,107.87,107.87
5270,150,2,216.59,433.18
5271,404,3,115.89,347.67
5271,24,1,497.43,497.43
5271,29,2,362.83,725.66
5272,388,2,439.12,878.24
5273,34,1,150.14,150.14
5273,451,2,332.65,665.3
5273,228,3,469.49,1408.47
5273,126,1,320.91,320.91
5274,189,2,23.31,46.62
5274,90,1,171.02,171.02
5274,46,3,51.28,153.84
5274,15,2,190.65,381.3
5274,9,3,331.01,993.03
5275,363,2,479.64,959.28
5275,393,2,129.5,259.0
5276,359,1,353.69,353.69
5277,162,1,153.38,153.38
5277,425,2,211.7,423.4
5278,267,2,347.18,694.36
5278,422,2,275.45,550.9
5278,397,2,154.37,308.74
5278,441,2,314.36,628.72
5279,381,3,212.11,636.33
5280,260,2,459.47,918.94
5281,106,2,422.11,844.22
5281,378,3,153.62,460.86
5281,489,3,229.25,687.75
5281,218,3,213.29,639.87
5282,153,3,435.4,1306.1999999999998
5282,83,2,243.84,487.68
5283,48,1,113.06,113.06
5283,330,2,434.93,869.86
5284,298,2,310.25,620.5
5284,136,3,277.36,832.08
5285,249,3,143.22,429.65999999999997
5286,86,2,409.34,818.68
5286,180,3,348.73,1046.19
5286,322,2,325.9,651.8
5287,44,1,437.15,437.15
5287,437,2,150.85,301.7
5288,294,1,159.06,159.06
5288,137,2,124.07,248.14
5288,189,2,23.31,46.62
5289,396,2,69.93,139.86
5289,157,2,208.56,417.12
5289,321,3,271.53,814.5899999999999
5289,483,2,70.53,141.06
5289,303,2,384.8,769.6
5290,453,3,335.96,1007.8799999999999
5290,49,2,486.05,972.1
5290,379,1,222.7,222.7
5290,26,2,170.87,341.74
5290,287,3,477.19,1431.57
5291,198,3,209.69,629.0699999999999
5292,494,3,340.34,1021.02
5292,65,3,318.4,955.1999999999999
5293,30,1,243.42,243.42
5293,18,2,395.52,791.04
5293,305,1,80.66,80.66
5293,328,2,251.99,503.98
5293,210,3,366.8,1100.4
5294,151,3,369.64,1108.92
5294,450,1,245.71,245.71
5294,204,2,396.2,792.4
5295,384,3,9.03,27.089999999999996
5295,48,2,113.06,226.12
5295,47,3,140.75,422.25
5295,56,2,258.91,517.82
5295,425,2,211.7,423.4
5296,157,2,208.56,417.12
5296,20,1,446.93,446.93
5296,198,3,209.69,629.0699999999999
5296,450,1,245.71,245.71
5296,216,2,256.85,513.7
5297,499,2,139.95,279.9
5298,6,2,23.99,47.98
5298,406,3,7.55,22.65
5299,354,1,107.87,107.87
5299,236,1,495.48,495.48
5300,160,2,386.52,773.04
5300,137,2,124.07,248.14
5300,84,3,239.85,719.55
5300,271,1,188.99,188.99
5300,269,1,183.25,183.25
5301,376,1,120.28,120.28
5302,291,2,336.86,673.72
5302,163,2,307.1,614.2
5302,128,1,19.74,19.74
5302,493,3,435.98,1307.94
5303,197,1,66.56,66.56
5304,135,3,451.07,1353.21
5304,230,3,314.06,942.1800000000001
5305,305,3,80.66,241.98
5305,435,1,219.72,219.72
5305,76,2,476.31,952.62
5306,221,3,42.15,126.44999999999999
5306,70,2,420.8,841.6
5306,157,2,208.56,417.12
5306,362,1,110.19,110.19
5306,103,2,363.27,726.54
5307,229,3,230.52,691.5600000000001
5307,337,2,226.35,452.7
5307,344,1,138.55,138.55
5307,189,1,23.31,23.31
5308,198,1,209.69,209.69
5308,442,3,470.37,1411.1100000000001
5308,215,1,313.01,313.01
5308,93,2,325.85,651.7
5309,315,3,30.07,90.21000000000001
5309,94,3,186.09,558.27
5310,382,2,65.87,131.74
5310,443,1,365.07,365.07
5310,470,3,67.19,201.57
5310,270,2,132.23,264.46
5311,456,2,242.56,485.12
5311,55,2,243.64,487.28
5311,173,1,364.45,364.45
5311,172,1,171.63,171.63
5312,309,3,484.02,1452.06
5312,366,3,409.85,1229.5500000000002
5313,243,1,358.15,358.15
5313,481,3,209.3,627.9000000000001
5313,84,3,239.85,719.55
5313,292,1,335.18,335.18
5313,368,2,226.17,452.34
5314,399,3,62.97,188.91
5314,87,3,367.59,1102.77
5314,471,2,64.44,128.88
5315,223,2,80.53,161.06
5315,193,3,271.29,813.8700000000001
5315,233,2,76.89,153.78
5315,284,1,322.24,322.24
5316,409,3,98.63,295.89
5317,12,3,291.6,874.8000000000001
5317,146,1,299.06,299.06
5317,89,3,437.32,1311.96
5318,214,3,460.83,1382.49
5319,112,1,17.77,17.77
5320,177,3,337.04,1011.1200000000001
5320,480,2,209.16,418.32
5320,131,3,286.17,858.51
5320,464,1,296.32,296.32
5321,151,2,369.64,739.28
5321,279,1,273.72,273.72
5321,8,2,236.88,473.76
5321,289,1,427.58,427.58
5322,264,3,165.99,497.97
5322,360,2,396.94,793.88
5322,99,1,142.89,142.89
5322,384,2,9.03,18.06
5322,49,3,486.05,1458.15
5323,465,2,484.34,968.68
5323,472,1,485.93,485.93
5323,348,2,45.01,90.02
5324,114,2,108.7,217.4
5324,449,3,209.61,628.83
5324,249,2,143.22,286.44
5325,166,3,474.92,1424.76
5325,426,3,438.33,1314.99
5325,372,1,224.89,224.89
5325,387,3,130.92,392.76
5325,136,3,277.36,832.08
5326,444,3,232.11,696.33
5327,301,1,287.0,287.0
5327,281,3,173.96,521.88
5327,424,1,41.06,41.06
5327,63,2,270.0,540.0
5328,111,1,283.29,283.29
5328,300,2,250.81,501.62
5328,152,3,436.45,1309.35
5328,222,2,310.77,621.54
5328,171,2,35.49,70.98
5329,255,1,170.99,170.99
5329,55,2,243.64,487.28
5330,76,1,476.31,476.31
5330,408,2,182.79,365.58
5330,288,3,174.29,522.87
5330,173,2,364.45,728.9
5331,40,1,290.43,290.43
5331,17,2,430.34,860.68
5331,295,2,366.04,732.08
5331,38,2,437.95,875.9
5332,378,3,153.62,460.86
5332,47,3,140.75,422.25
5333,299,1,207.73,207.73
5333,241,3,463.38,1390.1399999999999
5333,358,2,198.63,397.26
5333,95,2,452.34,904.68
5333,371,1,319.89,319.89
5334,346,1,206.81,206.81
5334,242,2,233.81,467.62
5335,91,3,440.33,1320.99
5336,41,3,314.77,944.31
5336,236,3,495.48,1486.44
5336,104,1,355.23,355.23
5336,123,3,187.5,562.5
5337,266,1,292.77,292.77
5337,403,3,44.77,134.31
5337,135,3,451.07,1353.21
5337,224,3,133.14,399.41999999999996
5338,157,3,208.56,625.6800000000001
5339,384,2,9.03,18.06
5340,465,2,484.34,968.68
5340,123,3,187.5,562.5
5340,173,2,364.45,728.9
5340,92,2,86.51,173.02
5340,252,2,333.44,666.88
5341,272,3,182.96,548.88
5342,55,3,243.64,730.92
5342,436,2,41.76,83.52
5342,414,3,457.0,1371.0
5343,36,3,325.79,977.3700000000001
5343,295,2,366.04,732.08
5343,415,3,454.18,1362.54
5343,8,3,236.88,710.64
5344,17,1,430.34,430.34
5345,469,2,351.84,703.68
5345,150,1,216.59,216.59
5345,76,2,476.31,952.62
5345,494,1,340.34,340.34
5346,303,1,384.8,384.8
5346,257,3,287.88,863.64
5346,339,2,327.73,655.46
5346,188,3,331.07,993.21
5347,298,2,310.25,620.5
5347,302,2,343.67,687.34
5347,463,3,76.72,230.16
5347,409,1,98.63,98.63
5347,166,3,474.92,1424.76
5348,352,2,23.31,46.62
5349,438,1,100.54,100.54
5349,138,2,93.72,187.44
5349,57,2,281.31,562.62
5350,479,1,131.06,131.06
5350,367,2,403.14,806.28
5350,258,3,440.33,1320.99
5350,483,2,70.53,141.06
5351,449,1,209.61,209.61
5351,415,3,454.18,1362.54
5352,386,1,273.27,273.27
5352,194,2,22.63,45.26
5352,330,3,434.93,1304.79
5352,460,3,382.54,1147.6200000000001
5352,45,3,442.81,1328.43
5353,243,1,358.15,358.15
5354,63,1,270.0,270.0
5355,339,2,327.73,655.46
5355,427,2,323.5,647.0
5355,431,1,370.38,370.38
5355,57,3,281.31,843.9300000000001
5355,354,1,107.87,107.87
5356,424,1,41.06,41.06
5357,393,3,129.5,388.5
5358,408,3,182.79,548.37
5358,280,3,346.03,1038.09
5358,352,3,23.31,69.92999999999999
5358,307,2,75.2,150.4
5359,271,3,188.99,566.97
5359,358,3,198.63,595.89
5359,79,3,102.92,308.76
5360,145,2,438.41,876.82
5360,333,1,61.26,61.26
5360,152,3,436.45,1309.35
5361,191,3,334.45,1003.3499999999999
5361,162,2,153.38,306.76
5362,239,2,254.23,508.46
5362,215,1,313.01,313.01
5362,364,3,469.93,1409.79
5362,357,3,213.41,640.23
5363,321,1,271.53,271.53
5363,410,1,227.81,227.81
5363,360,2,396.94,793.88
5364,456,3,242.56,727.6800000000001
5364,486,3,45.81,137.43
5364,85,1,173.78,173.78
5364,250,3,179.65,538.95
5364,194,2,22.63,45.26
5365,39,3,105.83,317.49
5365,172,1,171.63,171.63
5366,174,2,258.78,517.56
5366,256,1,344.07,344.07
5366,117,2,16.06,32.12
5366,357,3,213.41,640.23
5367,29,2,362.83,725.66
5367,343,1,220.03,220.03
5367,276,2,254.66,509.32
5367,299,2,207.73,415.46
5368,51,2,124.89,249.78
5368,61,1,118.22,118.22
5368,93,3,325.85,977.5500000000001
5368,102,1,196.78,196.78
5369,314,1,78.8,78.8
5369,22,2,491.32,982.64
5369,188,2,331.07,662.14
5370,486,1,45.81,45.81
5370,52,3,207.19,621.5699999999999
5370,258,1,440.33,440.33
5371,148,3,228.08,684.24
5371,114,3,108.7,326.1
5371,456,3,242.56,727.6800000000001
5371,221,1,42.15,42.15
5371,437,3,150.85,452.54999999999995
5372,378,1,153.62,153.62
5372,428,2,48.76,97.52
5372,491,2,130.58,261.16
5372,182,3,491.56,1474.68
5373,490,2,487.09,974.18
5373,459,1,220.51,220.51
5374,366,1,409.85,409.85
5374,478,1,356.16,356.16
5375,425,3,211.7,635.0999999999999
5375,285,1,440.73,440.73
5375,278,1,178.94,178.94
5375,486,1,45.81,45.81
5376,35,1,14.23,14.23
5376,238,1,150.48,150.48
5376,132,3,409.11,1227.33
5376,68,3,5.86,17.580000000000002
5377,161,1,281.23,281.23
5377,403,3,44.77,134.31
5377,331,2,69.86,139.72
5377,119,2,120.42,240.84
5377,489,1,229.25,229.25
5378,322,1,325.9,325.9
5378,446,3,480.38,1441.1399999999999
5378,131,2,286.17,572.34
5378,50,2,347.73,695.46
5379,354,2,107.87,215.74
5379,487,1,396.73,396.73
5379,266,2,292.77,585.54
5380,382,3,65.87,197.61
5380,498,2,48.54,97.08
5380,216,3,256.85,770.5500000000001
5380,353,3,303.46,910.3799999999999
5380,233,2,76.89,153.78
5381,256,2,344.07,688.14
5381,456,2,242.56,485.12
5381,211,1,470.02,470.02
5381,66,1,113.14,113.14
5382,44,1,437.15,437.15
5382,131,3,286.17,858.51
5382,433,3,457.16,1371.48
5382,180,2,348.73,697.46
5383,308,3,477.22,1431.66
5383,268,3,430.32,1290.96
5384,488,2,243.3,486.6
5384,125,2,61.95,123.9
5384,20,1,446.93,446.93
5384,32,1,284.06,284.06
5384,485,3,165.35,496.04999999999995
5385,24,1,497.43,497.43
5385,209,1,195.24,195.24
5385,369,3,492.83,1478.49
5385,444,1,232.11,232.11
5385,466,3,465.33,1395.99
5386,474,2,239.02,478.04
5386,259,2,200.38,400.76
5386,384,3,9.03,27.089999999999996
5386,499,3,139.95,419.84999999999997
5386,169,1,466.19,466.19
5387,460,2,382.54,765.08
5387,255,3,170.99,512.97
5387,281,3,173.96,521.88
5387,206,1,353.54,353.54
5388,262,3,356.94,1070.82
5389,172,3,171.63,514.89
5390,90,1,171.02,171.02
5390,442,3,470.37,1411.1100000000001
5390,252,3,333.44,1000.3199999999999
5390,373,2,259.22,518.44
5391,368,3,226.17,678.51
5391,122,3,65.23,195.69
5391,121,1,143.28,143.28
5392,382,3,65.87,197.61
5392,219,1,9.55,9.55
5392,91,1,440.33,440.33
5392,439,3,201.62,604.86
5392,93,1,325.85,325.85
5393,168,1,396.27,396.27
5393,344,1,138.55,138.55
5394,21,3,348.11,1044.33
5394,302,1,343.67,343.67
5394,402,1,336.6,336.6
5395,224,2,133.14,266.28
5396,93,2,325.85,651.7
5396,183,1,206.12,206.12
5396,299,1,207.73,207.73
5396,113,2,180.72,361.44
5396,286,2,67.86,135.72
5397,60,3,407.73,1223.19
5397,448,3,119.74,359.21999999999997
5397,267,3,347.18,1041.54
5397,268,3,430.32,1290.96
5398,336,2,41.55,83.1
5398,189,3,23.31,69.92999999999999
5398,44,1,437.15,437.15
5398,466,2,465.33,930.66
5398,92,2,86.51,173.02
5399,331,1,69.86,69.86
5399,343,2,220.03,440.06
5399,437,2,150.85,301.7
5399,446,1,480.38,480.38
5399,157,3,208.56,625.6800000000001
5400,177,1,337.04,337.04
5401,163,2,307.1,614.2
5401,102,3,196.78,590.34
5401,221,3,42.15,126.44999999999999
5401,339,3,327.73,983.19
5402,311,3,432.8,1298.4
5403,81,3,112.52,337.56
5403,445,3,124.24,372.71999999999997
5403,429,1,257.85,257.85
5404,17,3,430.34,1291.02
5405,15,3,190.65,571.95
5405,152,2,436.45,872.9
5405,250,3,179.65,538.95
5405,388,2,439.12,878.24
5406,235,1,384.75,384.75
5406,440,1,362.37,362.37
5406,398,3,182.45,547.3499999999999
5407,356,3,346.58,1039.74
5407,24,3,497.43,1492.29
5407,404,2,115.89,231.78
5407,398,2,182.45,364.9
5407,155,1,77.89,77.89
5408,39,2,105.83,211.66
5408,172,3,171.63,514.89
5409,338,3,287.2,861.5999999999999
5409,474,2,239.02,478.04
5409,44,2,437.15,874.3
5409,269,1,183.25,183.25
5409,446,2,480.38,960.76
5410,93,1,325.85,325.85
5410,250,1,179.65,179.65
5410,346,2,206.81,413.62
5410,454,2,122.06,244.12
5410,281,3,173.96,521.88
5411,83,3,243.84,731.52
5412,368,2,226.17,452.34
5412,390,2,49.86,99.72
5412,394,2,202.77,405.54
5412,421,1,450.64,450.64
5413,488,2,243.3,486.6
5413,383,1,114.97,114.97
5414,390,1,49.86,49.86
5414,13,3,41.35,124.05000000000001
5414,127,1,6.58,6.58
5415,396,2,69.93,139.86
5415,154,1,371.7,371.7
5415,123,1,187.5,187.5
5415,403,1,44.77,44.77
5415,487,1,396.73,396.73
5416,316,1,68.22,68.22
5416,352,2,23.31,46.62
5416,498,2,48.54,97.08
5416,297,3,225.21,675.63
5417,481,1,209.3,209.3
5418,311,1,432.8,432.8
5418,448,1,119.74,119.74
5418,161,2,281.23,562.46
5419,264,3,165.99,497.97
5419,15,3,190.65,571.95
5420,472,1,485.93,485.93
5420,372,1,224.89,224.89
5420,56,3,258.91,776.73
5421,335,2,255.49,510.98
5421,107,2,262.2,524.4
5422,182,2,491.56,983.12
5422,206,2,353.54,707.08
5422,448,2,119.74,239.48
5422,358,1,198.63,198.63
5423,382,3,65.87,197.61
5424,171,3,35.49,106.47
5425,23,2,124.25,248.5
5425,257,1,287.88,287.88
5425,454,2,122.06,244.12
5425,350,2,170.56,341.12
5425,485,3,165.35,496.04999999999995
5426,485,3,165.35,496.04999999999995
5426,217,1,80.51,80.51
5426,109,3,489.42,1468.26
5426,9,1,331.01,331.01
5426,473,2,20.11,40.22
5427,150,2,216.59,433.18
5428,402,1,336.6,336.6
5429,154,2,371.7,743.4
5429,165,1,170.69,170.69
5430,279,2,273.72,547.44
5430,296,1,348.54,348.54
5431,322,3,325.9,977.6999999999999
5431,203,2,490.13,980.26
5431,131,3,286.17,858.51
5432,229,1,230.52,230.52
5433,14,1,127.52,127.52
5434,339,1,327.73,327.73
5434,428,1,48.76,48.76
5434,327,2,357.39,714.78
5434,28,2,72.62,145.24
5434,216,3,256.85,770.5500000000001
5435,495,2,239.08,478.16
5435,442,1,470.37,470.37
5436,360,2,396.94,793.88
5436,458,1,290.04,290.04
5436,285,1,440.73,440.73
5436,75,1,123.97,123.97
5437,402,1,336.6,336.6
5437,46,1,51.28,51.28
5437,346,2,206.81,413.62
5437,474,2,239.02,478.04
5438,300,3,250.81,752.4300000000001
5438,338,1,287.2,287.2
5438,213,3,343.62,1030.8600000000001
5439,320,2,142.18,284.36
5439,44,2,437.15,874.3
5439,173,1,364.45,364.45
5439,10,1,421.91,421.91
5440,68,3,5.86,17.580000000000002
5440,256,2,344.07,688.14
5441,81,1,112.52,112.52
5441,193,1,271.29,271.29
5442,159,1,287.61,287.61
5442,372,2,224.89,449.78
5442,262,2,356.94,713.88
5443,360,2,396.94,793.88
5443,475,3,426.61,1279.83
5444,371,1,319.89,319.89
5444,222,3,310.77,932.31
5444,173,3,364.45,1093.35
5444,473,1,20.11,20.11
5444,490,2,487.09,974.18
5445,117,1,16.06,16.06
5445,126,2,320.91,641.82
5445,494,1,340.34,340.34
5446,373,3,259.22,777.6600000000001
5446,117,2,16.06,32.12
5446,380,2,378.14,756.28
5446,47,1,140.75,140.75
5447,329,2,361.76,723.52
5448,38,1,437.95,437.95
5448,222,1,310.77,310.77
5448,441,1,314.36,314.36
5449,245,3,426.38,1279.1399999999999
5449,341,1,469.56,469.56
5449,211,1,470.02,470.02
5449,127,1,6.58,6.58
5450,396,1,69.93,69.93
5450,466,2,465.33,930.66
5450,461,3,472.53,1417.59
5451,147,3,404.23,1212.69
5451,372,3,224.89,674.67
5452,116,1,490.7,490.7
5452,122,2,65.23,130.46
5453,359,1,353.69,353.69
5453,1,2,107.54,215.08
5454,267,3,347.18,1041.54
5454,474,1,239.02,239.02
5454,249,2,143.22,286.44
5454,489,1,229.25,229.25
5454,484,1,304.06,304.06
5455,3,1,458.68,458.68
5455,89,2,437.32,874.64
5455,226,3,285.61,856.83
5455,239,1,254.23,254.23
5456,346,1,206.81,206.81
5456,14,1,127.52,127.52
5456,488,1,243.3,243.3
5456,136,2,277.36,554.72
5457,123,2,187.5,375.0
5457,316,3,68.22,204.66
5457,170,3,432.62,1297.8600000000001
5457,467,2,24.18,48.36
5457,462,3,153.15,459.45000000000005
5458,346,1,206.81,206.81
5458,417,3,202.32,606.96
5458,27,2,432.61,865.22
5459,70,3,420.8,1262.4
5459,91,3,440.33,1320.99
5459,346,2,206.81,413.62
5460,443,2,365.07,730.14
5460,328,2,251.99,503.98
5461,355,2,344.54,689.08
5461,421,3,450.64,1351.92
5461,118,3,355.19,1065.57
5461,107,1,262.2,262.2
5461,440,2,362.37,724.74
5462,1,3,107.54,322.62
5463,191,1,334.45,334.45
5464,194,1,22.63,22.63
5464,375,2,259.59,519.18
5465,269,3,183.25,549.75
5465,428,3,48.76,146.28
5465,452,3,235.45,706.3499999999999
5465,108,2,189.13,378.26
5465,255,3,170.99,512.97
5466,447,1,156.88,156.88
5466,17,3,430.34,1291.02
5466,103,2,363.27,726.54
5467,500,2,236.72,473.44
5467,291,1,336.86,336.86
5467,394,3,202.77,608.3100000000001
5467,19,2,343.63,687.26
5467,127,2,6.58,13.16
5468,313,3,181.23,543.6899999999999
5469,24,3,497.43,1492.29
5469,9,3,331.01,993.03
5470,20,3,446.93,1340.79
5470,186,3,288.34,865.02
5470,53,3,440.06,1320.18
5470,85,1,173.78,173.78
5470,123,3,187.5,562.5
5471,41,1,314.77,314.77
5471,376,2,120.28,240.56
5471,263,2,168.0,336.0
5471,101,1,38.7,38.7
5471,35,1,14.23,14.23
5472,208,3,342.64,1027.92
5472,399,1,62.97,62.97
5473,372,1,224.89,224.89
5473,479,3,131.06,393.18
5474,287,1,477.19,477.19
5474,442,3,470.37,1411.1100000000001
5474,202,3,174.67,524.01
5474,487,3,396.73,1190.19
5474,52,3,207.19,621.5699999999999
5475,41,2,314.77,629.54
5476,60,2,407.73,815.46
5477,447,2,156.88,313.76
5477,136,2,277.36,554.72
5478,203,1,490.13,490.13
5478,420,3,410.03,1230.09
5478,404,3,115.89,347.67
5479,252,2,333.44,666.88
5479,36,2,325.79,651.58
5479,7,2,479.78,959.56
5479,166,2,474.92,949.84
5480,55,2,243.64,487.28
5481,47,2,140.75,281.5
5481,277,2,74.18,148.36
5482,308,2,477.22,954.44
5482,319,1,132.86,132.86
5482,492,2,28.24,56.48
5482,120,3,480.49,1441.47
5482,486,3,45.81,137.43
5483,28,1,72.62,72.62
5483,147,3,404.23,1212.69
5484,314,3,78.8,236.39999999999998
5484,484,2,304.06,608.12
5484,175,3,235.77,707.3100000000001
5484,178,3,449.89,1349.67
5485,288,2,174.29,348.58
5485,428,2,48.76,97.52
5485,49,1,486.05,486.05
5486,242,3,233.81,701.4300000000001
5486,137,2,124.07,248.14
5486,305,3,80.66,241.98
5486,29,1,362.83,362.83
5486,48,3,113.06,339.18
5487,232,2,478.28,956.56
5487,418,1,141.62,141.62
5487,325,3,470.48,1411.44
5487,403,1,44.77,44.77
5488,210,2,366.8,733.6
5489,26,2,170.87,341.74
5489,312,1,176.2,176.2
5490,240,2,98.4,196.8
5490,409,1,98.63,98.63
5491,335,2,255.49,510.98
5491,62,2,403.84,807.68
5491,422,2,275.45,550.9
5491,325,3,470.48,1411.44
5491,79,3,102.92,308.76
5492,358,3,198.63,595.89
5493,210,2,366.8,733.6
5493,217,3,80.51,241.53000000000003
5494,312,1,176.2,176.2
5495,91,1,440.33,440.33
5496,409,1,98.63,98.63
5496,427,3,323.5,970.5
5496,259,2,200.38,400.76
5496,333,1,61.26,61.26
5497,159,2,287.61,575.22
5497,477,1,155.19,155.19
5497,437,2,150.85,301.7
5497,208,1,342.64,342.64
5497,177,2,337.04,674.08
5498,37,1,183.06,183.06
5499,218,3,213.29,639.87
5499,253,2,399.66,799.32
5499,160,1,386.52,386.52
5500,273,1,193.27,193.27
5500,280,1,346.03,346.03
5500,358,1,198.63,198.63
5500,147,3,404.23,1212.69
5501,320,1,142.18,142.18
5501,276,3,254.66,763.98
5502,354,1,107.87,107.87
5502,326,2,337.22,674.44
5502,145,1,438.41,438.41
5503,240,1,98.4,98.4
5503,438,2,100.54,201.08
5503,334,1,281.98,281.98
5503,305,3,80.66,241.98
5504,15,2,190.65,381.3
5504,377,1,139.69,139.69
5504,490,1,487.09,487.09
5504,188,1,331.07,331.07
5505,44,2,437.15,874.3
5505,1,1,107.54,107.54
5505,11,2,415.63,831.26
5506,9,2,331.01,662.02
5507,51,1,124.89,124.89
5507,217,2,80.51,161.02
5507,96,1,95.56,95.56
5508,414,2,457.0,914.0
5508,216,3,256.85,770.5500000000001
5508,437,2,150.85,301.7
5509,20,2,446.93,893.86
5509,408,1,182.79,182.79
5509,399,3,62.97,188.91
5509,107,1,262.2,262.2
5510,299,3,207.73,623.1899999999999
5510,135,2,451.07,902.14
5510,442,1,470.37,470.37
5510,93,2,325.85,651.7
5510,259,1,200.38,200.38
5511,169,3,466.19,1398.57
5511,35,2,14.23,28.46
5512,314,2,78.8,157.6
5512,194,3,22.63,67.89
5512,274,3,203.73,611.1899999999999
5513,389,3,497.51,1492.53
5513,134,3,9.79,29.369999999999997
5513,429,3,257.85,773.5500000000001
5514,341,1,469.56,469.56
5514,36,1,325.79,325.79
5514,47,2,140.75,281.5
5514,145,2,438.41,876.82
5515,263,1,168.0,168.0
5515,303,1,384.8,384.8
5515,64,2,330.1,660.2
5515,210,1,366.8,366.8
5515,326,2,337.22,674.44
5516,273,1,193.27,193.27
5516,306,1,12.42,12.42
5517,18,2,395.52,791.04
5517,81,1,112.52,112.52
5517,449,1,209.61,209.61
5517,81,1,112.52,112.52
5517,403,2,44.77,89.54
5518,465,1,484.34,484.34
5518,38,2,437.95,875.9
5518,187,2,315.62,631.24
5518,477,3,155.19,465.57
5519,164,1,158.01,158.01
5519,135,2,451.07,902.14
5519,463,2,76.72,153.44
5519,110,3,124.44,373.32
5520,482,3,479.46,1438.3799999999999
5520,9,3,331.01,993.03
5520,334,2,281.98,563.96
5520,205,2,59.11,118.22
5521,206,2,353.54,707.08
5521,135,1,451.07,451.07
5522,252,3,333.44,1000.3199999999999
5522,227,3,413.65,1240.9499999999998
5522,244,2,286.63,573.26
5522,469,3,351.84,1055.52
5523,388,3,439.12,1317.3600000000001
5523,253,2,399.66,799.32
5524,72,2,455.9,911.8
5525,401,2,99.91,199.82
5525,43,3,84.75,254.25
5526,313,2,181.23,362.46
5527,296,3,348.54,1045.6200000000001
5527,250,3,179.65,538.95
5527,134,3,9.79,29.369999999999997
5527,86,1,409.34,409.34
5527,136,3,277.36,832.08
5528,25,2,206.03,412.06
5528,480,3,209.16,627.48
5529,263,2,168.0,336.0
5529,282,3,463.34,1390.02
5529,424,3,41.06,123.18
5529,326,3,337.22,1011.6600000000001
5529,432,1,18.81,18.81
5530,7,2,479.78,959.56
5531,374,1,415.45,415.45
5531,175,1,235.77,235.77
5532,473,1,20.11,20.11
5532,365,3,373.53,1120.59
5532,181,2,369.11,738.22
5532,224,3,133.14,399.41999999999996
5533,51,1,124.89,124.89
5533,447,2,156.88,313.76
5534,419,3,139.16,417.48
5534,264,1,165.99,165.99
5534,305,1,80.66,80.66
5534,220,3,58.27,174.81
5534,348,3,45.01,135.03
5535,289,1,427.58,427.58
5535,301,2,287.0,574.0
5535,172,1,171.63,171.63
5535,36,3,325.79,977.3700000000001
5535,220,2,58.27,116.54
5536,103,1,363.27,363.27
5536,335,3,255.49,766.47
5536,196,3,372.88,1118.6399999999999
5537,382,1,65.87,65.87
5537,142,2,176.49,352.98
5537,117,3,16.06,48.17999999999999
5537,255,2,170.99,341.98
5538,154,3,371.7,1115.1
5538,167,2,14.91,29.82
5538,499,1,139.95,139.95
5539,66,2,113.14,226.28
5540,410,1,227.81,227.81
5541,447,1,156.88,156.88
5541,454,1,122.06,122.06
5541,319,3,132.86,398.58000000000004
5542,352,3,23.31,69.92999999999999
5542,112,2,17.77,35.54
5543,474,3,239.02,717.0600000000001
5543,300,2,250.81,501.62
5543,429,2,257.85,515.7
5544,158,1,269.42,269.42
5544,145,2,438.41,876.82
5544,250,3,179.65,538.95
5544,125,1,61.95,61.95
5544,110,1,124.44,124.44
5545,341,3,469.56,1408.68
5545,282,1,463.34,463.34
5546,159,3,287.61,862.83
5546,485,3,165.35,496.04999999999995
5546,343,3,220.03,660.09
5547,401,2,99.91,199.82
5548,157,1,208.56,208.56
5548,262,2,356.94,713.88
5548,346,3,206.81,620.4300000000001
5548,445,2,124.24,248.48
5549,128,2,19.74,39.48
5549,394,3,202.77,608.3100000000001
5549,106,1,422.11,422.11
5549,484,3,304.06,912.1800000000001
5549,264,3,165.99,497.97
5550,107,3,262.2,786.5999999999999
5550,459,2,220.51,441.02
5551,45,2,442.81,885.62
5551,166,1,474.92,474.92
5551,51,3,124.89,374.67
5551,259,1,200.38,200.38
5551,271,2,188.99,377.98
5552,273,2,193.27,386.54
5552,57,1,281.31,281.31
5552,76,1,476.31,476.31
5552,209,2,195.24,390.48
5553,82,1,479.76,479.76
5554,446,1,480.38,480.38
5555,32,3,284.06,852.1800000000001
5555,75,1,123.97,123.97
5555,462,1,153.15,153.15
5555,430,3,379.23,1137.69
5556,305,2,80.66,161.32
5556,264,1,165.99,165.99
5557,229,3,230.52,691.5600000000001
5557,54,2,393.16,786.32
5557,433,2,457.16,914.32
5557,194,3,22.63,67.89
5558,104,3,355.23,1065.69
5558,285,1,440.73,440.73
5558,353,1,303.46,303.46
5558,287,3,477.19,1431.57
5558,232,3,478.28,1434.84
5559,243,3,358.15,1074.4499999999998
5559,200,2,134.77,269.54
5560,281,3,173.96,521.88
5560,17,2,430.34,860.68
5561,378,3,153.62,460.86
5561,243,3,358.15,1074.4499999999998
5561,157,2,208.56,417.12
5561,321,2,271.53,543.06
5562,397,1,154.37,154.37
5563,124,3,130.44,391.32
5563,119,3,120.42,361.26
5563,253,3,399.66,1198.98
5563,71,3,43.24,129.72
5563,282,2,463.34,926.68
5564,471,2,64.44,128.88
5564,428,2,48.76,97.52
5565,3,1,458.68,458.68
5565,402,2,336.6,673.2
5565,118,1,355.19,355.19
5565,419,3,139.16,417.48
5565,483,1,70.53,70.53
5566,40,1,290.43,290.43
5566,110,1,124.44,124.44
5566,190,3,387.18,1161.54
5566,80,1,296.1,296.1
5566,200,2,134.77,269.54
5567,421,3,450.64,1351.92
5567,482,2,479.46,958.92
5567,472,3,485.93,1457.79
5567,12,2,291.6,583.2
5568,63,1,270.0,270.0
5568,331,1,69.86,69.86
5568,321,3,271.53,814.5899999999999
5569,37,2,183.06,366.12
5569,402,3,336.6,1009.8000000000001
5569,283,3,391.26,1173.78
5570,339,1,327.73,327.73
5570,392,2,364.88,729.76
5571,435,3,219.72,659.16
5571,358,3,198.63,595.89
5572,236,2,495.48,990.96
5572,436,1,41.76,41.76
5572,10,3,421.91,1265.73
5572,194,2,22.63,45.26
5573,145,3,438.41,1315.23
5573,213,1,343.62,343.62
5574,368,1,226.17,226.17
5574,498,2,48.54,97.08
5574,130,2,201.64,403.28
5575,54,2,393.16,786.32
5575,339,1,327.73,327.73
5575,303,3,384.8,1154.4
5576,126,1,320.91,320.91
5576,312,3,176.2,528.5999999999999
5576,80,2,296.1,592.2
5576,334,1,281.98,281.98
5576,423,1,317.55,317.55
5577,98,3,375.73,1127.19
5577,156,2,404.58,809.16
5577,348,1,45.01,45.01
5577,51,1,124.89,124.89
5577,437,2,150.85,301.7
5578,448,3,119.74,359.21999999999997
5578,165,3,170.69,512.0699999999999
5578,39,1,105.83,105.83
5579,384,3,9.03,27.089999999999996
5580,84,3,239.85,719.55
5580,69,1,494.8,494.8
5580,443,1,365.07,365.07
5581,121,2,143.28,286.56
5582,403,3,44.77,134.31
5582,320,2,142.18,284.36
5582,289,1,427.58,427.58
5582,419,2,139.16,278.32
5582,127,2,6.58,13.16
5583,24,2,497.43,994.86
5583,268,2,430.32,860.64
5584,9,3,331.01,993.03
5584,417,3,202.32,606.96
5585,257,3,287.88,863.64
5585,189,2,23.31,46.62
5585,29,2,362.83,725.66
5585,219,1,9.55,9.55
5585,151,3,369.64,1108.92
5586,308,3,477.22,1431.66
5587,324,3,311.54,934.6200000000001
5588,179,1,422.57,422.57
5588,4,1,15.4,15.4
5588,455,1,105.02,105.02
5589,270,2,132.23,264.46
5589,482,2,479.46,958.92
5589,212,2,381.28,762.56
5589,483,1,70.53,70.53
5589,7,1,479.78,479.78
5590,496,1,341.88,341.88
5590,405,2,26.88,53.76
5591,498,1,48.54,48.54
5591,378,1,153.62,153.62
5591,369,3,492.83,1478.49
5592,146,2,299.06,598.12
5593,90,3,171.02,513.0600000000001
5593,430,3,379.23,1137.69
5593,449,2,209.61,419.22
5593,462,2,153.15,306.3
5594,227,2,413.65,827.3
5594,301,1,287.0,287.0
5594,368,3,226.17,678.51
5595,184,3,119.59,358.77
5595,252,2,333.44,666.88
5596,252,3,333.44,1000.3199999999999
5597,418,2,141.62,283.24
5597,304,3,282.76,848.28
5598,115,2,200.47,400.94
5599,484,2,304.06,608.12
5599,272,3,182.96,548.88
5600,410,1,227.81,227.81
5600,444,3,232.11,696.33
5600,100,3,175.13,525.39
5601,187,1,315.62,315.62
5602,173,2,364.45,728.9
5602,456,1,242.56,242.56
5602,163,3,307.1,921.3000000000001
5603,193,1,271.29,271.29
5603,14,3,127.52,382.56
5603,141,1,257.07,257.07
5604,212,3,381.28,1143.84
5604,385,1,177.56,177.56
5604,81,3,112.52,337.56
5604,41,1,314.77,314.77
5605,130,3,201.64,604.92
5605,133,1,195.06,195.06
5606,257,2,287.88,575.76
5606,284,2,322.24,644.48
5606,338,1,287.2,287.2
5607,437,2,150.85,301.7
5607,388,2,439.12,878.24
5607,427,3,323.5,970.5
5607,409,3,98.63,295.89
5608,225,2,14.73,29.46
5608,72,2,455.9,911.8
5608,430,3,379.23,1137.69
5609,131,1,286.17,286.17
5610,341,2,469.56,939.12
5610,229,2,230.52,461.04
5610,201,2,258.09,516.18
5610,472,2,485.93,971.86
5611,138,1,93.72,93.72
5611,425,2,211.7,423.4
5611,434,2,379.85,759.7
5612,114,2,108.7,217.4
5613,337,2,226.35,452.7
5613,257,1,287.88,287.88
5614,291,1,336.86,336.86
5614,112,1,17.77,17.77
5614,124,2,130.44,260.88
5614,235,3,384.75,1154.25
5614,428,3,48.76,146.28
5615,288,1,174.29,174.29
5615,287,2,477.19,954.38
5615,119,3,120.42,361.26
5616,7,2,479.78,959.56
5616,464,3,296.32,888.96
5616,213,2,343.62,687.24
5616,162,3,153.38,460.14
5617,461,1,472.53,472.53
5617,392,1,364.88,364.88
5617,227,1,413.65,413.65
5617,153,3,435.4,1306.1999999999998
5618,417,3,202.32,606.96
5618,101,3,38.7,116.10000000000001
5618,468,1,24.15,24.15
5618,447,1,156.88,156.88
5618,454,2,122.06,244.12
5619,261,1,235.72,235.72
5619,427,1,323.5,323.5
5619,444,3,232.11,696.33
5619,16,2,191.38,382.76
5620,90,1,171.02,171.02
5620,190,1,387.18,387.18
5620,170,3,432.62,1297.8600000000001
5620,11,3,415.63,1246.8899999999999
5620,192,1,361.57,361.57
5621,118,2,355.19,710.38
5621,261,3,235.72,707.16
5621,258,3,440.33,1320.99
5621,411,1,311.19,311.19
5622,449,1,209.61,209.61
5623,411,2,311.19,622.38
5623,231,1,376.58,376.58
5624,237,2,236.39,472.78
5624,366,3,409.85,1229.5500000000002
5625,26,3,170.87,512.61
5625,121,2,143.28,286.56
5625,64,1,330.1,330.1
5625,100,1,175.13,175.13
5625,58,2,462.1,924.2
5626,213,2,343.62,687.24
5626,340,1,281.13,281.13
5626,357,3,213.41,640.23
5627,76,3,476.31,1428.93
5627,293,2,487.59,975.18
5627,90,2,171.02,342.04
5627,414,3,457.0,1371.0
5627,32,1,284.06,284.06
5628,426,3,438.33,1314.99
5628,248,3,255.64,766.92
5628,457,1,196.35,196.35
5628,67,3,439.97,1319.91
5628,375,2,259.59,519.18
5629,467,1,24.18,24.18
5629,170,2,432.62,865.24
5629,278,1,178.94,178.94
5629,402,2,336.6,673.2
5630,14,3,127.52,382.56
5630,20,3,446.93,1340.79
5630,11,3,415.63,1246.8899999999999
5631,169,2,466.19,932.38
5631,58,2,462.1,924.2
5631,125,1,61.95,61.95
5632,424,3,41.06,123.18
5632,123,3,187.5,562.5
5632,244,1,286.63,286.63
5632,253,3,399.66,1198.98
5632,493,1,435.98,435.98
5633,21,2,348.11,696.22
5633,1,2,107.54,215.08
5633,115,3,200.47,601.41
5633,387,1,130.92,130.92
5634,474,1,239.02,239.02
5634,364,2,469.93,939.86
5635,212,1,381.28,381.28
5635,85,1,173.78,173.78
5635,3,1,458.68,458.68
5635,470,2,67.19,134.38
5635,43,2,84.75,169.5
5636,204,3,396.2,1188.6
5636,210,3,366.8,1100.4
5637,176,3,66.77,200.31
5637,378,1,153.62,153.62
5637,112,3,17.77,53.31
5637,114,1,108.7,108.7
5638,42,2,38.5,77.0
5638,284,1,322.24,322.24
5638,276,1,254.66,254.66
5639,114,2,108.7,217.4
5639,462,1,153.15,153.15
5640,28,2,72.62,145.24
5640,326,3,337.22,1011.6600000000001
5640,5,1,132.04,132.04
5640,140,3,115.16,345.48
5641,261,1,235.72,235.72
5641,84,2,239.85,479.7
5642,237,3,236.39,709.17
5642,190,3,387.18,1161.54
5642,500,2,236.72,473.44
5642,244,2,286.63,573.26
5642,359,3,353.69,1061.07
5643,204,2,396.2,792.4
5643,135,1,451.07,451.07
5643,228,2,469.49,938.98
5644,453,2,335.96,671.92
5644,38,2,437.95,875.9
5644,97,3,91.52,274.56
5644,269,2,183.25,366.5
5645,415,3,454.18,1362.54
5645,396,2,69.93,139.86
5645,58,1,462.1,462.1
5646,390,2,49.86,99.72
5646,438,3,100.54,301.62
5646,112,2,17.77,35.54
5646,390,1,49.86,49.86
5647,176,3,66.77,200.31
5648,113,2,180.72,361.44
5648,462,3,153.15,459.45000000000005
5648,440,2,362.37,724.74
5649,15,3,190.65,571.95
5649,309,3,484.02,1452.06
5649,275,3,404.88,1214.6399999999999
5649,283,2,391.26,782.52
5649,309,1,484.02,484.02
5650,202,2,174.67,349.34
5650,133,1,195.06,195.06
5650,422,1,275.45,275.45
5650,261,1,235.72,235.72
5651,439,1,201.62,201.62
5652,354,2,107.87,215.74
5652,47,3,140.75,422.25
5652,358,1,198.63,198.63
5652,283,3,391.26,1173.78
5652,148,2,228.08,456.16
5653,72,1,455.9,455.9
5653,77,2,254.31,508.62
5654,251,3,208.81,626.4300000000001
5654,490,2,487.09,974.18
5654,476,1,121.13,121.13
5654,477,2,155.19,310.38
5654,361,2,89.18,178.36
5655,461,2,472.53,945.06
5656,122,1,65.23,65.23
5656,388,3,439.12,1317.3600000000001
5656,456,3,242.56,727.6800000000001
5656,497,1,343.43,343.43
5657,79,3,102.92,308.76
5657,261,1,235.72,235.72
5657,42,2,38.5,77.0
5658,315,3,30.07,90.21000000000001
5658,338,1,287.2,287.2
5659,469,1,351.84,351.84
5659,333,1,61.26,61.26
5659,452,3,235.45,706.3499999999999
5660,62,3,403.84,1211.52
5660,446,2,480.38,960.76
5660,393,1,129.5,129.5
5660,306,2,12.42,24.84
5661,304,3,282.76,848.28
5661,39,1,105.83,105.83
5661,101,2,38.7,77.4
5661,479,1,131.06,131.06
5661,339,2,327.73,655.46
5662,123,2,187.5,375.0
5662,422,3,275.45,826.3499999999999
5662,168,1,396.27,396.27
5663,189,2,23.31,46.62
5663,287,2,477.19,954.38
5663,30,2,243.42,486.84
5663,217,2,80.51,161.02
5663,160,2,386.52,773.04
5664,491,1,130.58,130.58
5664,272,1,182.96,182.96
5664,18,1,395.52,395.52
5664,189,1,23.31,23.31
5664,484,2,304.06,608.12
5665,168,1,396.27,396.27
5665,457,3,196.35,589.05
5666,128,2,19.74,39.48
5666,379,2,222.7,445.4
5666,21,3,348.11,1044.33
5666,3,1,458.68,458.68
5667,439,3,201.62,604.86
5667,9,1,331.01,331.01
5668,363,1,479.64,479.64
5668,268,1,430.32,430.32
5668,10,2,421.91,843.82
5668,462,3,153.15,459.45000000000005
5668,200,2,134.77,269.54
5669,263,3,168.0,504.0
5669,369,1,492.83,492.83
5669,396,2,69.93,139.86
5669,236,3,495.48,1486.44
5669,44,3,437.15,1311.4499999999998
5670,273,2,193.27,386.54
5670,288,2,174.29,348.58
5671,214,2,460.83,921.66
5671,462,1,153.15,153.15
5672,63,1,270.0,270.0
5672,413,3,64.03,192.09
5672,47,2,140.75,281.5
5673,254,1,218.23,218.23
5673,408,2,182.79,365.58
5673,253,3,399.66,1198.98
5674,466,2,465.33,930.66
5675,311,1,432.8,432.8
5675,323,2,5.34,10.68
5676,445,3,124.24,372.71999999999997
5676,247,1,228.88,228.88
5676,381,3,212.11,636.33
5676,371,3,319.89,959.67
5676,207,2,68.25,136.5
5677,487,1,396.73,396.73
5677,91,1,440.33,440.33
5677,123,3,187.5,562.5
5677,22,2,491.32,982.64
5678,461,1,472.53,472.53
5678,433,2,457.16,914.32
5679,452,2,235.45,470.9
5679,437,1,150.85,150.85
5679,360,3,396.94,1190.82
5679,180,3,348.73,1046.19
5680,219,1,9.55,9.55
5681,297,3,225.21,675.63
5681,65,3,318.4,955.1999999999999
5681,103,1,363.27,363.27
5681,58,3,462.1,1386.3000000000002
5681,269,3,183.25,549.75
5682,230,3,314.06,942.1800000000001
5683,147,2,404.23,808.46
5684,351,2,385.67,771.34
5684,322,1,325.9,325.9
5684,322,2,325.9,651.8
5684,120,3,480.49,1441.47
5684,374,2,415.45,830.9
5685,210,3,366.8,1100.4
5685,216,3,256.85,770.5500000000001
5685,64,1,330.1,330.1
5685,399,3,62.97,188.91
5685,253,1,399.66,399.66
5686,500,3,236.72,710.16
5686,355,3,344.54,1033.6200000000001
5686,433,3,457.16,1371.48
5686,355,3,344.54,1033.6200000000001
5687,403,1,44.77,44.77
5687,87,1,367.59,367.59
5687,305,2,80.66,161.32
5688,20,3,446.93,1340.79
5688,135,1,451.07,451.07
5688,67,3,439.97,1319.91
5688,466,3,465.33,1395.99
5688,303,1,384.8,384.8
5689,232,2,478.28,956.56
5689,262,3,356.94,1070.82
5689,165,1,170.69,170.69
5689,262,3,356.94,1070.82
5690,83,1,243.84,243.84
5690,39,3,105.83,317.49
5691,254,3,218.23,654.6899999999999
5691,19,1,343.63,343.63
5692,254,2,218.23,436.46
5693,138,1,93.72,93.72
5693,28,1,72.62,72.62
5694,398,1,182.45,182.45
5694,456,3,242.56,727.6800000000001
5694,258,1,440.33,440.33
5694,475,3,426.61,1279.83
5694,496,2,341.88,683.76
5695,108,3,189.13,567.39
5695,436,2,41.76,83.52
5696,215,1,313.01,313.01
5696,79,1,102.92,102.92
5696,326,2,337.22,674.44
5697,271,1,188.99,188.99
5697,496,1,341.88,341.88
5697,488,1,243.3,243.3
5697,277,1,74.18,74.18
5698,402,3,336.6,1009.8000000000001
5698,277,1,74.18,74.18
5699,290,1,334.81,334.81
5699,200,3,134.77,404.31000000000006
5700,1,3,107.54,322.62
5700,286,3,67.86,203.57999999999998
5700,151,2,369.64,739.28
5701,11,2,415.63,831.26
5701,297,3,225.21,675.63
5701,420,3,410.03,1230.09
5702,379,3,222.7,668.0999999999999
5702,391,3,14.9,44.7
5702,177,3,337.04,1011.1200000000001
5702,68,3,5.86,17.580000000000002
5702,349,3,54.63,163.89000000000001
5703,135,1,451.07,451.07
5703,103,1,363.27,363.27
5703,79,3,102.92,308.76
5703,199,3,355.65,1066.9499999999998
5704,227,2,413.65,827.3
5705,317,2,75.98,151.96
5705,443,3,365.07,1095.21
5705,237,3,236.39,709.17
5705,81,1,112.52,112.52
5706,238,3,150.48,451.43999999999994
5707,408,1,182.79,182.79
5707,290,3,334.81,1004.4300000000001
5708,81,2,112.52,225.04
5708,300,1,250.81,250.81
5708,161,2,281.23,562.46
5709,231,1,376.58,376.58
5709,492,2,28.24,56.48
5710,375,1,259.59,259.59
5710,404,3,115.89,347.67
5711,322,1,325.9,325.9
5711,441,3,314.36,943.08
5711,73,1,279.0,279.0
5712,210,2,366.8,733.6
5713,262,3,356.94,1070.82
5713,21,2,348.11,696.22
5713,54,1,393.16,393.16
5713,438,3,100.54,301.62
5714,344,3,138.55,415.65000000000003
5714,432,1,18.81,18.81
5714,441,3,314.36,943.08
5714,52,1,207.19,207.19
5714,419,2,139.16,278.32
5715,347,3,186.64,559.92
5715,241,1,463.38,463.38
5715,268,1,430.32,430.32
5716,60,3,407.73,1223.19
5716,428,2,48.76,97.52
5717,127,3,6.58,19.740000000000002
5717,459,3,220.51,661.53
5718,446,2,480.38,960.76
5718,345,2,179.94,359.88
5718,453,3,335.96,1007.8799999999999
5719,98,1,375.73,375.73
5719,440,3,362.37,1087.1100000000001
5720,84,2,239.85,479.7
5720,32,1,284.06,284.06
5720,433,3,457.16,1371.48
5720,171,1,35.49,35.49
5721,116,2,490.7,981.4
5721,386,1,273.27,273.27
5722,394,3,202.77,608.3100000000001
5723,213,2,343.62,687.24
5724,132,3,409.11,1227.33
5725,392,2,364.88,729.76
5725,334,3,281.98,845.94
5725,431,1,370.38,370.38
5725,468,2,24.15,48.3
5725,245,2,426.38,852.76
5726,236,3,495.48,1486.44
5726,169,2,466.19,932.38
5727,390,2,49.86,99.72
5727,84,2,239.85,479.7
5727,253,3,399.66,1198.98
5728,120,3,480.49,1441.47
5728,185,3,236.39,709.17
5728,139,1,349.74,349.74
5728,43,3,84.75,254.25
5729,442,3,470.37,1411.1100000000001
5729,140,3,115.16,345.48
5729,391,1,14.9,14.9
5729,148,1,228.08,228.08
5729,417,1,202.32,202.32
5730,96,2,95.56,191.12
5731,171,3,35.49,106.47
5731,316,2,68.22,136.44
5731,479,3,131.06,393.18
5731,240,3,98.4,295.20000000000005
5732,313,1,181.23,181.23
5732,105,1,414.79,414.79
5733,408,3,182.79,548.37
5733,284,3,322.24,966.72
5733,28,2,72.62,145.24
5734,310,1,78.93,78.93
5734,58,1,462.1,462.1
5735,390,2,49.86,99.72
5735,402,1,336.6,336.6
5735,321,3,271.53,814.5899999999999
5735,66,3,113.14,339.42
5736,176,2,66.77,133.54
5736,372,2,224.89,449.78
5737,320,3,142.18,426.54
5737,109,3,489.42,1468.26
5738,457,1,196.35,196.35
5739,185,2,236.39,472.78
5739,321,3,271.53,814.5899999999999
5740,237,1,236.39,236.39
5740,467,3,24.18,72.53999999999999
5740,80,1,296.1,296.1
5741,137,1,124.07,124.07
5742,206,2,353.54,707.08
5742,177,2,337.04,674.08
5743,152,1,436.45,436.45
5743,135,1,451.07,451.07
5743,192,1,361.57,361.57
5743,81,1,112.52,112.52
5743,159,1,287.61,287.61
5744,284,3,322.24,966.72
5744,404,3,115.89,347.67
5745,279,3,273.72,821.1600000000001
5745,442,1,470.37,470.37
5745,242,3,233.81,701.4300000000001
5745,7,3,479.78,1439.34
5745,459,3,220.51,661.53
5746,43,1,84.75,84.75
5746,133,1,195.06,195.06
5746,362,1,110.19,110.19
5747,432,3,18.81,56.42999999999999
5747,19,1,343.63,343.63
5747,468,3,24.15,72.44999999999999
5747,163,2,307.1,614.2
5747,149,3,111.19,333.57
5748,16,2,191.38,382.76
5748,37,2,183.06,366.12
5748,53,3,440.06,1320.18
5748,266,2,292.77,585.54
5749,4,2,15.4,30.8
5750,331,1,69.86,69.86
5750,413,2,64.03,128.06
5750,212,1,381.28,381.28
5751,155,2,77.89,155.78
5751,162,2,153.38,306.76
5752,163,1,307.1,307.1
5752,259,2,200.38,400.76
5752,430,3,379.23,1137.69
5752,422,3,275.45,826.3499999999999
5753,1,3,107.54,322.62
5753,388,3,439.12,1317.3600000000001
5754,429,3,257.85,773.5500000000001
5754,464,2,296.32,592.64
5755,462,1,153.15,153.15
5755,300,2,250.81,501.62
5755,206,2,353.54,707.08
5755,75,2,123.97,247.94
5755,269,2,183.25,366.5
5756,280,1,346.03,346.03
5756,52,2,207.19,414.38
5756,454,3,122.06,366.18
5757,61,2,118.22,236.44
5758,181,3,369.11,1107.33
5758,284,1,322.24,322.24
5758,224,2,133.14,266.28
5759,165,2,170.69,341.38
5759,64,1,330.1,330.1
5759,158,1,269.42,269.42
5759,235,2,384.75,769.5
5759,321,1,271.53,271.53
5760,167,2,14.91,29.82
5761,236,1,495.48,495.48
5762,493,1,435.98,435.98
5762,472,3,485.93,1457.79
5762,315,1,30.07,30.07
5763,240,2,98.4,196.8
5763,210,2,366.8,733.6
5763,145,3,438.41,1315.23
5764,369,3,492.83,1478.49
5764,227,2,413.65,827.3
5764,156,2,404.58,809.16
5764,166,1,474.92,474.92
5765,5,3,132.04,396.12
5766,94,3,186.09,558.27
5766,6,3,23.99,71.97
5767,86,2,409.34,818.68
5767,314,1,78.8,78.8
5767,360,3,396.94,1190.82
5768,450,2,245.71,491.42
5768,360,2,396.94,793.88
5768,402,3,336.6,1009.8000000000001
5769,408,2,182.79,365.58
5769,202,2,174.67,349.34
5770,178,2,449.89,899.78
5770,311,2,432.8,865.6
5770,127,1,6.58,6.58
5771,232,1,478.28,478.28
5771,436,1,41.76,41.76
5771,1,3,107.54,322.62
5772,446,3,480.38,1441.1399999999999
5772,318,1,219.59,219.59
5773,204,1,396.2,396.2
5774,404,1,115.89,115.89
5774,291,2,336.86,673.72
5775,21,3,348.11,1044.33
5775,416,3,163.35,490.04999999999995
5775,365,3,373.53,1120.59
5775,416,2,163.35,326.7
5776,60,2,407.73,815.46
5777,61,3,118.22,354.65999999999997
5778,484,1,304.06,304.06
5778,264,3,165.99,497.97
5778,68,2,5.86,11.72
5778,325,1,470.48,470.48
5779,207,3,68.25,204.75
5779,41,3,314.77,944.31
5779,23,1,124.25,124.25
5780,62,3,403.84,1211.52
5780,137,2,124.07,248.14
5780,397,1,154.37,154.37
5780,337,3,226.35,679.05
5780,486,1,45.81,45.81
5781,284,1,322.24,322.24
5781,496,2,341.88,683.76
5781,28,1,72.62,72.62
5781,348,2,45.01,90.02
5781,5,1,132.04,132.04
5782,374,2,415.45,830.9
5782,207,2,68.25,136.5
5783,429,3,257.85,773.5500000000001
5783,164,2,158.01,316.02
5783,388,2,439.12,878.24
5783,66,3,113.14,339.42
5783,9,1,331.01,331.01
5784,48,2,113.06,226.12
5784,326,1,337.22,337.22
5784,88,1,361.93,361.93
5784,439,2,201.62,403.24
5785,163,1,307.1,307.1
5785,206,3,353.54,1060.6200000000001
5785,449,3,209.61,628.83
5786,83,1,243.84,243.84
5787,128,2,19.74,39.48
5788,79,1,102.92,102.92
5788,356,1,346.58,346.58
5788,467,3,24.18,72.53999999999999
5788,496,2,341.88,683.76
5789,425,1,211.7,211.7
5789,18,1,395.52,395.52
5789,149,1,111.19,111.19
5790,68,2,5.86,11.72
5790,357,1,213.41,213.41
5790,494,2,340.34,680.68
5791,309,3,484.02,1452.06
5791,37,2,183.06,366.12
5791,59,1,471.15,471.15
5791,347,2,186.64,373.28
5792,241,1,463.38,463.38
5792,178,1,449.89,449.89
5792,461,3,472.53,1417.59
5792,117,2,16.06,32.12
5793,76,3,476.31,1428.93
5793,22,1,491.32,491.32
5793,212,1,381.28,381.28
5794,461,2,472.53,945.06
5794,375,3,259.59,778.77
5794,150,2,216.59,433.18
5794,125,2,61.95,123.9
5794,328,1,251.99,251.99
5795,323,1,5.34,5.34
5795,139,1,349.74,349.74
5796,473,1,20.11,20.11
5796,53,1,440.06,440.06
5796,40,2,290.43,580.86
5797,444,2,232.11,464.22
5798,158,1,269.42,269.42
5798,383,3,114.97,344.90999999999997
5799,490,2,487.09,974.18
5799,394,3,202.77,608.3100000000001
5799,67,1,439.97,439.97
5799,475,2,426.61,853.22
5799,441,3,314.36,943.08
5800,161,1,281.23,281.23
5800,446,1,480.38,480.38
5800,461,2,472.53,945.06
5801,103,2,363.27,726.54
5801,234,3,202.87,608.61
5801,8,3,236.88,710.64
5802,138,2,93.72,187.44
5802,88,3,361.93,1085.79
5803,377,3,139.69,419.07
5804,318,2,219.59,439.18
5805,260,3,459.47,1378.41
5805,257,1,287.88,287.88
5805,449,1,209.61,209.61
5805,379,2,222.7,445.4
5806,358,2,198.63,397.26
5806,496,2,341.88,683.76
5807,295,2,366.04,732.08
5807,314,1,78.8,78.8
5808,474,3,239.02,717.0600000000001
5808,317,1,75.98,75.98
5808,394,3,202.77,608.3100000000001
5808,6,1,23.99,23.99
5808,388,2,439.12,878.24
5809,85,2,173.78,347.56
5809,266,2,292.77,585.54
5810,437,2,150.85,301.7
5810,147,3,404.23,1212.69
5810,93,1,325.85,325.85
5810,197,2,66.56,133.12
5810,170,2,432.62,865.24
5811,53,2,440.06,880.12
5811,316,2,68.22,136.44
5811,270,3,132.23,396.68999999999994
5812,263,2,168.0,336.0
5812,371,3,319.89,959.67
5812,85,2,173.78,347.56
5812,219,3,9.55,28.650000000000002
5812,194,2,22.63,45.26
5813,233,1,76.89,76.89
5813,437,1,150.85,150.85
5813,245,1,426.38,426.38
5813,352,2,23.31,46.62
5813,345,2,179.94,359.88
5814,82,1,479.76,479.76
5814,485,3,165.35,496.04999999999995
5814,96,3,95.56,286.68
5814,439,2,201.62,403.24
5814,213,2,343.62,687.24
5815,449,3,209.61,628.83
5815,238,2,150.48,300.96
5815,353,2,303.46,606.92
5816,354,2,107.87,215.74
5816,31,3,384.06,1152.18
5816,189,1,23.31,23.31
5816,54,2,393.16,786.32
5817,117,3,16.06,48.17999999999999
5817,126,2,320.91,641.82
5817,494,1,340.34,340.34
5817,349,2,54.63,109.26
5818,353,3,303.46,910.3799999999999
5818,260,3,459.47,1378.41
5818,325,1,470.48,470.48
5818,295,1,366.04,366.04
5818,418,1,141.62,141.62
5819,347,2,186.64,373.28
5819,497,3,343.43,1030.29
5820,95,2,452.34,904.68
5820,471,2,64.44,128.88
5820,312,2,176.2,352.4
5820,472,2,485.93,971.86
5821,496,1,341.88,341.88
5822,7,3,479.78,1439.34
5822,78,2,164.41,328.82
5822,399,2,62.97,125.94
5822,348,2,45.01,90.02
5822,205,1,59.11,59.11
5823,117,3,16.06,48.17999999999999
5823,267,2,347.18,694.36
5823,350,3,170.56,511.68
5823,19,1,343.63,343.63
5823,246,2,234.51,469.02
5824,426,2,438.33,876.66
5825,397,3,154.37,463.11
5826,246,3,234.51,703.53
5826,466,2,465.33,930.66
5826,450,2,245.71,491.42
5826,190,3,387.18,1161.54
5827,46,2,51.28,102.56
5827,385,2,177.56,355.12
5827,387,3,130.92,392.76
5827,424,1,41.06,41.06
5828,306,1,12.42,12.42
5828,398,2,182.45,364.9
5828,213,1,343.62,343.62
5829,164,1,158.01,158.01
5829,345,2,179.94,359.88
5830,453,1,335.96,335.96
5830,61,3,118.22,354.65999999999997
5830,229,1,230.52,230.52
5830,266,2,292.77,585.54
5830,485,3,165.35,496.04999999999995
5831,137,3,124.07,372.21
5831,258,3,440.33,1320.99
5831,162,3,153.38,460.14
5832,12,3,291.6,874.8000000000001
5833,325,2,470.48,940.96
5833,499,2,139.95,279.9
5833,96,2,95.56,191.12
5834,22,3,491.32,1473.96
5835,133,1,195.06,195.06
5835,59,2,471.15,942.3
5835,58,2,462.1,924.2
5835,341,3,469.56,1408.68
5835,123,3,187.5,562.5
5836,123,3,187.5,562.5
5836,350,2,170.56,341.12
5836,323,2,5.34,10.68
5837,307,3,75.2,225.60000000000002
5837,159,1,287.61,287.61
5838,214,1,460.83,460.83
5839,418,3,141.62,424.86
5839,6,3,23.99,71.97
5839,134,1,9.79,9.79
5839,58,2,462.1,924.2
5840,474,1,239.02,239.02
5840,301,2,287.0,574.0
5841,108,2,189.13,378.26
5841,448,2,119.74,239.48
5841,68,2,5.86,11.72
5841,263,1,168.0,168.0
5841,324,2,311.54,623.08
5842,202,2,174.67,349.34
5842,296,1,348.54,348.54
5842,493,1,435.98,435.98
5842,230,1,314.06,314.06
5843,419,1,139.16,139.16
5844,270,2,132.23,264.46
5844,239,1,254.23,254.23
5844,376,3,120.28,360.84000000000003
5844,464,1,296.32,296.32
5845,466,1,465.33,465.33
5845,46,3,51.28,153.84
5845,50,1,347.73,347.73
5845,26,3,170.87,512.61
5845,84,2,239.85,479.7
5846,259,3,200.38,601.14
5846,298,3,310.25,930.75
5846,398,1,182.45,182.45
5846,236,3,495.48,1486.44
5847,37,3,183.06,549.1800000000001
5847,77,1,254.31,254.31
5847,345,2,179.94,359.88
5848,49,2,486.05,972.1
5848,44,1,437.15,437.15
5848,14,3,127.52,382.56
5849,456,1,242.56,242.56
5850,278,3,178.94,536.8199999999999
5850,206,2,353.54,707.08
5850,361,3,89.18,267.54
5850,490,1,487.09,487.09
5850,416,1,163.35,163.35
5851,49,3,486.05,1458.15
5851,256,1,344.07,344.07
5851,423,2,317.55,635.1
5852,332,1,450.12,450.12
5852,95,3,452.34,1357.02
5852,411,3,311.19,933.5699999999999
5853,274,1,203.73,203.73
5853,268,2,430.32,860.64
5853,500,2,236.72,473.44
5853,89,3,437.32,1311.96
5854,342,2,19.87,39.74
5854,446,2,480.38,960.76
5854,249,1,143.22,143.22
5854,31,1,384.06,384.06
5855,433,2,457.16,914.32
5855,384,2,9.03,18.06
5855,286,1,67.86,67.86
5855,456,2,242.56,485.12
5855,432,3,18.81,56.42999999999999
5856,38,2,437.95,875.9
5856,126,2,320.91,641.82
5856,395,3,254.9,764.7
5857,288,3,174.29,522.87
5857,445,1,124.24,124.24
5858,190,2,387.18,774.36
5858,156,2,404.58,809.16
5858,17,1,430.34,430.34
5858,61,1,118.22,118.22
5858,212,2,381.28,762.56
5859,339,3,327.73,983.19
5859,384,3,9.03,27.089999999999996
5860,322,2,325.9,651.8
5861,414,2,457.0,914.0
5861,160,1,386.52,386.52
5861,155,2,77.89,155.78
5861,280,1,346.03,346.03
5862,46,1,51.28,51.28
5862,260,1,459.47,459.47
5862,220,1,58.27,58.27
5862,241,1,463.38,463.38
5862,324,1,311.54,311.54
5863,56,3,258.91,776.73
5863,352,1,23.31,23.31
5863,297,1,225.21,225.21
5864,21,1,348.11,348.11
5864,350,3,170.56,511.68
5864,264,2,165.99,331.98
5864,129,1,293.08,293.08
5865,104,1,355.23,355.23
5866,20,1,446.93,446.93
5866,287,2,477.19,954.38
5866,191,3,334.45,1003.3499999999999
5866,331,2,69.86,139.72
5867,494,2,340.34,680.68
5867,207,2,68.25,136.5
5867,384,1,9.03,9.03
5867,466,3,465.33,1395.99
5867,121,2,143.28,286.56
5868,365,1,373.53,373.53
5868,37,2,183.06,366.12
5868,159,1,287.61,287.61
5869,307,1,75.2,75.2
5869,16,2,191.38,382.76
5869,65,2,318.4,636.8
5869,104,2,355.23,710.46
5870,312,1,176.2,176.2
5870,298,1,310.25,310.25
5870,418,2,141.62,283.24
5871,498,3,48.54,145.62
5871,16,2,191.38,382.76
5872,233,2,76.89,153.78
5872,487,2,396.73,793.46
5872,61,2,118.22,236.44
5873,163,3,307.1,921.3000000000001
5873,97,1,91.52,91.52
5874,7,2,479.78,959.56
5874,54,1,393.16,393.16
5874,231,1,376.58,376.58
5874,282,2,463.34,926.68
5874,207,2,68.25,136.5
5875,481,2,209.3,418.6
5875,174,1,258.78,258.78
5875,40,2,290.43,580.86
5875,260,1,459.47,459.47
5875,291,2,336.86,673.72
5876,234,1,202.87,202.87
5876,404,1,115.89,115.89
5876,188,3,331.07,993.21
5877,163,2,307.1,614.2
5878,115,2,200.47,400.94
5878,398,1,182.45,182.45
5879,160,3,386.52,1159.56
5879,239,1,254.23,254.23
5880,96,3,95.56,286.68
5880,323,3,5.34,16.02
5880,393,2,129.5,259.0
5881,10,3,421.91,1265.73
5881,352,1,23.31,23.31
5881,3,3,458.68,1376.04
5881,92,3,86.51,259.53000000000003
5882,178,2,449.89,899.78
5882,373,3,259.22,777.6600000000001
5883,372,3,224.89,674.67
5883,440,2,362.37,724.74
5883,91,3,440.33,1320.99
5884,305,3,80.66,241.98
5884,245,2,426.38,852.76
5885,95,2,452.34,904.68
5885,384,2,9.03,18.06
5885,302,2,343.67,687.34
5885,470,3,67.19,201.57
5885,369,3,492.83,1478.49
5886,319,3,132.86,398.58000000000004
5886,237,2,236.39,472.78
5886,137,1,124.07,124.07
5887,209,1,195.24,195.24
5887,145,3,438.41,1315.23
5887,336,1,41.55,41.55
5887,143,2,248.2,496.4
5888,458,3,290.04,870.1200000000001
5888,417,2,202.32,404.64
5889,477,1,155.19,155.19
5890,255,3,170.99,512.97
5890,398,1,182.45,182.45
5890,103,3,363.27,1089.81
5890,7,1,479.78,479.78
5890,301,3,287.0,861.0
5891,256,1,344.07,344.07
5891,286,3,67.86,203.57999999999998
5891,248,1,255.64,255.64
5892,23,1,124.25,124.25
5892,186,3,288.34,865.02
5893,206,1,353.54,353.54
5893,29,2,362.83,725.66
5893,302,1,343.67,343.67
5893,153,3,435.4,1306.1999999999998
5894,32,3,284.06,852.1800000000001
5894,182,2,491.56,983.12
5894,362,1,110.19,110.19
5894,67,1,439.97,439.97
5895,113,1,180.72,180.72
5895,243,3,358.15,1074.4499999999998
5895,471,1,64.44,64.44
5895,189,1,23.31,23.31
5895,428,2,48.76,97.52
5896,326,2,337.22,674.44
5897,461,3,472.53,1417.59
5897,448,1,119.74,119.74
5897,201,3,258.09,774.27
5897,312,2,176.2,352.4
5898,383,2,114.97,229.94
5899,410,3,227.81,683.4300000000001
5900,33,3,199.18,597.54
5901,453,1,335.96,335.96
5901,205,3,59.11,177.32999999999998
5901,319,2,132.86,265.72
5901,405,3,26.88,80.64
5902,427,2,323.5,647.0
5902,301,1,287.0,287.0
5903,134,1,9.79,9.79
5903,342,1,19.87,19.87
5903,244,3,286.63,859.89
5904,434,2,379.85,759.7
5904,55,3,243.64,730.92
5904,415,1,454.18,454.18
5905,76,2,476.31,952.62
5905,210,1,366.8,366.8
5905,246,1,234.51,234.51
5906,327,1,357.39,357.39
5906,396,1,69.93,69.93
5906,328,2,251.99,503.98
5906,334,1,281.98,281.98
5906,84,1,239.85,239.85
5907,205,1,59.11,59.11
5908,169,2,466.19,932.38
5908,436,2,41.76,83.52
5908,468,2,24.15,48.3
5908,32,1,284.06,284.06
5908,328,1,251.99,251.99
5909,340,1,281.13,281.13
5909,109,1,489.42,489.42
5909,106,3,422.11,1266.33
5909,338,2,287.2,574.4
5909,107,1,262.2,262.2
5910,461,2,472.53,945.06
5911,144,3,149.85,449.54999999999995
5911,412,2,343.82,687.64
5911,389,1,497.51,497.51
5911,327,1,357.39,357.39
5911,355,1,344.54,344.54
5912,146,3,299.06,897.1800000000001
5912,418,3,141.62,424.86
5912,175,1,235.77,235.77
5912,461,1,472.53,472.53
5912,312,1,176.2,176.2
5913,154,1,371.7,371.7
5913,480,3,209.16,627.48
5913,117,2,16.06,32.12
5913,370,2,49.7,99.4
5914,97,1,91.52,91.52
5914,291,2,336.86,673.72
5914,20,2,446.93,893.86
5914,283,3,391.26,1173.78
5914,164,3,158.01,474.03
5915,15,3,190.65,571.95
5915,75,1,123.97,123.97
5915,285,3,440.73,1322.19
5915,171,1,35.49,35.49
5915,199,2,355.65,711.3
5916,64,3,330.1,990.3000000000001
5916,442,1,470.37,470.37
5916,351,1,385.67,385.67
5917,15,3,190.65,571.95
5917,39,2,105.83,211.66
5917,492,2,28.24,56.48
5917,480,3,209.16,627.48
5917,85,3,173.78,521.34
5918,331,2,69.86,139.72
5919,484,3,304.06,912.1800000000001
5919,272,2,182.96,365.92
5920,312,2,176.2,352.4
5920,278,2,178.94,357.88
5920,320,3,142.18,426.54
5920,74,3,83.84,251.52
5921,472,1,485.93,485.93
5922,234,2,202.87,405.74
5922,430,3,379.23,1137.69
5923,149,2,111.19,222.38
5923,105,3,414.79,1244.3700000000001
5923,494,3,340.34,1021.02
5923,113,1,180.72,180.72
5923,297,3,225.21,675.63
5924,116,3,490.7,1472.1
5924,238,3,150.48,451.43999999999994
5925,308,2,477.22,954.44
5925,26,3,170.87,512.61
5925,54,3,393.16,1179.48
5926,128,2,19.74,39.48
5926,224,2,133.14,266.28
5926,346,1,206.81,206.81
5926,337,3,226.35,679.05
5926,301,1,287.0,287.0
5927,354,3,107.87,323.61
5927,89,3,437.32,1311.96
5927,345,3,179.94,539.8199999999999
5927,156,2,404.58,809.16
5928,133,2,195.06,390.12
5929,415,1,454.18,454.18
5929,330,3,434.93,1304.79
5930,458,1,290.04,290.04
5930,408,3,182.79,548.37
5931,126,1,320.91,320.91
5932,351,3,385.67,1157.01
5933,400,1,297.67,297.67
5933,138,1,93.72,93.72
5933,299,2,207.73,415.46
5933,423,3,317.55,952.6500000000001
5933,206,3,353.54,1060.6200000000001
5934,76,2,476.31,952.62
5934,429,1,257.85,257.85
5934,121,3,143.28,429.84000000000003
5934,231,2,376.58,753.16
5934,267,2,347.18,694.36
5935,69,3,494.8,1484.4
5935,30,2,243.42,486.84
5935,395,2,254.9,509.8
5935,499,3,139.95,419.84999999999997
5935,68,1,5.86,5.86
5936,442,2,470.37,940.74
5937,40,2,290.43,580.86
5938,359,3,353.69,1061.07
5939,491,3,130.58,391.74
5940,85,1,173.78,173.78
5941,430,1,379.23,379.23
5941,403,2,44.77,89.54
5942,244,3,286.63,859.89
5942,182,1,491.56,491.56
5943,122,3,65.23,195.69
5944,276,2,254.66,509.32
5944,484,2,304.06,608.12
5944,347,3,186.64,559.92
5944,83,2,243.84,487.68
5945,407,1,474.34,474.34
5945,450,2,245.71,491.42
5945,10,1,421.91,421.91
5945,161,1,281.23,281.23
5946,84,1,239.85,239.85
5946,252,2,333.44,666.88
5946,489,1,229.25,229.25
5946,254,1,218.23,218.23
5946,225,3,14.73,44.19
5947,314,1,78.8,78.8
5947,137,1,124.07,124.07
5948,438,3,100.54,301.62
5948,159,1,287.61,287.61
5948,375,2,259.59,519.18
5948,288,3,174.29,522.87
5948,38,1,437.95,437.95
5949,347,1,186.64,186.64
5949,324,1,311.54,311.54
5949,212,2,381.28,762.56
5949,321,2,271.53,543.06
5950,169,3,466.19,1398.57
5950,25,2,206.03,412.06
5950,408,2,182.79,365.58
5951,472,2,485.93,971.86
5951,224,1,133.14,133.14
5951,356,2,346.58,693.16
5951,307,1,75.2,75.2
5952,481,3,209.3,627.9000000000001
5952,372,2,224.89,449.78
5952,215,1,313.01,313.01
5952,138,3,93.72,281.15999999999997
5953,49,1,486.05,486.05
5953,183,3,206.12,618.36
5953,266,2,292.77,585.54
5953,237,3,236.39,709.17
5954,25,2,206.03,412.06
5954,237,3,236.39,709.17
5955,423,3,317.55,952.6500000000001
5955,452,2,235.45,470.9
5956,305,2,80.66,161.32
5956,29,1,362.83,362.83
5956,464,1,296.32,296.32
5956,232,3,478.28,1434.84
5956,284,1,322.24,322.24
5957,167,2,14.91,29.82
5957,463,1,76.72,76.72
5958,13,3,41.35,124.05000000000001
5959,326,2,337.22,674.44
5959,278,3,178.94,536.8199999999999
5959,23,3,124.25,372.75
5960,249,1,143.22,143.22
5960,408,3,182.79,548.37
5960,120,1,480.49,480.49
5961,444,2,232.11,464.22
5961,422,2,275.45,550.9
5962,371,3,319.89,959.67
5962,204,2,396.2,792.4
5962,378,2,153.62,307.24
5963,126,2,320.91,641.82
5964,13,1,41.35,41.35
5964,362,1,110.19,110.19
5964,77,3,254.31,762.9300000000001
5965,266,2,292.77,585.54
5965,403,1,44.77,44.77
5966,244,1,286.63,286.63
5967,308,2,477.22,954.44
5967,210,2,366.8,733.6
5967,101,1,38.7,38.7
5967,491,1,130.58,130.58
5967,102,2,196.78,393.56
5968,217,3,80.51,241.53000000000003
5969,474,3,239.02,717.0600000000001
5969,440,2,362.37,724.74
5970,102,3,196.78,590.34
5970,53,3,440.06,1320.18
5970,477,2,155.19,310.38
5970,428,2,48.76,97.52
5971,398,2,182.45,364.9
5971,219,3,9.55,28.650000000000002
5971,402,2,336.6,673.2
5971,120,1,480.49,480.49
5972,85,2,173.78,347.56
5972,405,1,26.88,26.88
5972,143,1,248.2,248.2
5972,146,3,299.06,897.1800000000001
5973,318,2,219.59,439.18
5973,153,3,435.4,1306.1999999999998
5973,244,3,286.63,859.89
5973,38,2,437.95,875.9
5973,269,2,183.25,366.5
5974,255,1,170.99,170.99
5975,257,3,287.88,863.64
5975,171,2,35.49,70.98
5976,71,3,43.24,129.72
5976,3,1,458.68,458.68
5976,210,3,366.8,1100.4
5976,113,1,180.72,180.72
5977,449,2,209.61,419.22
5977,431,2,370.38,740.76
5977,382,3,65.87,197.61
5977,411,2,311.19,622.38
5977,487,3,396.73,1190.19
5978,17,1,430.34,430.34
5978,139,2,349.74,699.48
5978,450,1,245.71,245.71
5979,3,1,458.68,458.68
5979,116,2,490.7,981.4
5979,339,1,327.73,327.73
5979,83,2,243.84,487.68
5980,185,3,236.39,709.17
5980,361,2,89.18,178.36
5980,170,1,432.62,432.62
5980,226,1,285.61,285.61
5980,156,2,404.58,809.16
5981,183,3,206.12,618.36
5981,270,1,132.23,132.23
5981,424,1,41.06,41.06
5981,35,3,14.23,42.69
5982,424,1,41.06,41.06
5983,464,3,296.32,888.96
5983,456,2,242.56,485.12
5983,159,2,287.61,575.22
5984,371,3,319.89,959.67
5984,304,3,282.76,848.28
5984,114,3,108.7,326.1
5985,122,1,65.23,65.23
5985,238,3,150.48,451.43999999999994
5985,254,1,218.23,218.23
5985,55,2,243.64,487.28
5986,274,3,203.73,611.1899999999999
5986,210,1,366.8,366.8
5986,289,3,427.58,1282.74
5986,444,3,232.11,696.33
5987,354,3,107.87,323.61
5987,430,1,379.23,379.23
5987,24,3,497.43,1492.29
5988,380,3,378.14,1134.42
5988,90,1,171.02,171.02
5989,109,3,489.42,1468.26
5989,361,3,89.18,267.54
5989,357,3,213.41,640.23
5989,330,3,434.93,1304.79
5990,463,1,76.72,76.72
5990,311,1,432.8,432.8
5990,321,2,271.53,543.06
5991,111,3,283.29,849.8700000000001
5992,261,1,235.72,235.72
5992,352,3,23.31,69.92999999999999
5993,389,2,497.51,995.02
5993,488,2,243.3,486.6
5993,343,2,220.03,440.06
5993,295,3,366.04,1098.1200000000001
5994,40,3,290.43,871.29
5994,447,3,156.88,470.64
5994,121,3,143.28,429.84000000000003
5994,392,3,364.88,1094.6399999999999
5995,156,2,404.58,809.16
5995,465,1,484.34,484.34
5995,241,3,463.38,1390.1399999999999
5995,308,1,477.22,477.22
5995,394,1,202.77,202.77
5996,372,3,224.89,674.67
5996,146,2,299.06,598.12
5996,92,3,86.51,259.53000000000003
5996,331,2,69.86,139.72
5996,97,1,91.52,91.52
5997,268,3,430.32,1290.96
5998,95,2,452.34,904.68
5999,453,3,335.96,1007.8799999999999
5999,197,1,66.56,66.56
5999,447,2,156.88,313.76
6000,22,2,491.32,982.64
6000,283,3,391.26,1173.78
6000,378,1,153.62,153.62
6001,166,1,474.92,474.92
6002,50,1,347.73,347.73
6002,223,2,80.53,161.06
6002,210,3,366.8,1100.4
6002,79,3,102.92,308.76
6003,498,1,48.54,48.54
6004,161,3,281.23,843.69
6004,286,3,67.86,203.57999999999998
6004,110,3,124.44,373.32
6004,34,3,150.14,450.41999999999996
6004,285,3,440.73,1322.19
6005,397,2,154.37,308.74
6005,424,2,41.06,82.12
6005,68,1,5.86,5.86
6006,423,1,317.55,317.55
6007,55,2,243.64,487.28
6007,84,2,239.85,479.7
6007,358,2,198.63,397.26
6008,308,2,477.22,954.44
6008,146,3,299.06,897.1800000000001
6008,376,3,120.28,360.84000000000003
6008,257,3,287.88,863.64
6009,346,1,206.81,206.81
6010,144,2,149.85,299.7
6010,219,2,9.55,19.1
6010,373,3,259.22,777.6600000000001
6011,469,1,351.84,351.84
6011,124,3,130.44,391.32
6012,460,3,382.54,1147.6200000000001
6012,162,1,153.38,153.38
6013,285,2,440.73,881.46
6014,223,2,80.53,161.06
6015,474,3,239.02,717.0600000000001
6015,177,1,337.04,337.04
6016,391,3,14.9,44.7
6016,138,3,93.72,281.15999999999997
6016,295,3,366.04,1098.1200000000001
6017,204,3,396.2,1188.6
6017,90,2,171.02,342.04
6018,243,1,358.15,358.15
6018,22,2,491.32,982.64
6019,468,2,24.15,48.3
6019,78,3,164.41,493.23
6019,258,3,440.33,1320.99
6020,137,1,124.07,124.07
6020,51,3,124.89,374.67
6020,119,3,120.42,361.26
6021,333,2,61.26,122.52
6021,11,1,415.63,415.63
6021,341,2,469.56,939.12
6021,374,3,415.45,1246.35
6021,238,3,150.48,451.43999999999994
6022,387,1,130.92,130.92
6022,217,3,80.51,241.53000000000003
6022,480,2,209.16,418.32
6022,371,2,319.89,639.78
6023,144,2,149.85,299.7
6024,205,3,59.11,177.32999999999998
6024,238,3,150.48,451.43999999999994
6024,213,3,343.62,1030.8600000000001
6024,306,3,12.42,37.26
6025,95,1,452.34,452.34
6026,234,1,202.87,202.87
6026,201,3,258.09,774.27
6026,387,3,130.92,392.76
6026,483,2,70.53,141.06
6027,378,3,153.62,460.86
6027,137,1,124.07,124.07
6028,345,3,179.94,539.8199999999999
6028,202,1,174.67,174.67
6028,196,1,372.88,372.88
6029,103,2,363.27,726.54
6029,445,2,124.24,248.48
6030,203,1,490.13,490.13
6031,255,3,170.99,512.97
6031,337,3,226.35,679.05
6032,415,1,454.18,454.18
6032,95,3,452.34,1357.02
6032,429,3,257.85,773.5500000000001
6032,3,1,458.68,458.68
6032,222,3,310.77,932.31
6033,267,1,347.18,347.18
6033,74,3,83.84,251.52
6033,341,2,469.56,939.12
6034,33,3,199.18,597.54
6034,255,2,170.99,341.98
6035,92,1,86.51,86.51
6035,455,1,105.02,105.02
6035,316,1,68.22,68.22
6036,374,2,415.45,830.9
6037,341,1,469.56,469.56
6037,493,2,435.98,871.96
6037,272,3,182.96,548.88
6037,198,3,209.69,629.0699999999999
6038,288,2,174.29,348.58
6038,143,2,248.2,496.4
6038,465,1,484.34,484.34
6038,391,1,14.9,14.9
6038,283,3,391.26,1173.78
6039,73,3,279.0,837.0
6039,144,3,149.85,449.54999999999995
6039,187,1,315.62,315.62
6039,50,2,347.73,695.46
6039,395,2,254.9,509.8
6040,215,1,313.01,313.01
6040,405,1,26.88,26.88
6040,83,1,243.84,243.84
6041,437,2,150.85,301.7
6041,133,1,195.06,195.06
6041,454,3,122.06,366.18
6041,337,3,226.35,679.05
6042,425,2,211.7,423.4
6043,403,1,44.77,44.77
6043,126,2,320.91,641.82
6043,387,1,130.92,130.92
6043,166,3,474.92,1424.76
6044,176,2,66.77,133.54
6044,402,1,336.6,336.6
6044,298,1,310.25,310.25
6044,417,3,202.32,606.96
6044,106,1,422.11,422.11
6045,418,1,141.62,141.62
6045,320,3,142.18,426.54
6046,249,1,143.22,143.22
6046,451,2,332.65,665.3
6046,432,1,18.81,18.81
6046,474,2,239.02,478.04
6047,147,3,404.23,1212.69
6048,103,3,363.27,1089.81
6048,176,2,66.77,133.54
6048,408,3,182.79,548.37
6049,446,3,480.38,1441.1399999999999
6050,87,3,367.59,1102.77
6050,457,1,196.35,196.35
6051,250,3,179.65,538.95
6051,145,1,438.41,438.41
6051,477,3,155.19,465.57
6051,309,2,484.02,968.04
6052,306,1,12.42,12.42
6052,236,3,495.48,1486.44
6053,354,3,107.87,323.61
6053,323,3,5.34,16.02
6054,21,1,348.11,348.11
6054,58,2,462.1,924.2
6054,17,3,430.34,1291.02
6054,241,3,463.38,1390.1399999999999
6054,45,3,442.81,1328.43
6055,12,1,291.6,291.6
6055,33,2,199.18,398.36
6056,336,2,41.55,83.1
6056,116,3,490.7,1472.1
6056,403,2,44.77,89.54
6056,467,3,24.18,72.53999999999999
6056,395,1,254.9,254.9
6057,139,2,349.74,699.48
6058,344,3,138.55,415.65000000000003
6058,255,3,170.99,512.97
6058,199,3,355.65,1066.9499999999998
6059,273,1,193.27,193.27
6059,92,3,86.51,259.53000000000003
6060,464,2,296.32,592.64
6060,39,2,105.83,211.66
6060,231,2,376.58,753.16
6060,89,1,437.32,437.32
6061,315,2,30.07,60.14
6062,300,3,250.81,752.4300000000001
6062,150,2,216.59,433.18
6062,22,3,491.32,1473.96
6063,178,3,449.89,1349.67
6063,283,3,391.26,1173.78
6063,464,3,296.32,888.96
6063,276,2,254.66,509.32
6064,336,3,41.55,124.64999999999999
6064,9,1,331.01,331.01
6064,374,2,415.45,830.9
6065,89,3,437.32,1311.96
6065,7,3,479.78,1439.34
6065,404,1,115.89,115.89
6066,189,2,23.31,46.62
6066,25,2,206.03,412.06
6066,55,1,243.64,243.64
6066,183,1,206.12,206.12
6067,35,3,14.23,42.69
6067,490,3,487.09,1461.27
6067,287,3,477.19,1431.57
6067,33,1,199.18,199.18
6068,324,3,311.54,934.6200000000001
6068,434,2,379.85,759.7
6069,376,1,120.28,120.28
6069,358,1,198.63,198.63
6069,408,3,182.79,548.37
6069,351,3,385.67,1157.01
6070,243,2,358.15,716.3
6071,350,2,170.56,341.12
6071,479,3,131.06,393.18
6071,292,1,335.18,335.18
6072,182,3,491.56,1474.68
6072,450,3,245.71,737.13
6072,378,2,153.62,307.24
6072,367,1,403.14,403.14
6073,106,2,422.11,844.22
6073,416,2,163.35,326.7
6073,334,1,281.98,281.98
6074,271,2,188.99,377.98
6074,438,1,100.54,100.54
6074,16,3,191.38,574.14
6075,446,2,480.38,960.76
6075,110,1,124.44,124.44
6075,305,1,80.66,80.66
6076,223,3,80.53,241.59
6076,492,2,28.24,56.48
6077,66,3,113.14,339.42
6077,170,3,432.62,1297.8600000000001
6077,64,2,330.1,660.2
6078,163,2,307.1,614.2
6078,166,1,474.92,474.92
6078,330,2,434.93,869.86
6078,121,1,143.28,143.28
6079,444,1,232.11,232.11
6079,423,2,317.55,635.1
6079,260,2,459.47,918.94
6079,429,3,257.85,773.5500000000001
6080,326,3,337.22,1011.6600000000001
6080,18,2,395.52,791.04
6080,452,1,235.45,235.45
6080,248,2,255.64,511.28
6080,85,2,173.78,347.56
6081,440,1,362.37,362.37
6081,202,2,174.67,349.34
6081,305,2,80.66,161.32
6081,362,2,110.19,220.38
6082,227,3,413.65,1240.9499999999998
6082,449,1,209.61,209.61
6082,353,3,303.46,910.3799999999999
6082,213,2,343.62,687.24
6083,487,1,396.73,396.73
6083,289,1,427.58,427.58
6084,328,3,251.99,755.97
6084,287,3,477.19,1431.57
6084,183,3,206.12,618.36
6085,99,1,142.89,142.89
6085,91,2,440.33,880.66
6085,101,1,38.7,38.7
6085,445,1,124.24,124.24
6086,215,3,313.01,939.03
6086,471,1,64.44,64.44
6086,74,2,83.84,167.68
6087,378,1,153.62,153.62
6087,166,3,474.92,1424.76
6087,10,2,421.91,843.82
6087,374,3,415.45,1246.35
6087,42,1,38.5,38.5
6088,323,3,5.34,16.02
6088,412,3,343.82,1031.46
6089,383,2,114.97,229.94
6089,262,2,356.94,713.88
6089,77,2,254.31,508.62
6089,465,1,484.34,484.34
6089,74,2,83.84,167.68
6090,461,1,472.53,472.53
6090,41,2,314.77,629.54
6090,411,1,311.19,311.19
6090,17,3,430.34,1291.02
6090,119,1,120.42,120.42
6091,63,2,270.0,540.0
6091,134,3,9.79,29.369999999999997
6092,123,1,187.5,187.5
6093,170,3,432.62,1297.8600000000001
6093,203,2,490.13,980.26
6094,490,3,487.09,1461.27
6094,182,3,491.56,1474.68
6094,165,3,170.69,512.0699999999999
6095,166,1,474.92,474.92
6095,32,2,284.06,568.12
6095,337,3,226.35,679.05
6095,286,2,67.86,135.72
6096,400,2,297.67,595.34
6096,147,2,404.23,808.46
6097,275,3,404.88,1214.6399999999999
6097,374,3,415.45,1246.35
6097,334,3,281.98,845.94
6097,384,2,9.03,18.06
6098,362,1,110.19,110.19
6098,154,1,371.7,371.7
6098,142,2,176.49,352.98
6098,63,3,270.0,810.0
6098,6,2,23.99,47.98
6099,436,1,41.76,41.76
6099,333,1,61.26,61.26
6099,427,2,323.5,647.0
6100,441,1,314.36,314.36
6100,423,1,317.55,317.55
6101,218,3,213.29,639.87
6101,79,1,102.92,102.92
6101,78,3,164.41,493.23
6101,268,2,430.32,860.64
6102,466,3,465.33,1395.99
6102,249,1,143.22,143.22
6102,93,3,325.85,977.5500000000001
6103,202,3,174.67,524.01
6103,398,3,182.45,547.3499999999999
6103,242,3,233.81,701.4300000000001
6103,255,3,170.99,512.97
6103,220,3,58.27,174.81
6104,27,2,432.61,865.22
6104,284,2,322.24,644.48
6104,89,2,437.32,874.64
6104,251,2,208.81,417.62
6104,175,2,235.77,471.54
6105,202,2,174.67,349.34
6105,427,1,323.5,323.5
6105,394,1,202.77,202.77
6105,372,2,224.89,449.78
6106,283,1,391.26,391.26
6106,414,3,457.0,1371.0
6106,93,2,325.85,651.7
6106,404,3,115.89,347.67
6107,92,2,86.51,173.02
6107,301,2,287.0,574.0
6107,107,3,262.2,786.5999999999999
6108,465,3,484.34,1453.02
6108,121,2,143.28,286.56
6108,117,2,16.06,32.12
6109,159,1,287.61,287.61
6110,437,3,150.85,452.54999999999995
6110,365,2,373.53,747.06
6111,340,1,281.13,281.13
6111,124,3,130.44,391.32
6112,382,1,65.87,65.87
6112,310,3,78.93,236.79000000000002
6112,321,3,271.53,814.5899999999999
6112,21,1,348.11,348.11
6112,87,2,367.59,735.18
6113,268,1,430.32,430.32
6114,175,1,235.77,235.77
6114,363,1,479.64,479.64
6114,359,1,353.69,353.69
6114,165,1,170.69,170.69
6114,211,2,470.02,940.04
6115,177,2,337.04,674.08
6115,452,3,235.45,706.3499999999999
6115,386,3,273.27,819.81
6115,433,3,457.16,1371.48
6115,274,3,203.73,611.1899999999999
6116,198,1,209.69,209.69
6116,460,3,382.54,1147.6200000000001
6116,232,3,478.28,1434.84
6116,44,2,437.15,874.3
6116,322,2,325.9,651.8
6117,25,1,206.03,206.03
6117,365,1,373.53,373.53
6117,20,3,446.93,1340.79
6118,9,1,331.01,331.01
6118,187,1,315.62,315.62
6118,81,1,112.52,112.52
6119,301,1,287.0,287.0
6119,423,3,317.55,952.6500000000001
6119,20,2,446.93,893.86
6120,54,2,393.16,786.32
6121,293,3,487.59,1462.77
6121,111,1,283.29,283.29
6122,10,3,421.91,1265.73
6123,247,2,228.88,457.76
6123,114,3,108.7,326.1
6123,494,3,340.34,1021.02
6123,114,2,108.7,217.4
6123,35,1,14.23,14.23
6124,332,1,450.12,450.12
6124,296,2,348.54,697.08
6124,308,3,477.22,1431.66
6124,255,2,170.99,341.98
6125,353,1,303.46,303.46
6125,130,2,201.64,403.28
6125,204,3,396.2,1188.6
6125,171,1,35.49,35.49
6125,48,3,113.06,339.18
6126,162,1,153.38,153.38
6127,134,1,9.79,9.79
6127,456,3,242.56,727.6800000000001
6127,134,3,9.79,29.369999999999997
6127,467,3,24.18,72.53999999999999
6127,375,2,259.59,519.18
6128,154,1,371.7,371.7
6129,76,3,476.31,1428.93
6130,117,1,16.06,16.06
6130,111,3,283.29,849.8700000000001
6131,202,3,174.67,524.01
6132,58,3,462.1,1386.3000000000002
6133,47,1,140.75,140.75
6134,13,3,41.35,124.05000000000001
6134,462,2,153.15,306.3
6134,124,3,130.44,391.32
6135,265,2,452.37,904.74
6135,252,3,333.44,1000.3199999999999
6135,392,2,364.88,729.76
6136,423,1,317.55,317.55
6136,36,1,325.79,325.79
6137,429,1,257.85,257.85
6138,428,1,48.76,48.76
6138,468,3,24.15,72.44999999999999
6138,362,2,110.19,220.38
6138,210,2,366.8,733.6
6139,405,1,26.88,26.88
6140,133,1,195.06,195.06
6140,438,3,100.54,301.62
6140,148,1,228.08,228.08
6141,280,3,346.03,1038.09
6141,385,1,177.56,177.56
6141,182,1,491.56,491.56
6141,112,1,17.77,17.77
6142,208,3,342.64,1027.92
6142,129,1,293.08,293.08
6143,234,2,202.87,405.74
6143,191,1,334.45,334.45
6144,310,1,78.93,78.93
6144,459,2,220.51,441.02
6144,426,2,438.33,876.66
6145,23,3,124.25,372.75
6145,322,2,325.9,651.8
6145,261,3,235.72,707.16
6146,112,1,17.77,17.77
6147,26,2,170.87,341.74
6147,156,3,404.58,1213.74
6147,402,2,336.6,673.2
6147,363,2,479.64,959.28
6147,327,2,357.39,714.78
6148,33,3,199.18,597.54
6148,158,2,269.42,538.84
6148,234,3,202.87,608.61
6149,301,3,287.0,861.0
6149,92,1,86.51,86.51
6149,186,2,288.34,576.68
6149,423,2,317.55,635.1
6149,68,1,5.86,5.86
6150,368,1,226.17,226.17
6151,402,3,336.6,1009.8000000000001
6151,379,2,222.7,445.4
6152,217,2,80.51,161.02
6152,195,2,280.71,561.42
6152,58,2,462.1,924.2
6152,201,1,258.09,258.09
6153,269,2,183.25,366.5
6154,496,2,341.88,683.76
6154,316,1,68.22,68.22
6154,209,2,195.24,390.48
6154,4,3,15.4,46.2
6155,186,3,288.34,865.02
6155,25,1,206.03,206.03
6155,187,2,315.62,631.24
6155,200,2,134.77,269.54
6155,36,3,325.79,977.3700000000001
6156,328,3,251.99,755.97
6156,478,3,356.16,1068.48
6156,334,2,281.98,563.96
6156,265,1,452.37,452.37
6156,459,1,220.51,220.51
6157,128,1,19.74,19.74
6157,145,1,438.41,438.41
6157,265,2,452.37,904.74
6157,324,1,311.54,311.54
6158,117,1,16.06,16.06
6158,395,2,254.9,509.8
6158,295,1,366.04,366.04
6158,242,2,233.81,467.62
6158,377,2,139.69,279.38
6159,247,2,228.88,457.76
6159,206,3,353.54,1060.6200000000001
6159,240,3,98.4,295.20000000000005
6159,450,2,245.71,491.42
6159,316,3,68.22,204.66
6160,87,2,367.59,735.18
6160,360,1,396.94,396.94
6160,263,2,168.0,336.0
6160,246,1,234.51,234.51
6160,301,1,287.0,287.0
6161,68,1,5.86,5.86
6161,58,3,462.1,1386.3000000000002
6162,250,3,179.65,538.95
6162,179,2,422.57,845.14
6162,208,1,342.64,342.64
6162,197,1,66.56,66.56
6162,371,3,319.89,959.67
6163,323,2,5.34,10.68
6164,210,1,366.8,366.8
6164,396,2,69.93,139.86
6164,3,3,458.68,1376.04
6165,456,1,242.56,242.56
6166,166,3,474.92,1424.76
6167,52,1,207.19,207.19
6168,313,1,181.23,181.23
6168,447,3,156.88,470.64
6168,287,3,477.19,1431.57
6169,67,3,439.97,1319.91
6170,219,2,9.55,19.1
6170,429,1,257.85,257.85
6170,310,1,78.93,78.93
6171,64,1,330.1,330.1
6171,394,3,202.77,608.3100000000001
6171,492,1,28.24,28.24
6171,398,1,182.45,182.45
6171,77,2,254.31,508.62
6172,114,1,108.7,108.7
6172,489,2,229.25,458.5
6172,128,3,19.74,59.22
6173,89,2,437.32,874.64
6174,388,3,439.12,1317.3600000000001
6174,21,1,348.11,348.11
6174,299,1,207.73,207.73
6175,246,1,234.51,234.51
6175,376,3,120.28,360.84000000000003
6176,153,3,435.4,1306.1999999999998
6176,129,2,293.08,586.16
6176,129,1,293.08,293.08
6176,193,1,271.29,271.29
6177,107,3,262.2,786.5999999999999
6177,482,2,479.46,958.92
6178,381,1,212.11,212.11
6178,415,2,454.18,908.36
6178,377,1,139.69,139.69
6178,264,1,165.99,165.99
6178,54,3,393.16,1179.48
6179,290,2,334.81,669.62
6179,351,2,385.67,771.34
6179,80,1,296.1,296.1
6180,339,3,327.73,983.19
6180,71,1,43.24,43.24
6180,86,2,409.34,818.68
6181,209,1,195.24,195.24
6181,87,3,367.59,1102.77
6182,4,2,15.4,30.8
6183,80,2,296.1,592.2
6183,300,3,250.81,752.4300000000001
6184,284,1,322.24,322.24
6184,301,1,287.0,287.0
6184,2,2,139.66,279.32
6184,155,3,77.89,233.67000000000002
6184,336,3,41.55,124.64999999999999
6185,174,2,258.78,517.56
6185,204,3,396.2,1188.6
6186,134,3,9.79,29.369999999999997
6186,262,2,356.94,713.88
6186,142,3,176.49,529.47
6186,435,1,219.72,219.72
6187,397,2,154.37,308.74
6187,143,1,248.2,248.2
6187,189,2,23.31,46.62
6187,454,2,122.06,244.12
6187,426,1,438.33,438.33
6188,7,2,479.78,959.56
6188,67,1,439.97,439.97
6188,151,1,369.64,369.64
6189,428,3,48.76,146.28
6189,142,2,176.49,352.98
6189,78,3,164.41,493.23
6190,33,3,199.18,597.54
6191,269,1,183.25,183.25
6191,361,2,89.18,178.36
6192,328,2,251.99,503.98
6192,83,2,243.84,487.68
6193,450,3,245.71,737.13
6194,386,2,273.27,546.54
6195,116,3,490.7,1472.1
6195,228,1,469.49,469.49
6195,109,1,489.42,489.42
6195,466,3,465.33,1395.99
6196,145,3,438.41,1315.23
6196,216,1,256.85,256.85
6197,181,1,369.11,369.11
6197,401,3,99.91,299.73
6198,427,1,323.5,323.5
6198,311,2,432.8,865.6
6198,467,3,24.18,72.53999999999999
6199,320,2,142.18,284.36
6199,101,3,38.7,116.10000000000001
6200,312,1,176.2,176.2
6200,168,1,396.27,396.27
6201,313,2,181.23,362.46
6201,368,3,226.17,678.51
6202,133,1,195.06,195.06
6202,368,3,226.17,678.51
6203,270,2,132.23,264.46
6203,138,3,93.72,281.15999999999997
6204,38,2,437.95,875.9
6204,420,2,410.03,820.06
6204,49,2,486.05,972.1
6205,206,2,353.54,707.08
6205,163,1,307.1,307.1
6206,32,2,284.06,568.12
6206,180,1,348.73,348.73
6207,367,3,403.14,1209.42
6207,400,1,297.67,297.67
6207,483,2,70.53,141.06
6208,375,1,259.59,259.59
6208,44,3,437.15,1311.4499999999998
6209,243,2,358.15,716.3
6209,329,2,361.76,723.52
6209,471,1,64.44,64.44
6209,142,2,176.49,352.98
6210,227,3,413.65,1240.9499999999998
6211,210,2,366.8,733.6
6211,173,2,364.45,728.9
6212,233,2,76.89,153.78
6213,102,1,196.78,196.78
6214,435,1,219.72,219.72
6214,174,2,258.78,517.56
6214,297,3,225.21,675.63
6214,103,3,363.27,1089.81
6214,265,2,452.37,904.74
6215,207,1,68.25,68.25
6215,223,3,80.53,241.59
6216,445,1,124.24,124.24
6217,235,1,384.75,384.75
6217,254,3,218.23,654.6899999999999
6217,301,3,287.0,861.0
6218,352,2,23.31,46.62
6218,11,3,415.63,1246.8899999999999
6218,20,2,446.93,893.86
6218,172,3,171.63,514.89
6219,87,3,367.59,1102.77
6220,99,1,142.89,142.89
6221,128,3,19.74,59.22
6221,320,3,142.18,426.54
6221,273,2,193.27,386.54
6221,405,3,26.88,80.64
6222,133,2,195.06,390.12
6222,412,1,343.82,343.82
6222,229,3,230.52,691.5600000000001
6223,235,1,384.75,384.75
6223,64,2,330.1,660.2
6223,180,3,348.73,1046.19
6223,97,2,91.52,183.04
6223,352,2,23.31,46.62
6224,353,1,303.46,303.46
6224,114,3,108.7,326.1
6224,72,1,455.9,455.9
6224,306,1,12.42,12.42
6224,427,2,323.5,647.0
6225,24,3,497.43,1492.29
6226,64,3,330.1,990.3000000000001
6227,32,3,284.06,852.1800000000001
6227,234,2,202.87,405.74
6228,425,1,211.7,211.7
6228,338,3,287.2,861.5999999999999
6228,22,3,491.32,1473.96
6229,290,3,334.81,1004.4300000000001
6229,347,3,186.64,559.92
6229,154,1,371.7,371.7
6229,88,2,361.93,723.86
6230,482,3,479.46,1438.3799999999999
6230,67,2,439.97,879.94
6230,8,3,236.88,710.64
6230,18,3,395.52,1186.56
6230,405,1,26.88,26.88
6231,270,1,132.23,132.23
6231,243,1,358.15,358.15
6231,384,2,9.03,18.06
6231,32,1,284.06,284.06
6231,379,1,222.7,222.7
6232,126,3,320.91,962.73
6232,264,1,165.99,165.99
6232,226,1,285.61,285.61
6233,274,3,203.73,611.1899999999999
6233,284,3,322.24,966.72
6233,182,2,491.56,983.12
6233,464,1,296.32,296.32
6234,288,2,174.29,348.58
6234,82,1,479.76,479.76
6235,214,3,460.83,1382.49
6235,275,2,404.88,809.76
6235,266,1,292.77,292.77
6236,333,3,61.26,183.78
6236,207,2,68.25,136.5
6236,242,2,233.81,467.62
6237,325,2,470.48,940.96
6237,33,2,199.18,398.36
6237,104,3,355.23,1065.69
6237,238,1,150.48,150.48
6238,485,2,165.35,330.7
6238,323,2,5.34,10.68
6238,270,3,132.23,396.68999999999994
6238,114,1,108.7,108.7
6238,249,3,143.22,429.65999999999997
6239,183,1,206.12,206.12
6239,257,1,287.88,287.88
6240,293,3,487.59,1462.77
6240,301,3,287.0,861.0
6240,338,2,287.2,574.4
6240,180,2,348.73,697.46
6240,180,2,348.73,697.46
6241,123,2,187.5,375.0
6242,289,2,427.58,855.16
6243,195,3,280.71,842.1299999999999
6244,360,3,396.94,1190.82
6244,16,2,191.38,382.76
6244,366,1,409.85,409.85
6245,426,3,438.33,1314.99
6245,472,1,485.93,485.93
6245,21,3,348.11,1044.33
6245,399,2,62.97,125.94
6246,47,2,140.75,281.5
6247,229,3,230.52,691.5600000000001
6247,318,1,219.59,219.59
6247,119,2,120.42,240.84
6247,143,2,248.2,496.4
6247,450,1,245.71,245.71
6248,323,3,5.34,16.02
6248,277,2,74.18,148.36
6248,436,2,41.76,83.52
6249,233,2,76.89,153.78
6250,205,1,59.11,59.11
6250,166,2,474.92,949.84
6251,476,3,121.13,363.39
6251,186,2,288.34,576.68
6251,470,1,67.19,67.19
6251,322,2,325.9,651.8
6251,381,3,212.11,636.33
6252,214,1,460.83,460.83
6252,269,3,183.25,549.75
6252,134,3,9.79,29.369999999999997
6252,429,1,257.85,257.85
6253,275,1,404.88,404.88
6253,81,3,112.52,337.56
6253,293,3,487.59,1462.77
6254,154,3,371.7,1115.1
6254,382,1,65.87,65.87
6254,413,3,64.03,192.09
6254,48,2,113.06,226.12
6255,468,1,24.15,24.15
6255,28,2,72.62,145.24
6255,222,3,310.77,932.31
6256,151,1,369.64,369.64
6256,53,2,440.06,880.12
6256,36,1,325.79,325.79
6256,431,2,370.38,740.76
6256,424,2,41.06,82.12
6257,389,3,497.51,1492.53
6257,490,1,487.09,487.09
6257,441,1,314.36,314.36
6258,237,3,236.39,709.17
6258,45,3,442.81,1328.43
6259,38,3,437.95,1313.85
6259,221,1,42.15,42.15
6260,21,1,348.11,348.11
6260,178,2,449.89,899.78
6260,328,1,251.99,251.99
6260,291,2,336.86,673.72
6261,60,3,407.73,1223.19
6261,134,2,9.79,19.58
6262,272,3,182.96,548.88
6262,137,3,124.07,372.21
6262,210,3,366.8,1100.4
6263,418,2,141.62,283.24
6263,167,2,14.91,29.82
6263,19,3,343.63,1030.8899999999999
6263,381,1,212.11,212.11
6263,437,1,150.85,150.85
6264,319,3,132.86,398.58000000000004
6264,336,3,41.55,124.64999999999999
6265,383,2,114.97,229.94
6266,493,2,435.98,871.96
6266,235,2,384.75,769.5
6267,441,3,314.36,943.08
6267,1,2,107.54,215.08
6267,23,3,124.25,372.75
6267,295,1,366.04,366.04
6268,351,3,385.67,1157.01
6268,399,2,62.97,125.94
6269,101,3,38.7,116.10000000000001
6269,19,2,343.63,687.26
6269,113,2,180.72,361.44
6269,42,3,38.5,115.5
6270,17,3,430.34,1291.02
6270,438,3,100.54,301.62
6270,192,3,361.57,1084.71
6270,246,3,234.51,703.53
6270,83,2,243.84,487.68
6271,422,1,275.45,275.45
6272,374,3,415.45,1246.35
6272,238,1,150.48,150.48
6272,56,3,258.91,776.73
6272,96,1,95.56,95.56
6273,282,3,463.34,1390.02
6273,87,3,367.59,1102.77
6273,421,3,450.64,1351.92
6274,101,1,38.7,38.7
6274,29,1,362.83,362.83
6274,287,3,477.19,1431.57
6275,288,1,174.29,174.29
6275,401,1,99.91,99.91
6275,167,2,14.91,29.82
6275,99,2,142.89,285.78
6276,397,3,154.37,463.11
6277,172,1,171.63,171.63
6277,3,3,458.68,1376.04
6277,305,2,80.66,161.32
6277,160,3,386.52,1159.56
6277,113,2,180.72,361.44
6278,81,2,112.52,225.04
6278,293,2,487.59,975.18
6279,40,1,290.43,290.43
6279,406,1,7.55,7.55
6279,330,3,434.93,1304.79
6280,98,2,375.73,751.46
6280,416,2,163.35,326.7
6281,19,1,343.63,343.63
6282,168,1,396.27,396.27
6282,309,3,484.02,1452.06
6282,50,3,347.73,1043.19
6283,154,2,371.7,743.4
6283,453,2,335.96,671.92
6283,69,3,494.8,1484.4
6283,82,3,479.76,1439.28
6284,20,3,446.93,1340.79
6284,332,3,450.12,1350.3600000000001
6284,167,1,14.91,14.91
6284,469,1,351.84,351.84
6285,104,1,355.23,355.23
6286,356,3,346.58,1039.74
6287,405,2,26.88,53.76
6287,63,1,270.0,270.0
6287,374,2,415.45,830.9
6287,386,1,273.27,273.27
6287,331,2,69.86,139.72
6288,376,2,120.28,240.56
6288,56,2,258.91,517.82
6288,254,1,218.23,218.23
6288,207,1,68.25,68.25
6288,135,1,451.07,451.07
6289,38,3,437.95,1313.85
6289,74,3,83.84,251.52
6289,146,2,299.06,598.12
6290,41,1,314.77,314.77
6290,60,1,407.73,407.73
6291,398,2,182.45,364.9
6291,354,1,107.87,107.87
6292,304,2,282.76,565.52
6292,207,3,68.25,204.75
6293,236,1,495.48,495.48
6293,498,3,48.54,145.62
6293,8,1,236.88,236.88
6293,36,1,325.79,325.79
6294,114,1,108.7,108.7
6294,275,2,404.88,809.76
6295,141,3,257.07,771.21
6295,177,2,337.04,674.08
6295,385,1,177.56,177.56
6295,340,1,281.13,281.13
6295,180,1,348.73,348.73
6296,137,2,124.07,248.14
6297,396,1,69.93,69.93
6297,62,2,403.84,807.68
6297,71,1,43.24,43.24
6297,212,1,381.28,381.28
6298,91,1,440.33,440.33
6298,266,1,292.77,292.77
6298,442,3,470.37,1411.1100000000001
6298,495,2,239.08,478.16
6299,83,2,243.84,487.68
6299,91,1,440.33,440.33
6299,32,3,284.06,852.1800000000001
6300,172,2,171.63,343.26
6300,278,2,178.94,357.88
6300,111,3,283.29,849.8700000000001
6301,433,1,457.16,457.16
6301,101,2,38.7,77.4
6301,190,3,387.18,1161.54
6302,496,2,341.88,683.76
6303,36,2,325.79,651.58
6303,222,3,310.77,932.31
6303,144,3,149.85,449.54999999999995
6303,463,1,76.72,76.72
6304,156,2,404.58,809.16
6304,57,3,281.31,843.9300000000001
6305,129,3,293.08,879.24
6305,271,2,188.99,377.98
6305,136,1,277.36,277.36
6305,379,1,222.7,222.7
6305,262,3,356.94,1070.82
6306,409,3,98.63,295.89
6306,220,2,58.27,116.54
6306,483,1,70.53,70.53
6306,409,1,98.63,98.63
6307,393,2,129.5,259.0
6308,98,1,375.73,375.73
6308,429,2,257.85,515.7
6308,266,2,292.77,585.54
6308,264,1,165.99,165.99
6309,93,1,325.85,325.85
6309,227,1,413.65,413.65
6309,166,1,474.92,474.92
6309,43,3,84.75,254.25
6310,82,2,479.76,959.52
6310,333,3,61.26,183.78
6310,459,3,220.51,661.53
6310,93,3,325.85,977.5500000000001
6310,380,1,378.14,378.14
6311,459,3,220.51,661.53
6311,201,3,258.09,774.27
6311,270,3,132.23,396.68999999999994
6312,31,2,384.06,768.12
6313,167,3,14.91,44.730000000000004
6313,290,3,334.81,1004.4300000000001
6314,326,1,337.22,337.22
6314,417,2,202.32,404.64
6314,201,3,258.09,774.27
6314,242,1,233.81,233.81
6314,478,2,356.16,712.32
6315,52,2,207.19,414.38
6315,106,1,422.11,422.11
6315,465,2,484.34,968.68
6316,341,1,469.56,469.56
6316,306,1,12.42,12.42
6316,19,1,343.63,343.63
6317,190,3,387.18,1161.54
6317,209,1,195.24,195.24
6317,197,2,66.56,133.12
6317,414,3,457.0,1371.0
6318,371,1,319.89,319.89
6318,427,3,323.5,970.5
6319,8,2,236.88,473.76
6319,310,3,78.93,236.79000000000002
6319,262,1,356.94,356.94
6319,110,2,124.44,248.88
6319,165,2,170.69,341.38
6320,403,1,44.77,44.77
6320,372,1,224.89,224.89
6320,383,1,114.97,114.97
6320,281,2,173.96,347.92
6321,61,3,118.22,354.65999999999997
6322,456,1,242.56,242.56
6323,211,1,470.02,470.02
6323,301,2,287.0,574.0
6324,304,1,282.76,282.76
6324,57,2,281.31,562.62
6325,222,3,310.77,932.31
6325,251,1,208.81,208.81
6325,218,1,213.29,213.29
6325,98,1,375.73,375.73
6326,118,3,355.19,1065.57
6326,96,1,95.56,95.56
6326,146,3,299.06,897.1800000000001
6326,283,2,391.26,782.52
6326,291,1,336.86,336.86
6327,156,3,404.58,1213.74
6327,200,1,134.77,134.77
6328,68,3,5.86,17.580000000000002
6328,421,1,450.64,450.64
6329,457,3,196.35,589.05
6330,377,2,139.69,279.38
6330,390,2,49.86,99.72
6330,256,1,344.07,344.07
6331,172,3,171.63,514.89
6332,173,2,364.45,728.9
6333,341,1,469.56,469.56
6333,121,2,143.28,286.56
6333,224,2,133.14,266.28
6333,250,1,179.65,179.65
6334,306,1,12.42,12.42
6335,395,3,254.9,764.7
6335,217,2,80.51,161.02
6336,53,2,440.06,880.12
6336,307,3,75.2,225.60000000000002
6336,389,1,497.51,497.51
6336,249,3,143.22,429.65999999999997
6337,401,1,99.91,99.91
6337,187,2,315.62,631.24
6337,338,3,287.2,861.5999999999999
6337,297,3,225.21,675.63
6338,335,1,255.49,255.49
6338,429,3,257.85,773.5500000000001
6339,466,1,465.33,465.33
6339,91,3,440.33,1320.99
6340,435,3,219.72,659.16
6340,334,3,281.98,845.94
6340,223,3,80.53,241.59
6341,367,3,403.14,1209.42
6341,16,2,191.38,382.76
6341,375,1,259.59,259.59
6341,434,3,379.85,1139.5500000000002
6342,403,2,44.77,89.54
6342,462,3,153.15,459.45000000000005
6343,188,2,331.07,662.14
6343,490,3,487.09,1461.27
6344,66,3,113.14,339.42
6345,310,2,78.93,157.86
6345,180,1,348.73,348.73
6345,468,3,24.15,72.44999999999999
6346,24,3,497.43,1492.29
6347,112,3,17.77,53.31
6348,360,3,396.94,1190.82
6348,167,3,14.91,44.730000000000004
6349,375,1,259.59,259.59
6350,258,2,440.33,880.66
6350,275,1,404.88,404.88
6350,70,2,420.8,841.6
6351,152,1,436.45,436.45
6351,420,2,410.03,820.06
6351,341,1,469.56,469.56
6351,414,2,457.0,914.0
6352,259,1,200.38,200.38
6352,222,3,310.77,932.31
6352,469,1,351.84,351.84
6352,483,3,70.53,211.59
6353,282,1,463.34,463.34
6354,291,2,336.86,673.72
6355,139,2,349.74,699.48
6355,8,3,236.88,710.64
6355,220,1,58.27,58.27
6355,179,2,422.57,845.14
6355,198,1,209.69,209.69
6356,37,3,183.06,549.1800000000001
6356,436,2,41.76,83.52
6357,194,3,22.63,67.89
6357,241,2,463.38,926.76
6357,3,3,458.68,1376.04
6357,12,2,291.6,583.2
6357,454,3,122.06,366.18
6358,152,1,436.45,436.45
6358,213,1,343.62,343.62
6358,115,1,200.47,200.47
6358,190,2,387.18,774.36
6359,399,1,62.97,62.97
6359,164,3,158.01,474.03
6360,64,2,330.1,660.2
6361,255,2,170.99,341.98
6361,63,2,270.0,540.0
6361,430,1,379.23,379.23
6361,195,2,280.71,561.42
6361,311,3,432.8,1298.4
6362,228,3,469.49,1408.47
6362,355,1,344.54,344.54
6363,382,3,65.87,197.61
6363,128,1,19.74,19.74
6364,248,1,255.64,255.64
6364,450,1,245.71,245.71
6364,430,2,379.23,758.46
6365,74,2,83.84,167.68
6365,3,1,458.68,458.68
6365,437,1,150.85,150.85
6365,205,1,59.11,59.11
6366,181,3,369.11,1107.33
6366,406,1,7.55,7.55
6367,441,1,314.36,314.36
6367,363,1,479.64,479.64
6368,143,1,248.2,248.2
6368,113,3,180.72,542.16
6368,305,1,80.66,80.66
6368,334,2,281.98,563.96
6368,14,2,127.52,255.04
6369,345,2,179.94,359.88
6370,113,2,180.72,361.44
6370,151,1,369.64,369.64
6370,144,2,149.85,299.7
6370,464,2,296.32,592.64
6370,497,2,343.43,686.86
6371,136,2,277.36,554.72
6371,36,2,325.79,651.58
6371,393,2,129.5,259.0
6372,416,1,163.35,163.35
6372,422,3,275.45,826.3499999999999
6373,233,1,76.89,76.89
6373,484,3,304.06,912.1800000000001
6373,409,1,98.63,98.63
6374,262,3,356.94,1070.82
6374,314,3,78.8,236.39999999999998
6375,255,1,170.99,170.99
6375,19,2,343.63,687.26
6375,52,1,207.19,207.19
6376,76,3,476.31,1428.93
6376,341,1,469.56,469.56
6376,375,3,259.59,778.77
6376,38,3,437.95,1313.85
6376,493,1,435.98,435.98
6377,37,1,183.06,183.06
6377,322,3,325.9,977.6999999999999
6378,18,1,395.52,395.52
6379,301,1,287.0,287.0
6379,462,2,153.15,306.3
6379,252,2,333.44,666.88
6380,272,1,182.96,182.96
6380,210,1,366.8,366.8
6380,129,3,293.08,879.24
6380,255,1,170.99,170.99
6381,282,1,463.34,463.34
6381,326,1,337.22,337.22
6381,298,3,310.25,930.75
6381,169,2,466.19,932.38
6381,34,1,150.14,150.14
6382,4,3,15.4,46.2
6382,10,2,421.91,843.82
6382,211,1,470.02,470.02
6382,303,3,384.8,1154.4
6383,200,3,134.77,404.31000000000006
6383,465,1,484.34,484.34
6383,34,3,150.14,450.41999999999996
6383,73,3,279.0,837.0
6383,160,1,386.52,386.52
6384,20,1,446.93,446.93
6384,46,2,51.28,102.56
6385,200,3,134.77,404.31000000000006
6385,199,1,355.65,355.65
6385,500,2,236.72,473.44
6386,335,2,255.49,510.98
6387,440,1,362.37,362.37
6387,146,1,299.06,299.06
6388,449,2,209.61,419.22
6389,416,2,163.35,326.7
6389,443,1,365.07,365.07
6389,193,1,271.29,271.29
6389,496,1,341.88,341.88
6389,24,3,497.43,1492.29
6390,117,1,16.06,16.06
6390,482,1,479.46,479.46
6391,18,2,395.52,791.04
6391,1,2,107.54,215.08
6392,318,2,219.59,439.18
6392,162,2,153.38,306.76
6393,107,3,262.2,786.5999999999999
6394,126,2,320.91,641.82
6394,116,1,490.7,490.7
6394,187,3,315.62,946.86
6394,410,3,227.81,683.4300000000001
6394,374,3,415.45,1246.35
6395,142,3,176.49,529.47
6395,462,3,153.15,459.45000000000005
6395,98,1,375.73,375.73
6396,267,2,347.18,694.36
6396,433,2,457.16,914.32
6396,257,1,287.88,287.88
6396,178,2,449.89,899.78
6396,121,3,143.28,429.84000000000003
6397,122,1,65.23,65.23
6397,115,3,200.47,601.41
6397,352,1,23.31,23.31
6397,384,3,9.03,27.089999999999996
6398,259,3,200.38,601.14
6398,200,1,134.77,134.77
6398,61,1,118.22,118.22
6398,450,2,245.71,491.42
6399,114,2,108.7,217.4
6400,283,3,391.26,1173.78
6400,112,3,17.77,53.31
6401,490,2,487.09,974.18
6401,328,2,251.99,503.98
6401,363,1,479.64,479.64
6402,313,1,181.23,181.23
6402,248,1,255.64,255.64
6402,312,2,176.2,352.4
6402,245,1,426.38,426.38
6403,194,1,22.63,22.63
6403,231,1,376.58,376.58
6404,74,1,83.84,83.84
6404,337,3,226.35,679.05
6405,153,3,435.4,1306.1999999999998
6405,180,1,348.73,348.73
6405,363,3,479.64,1438.92
6405,261,2,235.72,471.44
6406,53,1,440.06,440.06
6407,270,1,132.23,132.23
6408,395,3,254.9,764.7
6408,165,3,170.69,512.0699999999999
6408,436,2,41.76,83.52
6409,126,3,320.91,962.73
6409,128,1,19.74,19.74
6409,137,1,124.07,124.07
6410,417,2,202.32,404.64
6410,154,3,371.7,1115.1
6410,351,2,385.67,771.34
6411,35,2,14.23,28.46
6412,135,1,451.07,451.07
6413,495,3,239.08,717.24
6413,303,3,384.8,1154.4
6413,374,2,415.45,830.9
6413,24,3,497.43,1492.29
6413,168,2,396.27,792.54
6414,425,2,211.7,423.4
6414,363,2,479.64,959.28
6415,147,3,404.23,1212.69
6415,133,3,195.06,585.1800000000001
6415,170,2,432.62,865.24
6416,372,2,224.89,449.78
6416,23,2,124.25,248.5
6416,455,1,105.02,105.02
6417,493,3,435.98,1307.94
6417,426,1,438.33,438.33
6418,301,3,287.0,861.0
6418,57,1,281.31,281.31
6419,67,3,439.97,1319.91
6419,359,2,353.69,707.38
6420,1,1,107.54,107.54
6420,190,1,387.18,387.18
6420,39,3,105.83,317.49
6420,279,1,273.72,273.72
6420,136,2,277.36,554.72
6421,200,3,134.77,404.31000000000006
6421,349,2,54.63,109.26
6421,124,3,130.44,391.32
6422,9,3,331.01,993.03
6422,95,1,452.34,452.34
6422,296,1,348.54,348.54
6422,200,2,134.77,269.54
6422,377,3,139.69,419.07
6423,370,1,49.7,49.7
6423,287,3,477.19,1431.57
6423,491,3,130.58,391.74
6424,81,3,112.52,337.56
6424,473,1,20.11,20.11
6424,103,3,363.27,1089.81
6424,364,2,469.93,939.86
6425,468,3,24.15,72.44999999999999
6425,100,2,175.13,350.26
6425,243,3,358.15,1074.4499999999998
6425,301,3,287.0,861.0
6425,324,3,311.54,934.6200000000001
6426,8,1,236.88,236.88
6427,326,3,337.22,1011.6600000000001
6427,288,3,174.29,522.87
6427,111,1,283.29,283.29
6428,105,1,414.79,414.79
6428,156,2,404.58,809.16
6428,410,1,227.81,227.81
6428,373,3,259.22,777.6600000000001
6428,397,1,154.37,154.37
6429,338,3,287.2,861.5999999999999
6429,415,3,454.18,1362.54
6430,308,2,477.22,954.44
6430,245,3,426.38,1279.1399999999999
6430,5,1,132.04,132.04
6431,87,1,367.59,367.59
6431,154,2,371.7,743.4
6432,458,2,290.04,580.08
6432,342,1,19.87,19.87
6433,205,1,59.11,59.11
6433,66,2,113.14,226.28
6434,429,2,257.85,515.7
6434,497,2,343.43,686.86
6435,276,1,254.66,254.66
6436,294,2,159.06,318.12
6436,31,3,384.06,1152.18
6437,395,2,254.9,509.8
6438,413,2,64.03,128.06
6438,284,2,322.24,644.48
6438,295,2,366.04,732.08
6438,330,3,434.93,1304.79
6438,428,2,48.76,97.52
6439,80,2,296.1,592.2
6440,80,2,296.1,592.2
6440,162,1,153.38,153.38
6440,46,3,51.28,153.84
6441,261,2,235.72,471.44
6441,490,3,487.09,1461.27
6442,259,2,200.38,400.76
6442,377,2,139.69,279.38
6442,292,3,335.18,1005.54
6443,304,3,282.76,848.28
6443,110,2,124.44,248.88
6443,486,1,45.81,45.81
6443,94,2,186.09,372.18
6443,437,2,150.85,301.7
6444,68,1,5.86,5.86
6444,408,2,182.79,365.58
6444,379,3,222.7,668.0999999999999
6445,161,2,281.23,562.46
6445,86,1,409.34,409.34
6446,269,2,183.25,366.5
6447,197,3,66.56,199.68
6447,305,2,80.66,161.32
6447,402,2,336.6,673.2
6448,103,1,363.27,363.27
6448,484,3,304.06,912.1800000000001
6449,282,2,463.34,926.68
6450,156,2,404.58,809.16
6451,403,2,44.77,89.54
6451,120,1,480.49,480.49
6451,167,2,14.91,29.82
6451,19,2,343.63,687.26
6451,37,3,183.06,549.1800000000001
6452,307,2,75.2,150.4
6452,93,2,325.85,651.7
6452,195,1,280.71,280.71
6453,347,3,186.64,559.92
6453,362,1,110.19,110.19
6454,364,2,469.93,939.86
6454,483,2,70.53,141.06
6454,471,2,64.44,128.88
6454,397,1,154.37,154.37
6455,308,1,477.22,477.22
6455,352,2,23.31,46.62
6455,97,1,91.52,91.52
6455,195,3,280.71,842.1299999999999
6455,51,2,124.89,249.78
6456,81,1,112.52,112.52
6456,54,3,393.16,1179.48
6456,366,3,409.85,1229.5500000000002
6457,40,2,290.43,580.86
6457,198,3,209.69,629.0699999999999
6457,88,1,361.93,361.93
6457,437,2,150.85,301.7
6458,52,2,207.19,414.38
6459,480,2,209.16,418.32
6460,5,2,132.04,264.08
6460,344,2,138.55,277.1
6460,372,3,224.89,674.67
6460,289,2,427.58,855.16
6460,193,1,271.29,271.29
6461,485,1,165.35,165.35
6461,317,1,75.98,75.98
6461,185,3,236.39,709.17
6462,171,3,35.49,106.47
6462,358,1,198.63,198.63
6463,192,1,361.57,361.57
6463,155,2,77.89,155.78
6463,122,3,65.23,195.69
6464,430,2,379.23,758.46
6464,439,3,201.62,604.86
6464,347,2,186.64,373.28
6464,470,3,67.19,201.57
6465,7,3,479.78,1439.34
6466,271,1,188.99,188.99
6466,266,3,292.77,878.31
6466,233,2,76.89,153.78
6466,61,1,118.22,118.22
6466,94,3,186.09,558.27
6467,427,3,323.5,970.5
6468,267,2,347.18,694.36
6468,315,3,30.07,90.21000000000001
6468,348,1,45.01,45.01
6468,357,1,213.41,213.41
6469,60,1,407.73,407.73
6470,411,2,311.19,622.38
6470,104,3,355.23,1065.69
6470,47,2,140.75,281.5
6470,296,1,348.54,348.54
6470,148,2,228.08,456.16
6471,281,1,173.96,173.96
6472,156,2,404.58,809.16
6473,334,2,281.98,563.96
6473,491,2,130.58,261.16
6473,392,2,364.88,729.76
6473,303,1,384.8,384.8
6473,358,1,198.63,198.63
6474,29,1,362.83,362.83
6474,172,3,171.63,514.89
6474,285,3,440.73,1322.19
6474,178,3,449.89,1349.67
6475,223,1,80.53,80.53
6475,96,2,95.56,191.12
6476,287,1,477.19,477.19
6476,10,2,421.91,843.82
6476,142,1,176.49,176.49
6476,369,1,492.83,492.83
6476,305,2,80.66,161.32
6477,227,2,413.65,827.3
6477,360,2,396.94,793.88
6477,77,1,254.31,254.31
6477,24,3,497.43,1492.29
6478,443,3,365.07,1095.21
6478,253,2,399.66,799.32
6478,404,2,115.89,231.78
6478,231,2,376.58,753.16
6478,351,1,385.67,385.67
6479,440,3,362.37,1087.1100000000001
6479,223,3,80.53,241.59
6480,16,3,191.38,574.14
6480,372,2,224.89,449.78
6480,470,2,67.19,134.38
6481,403,1,44.77,44.77
6481,114,1,108.7,108.7
6481,471,2,64.44,128.88
6482,445,1,124.24,124.24
6482,468,1,24.15,24.15
6482,473,1,20.11,20.11
6482,109,3,489.42,1468.26
6482,415,3,454.18,1362.54
6483,59,3,471.15,1413.4499999999998
6483,429,1,257.85,257.85
6483,367,3,403.14,1209.42
6484,312,1,176.2,176.2
6485,5,1,132.04,132.04
6485,448,2,119.74,239.48
6485,22,3,491.32,1473.96
6485,371,2,319.89,639.78
6486,355,1,344.54,344.54
6486,249,1,143.22,143.22
6486,256,3,344.07,1032.21
6487,45,1,442.81,442.81
6488,379,1,222.7,222.7
6488,120,3,480.49,1441.47
6488,48,2,113.06,226.12
6488,95,3,452.34,1357.02
6489,155,3,77.89,233.67000000000002
6489,68,2,5.86,11.72
6489,314,1,78.8,78.8
6489,283,1,391.26,391.26
6490,225,1,14.73,14.73
6490,59,2,471.15,942.3
6490,294,2,159.06,318.12
6490,25,2,206.03,412.06
6490,121,2,143.28,286.56
6491,112,3,17.77,53.31
6492,391,3,14.9,44.7
6492,62,1,403.84,403.84
6492,497,1,343.43,343.43
6492,386,1,273.27,273.27
6492,51,2,124.89,249.78
6493,5,3,132.04,396.12
6493,96,2,95.56,191.12
6493,165,1,170.69,170.69
6493,294,2,159.06,318.12
6493,400,3,297.67,893.01
6494,295,2,366.04,732.08
6494,300,3,250.81,752.4300000000001
6495,200,2,134.77,269.54
6496,156,3,404.58,1213.74
6496,104,3,355.23,1065.69
6496,203,1,490.13,490.13
6496,93,3,325.85,977.5500000000001
6496,343,2,220.03,440.06
6497,96,3,95.56,286.68
6497,292,1,335.18,335.18
6497,112,2,17.77,35.54
6498,348,1,45.01,45.01
6499,460,2,382.54,765.08
6499,147,2,404.23,808.46
6499,478,1,356.16,356.16
6499,353,2,303.46,606.92
6499,26,3,170.87,512.61
6500,199,1,355.65,355.65
6500,228,3,469.49,1408.47
6500,433,1,457.16,457.16
6500,441,2,314.36,628.72
6501,104,1,355.23,355.23
6501,222,3,310.77,932.31
6502,196,2,372.88,745.76
6502,367,2,403.14,806.28
6502,299,3,207.73,623.1899999999999
6503,445,1,124.24,124.24
6503,441,3,314.36,943.08
6503,318,1,219.59,219.59
6504,324,3,311.54,934.6200000000001
6504,161,1,281.23,281.23
6504,477,1,155.19,155.19
6504,294,2,159.06,318.12
6504,184,2,119.59,239.18
6505,456,2,242.56,485.12
6506,62,2,403.84,807.68
6506,191,3,334.45,1003.3499999999999
6506,491,1,130.58,130.58
6506,318,2,219.59,439.18
6507,132,2,409.11,818.22
6507,361,1,89.18,89.18
6508,234,3,202.87,608.61
6508,41,2,314.77,629.54
6508,453,3,335.96,1007.8799999999999
6508,416,3,163.35,490.04999999999995
6509,278,3,178.94,536.8199999999999
6509,240,3,98.4,295.20000000000005
6509,184,2,119.59,239.18
6510,371,2,319.89,639.78
6511,170,1,432.62,432.62
6511,428,1,48.76,48.76
6511,55,2,243.64,487.28
6511,68,1,5.86,5.86
6511,218,3,213.29,639.87
6512,448,1,119.74,119.74
6512,154,2,371.7,743.4
6512,72,3,455.9,1367.6999999999998
6512,263,2,168.0,336.0
6513,86,1,409.34,409.34
6513,271,1,188.99,188.99
6513,256,1,344.07,344.07
6513,75,2,123.97,247.94
6514,278,3,178.94,536.8199999999999
6514,11,2,415.63,831.26
6514,402,2,336.6,673.2
6514,174,2,258.78,517.56
6515,436,1,41.76,41.76
6515,89,2,437.32,874.64
6515,350,1,170.56,170.56
6515,152,3,436.45,1309.35
6516,173,3,364.45,1093.35
6516,462,1,153.15,153.15
6516,82,3,479.76,1439.28
6516,256,1,344.07,344.07
6516,460,1,382.54,382.54
6517,456,3,242.56,727.6800000000001
6517,478,2,356.16,712.32
6518,241,2,463.38,926.76
6518,500,2,236.72,473.44
6518,239,1,254.23,254.23
6519,39,2,105.83,211.66
6520,78,2,164.41,328.82
6520,267,2,347.18,694.36
6521,224,3,133.14,399.41999999999996
6521,286,3,67.86,203.57999999999998
6521,30,2,243.42,486.84
6522,369,2,492.83,985.66
6522,283,3,391.26,1173.78
6522,236,1,495.48,495.48
6522,369,1,492.83,492.83
6522,107,2,262.2,524.4
6523,305,3,80.66,241.98
6523,116,1,490.7,490.7
6523,141,1,257.07,257.07
6524,187,2,315.62,631.24
6524,34,3,150.14,450.41999999999996
6524,374,2,415.45,830.9
6524,164,3,158.01,474.03
6524,391,3,14.9,44.7
6525,407,3,474.34,1423.02
6525,126,3,320.91,962.73
6525,212,3,381.28,1143.84
6525,119,3,120.42,361.26
6526,139,3,349.74,1049.22
6526,450,2,245.71,491.42
6526,85,3,173.78,521.34
6526,130,3,201.64,604.92
6526,90,2,171.02,342.04
6527,18,3,395.52,1186.56
6528,202,2,174.67,349.34
6528,87,3,367.59,1102.77
6528,486,3,45.81,137.43
6529,421,2,450.64,901.28
6529,246,1,234.51,234.51
6529,157,1,208.56,208.56
6529,119,2,120.42,240.84
6530,349,1,54.63,54.63
6530,250,3,179.65,538.95
6531,387,2,130.92,261.84
6531,68,2,5.86,11.72
6531,244,2,286.63,573.26
6531,460,1,382.54,382.54
6532,453,3,335.96,1007.8799999999999
6532,9,2,331.01,662.02
6532,472,2,485.93,971.86
6533,424,1,41.06,41.06
6533,163,3,307.1,921.3000000000001
6534,329,1,361.76,361.76
6534,39,1,105.83,105.83
6535,246,3,234.51,703.53
6535,102,2,196.78,393.56
6535,410,3,227.81,683.4300000000001
6536,123,2,187.5,375.0
6537,427,1,323.5,323.5
6537,177,2,337.04,674.08
6537,255,1,170.99,170.99
6537,430,1,379.23,379.23
6538,367,2,403.14,806.28
6538,304,3,282.76,848.28
6538,241,3,463.38,1390.1399999999999
6538,10,2,421.91,843.82
6539,280,2,346.03,692.06
6539,270,2,132.23,264.46
6539,327,2,357.39,714.78
6539,454,1,122.06,122.06
6540,2,3,139.66,418.98
6541,73,1,279.0,279.0
6542,294,2,159.06,318.12
6542,407,3,474.34,1423.02
6543,230,1,314.06,314.06
6543,36,2,325.79,651.58
6543,191,2,334.45,668.9
6543,11,3,415.63,1246.8899999999999
6543,185,1,236.39,236.39
6544,202,2,174.67,349.34
6544,376,3,120.28,360.84000000000003
6544,417,3,202.32,606.96
6544,181,1,369.11,369.11
6544,435,3,219.72,659.16
6545,341,3,469.56,1408.68
6545,337,3,226.35,679.05
6546,22,2,491.32,982.64
6546,80,2,296.1,592.2
6546,237,3,236.39,709.17
6547,29,3,362.83,1088.49
6547,59,3,471.15,1413.4499999999998
6547,416,1,163.35,163.35
6548,333,3,61.26,183.78
6548,167,2,14.91,29.82
6549,326,3,337.22,1011.6600000000001
6550,171,1,35.49,35.49
6550,111,2,283.29,566.58
6550,56,3,258.91,776.73
6550,171,2,35.49,70.98
6551,270,1,132.23,132.23
6551,258,1,440.33,440.33
6551,461,1,472.53,472.53
6551,144,1,149.85,149.85
6551,226,2,285.61,571.22
6552,452,1,235.45,235.45
6552,472,2,485.93,971.86
6553,22,3,491.32,1473.96
6553,333,3,61.26,183.78
6553,123,1,187.5,187.5
6553,59,3,471.15,1413.4499999999998
6554,321,2,271.53,543.06
6554,182,3,491.56,1474.68
6554,56,3,258.91,776.73
6554,305,1,80.66,80.66
6555,452,2,235.45,470.9
6555,464,2,296.32,592.64
6555,51,1,124.89,124.89
6555,318,1,219.59,219.59
6555,206,3,353.54,1060.6200000000001
6556,5,2,132.04,264.08
6556,452,2,235.45,470.9
6556,311,3,432.8,1298.4
6556,185,2,236.39,472.78
6556,197,3,66.56,199.68
6557,196,2,372.88,745.76
6557,223,1,80.53,80.53
6558,464,1,296.32,296.32
6558,256,2,344.07,688.14
6559,292,3,335.18,1005.54
6559,107,3,262.2,786.5999999999999
6559,175,3,235.77,707.3100000000001
6559,241,3,463.38,1390.1399999999999
6559,145,1,438.41,438.41
6560,95,1,452.34,452.34
6560,298,2,310.25,620.5
6560,463,1,76.72,76.72
6561,4,2,15.4,30.8
6561,51,2,124.89,249.78
6561,26,1,170.87,170.87
6562,117,1,16.06,16.06
6562,34,2,150.14,300.28
6562,241,1,463.38,463.38
6563,198,1,209.69,209.69
6564,453,2,335.96,671.92
6565,375,3,259.59,778.77
6565,158,1,269.42,269.42
6565,112,1,17.77,17.77
6565,374,3,415.45,1246.35
6566,27,1,432.61,432.61
6566,372,3,224.89,674.67
6566,321,1,271.53,271.53
6567,132,2,409.11,818.22
6567,166,3,474.92,1424.76
6567,465,2,484.34,968.68
6568,256,2,344.07,688.14
6569,46,2,51.28,102.56
6569,364,2,469.93,939.86
6569,22,1,491.32,491.32
6569,494,1,340.34,340.34
6570,469,1,351.84,351.84
6571,238,3,150.48,451.43999999999994
6571,16,2,191.38,382.76
6571,469,2,351.84,703.68
6572,472,2,485.93,971.86
6572,240,3,98.4,295.20000000000005
6573,88,2,361.93,723.86
6573,333,1,61.26,61.26
6574,31,1,384.06,384.06
6574,389,1,497.51,497.51
6574,287,3,477.19,1431.57
6574,44,3,437.15,1311.4499999999998
6575,268,3,430.32,1290.96
6575,170,1,432.62,432.62
6576,245,3,426.38,1279.1399999999999
6576,20,3,446.93,1340.79
6577,257,2,287.88,575.76
6577,204,3,396.2,1188.6
6577,167,1,14.91,14.91
6577,235,3,384.75,1154.25
6577,221,2,42.15,84.3
6578,351,1,385.67,385.67
6579,398,2,182.45,364.9
6579,260,2,459.47,918.94
6579,3,1,458.68,458.68
6579,33,3,199.18,597.54
6580,371,2,319.89,639.78
6580,246,3,234.51,703.53
6580,76,2,476.31,952.62
6581,123,2,187.5,375.0
6581,373,1,259.22,259.22
6581,185,2,236.39,472.78
6581,89,3,437.32,1311.96
6582,321,2,271.53,543.06
6583,247,3,228.88,686.64
6584,149,1,111.19,111.19
6584,407,3,474.34,1423.02
6584,376,1,120.28,120.28
6584,426,2,438.33,876.66
6585,267,2,347.18,694.36
6585,13,3,41.35,124.05000000000001
6586,321,3,271.53,814.5899999999999
6586,84,3,239.85,719.55
6586,37,2,183.06,366.12
6586,310,2,78.93,157.86
6586,100,3,175.13,525.39
6587,41,3,314.77,944.31
6587,177,1,337.04,337.04
6587,281,1,173.96,173.96
6588,426,1,438.33,438.33
6588,280,1,346.03,346.03
6588,370,2,49.7,99.4
6588,303,1,384.8,384.8
6589,425,1,211.7,211.7
6589,462,3,153.15,459.45000000000005
6589,91,3,440.33,1320.99
6589,367,1,403.14,403.14
6589,77,3,254.31,762.9300000000001
6590,182,3,491.56,1474.68
6590,234,1,202.87,202.87
6590,492,1,28.24,28.24
6591,161,1,281.23,281.23
6591,391,1,14.9,14.9
6591,241,1,463.38,463.38
6591,217,2,80.51,161.02
6591,51,2,124.89,249.78
6592,109,3,489.42,1468.26
6592,32,3,284.06,852.1800000000001
6592,299,1,207.73,207.73
6592,42,1,38.5,38.5
6593,440,3,362.37,1087.1100000000001
6594,451,2,332.65,665.3
6594,181,2,369.11,738.22
6595,183,3,206.12,618.36
6596,483,2,70.53,141.06
6597,231,3,376.58,1129.74
6598,392,1,364.88,364.88
6598,340,3,281.13,843.39
6598,279,2,273.72,547.44
6598,267,1,347.18,347.18
6598,378,3,153.62,460.86
6599,220,1,58.27,58.27
6599,333,3,61.26,183.78
6599,58,2,462.1,924.2
6600,399,1,62.97,62.97
6600,76,1,476.31,476.31
6601,441,1,314.36,314.36
6601,116,2,490.7,981.4
6601,96,1,95.56,95.56
6601,124,3,130.44,391.32
6601,348,1,45.01,45.01
6602,193,1,271.29,271.29
6602,147,2,404.23,808.46
6602,129,1,293.08,293.08
6602,169,1,466.19,466.19
6602,452,1,235.45,235.45
6603,381,2,212.11,424.22
6603,114,2,108.7,217.4
6603,427,1,323.5,323.5
6603,160,2,386.52,773.04
6604,282,2,463.34,926.68
6604,239,2,254.23,508.46
6605,150,3,216.59,649.77
6605,7,1,479.78,479.78
6605,449,3,209.61,628.83
6605,327,1,357.39,357.39
6605,272,3,182.96,548.88
6606,374,2,415.45,830.9
6607,387,3,130.92,392.76
6607,484,2,304.06,608.12
6607,239,3,254.23,762.6899999999999
6607,284,1,322.24,322.24
6608,293,1,487.59,487.59
6608,153,3,435.4,1306.1999999999998
6608,169,2,466.19,932.38
6608,87,3,367.59,1102.77
6608,453,1,335.96,335.96
6609,482,2,479.46,958.92
6609,463,2,76.72,153.44
6609,228,2,469.49,938.98
6609,319,1,132.86,132.86
6610,14,2,127.52,255.04
6611,368,2,226.17,452.34
6611,234,2,202.87,405.74
6611,65,3,318.4,955.1999999999999
6612,370,3,49.7,149.10000000000002
6612,291,2,336.86,673.72
6612,6,2,23.99,47.98
6612,7,2,479.78,959.56
6612,299,2,207.73,415.46
6613,5,2,132.04,264.08
6613,352,3,23.31,69.92999999999999
6613,164,1,158.01,158.01
6613,259,3,200.38,601.14
6614,498,1,48.54,48.54
6614,422,1,275.45,275.45
6614,126,2,320.91,641.82
6615,233,3,76.89,230.67000000000002
6616,302,2,343.67,687.34
6617,293,3,487.59,1462.77
6617,344,1,138.55,138.55
6617,304,1,282.76,282.76
6617,377,2,139.69,279.38
6618,362,1,110.19,110.19
6618,16,1,191.38,191.38
6618,218,3,213.29,639.87
6618,237,2,236.39,472.78
6618,387,3,130.92,392.76
6619,90,1,171.02,171.02
6619,70,1,420.8,420.8
6619,264,2,165.99,331.98
6620,54,2,393.16,786.32
6621,323,2,5.34,10.68
6622,102,2,196.78,393.56
6622,315,3,30.07,90.21000000000001
6623,439,1,201.62,201.62
6624,456,3,242.56,727.6800000000001
6624,46,2,51.28,102.56
6624,69,3,494.8,1484.4
6625,114,3,108.7,326.1
6625,217,1,80.51,80.51
6625,232,2,478.28,956.56
6625,141,3,257.07,771.21
6626,411,1,311.19,311.19
6627,484,3,304.06,912.1800000000001
6628,432,3,18.81,56.42999999999999
6629,147,2,404.23,808.46
6629,390,2,49.86,99.72
6629,492,3,28.24,84.72
6629,428,2,48.76,97.52
6629,36,2,325.79,651.58
6630,419,3,139.16,417.48
6630,305,1,80.66,80.66
6630,367,2,403.14,806.28
6631,478,1,356.16,356.16
6632,177,2,337.04,674.08
6632,108,3,189.13,567.39
6633,121,2,143.28,286.56
6633,45,3,442.81,1328.43
6633,105,3,414.79,1244.3700000000001
6634,297,3,225.21,675.63
6634,320,2,142.18,284.36
6635,164,3,158.01,474.03
6635,463,2,76.72,153.44
6635,66,3,113.14,339.42
6635,444,3,232.11,696.33
6635,247,3,228.88,686.64
6636,214,3,460.83,1382.49
6636,230,1,314.06,314.06
6636,214,1,460.83,460.83
6636,319,3,132.86,398.58000000000004
6637,363,1,479.64,479.64
6638,101,1,38.7,38.7
6638,454,2,122.06,244.12
6638,262,3,356.94,1070.82
6638,154,3,371.7,1115.1
6639,329,1,361.76,361.76
6639,428,2,48.76,97.52
6640,71,3,43.24,129.72
6640,469,1,351.84,351.84
6641,212,1,381.28,381.28
6641,422,2,275.45,550.9
6641,480,3,209.16,627.48
6641,210,3,366.8,1100.4
6641,41,3,314.77,944.31
6642,305,2,80.66,161.32
6642,212,3,381.28,1143.84
6642,187,1,315.62,315.62
6642,319,2,132.86,265.72
6643,390,3,49.86,149.57999999999998
6643,369,3,492.83,1478.49
6643,291,3,336.86,1010.58
6643,299,2,207.73,415.46
6644,44,2,437.15,874.3
6644,458,3,290.04,870.1200000000001
6645,355,3,344.54,1033.6200000000001
6645,53,3,440.06,1320.18
6645,225,2,14.73,29.46
6645,15,2,190.65,381.3
6645,10,1,421.91,421.91
6646,399,1,62.97,62.97
6647,434,2,379.85,759.7
6647,265,1,452.37,452.37
6648,362,1,110.19,110.19
6648,367,1,403.14,403.14
6648,234,1,202.87,202.87
6648,111,1,283.29,283.29
6649,433,2,457.16,914.32
6649,46,1,51.28,51.28
6649,407,2,474.34,948.68
6649,480,1,209.16,209.16
6649,300,2,250.81,501.62
6650,198,2,209.69,419.38
6650,428,2,48.76,97.52
6650,361,1,89.18,89.18
6650,448,3,119.74,359.21999999999997
6651,78,3,164.41,493.23
6651,13,1,41.35,41.35
6651,473,1,20.11,20.11
6651,98,1,375.73,375.73
6652,172,3,171.63,514.89
6652,281,1,173.96,173.96
6652,44,1,437.15,437.15
6652,399,1,62.97,62.97
6653,243,2,358.15,716.3
6653,308,2,477.22,954.44
6653,283,2,391.26,782.52
6654,376,3,120.28,360.84000000000003
6654,177,2,337.04,674.08
6654,160,1,386.52,386.52
6654,316,2,68.22,136.44
6655,444,3,232.11,696.33
6655,274,1,203.73,203.73
6655,68,3,5.86,17.580000000000002
6655,356,2,346.58,693.16
6655,44,3,437.15,1311.4499999999998
6656,235,2,384.75,769.5
6656,479,1,131.06,131.06
6656,199,1,355.65,355.65
6656,103,3,363.27,1089.81
6657,78,3,164.41,493.23
6657,405,2,26.88,53.76
6658,485,3,165.35,496.04999999999995
6659,125,1,61.95,61.95
6659,478,1,356.16,356.16
6659,414,3,457.0,1371.0
6660,93,1,325.85,325.85
6660,107,1,262.2,262.2
6660,204,3,396.2,1188.6
6661,171,2,35.49,70.98
6661,407,1,474.34,474.34
6661,67,3,439.97,1319.91
6662,91,3,440.33,1320.99
6662,225,1,14.73,14.73
6662,59,2,471.15,942.3
6663,429,3,257.85,773.5500000000001
6663,413,1,64.03,64.03
6663,171,2,35.49,70.98
6663,84,3,239.85,719.55
6663,159,1,287.61,287.61
6664,54,2,393.16,786.32
6665,372,3,224.89,674.67
6665,416,2,163.35,326.7
6666,303,2,384.8,769.6
6666,373,1,259.22,259.22
6666,321,2,271.53,543.06
6666,430,2,379.23,758.46
6667,185,1,236.39,236.39
6667,169,3,466.19,1398.57
6667,352,1,23.31,23.31
6667,34,2,150.14,300.28
6667,464,1,296.32,296.32
6668,441,3,314.36,943.08
6668,341,1,469.56,469.56
6669,442,3,470.37,1411.1100000000001
6669,475,3,426.61,1279.83
6669,297,1,225.21,225.21
6669,273,2,193.27,386.54
6669,283,3,391.26,1173.78
6670,169,3,466.19,1398.57
6670,314,3,78.8,236.39999999999998
6670,364,2,469.93,939.86
6670,1,2,107.54,215.08
6670,338,1,287.2,287.2
6671,17,3,430.34,1291.02
6672,64,1,330.1,330.1
6672,122,3,65.23,195.69
6672,52,1,207.19,207.19
6672,269,2,183.25,366.5
6673,58,2,462.1,924.2
6673,139,3,349.74,1049.22
6673,144,1,149.85,149.85
6674,89,3,437.32,1311.96
6674,467,2,24.18,48.36
6674,30,3,243.42,730.26
6674,52,3,207.19,621.5699999999999
6675,338,1,287.2,287.2
6675,326,2,337.22,674.44
6675,197,3,66.56,199.68
6675,192,2,361.57,723.14
6675,290,2,334.81,669.62
6676,488,2,243.3,486.6
6677,307,3,75.2,225.60000000000002
6677,441,1,314.36,314.36
6678,448,1,119.74,119.74
6678,98,2,375.73,751.46
6679,459,3,220.51,661.53
6680,265,1,452.37,452.37
6680,321,2,271.53,543.06
6680,223,2,80.53,161.06
6681,288,2,174.29,348.58
6681,297,3,225.21,675.63
6682,263,1,168.0,168.0
6683,413,3,64.03,192.09
6683,412,2,343.82,687.64
6683,152,3,436.45,1309.35
6684,385,2,177.56,355.12
6684,455,3,105.02,315.06
6685,121,1,143.28,143.28
6685,89,2,437.32,874.64
6685,454,1,122.06,122.06
6685,373,3,259.22,777.6600000000001
6686,241,1,463.38,463.38
6686,245,1,426.38,426.38
6686,346,2,206.81,413.62
6686,43,3,84.75,254.25
6687,150,3,216.59,649.77
6688,259,2,200.38,400.76
6688,479,1,131.06,131.06
6688,52,2,207.19,414.38
6689,429,1,257.85,257.85
6689,146,1,299.06,299.06
6689,200,2,134.77,269.54
6689,168,2,396.27,792.54
6690,486,3,45.81,137.43
6691,250,1,179.65,179.65
6691,275,2,404.88,809.76
6691,465,2,484.34,968.68
6691,403,1,44.77,44.77
6691,491,1,130.58,130.58
6692,465,2,484.34,968.68
6692,452,1,235.45,235.45
6692,212,2,381.28,762.56
6693,176,2,66.77,133.54
6693,28,3,72.62,217.86
6693,143,2,248.2,496.4
6694,181,1,369.11,369.11
6694,259,1,200.38,200.38
6695,112,2,17.77,35.54
6695,101,1,38.7,38.7
6695,406,1,7.55,7.55
6695,96,1,95.56,95.56
6695,182,3,491.56,1474.68
6696,229,1,230.52,230.52
6696,179,3,422.57,1267.71
6696,249,2,143.22,286.44
6696,414,1,457.0,457.0
6697,21,1,348.11,348.11
6697,315,2,30.07,60.14
6697,96,2,95.56,191.12
6697,113,2,180.72,361.44
6697,380,2,378.14,756.28
6698,267,3,347.18,1041.54
6699,488,1,243.3,243.3
6700,370,2,49.7,99.4
6701,371,2,319.89,639.78
6702,206,2,353.54,707.08
6702,399,2,62.97,125.94
6702,218,2,213.29,426.58
6702,475,3,426.61,1279.83
6702,479,2,131.06,262.12
6703,321,3,271.53,814.5899999999999
6703,317,3,75.98,227.94
6703,253,2,399.66,799.32
6703,368,1,226.17,226.17
6703,314,1,78.8,78.8
6704,364,3,469.93,1409.79
6704,429,2,257.85,515.7
6704,206,3,353.54,1060.6200000000001
6705,410,3,227.81,683.4300000000001
6705,497,1,343.43,343.43
6705,340,2,281.13,562.26
6706,348,1,45.01,45.01
6706,277,1,74.18,74.18
6706,221,1,42.15,42.15
6706,495,2,239.08,478.16
6706,353,2,303.46,606.92
6707,222,1,310.77,310.77
6707,392,3,364.88,1094.6399999999999
6707,127,1,6.58,6.58
6707,21,1,348.11,348.11
6708,350,3,170.56,511.68
6708,426,3,438.33,1314.99
6708,162,3,153.38,460.14
6708,386,3,273.27,819.81
6709,363,1,479.64,479.64
6710,165,1,170.69,170.69
6710,125,1,61.95,61.95
6710,12,3,291.6,874.8000000000001
6710,324,3,311.54,934.6200000000001
6711,493,3,435.98,1307.94
6711,104,2,355.23,710.46
6712,219,1,9.55,9.55
6713,164,1,158.01,158.01
6713,333,3,61.26,183.78
6714,456,2,242.56,485.12
6714,145,3,438.41,1315.23
6714,256,1,344.07,344.07
6714,270,3,132.23,396.68999999999994
6715,370,3,49.7,149.10000000000002
6715,70,3,420.8,1262.4
6716,316,3,68.22,204.66
6716,147,2,404.23,808.46
6716,47,1,140.75,140.75
6716,309,3,484.02,1452.06
6717,20,2,446.93,893.86
6717,307,2,75.2,150.4
6717,291,1,336.86,336.86
6718,47,1,140.75,140.75
6718,435,1,219.72,219.72
6719,221,2,42.15,84.3
6719,44,1,437.15,437.15
6719,124,1,130.44,130.44
6719,33,1,199.18,199.18
6720,37,2,183.06,366.12
6720,151,2,369.64,739.28
6721,40,1,290.43,290.43
6721,390,3,49.86,149.57999999999998
6721,6,2,23.99,47.98
6721,500,1,236.72,236.72
6721,330,2,434.93,869.86
6722,29,1,362.83,362.83
6723,314,1,78.8,78.8
6723,4,2,15.4,30.8
6724,39,3,105.83,317.49
6724,337,2,226.35,452.7
6724,500,2,236.72,473.44
6724,4,1,15.4,15.4
6724,468,3,24.15,72.44999999999999
6725,126,2,320.91,641.82
6725,408,1,182.79,182.79
6725,251,2,208.81,417.62
6725,90,2,171.02,342.04
6725,472,3,485.93,1457.79
6726,419,1,139.16,139.16
6726,306,3,12.42,37.26
6726,336,1,41.55,41.55
6726,393,1,129.5,129.5
6727,164,1,158.01,158.01
6727,331,3,69.86,209.57999999999998
6727,174,1,258.78,258.78
6727,53,1,440.06,440.06
6728,260,2,459.47,918.94
6728,87,2,367.59,735.18
6729,418,1,141.62,141.62
6729,161,3,281.23,843.69
6729,250,3,179.65,538.95
6729,113,1,180.72,180.72
6729,114,3,108.7,326.1
6730,172,2,171.63,343.26
6730,399,2,62.97,125.94
6730,105,1,414.79,414.79
6730,448,3,119.74,359.21999999999997
6731,166,3,474.92,1424.76
6731,196,3,372.88,1118.6399999999999
6732,406,3,7.55,22.65
6732,223,1,80.53,80.53
6732,281,2,173.96,347.92
6732,33,1,199.18,199.18
6732,441,2,314.36,628.72
6733,348,1,45.01,45.01
6733,479,1,131.06,131.06
6733,392,3,364.88,1094.6399999999999
6734,363,3,479.64,1438.92
6734,221,3,42.15,126.44999999999999
6734,304,1,282.76,282.76
6735,405,3,26.88,80.64
6735,277,3,74.18,222.54000000000002
6736,212,3,381.28,1143.84
6736,26,3,170.87,512.61
6737,2,1,139.66,139.66
6737,367,2,403.14,806.28
6738,35,3,14.23,42.69
6738,264,2,165.99,331.98
6738,471,2,64.44,128.88
6739,77,3,254.31,762.9300000000001
6739,471,1,64.44,64.44
6740,151,2,369.64,739.28
6740,338,1,287.2,287.2
6740,260,3,459.47,1378.41
6741,126,1,320.91,320.91
6741,104,3,355.23,1065.69
6741,422,3,275.45,826.3499999999999
6741,227,3,413.65,1240.9499999999998
6741,455,1,105.02,105.02
6742,185,1,236.39,236.39
6742,255,2,170.99,341.98
6742,26,3,170.87,512.61
6743,157,2,208.56,417.12
6743,280,1,346.03,346.03
6743,474,2,239.02,478.04
6743,314,3,78.8,236.39999999999998
6744,272,3,182.96,548.88
6744,133,2,195.06,390.12
6744,341,2,469.56,939.12
6744,351,3,385.67,1157.01
6744,472,3,485.93,1457.79
6745,68,1,5.86,5.86
6745,63,3,270.0,810.0
6746,392,3,364.88,1094.6399999999999
6746,159,3,287.61,862.83
6747,356,2,346.58,693.16
6747,397,1,154.37,154.37
6747,85,2,173.78,347.56
6747,177,3,337.04,1011.1200000000001
6748,351,1,385.67,385.67
6748,98,2,375.73,751.46
6748,239,1,254.23,254.23
6749,381,2,212.11,424.22
6749,63,2,270.0,540.0
6749,28,1,72.62,72.62
6750,136,3,277.36,832.08
6750,328,1,251.99,251.99
6750,290,2,334.81,669.62
6750,269,1,183.25,183.25
6750,139,2,349.74,699.48
6751,489,2,229.25,458.5
6751,43,2,84.75,169.5
6751,130,3,201.64,604.92
6751,282,3,463.34,1390.02
6752,392,2,364.88,729.76
6752,423,2,317.55,635.1
6753,251,3,208.81,626.4300000000001
6753,442,1,470.37,470.37
6754,496,2,341.88,683.76
6754,344,3,138.55,415.65000000000003
6754,342,2,19.87,39.74
6755,420,3,410.03,1230.09
6755,263,2,168.0,336.0
6755,408,3,182.79,548.37
6755,94,1,186.09,186.09
6756,339,1,327.73,327.73
6756,162,2,153.38,306.76
6757,250,2,179.65,359.3
6758,241,1,463.38,463.38
6758,27,2,432.61,865.22
6759,131,3,286.17,858.51
6759,52,1,207.19,207.19
6759,120,3,480.49,1441.47
6759,240,1,98.4,98.4
6760,142,1,176.49,176.49
6761,159,1,287.61,287.61
6761,366,3,409.85,1229.5500000000002
6761,475,3,426.61,1279.83
6761,182,3,491.56,1474.68
6761,387,2,130.92,261.84
6762,426,3,438.33,1314.99
6763,236,2,495.48,990.96
6763,305,3,80.66,241.98
6764,3,3,458.68,1376.04
6764,278,2,178.94,357.88
6764,376,1,120.28,120.28
6764,199,3,355.65,1066.9499999999998
6765,218,3,213.29,639.87
6765,377,2,139.69,279.38
6765,5,2,132.04,264.08
6765,445,2,124.24,248.48
6766,297,2,225.21,450.42
6766,290,3,334.81,1004.4300000000001
6766,163,2,307.1,614.2
6767,366,1,409.85,409.85
6767,485,2,165.35,330.7
6768,286,2,67.86,135.72
6768,450,3,245.71,737.13
6768,49,2,486.05,972.1
6769,63,3,270.0,810.0
6769,302,1,343.67,343.67
6769,404,2,115.89,231.78
6770,127,3,6.58,19.740000000000002
6770,480,1,209.16,209.16
6771,91,1,440.33,440.33
6772,221,2,42.15,84.3
6773,174,2,258.78,517.56
6774,287,2,477.19,954.38
6775,232,3,478.28,1434.84
6775,484,1,304.06,304.06
6776,417,2,202.32,404.64
6776,474,3,239.02,717.0600000000001
6776,384,2,9.03,18.06
6776,295,3,366.04,1098.1200000000001
6777,311,1,432.8,432.8
6777,268,3,430.32,1290.96
6777,83,1,243.84,243.84
6777,316,2,68.22,136.44
6777,242,3,233.81,701.4300000000001
6778,176,1,66.77,66.77
6778,92,1,86.51,86.51
6778,343,1,220.03,220.03
6778,456,2,242.56,485.12
6779,372,2,224.89,449.78
6779,236,1,495.48,495.48
6779,320,1,142.18,142.18
6779,199,1,355.65,355.65
6779,30,1,243.42,243.42
6780,125,1,61.95,61.95
6780,230,1,314.06,314.06
6781,111,1,283.29,283.29
6781,280,3,346.03,1038.09
6782,145,2,438.41,876.82
6782,375,3,259.59,778.77
6782,398,3,182.45,547.3499999999999
6783,403,3,44.77,134.31
6784,271,2,188.99,377.98
6784,359,2,353.69,707.38
6784,198,2,209.69,419.38
6784,311,3,432.8,1298.4
6785,358,2,198.63,397.26
6785,425,2,211.7,423.4
6786,143,1,248.2,248.2
6787,136,1,277.36,277.36
6787,171,1,35.49,35.49
6787,292,3,335.18,1005.54
6787,102,1,196.78,196.78
6788,122,1,65.23,65.23
6788,212,3,381.28,1143.84
6788,72,3,455.9,1367.6999999999998
6789,351,3,385.67,1157.01
6790,325,1,470.48,470.48
6790,388,1,439.12,439.12
6790,418,3,141.62,424.86
6790,187,3,315.62,946.86
6791,393,2,129.5,259.0
6791,406,1,7.55,7.55
6791,178,1,449.89,449.89
6792,122,2,65.23,130.46
6792,52,1,207.19,207.19
6793,93,1,325.85,325.85
6793,323,2,5.34,10.68
6793,354,1,107.87,107.87
6793,287,2,477.19,954.38
6793,168,2,396.27,792.54
6794,348,3,45.01,135.03
6794,492,2,28.24,56.48
6794,282,3,463.34,1390.02
6795,256,3,344.07,1032.21
6795,359,2,353.69,707.38
6795,36,1,325.79,325.79
6795,434,3,379.85,1139.5500000000002
6796,204,2,396.2,792.4
6796,485,3,165.35,496.04999999999995
6796,58,1,462.1,462.1
6796,433,2,457.16,914.32
6796,164,1,158.01,158.01
6797,375,1,259.59,259.59
6797,307,3,75.2,225.60000000000002
6797,117,3,16.06,48.17999999999999
6797,246,3,234.51,703.53
6797,46,3,51.28,153.84
6798,437,2,150.85,301.7
6798,436,1,41.76,41.76
6798,20,3,446.93,1340.79
6798,419,2,139.16,278.32
6799,183,3,206.12,618.36
6800,162,3,153.38,460.14
6800,224,2,133.14,266.28
6800,92,3,86.51,259.53000000000003
6800,159,1,287.61,287.61
6801,17,3,430.34,1291.02
6801,230,3,314.06,942.1800000000001
6801,322,1,325.9,325.9
6802,362,1,110.19,110.19
6803,156,2,404.58,809.16
6803,259,1,200.38,200.38
6803,493,2,435.98,871.96
6803,316,2,68.22,136.44
6804,177,2,337.04,674.08
6804,470,2,67.19,134.38
6804,300,2,250.81,501.62
6804,157,2,208.56,417.12
6804,35,2,14.23,28.46
6805,95,3,452.34,1357.02
6805,487,3,396.73,1190.19
6806,72,2,455.9,911.8
6806,83,1,243.84,243.84
6807,372,2,224.89,449.78
6807,369,1,492.83,492.83
6807,113,3,180.72,542.16
6807,477,3,155.19,465.57
6807,256,2,344.07,688.14
6808,20,1,446.93,446.93
6808,432,1,18.81,18.81
6808,323,1,5.34,5.34
6808,424,3,41.06,123.18
6808,472,2,485.93,971.86
6809,255,3,170.99,512.97
6809,123,1,187.5,187.5
6810,386,3,273.27,819.81
6810,229,1,230.52,230.52
6810,488,3,243.3,729.9000000000001
6811,143,1,248.2,248.2
6811,325,2,470.48,940.96
6811,368,1,226.17,226.17
6812,27,3,432.61,1297.83
6812,471,3,64.44,193.32
6812,40,2,290.43,580.86
6813,445,1,124.24,124.24
6813,230,3,314.06,942.1800000000001
6813,433,1,457.16,457.16
6813,500,2,236.72,473.44
6813,489,3,229.25,687.75
6814,55,3,243.64,730.92
6814,374,2,415.45,830.9
6814,116,2,490.7,981.4
6815,68,1,5.86,5.86
6815,411,1,311.19,311.19
6816,17,3,430.34,1291.02
6816,363,3,479.64,1438.92
6817,417,2,202.32,404.64
6817,424,3,41.06,123.18
6818,399,1,62.97,62.97
6818,126,2,320.91,641.82
6818,440,2,362.37,724.74
6818,351,2,385.67,771.34
6819,313,3,181.23,543.6899999999999
6819,127,3,6.58,19.740000000000002
6819,106,1,422.11,422.11
6819,3,2,458.68,917.36
6819,478,2,356.16,712.32
6820,454,2,122.06,244.12
6820,31,3,384.06,1152.18
6821,175,2,235.77,471.54
6821,81,3,112.52,337.56
6822,69,2,494.8,989.6
6822,243,3,358.15,1074.4499999999998
6822,193,1,271.29,271.29
6822,324,3,311.54,934.6200000000001
6823,407,3,474.34,1423.02
6823,265,1,452.37,452.37
6823,369,1,492.83,492.83
6824,113,3,180.72,542.16
6825,467,3,24.18,72.53999999999999
6825,496,1,341.88,341.88
6825,150,3,216.59,649.77
6825,418,1,141.62,141.62
6826,90,1,171.02,171.02
6826,344,3,138.55,415.65000000000003
6826,56,2,258.91,517.82
6827,243,2,358.15,716.3
6827,452,3,235.45,706.3499999999999
6827,359,3,353.69,1061.07
6828,298,2,310.25,620.5
6828,458,2,290.04,580.08
6828,475,2,426.61,853.22
6829,395,3,254.9,764.7
6830,24,2,497.43,994.86
6830,18,1,395.52,395.52
6831,119,3,120.42,361.26
6831,311,3,432.8,1298.4
6831,44,1,437.15,437.15
6831,379,2,222.7,445.4
6832,85,3,173.78,521.34
6832,350,3,170.56,511.68
6832,8,2,236.88,473.76
6832,7,2,479.78,959.56
6832,314,2,78.8,157.6
6833,317,1,75.98,75.98
6833,54,2,393.16,786.32
6833,113,2,180.72,361.44
6834,434,1,379.85,379.85
6834,392,3,364.88,1094.6399999999999
6834,333,1,61.26,61.26
6834,472,3,485.93,1457.79
6835,438,1,100.54,100.54
6835,490,2,487.09,974.18
6835,72,1,455.9,455.9
6835,174,3,258.78,776.3399999999999
6835,73,1,279.0,279.0
6836,99,3,142.89,428.66999999999996
6836,221,2,42.15,84.3
6836,161,3,281.23,843.69
6837,80,2,296.1,592.2
6838,188,3,331.07,993.21
6838,59,3,471.15,1413.4499999999998
6838,2,1,139.66,139.66
6839,365,1,373.53,373.53
6839,171,3,35.49,106.47
6839,500,3,236.72,710.16
6839,277,3,74.18,222.54000000000002
6840,157,2,208.56,417.12
6841,281,3,173.96,521.88
6841,473,2,20.11,40.22
6842,297,2,225.21,450.42
6842,314,2,78.8,157.6
6842,58,1,462.1,462.1
6842,345,3,179.94,539.8199999999999
6842,108,1,189.13,189.13
6843,243,3,358.15,1074.4499999999998
6844,399,3,62.97,188.91
6844,484,1,304.06,304.06
6844,376,3,120.28,360.84000000000003
6844,19,2,343.63,687.26
6845,252,1,333.44,333.44
6845,203,2,490.13,980.26
6845,425,1,211.7,211.7
6845,115,3,200.47,601.41
6846,205,1,59.11,59.11
6846,481,3,209.3,627.9000000000001
6846,148,3,228.08,684.24
6847,404,3,115.89,347.67
6847,299,2,207.73,415.46
6847,310,3,78.93,236.79000000000002
6848,322,1,325.9,325.9
6848,348,3,45.01,135.03
6848,102,3,196.78,590.34
6849,413,1,64.03,64.03
6850,498,3,48.54,145.62
6850,59,2,471.15,942.3
6851,144,1,149.85,149.85
6851,480,3,209.16,627.48
6852,154,1,371.7,371.7
6852,112,3,17.77,53.31
6852,222,1,310.77,310.77
6852,88,1,361.93,361.93
6853,175,2,235.77,471.54
6854,28,2,72.62,145.24
6854,269,3,183.25,549.75
6854,233,2,76.89,153.78
6855,325,1,470.48,470.48
6856,122,2,65.23,130.46
6856,43,1,84.75,84.75
6856,14,3,127.52,382.56
6856,310,1,78.93,78.93
6857,415,1,454.18,454.18
6857,24,3,497.43,1492.29
6858,194,3,22.63,67.89
6859,368,1,226.17,226.17
6859,387,3,130.92,392.76
6859,288,1,174.29,174.29
6859,215,3,313.01,939.03
6860,279,3,273.72,821.1600000000001
6861,236,3,495.48,1486.44
6861,185,3,236.39,709.17
6862,290,1,334.81,334.81
6862,314,1,78.8,78.8
6862,122,3,65.23,195.69
6862,398,3,182.45,547.3499999999999
6862,413,3,64.03,192.09
6863,240,1,98.4,98.4
6863,56,1,258.91,258.91
6863,106,2,422.11,844.22
6863,433,2,457.16,914.32
6864,299,2,207.73,415.46
6864,240,3,98.4,295.20000000000005
6864,368,3,226.17,678.51
6864,372,2,224.89,449.78
6864,169,3,466.19,1398.57
6865,386,1,273.27,273.27
6866,377,3,139.69,419.07
6866,500,3,236.72,710.16
6866,430,1,379.23,379.23
6866,297,1,225.21,225.21
6867,192,3,361.57,1084.71
6867,54,1,393.16,393.16
6867,102,3,196.78,590.34
6867,372,3,224.89,674.67
6868,241,3,463.38,1390.1399999999999
6868,231,1,376.58,376.58
6868,302,1,343.67,343.67
6869,410,3,227.81,683.4300000000001
6869,430,2,379.23,758.46
6869,63,1,270.0,270.0
6869,482,1,479.46,479.46
6870,278,3,178.94,536.8199999999999
6870,302,3,343.67,1031.01
6870,72,3,455.9,1367.6999999999998
6871,194,3,22.63,67.89
6872,100,2,175.13,350.26
6872,71,1,43.24,43.24
6873,359,2,353.69,707.38
6873,368,2,226.17,452.34
6873,65,1,318.4,318.4
6873,398,1,182.45,182.45
6873,143,3,248.2,744.5999999999999
6874,143,1,248.2,248.2
6874,496,3,341.88,1025.6399999999999
6875,442,2,470.37,940.74
6875,452,1,235.45,235.45
6876,17,3,430.34,1291.02
6876,90,3,171.02,513.0600000000001
6876,369,1,492.83,492.83
6877,28,2,72.62,145.24
6878,305,3,80.66,241.98
6878,216,1,256.85,256.85
6878,459,1,220.51,220.51
6879,199,1,355.65,355.65
6879,415,3,454.18,1362.54
6879,211,3,470.02,1410.06
6879,252,1,333.44,333.44
6879,228,3,469.49,1408.47
6880,84,2,239.85,479.7
6880,14,2,127.52,255.04
6880,98,2,375.73,751.46
6881,254,1,218.23,218.23
6881,453,3,335.96,1007.8799999999999
6881,62,1,403.84,403.84
6881,197,1,66.56,66.56
6881,133,1,195.06,195.06
6882,306,1,12.42,12.42
6882,260,1,459.47,459.47
6882,49,1,486.05,486.05
6882,93,3,325.85,977.5500000000001
6883,78,3,164.41,493.23
6883,467,1,24.18,24.18
6883,193,1,271.29,271.29
6883,103,3,363.27,1089.81
6883,28,2,72.62,145.24
6884,496,1,341.88,341.88
6884,160,3,386.52,1159.56
6884,437,3,150.85,452.54999999999995
6884,362,2,110.19,220.38
6885,250,3,179.65,538.95
6885,345,1,179.94,179.94
6885,314,3,78.8,236.39999999999998
6885,36,1,325.79,325.79
6886,462,2,153.15,306.3
6886,367,3,403.14,1209.42
6886,435,2,219.72,439.44
6886,294,1,159.06,159.06
6886,203,3,490.13,1470.3899999999999
6887,234,3,202.87,608.61
6887,77,1,254.31,254.31
6887,292,1,335.18,335.18
6888,144,2,149.85,299.7
6888,98,2,375.73,751.46
6888,500,2,236.72,473.44
6888,449,2,209.61,419.22
6888,279,2,273.72,547.44
6889,252,3,333.44,1000.3199999999999
6889,69,2,494.8,989.6
6889,223,3,80.53,241.59
6889,145,3,438.41,1315.23
6889,122,1,65.23,65.23
6890,326,2,337.22,674.44
6890,482,1,479.46,479.46
6891,232,1,478.28,478.28
6892,267,1,347.18,347.18
6892,197,3,66.56,199.68
6893,184,2,119.59,239.18
6893,162,3,153.38,460.14
6893,261,1,235.72,235.72
6893,312,1,176.2,176.2
6894,94,3,186.09,558.27
6894,250,2,179.65,359.3
6894,449,3,209.61,628.83
6895,352,2,23.31,46.62
6895,355,3,344.54,1033.6200000000001
6895,500,2,236.72,473.44
6895,239,1,254.23,254.23
6895,134,2,9.79,19.58
6896,488,2,243.3,486.6
6896,303,1,384.8,384.8
6896,128,1,19.74,19.74
6896,467,1,24.18,24.18
6896,333,2,61.26,122.52
6897,146,3,299.06,897.1800000000001
6897,239,2,254.23,508.46
6898,98,1,375.73,375.73
6898,367,3,403.14,1209.42
6898,378,2,153.62,307.24
6898,467,2,24.18,48.36
6898,262,3,356.94,1070.82
6899,331,1,69.86,69.86
6900,332,1,450.12,450.12
6900,230,1,314.06,314.06
6900,105,3,414.79,1244.3700000000001
6900,327,3,357.39,1072.17
6900,38,2,437.95,875.9
6901,463,3,76.72,230.16
6902,335,1,255.49,255.49
6903,50,2,347.73,695.46
6903,324,2,311.54,623.08
6903,3,1,458.68,458.68
6904,50,3,347.73,1043.19
6905,289,3,427.58,1282.74
6906,78,1,164.41,164.41
6906,17,1,430.34,430.34
6906,116,3,490.7,1472.1
6906,24,3,497.43,1492.29
6907,66,2,113.14,226.28
6907,156,3,404.58,1213.74
6907,287,3,477.19,1431.57
6908,371,1,319.89,319.89
6909,347,1,186.64,186.64
6909,371,3,319.89,959.67
6909,478,3,356.16,1068.48
6910,34,3,150.14,450.41999999999996
6910,479,2,131.06,262.12
6910,304,3,282.76,848.28
6911,249,3,143.22,429.65999999999997
6911,279,1,273.72,273.72
6911,340,3,281.13,843.39
6911,50,1,347.73,347.73
6912,253,3,399.66,1198.98
6912,426,1,438.33,438.33
6913,403,1,44.77,44.77
6914,130,2,201.64,403.28
6914,470,1,67.19,67.19
6914,261,1,235.72,235.72
6914,324,3,311.54,934.6200000000001
6915,453,1,335.96,335.96
6915,260,3,459.47,1378.41
6916,85,2,173.78,347.56
6916,135,2,451.07,902.14
6917,422,2,275.45,550.9
6918,443,3,365.07,1095.21
6918,287,2,477.19,954.38
6918,321,3,271.53,814.5899999999999
6919,403,1,44.77,44.77
6920,292,3,335.18,1005.54
6921,372,3,224.89,674.67
6922,293,1,487.59,487.59
6923,204,3,396.2,1188.6
6923,17,1,430.34,430.34
6924,207,1,68.25,68.25
6924,171,1,35.49,35.49
6924,361,1,89.18,89.18
6924,220,1,58.27,58.27
6925,4,3,15.4,46.2
6926,428,3,48.76,146.28
6926,440,1,362.37,362.37
6926,286,3,67.86,203.57999999999998
6926,118,2,355.19,710.38
6926,172,2,171.63,343.26
6927,29,2,362.83,725.66
6927,489,2,229.25,458.5
6928,53,2,440.06,880.12
6928,62,1,403.84,403.84
6929,19,3,343.63,1030.8899999999999
6929,95,2,452.34,904.68
6930,330,3,434.93,1304.79
6930,485,1,165.35,165.35
6930,73,2,279.0,558.0
6930,111,2,283.29,566.58
6931,305,1,80.66,80.66
6931,145,1,438.41,438.41
6931,342,1,19.87,19.87
6931,446,2,480.38,960.76
6932,264,3,165.99,497.97
6932,39,3,105.83,317.49
6932,379,2,222.7,445.4
6932,168,3,396.27,1188.81
6932,465,3,484.34,1453.02
6933,166,3,474.92,1424.76
6933,37,2,183.06,366.12
6933,401,1,99.91,99.91
6933,49,1,486.05,486.05
6934,471,2,64.44,128.88
6935,369,2,492.83,985.66
6935,298,3,310.25,930.75
6936,231,2,376.58,753.16
6936,453,2,335.96,671.92
6936,313,3,181.23,543.6899999999999
6936,222,3,310.77,932.31
6937,366,3,409.85,1229.5500000000002
6938,346,3,206.81,620.4300000000001
6938,392,1,364.88,364.88
6938,426,3,438.33,1314.99
6939,447,1,156.88,156.88
6939,34,3,150.14,450.41999999999996
6939,461,1,472.53,472.53
6939,34,2,150.14,300.28
6939,16,2,191.38,382.76
6940,301,2,287.0,574.0
6940,308,1,477.22,477.22
6940,43,2,84.75,169.5
6940,283,3,391.26,1173.78
6941,311,2,432.8,865.6
6941,243,2,358.15,716.3
6942,56,3,258.91,776.73
6942,302,3,343.67,1031.01
6943,358,1,198.63,198.63
6944,445,3,124.24,372.71999999999997
6944,215,3,313.01,939.03
6944,2,2,139.66,279.32
6944,61,2,118.22,236.44
6944,348,3,45.01,135.03
6945,231,1,376.58,376.58
6945,121,2,143.28,286.56
6945,117,2,16.06,32.12
6945,290,1,334.81,334.81
6945,58,1,462.1,462.1
6946,304,1,282.76,282.76
6946,93,1,325.85,325.85
6946,387,1,130.92,130.92
6947,479,1,131.06,131.06
6947,210,2,366.8,733.6
6947,170,3,432.62,1297.8600000000001
6948,238,2,150.48,300.96
6948,101,2,38.7,77.4
6949,63,2,270.0,540.0
6949,427,3,323.5,970.5
6949,423,2,317.55,635.1
6949,152,2,436.45,872.9
6950,123,3,187.5,562.5
6950,292,2,335.18,670.36
6950,121,2,143.28,286.56
6950,328,1,251.99,251.99
6950,140,3,115.16,345.48
6951,343,1,220.03,220.03
6951,51,2,124.89,249.78
6951,405,2,26.88,53.76
6951,440,1,362.37,362.37
6952,69,2,494.8,989.6
6952,365,3,373.53,1120.59
6952,323,2,5.34,10.68
6952,183,1,206.12,206.12
6952,491,2,130.58,261.16
6953,263,1,168.0,168.0
6953,438,2,100.54,201.08
6953,440,2,362.37,724.74
6953,347,2,186.64,373.28
6954,182,1,491.56,491.56
6954,257,2,287.88,575.76
6955,114,2,108.7,217.4
6955,154,3,371.7,1115.1
6955,59,3,471.15,1413.4499999999998
6956,164,2,158.01,316.02
6956,97,3,91.52,274.56
6956,424,1,41.06,41.06
6956,243,3,358.15,1074.4499999999998
6957,197,1,66.56,66.56
6958,254,1,218.23,218.23
6958,149,3,111.19,333.57
6959,121,2,143.28,286.56
6959,115,3,200.47,601.41
6960,307,2,75.2,150.4
6960,120,2,480.49,960.98
6960,51,1,124.89,124.89
6961,368,3,226.17,678.51
6961,168,1,396.27,396.27
6961,43,3,84.75,254.25
6961,318,3,219.59,658.77
6962,101,3,38.7,116.10000000000001
6962,186,2,288.34,576.68
6962,374,3,415.45,1246.35
6963,398,1,182.45,182.45
6963,279,2,273.72,547.44
6963,377,2,139.69,279.38
6964,222,3,310.77,932.31
6965,125,3,61.95,185.85000000000002
6965,38,1,437.95,437.95
6966,474,3,239.02,717.0600000000001
6966,464,2,296.32,592.64
6966,44,2,437.15,874.3
6967,453,1,335.96,335.96
6967,176,2,66.77,133.54
6968,392,3,364.88,1094.6399999999999
6968,345,2,179.94,359.88
6968,389,3,497.51,1492.53
6969,257,1,287.88,287.88
6969,223,1,80.53,80.53
6969,75,1,123.97,123.97
6969,453,1,335.96,335.96
6969,36,2,325.79,651.58
6970,179,2,422.57,845.14
6970,436,1,41.76,41.76
6971,125,2,61.95,123.9
6971,368,3,226.17,678.51
6971,99,1,142.89,142.89
6972,401,3,99.91,299.73
6972,101,3,38.7,116.10000000000001
6972,469,3,351.84,1055.52
6972,251,3,208.81,626.4300000000001
6973,151,3,369.64,1108.92
6973,308,1,477.22,477.22
6973,168,3,396.27,1188.81
6973,255,1,170.99,170.99
6974,105,1,414.79,414.79
6974,380,2,378.14,756.28
6975,437,1,150.85,150.85
6975,191,1,334.45,334.45
6976,129,2,293.08,586.16
6976,254,3,218.23,654.6899999999999
6977,179,1,422.57,422.57
6977,474,2,239.02,478.04
6978,406,2,7.55,15.1
6978,180,1,348.73,348.73
6978,152,1,436.45,436.45
6979,77,1,254.31,254.31
6979,185,1,236.39,236.39
6980,389,1,497.51,497.51
6980,432,3,18.81,56.42999999999999
6980,202,1,174.67,174.67
6981,46,3,51.28,153.84
6982,327,1,357.39,357.39
6982,300,3,250.81,752.4300000000001
6982,355,3,344.54,1033.6200000000001
6982,170,2,432.62,865.24
6983,338,2,287.2,574.4
6983,129,3,293.08,879.24
6984,290,3,334.81,1004.4300000000001
6984,417,2,202.32,404.64
6984,443,3,365.07,1095.21
6984,77,2,254.31,508.62
6985,204,2,396.2,792.4
6986,441,2,314.36,628.72
6986,60,1,407.73,407.73
6987,350,1,170.56,170.56
6987,336,3,41.55,124.64999999999999
6987,338,3,287.2,861.5999999999999
6987,465,1,484.34,484.34
6987,400,1,297.67,297.67
6988,207,1,68.25,68.25
6988,237,2,236.39,472.78
6988,56,1,258.91,258.91
6989,487,2,396.73,793.46
6989,250,1,179.65,179.65
6989,71,1,43.24,43.24
6990,298,3,310.25,930.75
6990,373,2,259.22,518.44
6990,282,3,463.34,1390.02
6990,359,3,353.69,1061.07
6991,448,3,119.74,359.21999999999997
6991,120,2,480.49,960.98
6992,258,1,440.33,440.33
6993,426,2,438.33,876.66
6993,353,1,303.46,303.46
6993,272,1,182.96,182.96
6993,24,3,497.43,1492.29
6994,437,1,150.85,150.85
6994,291,1,336.86,336.86
6995,441,2,314.36,628.72
6995,100,1,175.13,175.13
6995,70,3,420.8,1262.4
6995,307,1,75.2,75.2
6996,222,2,310.77,621.54
6996,302,3,343.67,1031.01
6996,451,1,332.65,332.65
6996,56,1,258.91,258.91
6996,225,2,14.73,29.46
6997,363,2,479.64,959.28
6998,324,1,311.54,311.54
6998,196,3,372.88,1118.6399999999999
6998,192,3,361.57,1084.71
6998,191,1,334.45,334.45
6999,400,1,297.67,297.67
7000,103,3,363.27,1089.81
7000,274,3,203.73,611.1899999999999
7000,230,1,314.06,314.06
7000,158,3,269.42,808.26
7001,207,2,68.25,136.5
7002,156,1,404.58,404.58
7002,497,1,343.43,343.43
7002,9,2,331.01,662.02
7003,46,3,51.28,153.84
7003,490,2,487.09,974.18
7003,364,3,469.93,1409.79
7004,255,3,170.99,512.97
7005,247,2,228.88,457.76
7005,245,1,426.38,426.38
7005,14,1,127.52,127.52
7005,105,3,414.79,1244.3700000000001
7005,472,1,485.93,485.93
7006,338,1,287.2,287.2
7007,56,3,258.91,776.73
7007,167,2,14.91,29.82
7008,391,1,14.9,14.9
7009,197,1,66.56,66.56
7009,324,1,311.54,311.54
7009,353,2,303.46,606.92
7009,150,1,216.59,216.59
7010,196,3,372.88,1118.6399999999999
7010,242,3,233.81,701.4300000000001
7011,323,3,5.34,16.02
7011,475,1,426.61,426.61
7011,182,3,491.56,1474.68
7012,172,3,171.63,514.89
7012,475,3,426.61,1279.83
7012,340,1,281.13,281.13
7013,185,1,236.39,236.39
7013,8,1,236.88,236.88
7013,98,1,375.73,375.73
7013,432,1,18.81,18.81
7013,60,1,407.73,407.73
7014,336,1,41.55,41.55
7014,277,2,74.18,148.36
7014,418,2,141.62,283.24
7014,439,3,201.62,604.86
7014,407,2,474.34,948.68
7015,323,3,5.34,16.02
7015,267,3,347.18,1041.54
7015,480,3,209.16,627.48
7015,436,1,41.76,41.76
7016,216,1,256.85,256.85
7016,300,2,250.81,501.62
7016,441,2,314.36,628.72
7016,223,1,80.53,80.53
7016,424,1,41.06,41.06
7017,112,2,17.77,35.54
7017,133,1,195.06,195.06
7017,213,1,343.62,343.62
7018,123,1,187.5,187.5
7018,418,3,141.62,424.86
7018,219,1,9.55,9.55
7018,242,1,233.81,233.81
7019,303,3,384.8,1154.4
7019,491,3,130.58,391.74
7019,174,3,258.78,776.3399999999999
7019,451,3,332.65,997.9499999999999
7019,220,2,58.27,116.54
7020,148,1,228.08,228.08
7020,250,2,179.65,359.3
7020,109,1,489.42,489.42
7020,173,2,364.45,728.9
7021,443,2,365.07,730.14
7021,500,3,236.72,710.16
7022,57,2,281.31,562.62
7023,455,2,105.02,210.04
7023,356,1,346.58,346.58
7023,7,1,479.78,479.78
7024,171,1,35.49,35.49
7024,339,3,327.73,983.19
7024,12,3,291.6,874.8000000000001
7024,324,3,311.54,934.6200000000001
7025,209,1,195.24,195.24
7025,217,1,80.51,80.51
7026,247,3,228.88,686.64
7026,452,2,235.45,470.9
7026,282,3,463.34,1390.02
7027,158,2,269.42,538.84
7027,193,3,271.29,813.8700000000001
7028,417,2,202.32,404.64
7029,72,1,455.9,455.9
7029,183,3,206.12,618.36
7030,444,1,232.11,232.11
7030,175,3,235.77,707.3100000000001
7030,11,2,415.63,831.26
7030,87,1,367.59,367.59
7031,154,3,371.7,1115.1
7031,429,1,257.85,257.85
7031,404,1,115.89,115.89
7031,206,2,353.54,707.08
7031,51,2,124.89,249.78
7032,452,3,235.45,706.3499999999999
7032,288,2,174.29,348.58
7032,183,3,206.12,618.36
7032,176,2,66.77,133.54
7032,291,1,336.86,336.86
7033,67,1,439.97,439.97
7033,288,1,174.29,174.29
7033,165,1,170.69,170.69
7033,305,1,80.66,80.66
7033,14,2,127.52,255.04
7034,120,3,480.49,1441.47
7035,178,2,449.89,899.78
7035,48,3,113.06,339.18
7035,242,3,233.81,701.4300000000001
7035,393,1,129.5,129.5
7036,160,3,386.52,1159.56
7036,166,2,474.92,949.84
7037,423,2,317.55,635.1
7037,117,1,16.06,16.06
7037,422,2,275.45,550.9
7037,391,3,14.9,44.7
7037,459,1,220.51,220.51
7038,309,2,484.02,968.04
7038,223,2,80.53,161.06
7039,283,2,391.26,782.52
7039,397,1,154.37,154.37
7039,103,1,363.27,363.27
7040,32,3,284.06,852.1800000000001
7040,220,2,58.27,116.54
7040,154,2,371.7,743.4
7040,60,1,407.73,407.73
7040,358,2,198.63,397.26
7041,364,1,469.93,469.93
7041,79,2,102.92,205.84
7041,176,2,66.77,133.54
7041,236,1,495.48,495.48
7041,253,2,399.66,799.32
7042,6,2,23.99,47.98
7042,461,3,472.53,1417.59
7042,132,3,409.11,1227.33
7042,186,2,288.34,576.68
7043,224,1,133.14,133.14
7043,184,2,119.59,239.18
7043,289,2,427.58,855.16
7044,368,2,226.17,452.34
7044,84,1,239.85,239.85
7044,330,2,434.93,869.86
7044,401,2,99.91,199.82
7044,399,3,62.97,188.91
7045,147,1,404.23,404.23
7045,55,2,243.64,487.28
7045,358,3,198.63,595.89
7046,191,3,334.45,1003.3499999999999
7046,26,2,170.87,341.74
7047,277,2,74.18,148.36
7048,245,2,426.38,852.76
7048,203,1,490.13,490.13
7048,338,1,287.2,287.2
7048,316,3,68.22,204.66
7048,9,3,331.01,993.03
7049,419,2,139.16,278.32
7049,134,1,9.79,9.79
7049,410,2,227.81,455.62
7049,491,2,130.58,261.16
7049,136,2,277.36,554.72
7050,40,3,290.43,871.29
7050,136,2,277.36,554.72
7050,127,2,6.58,13.16
7051,38,3,437.95,1313.85
7051,388,2,439.12,878.24
7051,57,1,281.31,281.31
7052,452,1,235.45,235.45
7052,189,1,23.31,23.31
7052,292,3,335.18,1005.54
7052,69,1,494.8,494.8
7052,188,2,331.07,662.14
7053,132,2,409.11,818.22
7053,174,3,258.78,776.3399999999999
7054,470,2,67.19,134.38
7054,398,2,182.45,364.9
7054,350,3,170.56,511.68
7054,95,1,452.34,452.34
7054,472,2,485.93,971.86
7055,497,3,343.43,1030.29
7055,392,2,364.88,729.76
7056,166,2,474.92,949.84
7057,455,2,105.02,210.04
7057,58,3,462.1,1386.3000000000002
7057,220,1,58.27,58.27
7058,413,3,64.03,192.09
7058,232,3,478.28,1434.84
7058,147,1,404.23,404.23
7058,301,2,287.0,574.0
7058,345,1,179.94,179.94
7059,136,3,277.36,832.08
7060,122,2,65.23,130.46
7060,151,3,369.64,1108.92
7060,255,1,170.99,170.99
7061,485,3,165.35,496.04999999999995
7061,442,3,470.37,1411.1100000000001
7062,347,2,186.64,373.28
7063,190,1,387.18,387.18
7063,163,2,307.1,614.2
7064,500,1,236.72,236.72
7065,427,3,323.5,970.5
7066,141,2,257.07,514.14
7066,448,1,119.74,119.74
7066,206,1,353.54,353.54
7066,301,1,287.0,287.0
7066,106,1,422.11,422.11
7067,426,1,438.33,438.33
7067,398,1,182.45,182.45
7067,187,1,315.62,315.62
7068,312,1,176.2,176.2
7068,100,1,175.13,175.13
7068,129,1,293.08,293.08
7068,125,1,61.95,61.95
7068,498,3,48.54,145.62
7069,100,2,175.13,350.26
7069,461,2,472.53,945.06
7069,72,1,455.9,455.9
7069,205,3,59.11,177.32999999999998
7069,345,1,179.94,179.94
7070,150,3,216.59,649.77
7070,486,2,45.81,91.62
7070,495,3,239.08,717.24
7071,11,2,415.63,831.26
7072,310,1,78.93,78.93
7072,342,3,19.87,59.61
7072,299,2,207.73,415.46
7072,335,2,255.49,510.98
7073,218,3,213.29,639.87
7073,478,3,356.16,1068.48
7073,407,2,474.34,948.68
7074,69,3,494.8,1484.4
7075,106,3,422.11,1266.33
7075,439,3,201.62,604.86
7075,323,1,5.34,5.34
7076,244,3,286.63,859.89
7076,357,3,213.41,640.23
7076,478,1,356.16,356.16
7076,390,1,49.86,49.86
7076,147,3,404.23,1212.69
7077,195,2,280.71,561.42
7077,318,2,219.59,439.18
7078,160,1,386.52,386.52
7079,121,3,143.28,429.84000000000003
7079,122,2,65.23,130.46
7079,135,1,451.07,451.07
7079,237,2,236.39,472.78
7080,397,3,154.37,463.11
7080,253,1,399.66,399.66
7080,343,1,220.03,220.03
7080,165,3,170.69,512.0699999999999
7081,112,1,17.77,17.77
7081,362,1,110.19,110.19
7081,262,2,356.94,713.88
7082,338,3,287.2,861.5999999999999
7082,459,3,220.51,661.53
7082,325,1,470.48,470.48
7083,243,2,358.15,716.3
7084,139,1,349.74,349.74
7085,427,2,323.5,647.0
7085,46,1,51.28,51.28
7086,216,2,256.85,513.7
7086,426,2,438.33,876.66
7086,116,3,490.7,1472.1
7087,135,1,451.07,451.07
7087,397,1,154.37,154.37
7087,297,3,225.21,675.63
7087,184,2,119.59,239.18
7087,299,3,207.73,623.1899999999999
7088,83,1,243.84,243.84
7088,109,3,489.42,1468.26
7088,488,2,243.3,486.6
7088,477,3,155.19,465.57
7088,300,3,250.81,752.4300000000001
7089,88,2,361.93,723.86
7089,200,3,134.77,404.31000000000006
7089,452,3,235.45,706.3499999999999
7089,498,1,48.54,48.54
7089,261,2,235.72,471.44
7090,278,2,178.94,357.88
7091,291,3,336.86,1010.58
7091,110,3,124.44,373.32
7091,368,3,226.17,678.51
7092,430,2,379.23,758.46
7092,88,2,361.93,723.86
7092,199,2,355.65,711.3
7093,405,2,26.88,53.76
7094,305,3,80.66,241.98
7094,394,1,202.77,202.77
7094,156,3,404.58,1213.74
7094,127,1,6.58,6.58
7095,322,3,325.9,977.6999999999999
7095,258,1,440.33,440.33
7095,232,2,478.28,956.56
7096,65,1,318.4,318.4
7096,41,2,314.77,629.54
7097,19,1,343.63,343.63
7098,360,3,396.94,1190.82
7098,224,1,133.14,133.14
7099,63,1,270.0,270.0
7099,145,3,438.41,1315.23
7100,435,2,219.72,439.44
7100,298,2,310.25,620.5
7101,162,3,153.38,460.14
7101,453,2,335.96,671.92
7102,437,1,150.85,150.85
7102,346,2,206.81,413.62
7102,314,3,78.8,236.39999999999998
7102,237,1,236.39,236.39
7103,241,3,463.38,1390.1399999999999
7103,353,1,303.46,303.46
7103,261,2,235.72,471.44
7103,275,2,404.88,809.76
7104,234,1,202.87,202.87
7104,17,2,430.34,860.68
7104,160,2,386.52,773.04
7104,400,2,297.67,595.34
7104,279,2,273.72,547.44
7105,425,1,211.7,211.7
7105,53,2,440.06,880.12
7105,382,1,65.87,65.87
7105,14,2,127.52,255.04
7105,225,2,14.73,29.46
7106,158,3,269.42,808.26
7106,236,3,495.48,1486.44
7106,270,3,132.23,396.68999999999994
7107,275,2,404.88,809.76
7107,356,3,346.58,1039.74
7108,58,2,462.1,924.2
7109,49,1,486.05,486.05
7109,17,3,430.34,1291.02
7109,272,1,182.96,182.96
7109,352,1,23.31,23.31
7109,283,3,391.26,1173.78
7110,464,3,296.32,888.96
7110,266,1,292.77,292.77
7110,209,2,195.24,390.48
7111,414,3,457.0,1371.0
7112,262,1,356.94,356.94
7112,133,3,195.06,585.1800000000001
7113,101,3,38.7,116.10000000000001
7113,29,2,362.83,725.66
7113,229,2,230.52,461.04
7113,272,3,182.96,548.88
7114,209,3,195.24,585.72
7115,318,1,219.59,219.59
7115,424,3,41.06,123.18
7115,232,2,478.28,956.56
7115,358,1,198.63,198.63
7116,303,2,384.8,769.6
7116,447,1,156.88,156.88
7117,460,1,382.54,382.54
7117,270,3,132.23,396.68999999999994
7117,93,1,325.85,325.85
7117,487,1,396.73,396.73
7118,336,1,41.55,41.55
7118,407,3,474.34,1423.02
7118,374,1,415.45,415.45
7118,174,1,258.78,258.78
7118,178,2,449.89,899.78
7119,186,2,288.34,576.68
7119,6,3,23.99,71.97
7120,162,1,153.38,153.38
7121,433,2,457.16,914.32
7121,24,3,497.43,1492.29
7121,449,1,209.61,209.61
7121,142,2,176.49,352.98
7122,188,3,331.07,993.21
7122,230,3,314.06,942.1800000000001
7123,75,2,123.97,247.94
7124,148,1,228.08,228.08
7124,439,2,201.62,403.24
7125,158,1,269.42,269.42
7125,139,1,349.74,349.74
7125,282,2,463.34,926.68
7126,265,1,452.37,452.37
7126,172,2,171.63,343.26
7126,230,3,314.06,942.1800000000001
7127,128,1,19.74,19.74
7127,438,3,100.54,301.62
7127,331,1,69.86,69.86
7128,163,1,307.1,307.1
7128,248,1,255.64,255.64
7128,396,2,69.93,139.86
7129,176,1,66.77,66.77
7130,32,3,284.06,852.1800000000001
7130,297,1,225.21,225.21
7130,248,2,255.64,511.28
7130,464,2,296.32,592.64
7130,163,2,307.1,614.2
7131,363,1,479.64,479.64
7132,341,3,469.56,1408.68
7132,95,2,452.34,904.68
7132,386,1,273.27,273.27
7133,155,3,77.89,233.67000000000002
7133,189,2,23.31,46.62
7133,167,1,14.91,14.91
7133,306,2,12.42,24.84
7134,25,1,206.03,206.03
7134,89,2,437.32,874.64
7135,375,2,259.59,519.18
7135,495,3,239.08,717.24
7135,498,1,48.54,48.54
7136,291,1,336.86,336.86
7136,81,2,112.52,225.04
7136,115,2,200.47,400.94
7136,164,3,158.01,474.03
7137,295,2,366.04,732.08
7137,75,3,123.97,371.90999999999997
7137,167,1,14.91,14.91
7137,254,3,218.23,654.6899999999999
7138,50,1,347.73,347.73
7138,197,3,66.56,199.68
7138,186,2,288.34,576.68
7138,78,1,164.41,164.41
7139,425,2,211.7,423.4
7139,150,3,216.59,649.77
7139,57,1,281.31,281.31
7139,294,3,159.06,477.18
7140,65,1,318.4,318.4
7140,280,2,346.03,692.06
7141,326,3,337.22,1011.6600000000001
7141,148,1,228.08,228.08
7142,180,3,348.73,1046.19
7142,112,2,17.77,35.54
7142,214,3,460.83,1382.49
7142,234,3,202.87,608.61
7142,10,1,421.91,421.91
7143,228,1,469.49,469.49
7143,471,3,64.44,193.32
7143,332,1,450.12,450.12
7143,277,2,74.18,148.36
7143,388,1,439.12,439.12
7144,201,3,258.09,774.27
7145,178,1,449.89,449.89
7145,344,2,138.55,277.1
7145,415,3,454.18,1362.54
7145,190,1,387.18,387.18
7146,140,3,115.16,345.48
7146,300,1,250.81,250.81
7146,5,1,132.04,132.04
7146,204,2,396.2,792.4
7147,43,2,84.75,169.5
7147,391,2,14.9,29.8
7147,398,1,182.45,182.45
7147,369,2,492.83,985.66
7148,499,1,139.95,139.95
7148,149,2,111.19,222.38
7148,329,2,361.76,723.52
7149,377,1,139.69,139.69
7149,435,1,219.72,219.72
7149,437,3,150.85,452.54999999999995
7150,419,2,139.16,278.32
7151,197,3,66.56,199.68
7151,208,3,342.64,1027.92
7151,23,3,124.25,372.75
7151,477,1,155.19,155.19
7152,390,1,49.86,49.86
7152,348,2,45.01,90.02
7152,126,3,320.91,962.73
7153,435,2,219.72,439.44
7153,35,2,14.23,28.46
7153,191,2,334.45,668.9
7153,35,2,14.23,28.46
7154,186,1,288.34,288.34
7154,90,3,171.02,513.0600000000001
7154,130,1,201.64,201.64
7155,499,2,139.95,279.9
7156,484,1,304.06,304.06
7156,316,2,68.22,136.44
7156,217,1,80.51,80.51
7157,409,1,98.63,98.63
7157,132,2,409.11,818.22
7157,484,2,304.06,608.12
7157,281,1,173.96,173.96
7157,352,3,23.31,69.92999999999999
7158,337,1,226.35,226.35
7158,263,2,168.0,336.0
7158,56,1,258.91,258.91
7159,264,1,165.99,165.99
7159,112,2,17.77,35.54
7159,252,2,333.44,666.88
7159,449,3,209.61,628.83
7159,244,1,286.63,286.63
7160,347,3,186.64,559.92
7160,399,2,62.97,125.94
7160,79,2,102.92,205.84
7160,197,2,66.56,133.12
7160,242,1,233.81,233.81
7161,109,3,489.42,1468.26
7161,446,3,480.38,1441.1399999999999
7162,401,3,99.91,299.73
7162,158,3,269.42,808.26
7162,334,2,281.98,563.96
7163,149,2,111.19,222.38
7163,207,3,68.25,204.75
7163,299,2,207.73,415.46
7163,183,1,206.12,206.12
7163,172,3,171.63,514.89
7164,260,2,459.47,918.94
7165,474,3,239.02,717.0600000000001
7165,142,1,176.49,176.49
7166,82,1,479.76,479.76
7166,432,3,18.81,56.42999999999999
7167,63,1,270.0,270.0
7168,443,1,365.07,365.07
7168,271,1,188.99,188.99
7168,26,1,170.87,170.87
7168,284,1,322.24,322.24
7168,270,1,132.23,132.23
7169,328,2,251.99,503.98
7169,301,3,287.0,861.0
7169,56,1,258.91,258.91
7169,146,1,299.06,299.06
7170,119,3,120.42,361.26
7170,55,1,243.64,243.64
7170,497,2,343.43,686.86
7170,231,1,376.58,376.58
7170,329,1,361.76,361.76
7171,306,2,12.42,24.84
7171,455,2,105.02,210.04
7172,331,2,69.86,139.72
7172,207,3,68.25,204.75
7172,381,2,212.11,424.22
7172,36,2,325.79,651.58
7172,433,2,457.16,914.32
7173,428,3,48.76,146.28
7174,93,2,325.85,651.7
7174,478,3,356.16,1068.48
7174,413,2,64.03,128.06
7175,256,2,344.07,688.14
7175,156,3,404.58,1213.74
7175,234,2,202.87,405.74
7176,340,1,281.13,281.13
7176,42,3,38.5,115.5
7176,355,1,344.54,344.54
7177,276,2,254.66,509.32
7177,221,1,42.15,42.15
7177,307,2,75.2,150.4
7177,285,1,440.73,440.73
7178,190,1,387.18,387.18
7178,435,2,219.72,439.44
7179,278,3,178.94,536.8199999999999
7179,94,3,186.09,558.27
7179,404,2,115.89,231.78
7179,120,1,480.49,480.49
7180,20,2,446.93,893.86
7180,316,3,68.22,204.66
7180,320,3,142.18,426.54
7180,289,2,427.58,855.16
7180,298,2,310.25,620.5
7181,361,3,89.18,267.54
7181,353,1,303.46,303.46
7181,387,3,130.92,392.76
7181,300,1,250.81,250.81
7182,150,3,216.59,649.77
7182,274,2,203.73,407.46
7182,468,1,24.15,24.15
7182,368,1,226.17,226.17
7182,139,2,349.74,699.48
7183,439,3,201.62,604.86
7183,430,3,379.23,1137.69
7183,24,3,497.43,1492.29
7184,118,3,355.19,1065.57
7185,48,2,113.06,226.12
7185,422,2,275.45,550.9
7186,78,2,164.41,328.82
7186,231,3,376.58,1129.74
7187,78,2,164.41,328.82
7187,208,3,342.64,1027.92
7187,498,1,48.54,48.54
7187,465,2,484.34,968.68
7188,186,2,288.34,576.68
7188,133,3,195.06,585.1800000000001
7189,376,3,120.28,360.84000000000003
7189,18,1,395.52,395.52
7189,250,2,179.65,359.3
7189,213,3,343.62,1030.8600000000001
7189,313,2,181.23,362.46
7190,115,2,200.47,400.94
7190,301,3,287.0,861.0
7190,350,2,170.56,341.12
7191,175,1,235.77,235.77
7192,253,2,399.66,799.32
7192,242,3,233.81,701.4300000000001
7193,256,2,344.07,688.14
7193,304,1,282.76,282.76
7193,23,3,124.25,372.75
7193,126,2,320.91,641.82
7193,33,2,199.18,398.36
7194,411,3,311.19,933.5699999999999
7194,339,1,327.73,327.73
7195,66,3,113.14,339.42
7195,205,3,59.11,177.32999999999998
7195,363,2,479.64,959.28
7195,234,1,202.87,202.87
7196,348,3,45.01,135.03
7196,421,1,450.64,450.64
7196,288,1,174.29,174.29
7196,4,1,15.4,15.4
7196,332,3,450.12,1350.3600000000001
7197,415,1,454.18,454.18
7198,482,2,479.46,958.92
7198,433,1,457.16,457.16
7198,288,2,174.29,348.58
7199,188,3,331.07,993.21
7199,315,3,30.07,90.21000000000001
7199,383,3,114.97,344.90999999999997
7200,480,3,209.16,627.48
7200,292,1,335.18,335.18
7200,327,2,357.39,714.78
7200,167,3,14.91,44.730000000000004
7201,133,2,195.06,390.12
7201,455,2,105.02,210.04
7201,188,1,331.07,331.07
7201,164,1,158.01,158.01
7201,142,3,176.49,529.47
7202,250,1,179.65,179.65
7202,391,1,14.9,14.9
7202,242,2,233.81,467.62
7203,288,2,174.29,348.58
7203,263,1,168.0,168.0
7204,291,3,336.86,1010.58
7204,67,2,439.97,879.94
7204,321,3,271.53,814.5899999999999
7204,213,1,343.62,343.62
7205,114,2,108.7,217.4
7205,235,2,384.75,769.5
7206,284,1,322.24,322.24
7207,139,2,349.74,699.48
7207,127,1,6.58,6.58
7207,205,3,59.11,177.32999999999998
7208,251,2,208.81,417.62
7208,349,2,54.63,109.26
7208,186,3,288.34,865.02
7208,221,1,42.15,42.15
7209,88,2,361.93,723.86
7210,406,3,7.55,22.65
7211,200,2,134.77,269.54
7211,187,1,315.62,315.62
7211,357,3,213.41,640.23
7211,200,2,134.77,269.54
7211,189,3,23.31,69.92999999999999
7212,178,3,449.89,1349.67
7213,224,3,133.14,399.41999999999996
7213,226,2,285.61,571.22
7214,302,2,343.67,687.34
7214,133,3,195.06,585.1800000000001
7214,85,1,173.78,173.78
7215,281,1,173.96,173.96
7215,366,2,409.85,819.7
7215,497,1,343.43,343.43
7215,444,2,232.11,464.22
7216,458,1,290.04,290.04
7216,139,1,349.74,349.74
7216,447,1,156.88,156.88
7216,185,2,236.39,472.78
7216,342,2,19.87,39.74
7217,144,3,149.85,449.54999999999995
7217,275,1,404.88,404.88
7217,427,2,323.5,647.0
7217,48,2,113.06,226.12
7217,450,2,245.71,491.42
7218,450,1,245.71,245.71
7218,409,3,98.63,295.89
7218,480,3,209.16,627.48
7218,359,1,353.69,353.69
7219,183,1,206.12,206.12
7219,409,3,98.63,295.89
7219,465,3,484.34,1453.02
7219,361,3,89.18,267.54
7219,366,3,409.85,1229.5500000000002
7220,374,2,415.45,830.9
7220,117,2,16.06,32.12
7220,405,1,26.88,26.88
7220,303,1,384.8,384.8
7221,385,1,177.56,177.56
7221,254,3,218.23,654.6899999999999
7221,139,3,349.74,1049.22
7222,195,3,280.71,842.1299999999999
7223,233,1,76.89,76.89
7223,374,3,415.45,1246.35
7223,128,1,19.74,19.74
7224,368,1,226.17,226.17
7225,26,1,170.87,170.87
7225,237,1,236.39,236.39
7225,165,3,170.69,512.0699999999999
7225,417,1,202.32,202.32
7226,137,3,124.07,372.21
7227,177,1,337.04,337.04
7227,288,1,174.29,174.29
7227,119,1,120.42,120.42
7228,500,1,236.72,236.72
7229,89,2,437.32,874.64
7229,320,1,142.18,142.18
7229,361,1,89.18,89.18
7229,291,3,336.86,1010.58
7230,333,2,61.26,122.52
7230,323,2,5.34,10.68
7230,287,2,477.19,954.38
7230,423,2,317.55,635.1
7230,10,3,421.91,1265.73
7231,50,1,347.73,347.73
7231,111,1,283.29,283.29
7231,368,2,226.17,452.34
7231,11,3,415.63,1246.8899999999999
7232,393,1,129.5,129.5
7232,331,1,69.86,69.86
7232,425,3,211.7,635.0999999999999
7232,382,1,65.87,65.87
7233,426,3,438.33,1314.99
7233,331,3,69.86,209.57999999999998
7234,302,1,343.67,343.67
7235,143,3,248.2,744.5999999999999
7236,110,2,124.44,248.88
7236,264,3,165.99,497.97
7236,316,3,68.22,204.66
7236,345,2,179.94,359.88
7237,30,3,243.42,730.26
7237,170,3,432.62,1297.8600000000001
7237,245,3,426.38,1279.1399999999999
7237,41,3,314.77,944.31
7238,198,3,209.69,629.0699999999999
7238,173,2,364.45,728.9
7238,477,2,155.19,310.38
7238,234,1,202.87,202.87
7238,255,1,170.99,170.99
7239,345,1,179.94,179.94
7239,169,1,466.19,466.19
7239,492,2,28.24,56.48
7240,349,2,54.63,109.26
7240,358,1,198.63,198.63
7240,363,2,479.64,959.28
7240,364,3,469.93,1409.79
7240,134,1,9.79,9.79
7241,147,1,404.23,404.23
7241,253,3,399.66,1198.98
7241,142,1,176.49,176.49
7241,130,1,201.64,201.64
7241,142,1,176.49,176.49
7242,370,3,49.7,149.10000000000002
7242,429,1,257.85,257.85
7242,385,2,177.56,355.12
7242,216,1,256.85,256.85
7243,214,3,460.83,1382.49
7244,266,3,292.77,878.31
7245,291,2,336.86,673.72
7245,476,1,121.13,121.13
7245,379,2,222.7,445.4
7245,341,2,469.56,939.12
7246,481,3,209.3,627.9000000000001
7246,402,2,336.6,673.2
7247,208,1,342.64,342.64
7247,469,3,351.84,1055.52
7247,190,1,387.18,387.18
7247,332,3,450.12,1350.3600000000001
7247,388,2,439.12,878.24
7248,426,3,438.33,1314.99
7248,143,3,248.2,744.5999999999999
7248,128,3,19.74,59.22
7248,379,3,222.7,668.0999999999999
7249,312,2,176.2,352.4
7249,54,3,393.16,1179.48
7250,14,3,127.52,382.56
7250,270,1,132.23,132.23
7250,80,1,296.1,296.1
7251,169,2,466.19,932.38
7251,45,2,442.81,885.62
7251,357,3,213.41,640.23
7251,119,2,120.42,240.84
7252,21,2,348.11,696.22
7252,184,2,119.59,239.18
7252,153,1,435.4,435.4
7252,73,3,279.0,837.0
7253,443,3,365.07,1095.21
7254,280,1,346.03,346.03
7254,105,2,414.79,829.58
7254,493,3,435.98,1307.94
7255,272,1,182.96,182.96
7255,119,2,120.42,240.84
7255,261,2,235.72,471.44
7256,352,2,23.31,46.62
7257,11,1,415.63,415.63
7258,384,3,9.03,27.089999999999996
7259,421,2,450.64,901.28
7259,385,2,177.56,355.12
7259,150,3,216.59,649.77
7259,306,3,12.42,37.26
7260,463,2,76.72,153.44
7260,212,3,381.28,1143.84
7260,452,3,235.45,706.3499999999999
7261,429,3,257.85,773.5500000000001
7261,72,1,455.9,455.9
7261,8,3,236.88,710.64
7262,442,1,470.37,470.37
7263,210,2,366.8,733.6
7264,141,1,257.07,257.07
7264,12,3,291.6,874.8000000000001
7264,139,3,349.74,1049.22
7264,242,1,233.81,233.81
7265,459,1,220.51,220.51
7265,255,1,170.99,170.99
7266,68,2,5.86,11.72
7266,343,1,220.03,220.03
7266,87,1,367.59,367.59
7266,415,2,454.18,908.36
7266,57,1,281.31,281.31
7267,284,1,322.24,322.24
7267,360,1,396.94,396.94
7267,55,3,243.64,730.92
7267,393,3,129.5,388.5
7268,53,2,440.06,880.12
7268,353,2,303.46,606.92
7268,108,2,189.13,378.26
7268,303,2,384.8,769.6
7269,29,1,362.83,362.83
7269,263,1,168.0,168.0
7269,18,1,395.52,395.52
7270,70,2,420.8,841.6
7270,261,3,235.72,707.16
7270,443,2,365.07,730.14
7271,353,2,303.46,606.92
7271,346,3,206.81,620.4300000000001
7271,150,2,216.59,433.18
7271,311,2,432.8,865.6
7271,196,2,372.88,745.76
7272,285,2,440.73,881.46
7272,458,1,290.04,290.04
7273,470,1,67.19,67.19
7273,369,1,492.83,492.83
7273,339,3,327.73,983.19
7273,372,3,224.89,674.67
7273,254,1,218.23,218.23
7274,235,1,384.75,384.75
7275,320,2,142.18,284.36
7275,48,2,113.06,226.12
7276,161,3,281.23,843.69
7276,233,1,76.89,76.89
7277,144,2,149.85,299.7
7277,91,2,440.33,880.66
7277,139,2,349.74,699.48
7278,402,3,336.6,1009.8000000000001
7278,78,2,164.41,328.82
7278,26,1,170.87,170.87
7278,172,1,171.63,171.63
7278,469,3,351.84,1055.52
7279,433,3,457.16,1371.48
7280,444,3,232.11,696.33
7281,44,1,437.15,437.15
7282,192,2,361.57,723.14
7283,111,2,283.29,566.58
7283,261,2,235.72,471.44
7283,392,3,364.88,1094.6399999999999
7284,500,3,236.72,710.16
7284,63,2,270.0,540.0
7284,230,3,314.06,942.1800000000001
7284,266,1,292.77,292.77
7285,333,1,61.26,61.26
7285,376,3,120.28,360.84000000000003
7285,239,1,254.23,254.23
7285,222,3,310.77,932.31
7285,422,2,275.45,550.9
7286,255,1,170.99,170.99
7287,214,3,460.83,1382.49
7287,7,3,479.78,1439.34
7287,330,1,434.93,434.93
7288,202,3,174.67,524.01
7288,436,2,41.76,83.52
7289,296,3,348.54,1045.6200000000001
7289,346,1,206.81,206.81
7289,148,3,228.08,684.24
7289,105,3,414.79,1244.3700000000001
7290,180,3,348.73,1046.19
7290,4,3,15.4,46.2
7290,166,2,474.92,949.84
7291,256,1,344.07,344.07
7291,195,1,280.71,280.71
7291,324,2,311.54,623.08
7291,146,3,299.06,897.1800000000001
7291,140,3,115.16,345.48
7292,331,1,69.86,69.86
7292,179,1,422.57,422.57
7292,33,3,199.18,597.54
7292,86,1,409.34,409.34
7293,337,1,226.35,226.35
7294,270,2,132.23,264.46
7294,277,1,74.18,74.18
7294,330,1,434.93,434.93
7295,432,2,18.81,37.62
7295,48,1,113.06,113.06
7295,264,1,165.99,165.99
7295,440,2,362.37,724.74
7295,498,2,48.54,97.08
7296,16,1,191.38,191.38
7296,72,2,455.9,911.8
7297,158,1,269.42,269.42
7297,36,3,325.79,977.3700000000001
7297,27,3,432.61,1297.83
7297,497,2,343.43,686.86
7297,473,1,20.11,20.11
7298,250,3,179.65,538.95
7299,371,1,319.89,319.89
7299,247,3,228.88,686.64
7299,257,3,287.88,863.64
7299,73,3,279.0,837.0
7300,437,3,150.85,452.54999999999995
7301,225,2,14.73,29.46
7301,227,2,413.65,827.3
7301,97,1,91.52,91.52
7301,470,1,67.19,67.19
7302,368,2,226.17,452.34
7303,324,2,311.54,623.08
7303,365,3,373.53,1120.59
7303,26,1,170.87,170.87
7303,290,2,334.81,669.62
7303,257,1,287.88,287.88
7304,345,1,179.94,179.94
7304,425,1,211.7,211.7
7304,200,1,134.77,134.77
7305,37,2,183.06,366.12
7305,34,3,150.14,450.41999999999996
7305,113,2,180.72,361.44
7305,482,1,479.46,479.46
7306,466,1,465.33,465.33
7306,366,3,409.85,1229.5500000000002
7306,282,1,463.34,463.34
7307,463,2,76.72,153.44
7308,335,3,255.49,766.47
7309,452,2,235.45,470.9
7309,405,2,26.88,53.76
7309,318,1,219.59,219.59
7310,267,2,347.18,694.36
7310,380,1,378.14,378.14
7310,96,3,95.56,286.68
7311,25,2,206.03,412.06
7311,19,1,343.63,343.63
7311,135,1,451.07,451.07
7311,325,1,470.48,470.48
7311,299,3,207.73,623.1899999999999
7312,219,1,9.55,9.55
7312,129,2,293.08,586.16
7313,131,2,286.17,572.34
7313,78,3,164.41,493.23
7313,339,3,327.73,983.19
7313,113,3,180.72,542.16
7314,27,2,432.61,865.22
7315,37,3,183.06,549.1800000000001
7315,365,1,373.53,373.53
7315,216,3,256.85,770.5500000000001
7316,489,2,229.25,458.5
7316,101,1,38.7,38.7
7316,81,3,112.52,337.56
7317,489,2,229.25,458.5
7317,91,3,440.33,1320.99
7317,24,3,497.43,1492.29
7317,261,2,235.72,471.44
7317,408,3,182.79,548.37
7318,417,3,202.32,606.96
7318,379,3,222.7,668.0999999999999
7319,185,3,236.39,709.17
7319,236,2,495.48,990.96
7320,432,2,18.81,37.62
7321,191,3,334.45,1003.3499999999999
7321,321,2,271.53,543.06
7321,384,3,9.03,27.089999999999996
7321,9,2,331.01,662.02
7321,80,2,296.1,592.2
7322,224,1,133.14,133.14
7322,14,2,127.52,255.04
7322,49,3,486.05,1458.15
7323,446,2,480.38,960.76
7323,467,3,24.18,72.53999999999999
7323,450,3,245.71,737.13
7324,343,3,220.03,660.09
7324,253,1,399.66,399.66
7325,221,2,42.15,84.3
7326,98,3,375.73,1127.19
7326,409,1,98.63,98.63
7326,122,3,65.23,195.69
7326,340,1,281.13,281.13
7326,95,1,452.34,452.34
7327,482,3,479.46,1438.3799999999999
7327,69,2,494.8,989.6
7327,280,2,346.03,692.06
7327,443,3,365.07,1095.21
7328,322,3,325.9,977.6999999999999
7328,47,2,140.75,281.5
7328,403,1,44.77,44.77
7328,209,3,195.24,585.72
7329,47,3,140.75,422.25
7329,329,2,361.76,723.52
7329,404,2,115.89,231.78
7329,38,3,437.95,1313.85
7330,355,1,344.54,344.54
7331,234,3,202.87,608.61
7332,388,3,439.12,1317.3600000000001
7332,181,3,369.11,1107.33
7332,413,3,64.03,192.09
7333,43,3,84.75,254.25
7333,477,1,155.19,155.19
7333,384,2,9.03,18.06
7334,291,1,336.86,336.86
7335,476,3,121.13,363.39
7335,82,3,479.76,1439.28
7335,21,3,348.11,1044.33
7336,196,2,372.88,745.76
7337,324,1,311.54,311.54
7337,239,3,254.23,762.6899999999999
7338,104,2,355.23,710.46
7339,433,3,457.16,1371.48
7340,231,1,376.58,376.58
7340,341,2,469.56,939.12
7340,50,1,347.73,347.73
7340,442,2,470.37,940.74
7341,177,1,337.04,337.04
7341,495,2,239.08,478.16
7341,200,1,134.77,134.77
7342,481,3,209.3,627.9000000000001
7342,398,3,182.45,547.3499999999999
7342,368,1,226.17,226.17
7342,60,1,407.73,407.73
7343,410,3,227.81,683.4300000000001
7343,7,2,479.78,959.56
7343,327,1,357.39,357.39
7343,94,2,186.09,372.18
7343,178,3,449.89,1349.67
7344,196,1,372.88,372.88
7344,492,3,28.24,84.72
7344,247,1,228.88,228.88
7345,195,2,280.71,561.42
7346,43,2,84.75,169.5
7346,330,2,434.93,869.86
7346,48,3,113.06,339.18
7346,413,2,64.03,128.06
7347,483,3,70.53,211.59
7347,137,2,124.07,248.14
7347,116,2,490.7,981.4
7347,348,3,45.01,135.03
7348,429,2,257.85,515.7
7348,15,1,190.65,190.65
7348,68,2,5.86,11.72
7348,111,3,283.29,849.8700000000001
7348,481,1,209.3,209.3
7349,121,2,143.28,286.56
7349,120,2,480.49,960.98
7349,438,3,100.54,301.62
7350,475,1,426.61,426.61
7350,36,2,325.79,651.58
7350,259,1,200.38,200.38
7351,466,3,465.33,1395.99
7351,55,2,243.64,487.28
7351,226,3,285.61,856.83
7351,44,3,437.15,1311.4499999999998
7351,479,1,131.06,131.06
7352,369,1,492.83,492.83
7352,186,2,288.34,576.68
7352,398,1,182.45,182.45
7353,258,2,440.33,880.66
7353,294,2,159.06,318.12
7353,317,3,75.98,227.94
7353,480,2,209.16,418.32
7353,470,3,67.19,201.57
7354,55,3,243.64,730.92
7354,61,3,118.22,354.65999999999997
7354,75,1,123.97,123.97
7354,478,3,356.16,1068.48
7354,189,3,23.31,69.92999999999999
7355,80,1,296.1,296.1
7355,56,3,258.91,776.73
7355,92,3,86.51,259.53000000000003
7355,403,2,44.77,89.54
7356,98,3,375.73,1127.19
7356,89,3,437.32,1311.96
7356,165,1,170.69,170.69
7356,30,2,243.42,486.84
7356,270,3,132.23,396.68999999999994
7357,378,3,153.62,460.86
7357,478,2,356.16,712.32
7357,68,1,5.86,5.86
7357,42,2,38.5,77.0
7358,44,2,437.15,874.3
7358,106,1,422.11,422.11
7359,85,2,173.78,347.56
7359,164,2,158.01,316.02
7359,192,2,361.57,723.14
7359,493,1,435.98,435.98
7360,168,2,396.27,792.54
7360,331,2,69.86,139.72
7361,440,3,362.37,1087.1100000000001
7361,135,2,451.07,902.14
7361,253,1,399.66,399.66
7361,67,1,439.97,439.97
7362,493,1,435.98,435.98
7362,190,3,387.18,1161.54
7362,2,3,139.66,418.98
7362,201,2,258.09,516.18
7362,289,3,427.58,1282.74
7363,207,1,68.25,68.25
7363,376,1,120.28,120.28
7363,326,2,337.22,674.44
7363,497,2,343.43,686.86
7363,73,3,279.0,837.0
7364,36,2,325.79,651.58
7364,212,2,381.28,762.56
7364,481,2,209.3,418.6
7365,165,3,170.69,512.0699999999999
7365,180,1,348.73,348.73
7366,224,3,133.14,399.41999999999996
7366,371,1,319.89,319.89
7366,208,2,342.64,685.28
7366,283,2,391.26,782.52
7366,99,2,142.89,285.78
7367,304,2,282.76,565.52
7367,371,3,319.89,959.67
7367,114,1,108.7,108.7
7368,74,3,83.84,251.52
7368,419,3,139.16,417.48
7368,347,3,186.64,559.92
7369,357,2,213.41,426.82
7369,156,2,404.58,809.16
7370,389,1,497.51,497.51
7371,143,3,248.2,744.5999999999999
7371,99,2,142.89,285.78
7372,93,1,325.85,325.85
7372,183,1,206.12,206.12
7372,360,2,396.94,793.88
7373,7,1,479.78,479.78
7373,248,3,255.64,766.92
7373,452,3,235.45,706.3499999999999
7373,493,1,435.98,435.98
7374,233,2,76.89,153.78
7374,332,3,450.12,1350.3600000000001
7374,378,1,153.62,153.62
7374,434,1,379.85,379.85
7374,287,3,477.19,1431.57
7375,366,3,409.85,1229.5500000000002
7375,62,3,403.84,1211.52
7375,192,3,361.57,1084.71
7376,5,3,132.04,396.12
7376,55,1,243.64,243.64
7376,412,1,343.82,343.82
7376,254,3,218.23,654.6899999999999
7376,354,3,107.87,323.61
7377,10,2,421.91,843.82
7377,489,2,229.25,458.5
7377,179,3,422.57,1267.71
7377,467,3,24.18,72.53999999999999
7377,148,1,228.08,228.08
7378,296,3,348.54,1045.6200000000001
7378,442,2,470.37,940.74
7378,201,2,258.09,516.18
7379,202,2,174.67,349.34
7379,475,3,426.61,1279.83
7379,255,2,170.99,341.98
7379,112,3,17.77,53.31
7380,446,2,480.38,960.76
7380,114,3,108.7,326.1
7380,304,3,282.76,848.28
7380,209,1,195.24,195.24
7381,305,1,80.66,80.66
7381,17,1,430.34,430.34
7381,470,3,67.19,201.57
7381,129,1,293.08,293.08
7381,223,3,80.53,241.59
7382,262,2,356.94,713.88
7382,409,3,98.63,295.89
7382,400,2,297.67,595.34
7382,195,1,280.71,280.71
7383,227,1,413.65,413.65
7383,338,2,287.2,574.4
7383,155,2,77.89,155.78
7383,202,2,174.67,349.34
7384,279,1,273.72,273.72
7384,364,3,469.93,1409.79
7384,120,3,480.49,1441.47
7385,214,1,460.83,460.83
7385,468,2,24.15,48.3
7385,332,3,450.12,1350.3600000000001
7386,5,2,132.04,264.08
7387,425,1,211.7,211.7
7387,450,3,245.71,737.13
7387,403,3,44.77,134.31
7387,388,2,439.12,878.24
7387,207,1,68.25,68.25
7388,172,2,171.63,343.26
7388,408,3,182.79,548.37
7388,104,2,355.23,710.46
7388,21,1,348.11,348.11
7389,421,3,450.64,1351.92
7389,386,3,273.27,819.81
7389,420,2,410.03,820.06
7390,64,1,330.1,330.1
7390,340,2,281.13,562.26
7391,183,3,206.12,618.36
7391,201,2,258.09,516.18
7392,166,3,474.92,1424.76
7392,379,2,222.7,445.4
7393,254,2,218.23,436.46
7393,180,3,348.73,1046.19
7393,144,3,149.85,449.54999999999995
7393,395,1,254.9,254.9
7394,385,2,177.56,355.12
7394,214,3,460.83,1382.49
7394,495,2,239.08,478.16
7394,307,1,75.2,75.2
7395,437,1,150.85,150.85
7395,293,3,487.59,1462.77
7396,371,2,319.89,639.78
7397,303,1,384.8,384.8
7398,456,1,242.56,242.56
7398,349,1,54.63,54.63
7398,170,2,432.62,865.24
7398,447,2,156.88,313.76
7399,449,1,209.61,209.61
7399,362,3,110.19,330.57
7399,164,2,158.01,316.02
7400,498,2,48.54,97.08
7400,74,1,83.84,83.84
7401,269,2,183.25,366.5
7401,305,2,80.66,161.32
7402,200,3,134.77,404.31000000000006
7402,95,3,452.34,1357.02
7402,136,3,277.36,832.08
7402,378,3,153.62,460.86
7402,87,1,367.59,367.59
7403,248,2,255.64,511.28
7403,258,3,440.33,1320.99
7403,324,3,311.54,934.6200000000001
7404,93,1,325.85,325.85
7404,474,3,239.02,717.0600000000001
7404,302,2,343.67,687.34
7404,379,3,222.7,668.0999999999999
7404,207,3,68.25,204.75
7405,11,1,415.63,415.63
7405,443,3,365.07,1095.21
7406,231,1,376.58,376.58
7406,390,3,49.86,149.57999999999998
7406,236,3,495.48,1486.44
7407,123,3,187.5,562.5
7407,497,2,343.43,686.86
7407,52,3,207.19,621.5699999999999
7407,154,2,371.7,743.4
7408,278,2,178.94,357.88
7408,246,3,234.51,703.53
7408,455,3,105.02,315.06
7408,170,2,432.62,865.24
7409,235,3,384.75,1154.25
7409,253,3,399.66,1198.98
7409,141,3,257.07,771.21
7409,291,1,336.86,336.86
7410,179,2,422.57,845.14
7410,12,3,291.6,874.8000000000001
7410,493,2,435.98,871.96
7411,451,1,332.65,332.65
7411,287,1,477.19,477.19
7411,377,1,139.69,139.69
7412,213,3,343.62,1030.8600000000001
7412,132,2,409.11,818.22
7412,426,2,438.33,876.66
7413,290,1,334.81,334.81
7413,459,1,220.51,220.51
7413,365,3,373.53,1120.59
7413,429,2,257.85,515.7
7413,420,1,410.03,410.03
7414,427,3,323.5,970.5
7415,113,3,180.72,542.16
7415,126,2,320.91,641.82
7416,187,1,315.62,315.62
7416,103,1,363.27,363.27
7416,423,2,317.55,635.1
7416,329,3,361.76,1085.28
7416,405,1,26.88,26.88
7417,350,2,170.56,341.12
7417,69,3,494.8,1484.4
7417,287,3,477.19,1431.57
7418,452,3,235.45,706.3499999999999
7418,174,2,258.78,517.56
7419,223,1,80.53,80.53
7419,264,2,165.99,331.98
7419,168,3,396.27,1188.81
7419,183,3,206.12,618.36
7420,486,3,45.81,137.43
7420,238,2,150.48,300.96
7420,142,2,176.49,352.98
7420,407,1,474.34,474.34
7421,344,1,138.55,138.55
7422,23,3,124.25,372.75
7422,342,1,19.87,19.87
7422,305,1,80.66,80.66
7422,375,1,259.59,259.59
7423,333,1,61.26,61.26
7424,288,2,174.29,348.58
7424,181,3,369.11,1107.33
7424,420,1,410.03,410.03
7424,33,3,199.18,597.54
7425,362,3,110.19,330.57
7425,153,1,435.4,435.4
7425,48,3,113.06,339.18
7425,248,3,255.64,766.92
7425,221,1,42.15,42.15
7426,289,1,427.58,427.58
7426,114,1,108.7,108.7
7426,205,1,59.11,59.11
7426,71,2,43.24,86.48
7427,117,2,16.06,32.12
7427,232,2,478.28,956.56
7427,266,3,292.77,878.31
7428,54,2,393.16,786.32
7429,156,2,404.58,809.16
7430,131,3,286.17,858.51
7430,296,1,348.54,348.54
7431,244,3,286.63,859.89
7431,412,2,343.82,687.64
7431,361,2,89.18,178.36
7432,326,1,337.22,337.22
7432,39,2,105.83,211.66
7432,459,2,220.51,441.02
7432,216,2,256.85,513.7
7432,261,3,235.72,707.16
7433,244,3,286.63,859.89
7433,279,1,273.72,273.72
7433,327,2,357.39,714.78
7433,294,1,159.06,159.06
7433,343,1,220.03,220.03
7434,29,2,362.83,725.66
7434,320,2,142.18,284.36
7434,269,3,183.25,549.75
7434,465,2,484.34,968.68
7434,29,1,362.83,362.83
7435,136,3,277.36,832.08
7435,497,2,343.43,686.86
7435,77,2,254.31,508.62
7436,467,2,24.18,48.36
7436,52,2,207.19,414.38
7437,54,2,393.16,786.32
7437,414,3,457.0,1371.0
7437,41,2,314.77,629.54
7437,354,1,107.87,107.87
7437,488,1,243.3,243.3
7438,46,1,51.28,51.28
7438,162,2,153.38,306.76
7438,411,1,311.19,311.19
7439,104,3,355.23,1065.69
7439,123,2,187.5,375.0
7439,17,2,430.34,860.68
7440,488,2,243.3,486.6
7441,259,2,200.38,400.76
7441,168,3,396.27,1188.81
7442,430,3,379.23,1137.69
7442,83,3,243.84,731.52
7443,189,2,23.31,46.62
7443,247,2,228.88,457.76
7443,471,1,64.44,64.44
7443,497,2,343.43,686.86
7444,438,3,100.54,301.62
7445,258,1,440.33,440.33
7445,147,3,404.23,1212.69
7445,297,1,225.21,225.21
7445,262,1,356.94,356.94
7446,177,2,337.04,674.08
7447,105,1,414.79,414.79
7447,111,3,283.29,849.8700000000001
7447,472,1,485.93,485.93
7447,27,2,432.61,865.22
7447,450,1,245.71,245.71
7448,255,2,170.99,341.98
7449,460,2,382.54,765.08
7449,244,2,286.63,573.26
7449,405,3,26.88,80.64
7449,498,3,48.54,145.62
7450,8,3,236.88,710.64
7451,445,3,124.24,372.71999999999997
7452,453,2,335.96,671.92
7452,428,2,48.76,97.52
7453,349,1,54.63,54.63
7453,431,1,370.38,370.38
7453,116,3,490.7,1472.1
7453,300,2,250.81,501.62
7453,418,2,141.62,283.24
7454,166,3,474.92,1424.76
7454,105,1,414.79,414.79
7454,162,3,153.38,460.14
7454,246,3,234.51,703.53
7454,84,3,239.85,719.55
7455,316,2,68.22,136.44
7455,262,2,356.94,713.88
7455,230,2,314.06,628.12
7456,377,1,139.69,139.69
7456,153,2,435.4,870.8
7456,224,1,133.14,133.14
7456,351,2,385.67,771.34
7457,265,1,452.37,452.37
7458,203,3,490.13,1470.3899999999999
7458,486,2,45.81,91.62
7459,188,3,331.07,993.21
7459,267,2,347.18,694.36
7459,327,1,357.39,357.39
7459,361,3,89.18,267.54
7460,26,1,170.87,170.87
7460,100,2,175.13,350.26
7461,181,2,369.11,738.22
7462,80,1,296.1,296.1
7462,424,1,41.06,41.06
7463,173,2,364.45,728.9
7463,414,2,457.0,914.0
7463,164,3,158.01,474.03
7463,277,3,74.18,222.54000000000002
7463,411,3,311.19,933.5699999999999
7464,6,3,23.99,71.97
7465,163,3,307.1,921.3000000000001
7465,44,1,437.15,437.15
7466,238,1,150.48,150.48
7466,240,2,98.4,196.8
7466,106,1,422.11,422.11
7466,487,1,396.73,396.73
7466,366,3,409.85,1229.5500000000002
7467,109,2,489.42,978.84
7468,349,3,54.63,163.89000000000001
7468,92,2,86.51,173.02
7468,424,2,41.06,82.12
7468,299,1,207.73,207.73
7468,469,1,351.84,351.84
7469,301,1,287.0,287.0
7469,90,3,171.02,513.0600000000001
7469,398,2,182.45,364.9
7469,305,3,80.66,241.98
7470,304,3,282.76,848.28
7471,181,1,369.11,369.11
7472,452,2,235.45,470.9
7473,40,2,290.43,580.86
7473,298,1,310.25,310.25
7473,29,3,362.83,1088.49
7473,374,3,415.45,1246.35
7474,490,2,487.09,974.18
7474,440,3,362.37,1087.1100000000001
7474,310,3,78.93,236.79000000000002
7474,333,2,61.26,122.52
7474,359,1,353.69,353.69
7475,287,1,477.19,477.19
7475,137,3,124.07,372.21
7476,215,3,313.01,939.03
7476,311,1,432.8,432.8
7476,196,1,372.88,372.88
7477,319,1,132.86,132.86
7477,461,2,472.53,945.06
7477,480,1,209.16,209.16
7477,31,1,384.06,384.06
7478,393,1,129.5,129.5
7478,348,1,45.01,45.01
7479,35,3,14.23,42.69
7480,57,1,281.31,281.31
7480,121,2,143.28,286.56
7481,23,3,124.25,372.75
7481,488,3,243.3,729.9000000000001
7481,332,3,450.12,1350.3600000000001
7481,51,2,124.89,249.78
7481,116,1,490.7,490.7
7482,58,2,462.1,924.2
7483,50,1,347.73,347.73
7483,303,2,384.8,769.6
7483,274,1,203.73,203.73
7484,264,1,165.99,165.99
7484,291,1,336.86,336.86
7484,250,2,179.65,359.3
7484,112,2,17.77,35.54
7485,258,2,440.33,880.66
7485,103,2,363.27,726.54
7485,465,2,484.34,968.68
7485,116,3,490.7,1472.1
7485,466,2,465.33,930.66
7486,78,2,164.41,328.82
7486,300,3,250.81,752.4300000000001
7486,244,1,286.63,286.63
7486,344,3,138.55,415.65000000000003
7487,299,1,207.73,207.73
7487,113,1,180.72,180.72
7487,304,3,282.76,848.28
7487,255,2,170.99,341.98
7488,198,1,209.69,209.69
7488,290,1,334.81,334.81
7489,462,1,153.15,153.15
7489,151,3,369.64,1108.92
7489,480,1,209.16,209.16
7490,340,3,281.13,843.39
7490,13,2,41.35,82.7
7490,157,3,208.56,625.6800000000001
7491,105,1,414.79,414.79
7492,117,2,16.06,32.12
7493,102,2,196.78,393.56
7493,191,1,334.45,334.45
7493,294,2,159.06,318.12
7493,66,1,113.14,113.14
7494,194,3,22.63,67.89
7494,435,2,219.72,439.44
7494,212,1,381.28,381.28
7495,413,2,64.03,128.06
7495,168,1,396.27,396.27
7495,402,2,336.6,673.2
7495,389,1,497.51,497.51
7496,348,1,45.01,45.01
7496,42,2,38.5,77.0
7496,123,1,187.5,187.5
7496,387,1,130.92,130.92
7497,140,3,115.16,345.48
7498,223,2,80.53,161.06
7498,484,3,304.06,912.1800000000001
7498,137,3,124.07,372.21
7498,147,3,404.23,1212.69
7499,360,1,396.94,396.94
7499,375,1,259.59,259.59
7499,49,1,486.05,486.05
7500,294,3,159.06,477.18
7501,384,3,9.03,27.089999999999996
7501,362,2,110.19,220.38
7501,360,1,396.94,396.94
7501,326,3,337.22,1011.6600000000001
7501,77,2,254.31,508.62
7502,103,2,363.27,726.54
7502,228,2,469.49,938.98
7502,364,2,469.93,939.86
7502,392,2,364.88,729.76
7503,298,1,310.25,310.25
7503,73,1,279.0,279.0
7503,152,1,436.45,436.45
7504,456,1,242.56,242.56
7504,260,1,459.47,459.47
7504,401,3,99.91,299.73
7504,498,2,48.54,97.08
7505,173,2,364.45,728.9
7505,182,1,491.56,491.56
7505,100,1,175.13,175.13
7506,67,1,439.97,439.97
7506,33,2,199.18,398.36
7506,95,2,452.34,904.68
7506,373,2,259.22,518.44
7506,439,3,201.62,604.86
7507,467,1,24.18,24.18
7507,164,2,158.01,316.02
7507,195,2,280.71,561.42
7507,304,2,282.76,565.52
7507,396,1,69.93,69.93
7508,355,2,344.54,689.08
7508,89,1,437.32,437.32
7509,91,3,440.33,1320.99
7510,85,3,173.78,521.34
7510,247,3,228.88,686.64
7510,305,3,80.66,241.98
7510,192,1,361.57,361.57
7510,110,1,124.44,124.44
7511,20,3,446.93,1340.79
7512,59,2,471.15,942.3
7513,227,2,413.65,827.3
7513,311,1,432.8,432.8
7514,105,2,414.79,829.58
7515,360,1,396.94,396.94
7515,289,1,427.58,427.58
7516,90,3,171.02,513.0600000000001
7516,105,3,414.79,1244.3700000000001
7516,403,1,44.77,44.77
7517,251,2,208.81,417.62
7517,173,3,364.45,1093.35
7517,348,1,45.01,45.01
7517,218,2,213.29,426.58
7518,186,2,288.34,576.68
7519,384,1,9.03,9.03
7519,19,2,343.63,687.26
7519,159,1,287.61,287.61
7519,285,3,440.73,1322.19
7519,396,3,69.93,209.79000000000002
7520,106,1,422.11,422.11
7520,333,2,61.26,122.52
7521,191,3,334.45,1003.3499999999999
7521,496,2,341.88,683.76
7521,335,2,255.49,510.98
7522,218,3,213.29,639.87
7522,213,2,343.62,687.24
7522,31,3,384.06,1152.18
7522,181,1,369.11,369.11
7523,6,3,23.99,71.97
7524,82,2,479.76,959.52
7524,443,2,365.07,730.14
7524,6,1,23.99,23.99
7524,295,3,366.04,1098.1200000000001
7525,358,3,198.63,595.89
7525,64,3,330.1,990.3000000000001
7525,265,3,452.37,1357.1100000000001
7526,210,3,366.8,1100.4
7526,485,1,165.35,165.35
7527,373,2,259.22,518.44
7527,81,1,112.52,112.52
7527,403,2,44.77,89.54
7527,332,1,450.12,450.12
7527,206,3,353.54,1060.6200000000001
7528,239,3,254.23,762.6899999999999
7529,256,2,344.07,688.14
7529,285,1,440.73,440.73
7529,33,3,199.18,597.54
7529,423,1,317.55,317.55
7529,187,2,315.62,631.24
7530,373,1,259.22,259.22
7530,464,1,296.32,296.32
7530,240,2,98.4,196.8
7530,281,1,173.96,173.96
7531,81,1,112.52,112.52
7531,299,2,207.73,415.46
7531,2,3,139.66,418.98
7531,366,3,409.85,1229.5500000000002
7531,194,1,22.63,22.63
7532,349,1,54.63,54.63
7532,187,3,315.62,946.86
7532,382,2,65.87,131.74
7532,221,1,42.15,42.15
7532,34,2,150.14,300.28
7533,496,3,341.88,1025.6399999999999
7533,193,2,271.29,542.58
7534,110,3,124.44,373.32
7534,88,3,361.93,1085.79
7535,500,1,236.72,236.72
7535,113,3,180.72,542.16
7536,272,1,182.96,182.96
7536,279,3,273.72,821.1600000000001
7536,396,2,69.93,139.86
7536,14,2,127.52,255.04
7537,361,2,89.18,178.36
7537,344,3,138.55,415.65000000000003
7538,369,2,492.83,985.66
7538,129,3,293.08,879.24
7538,449,1,209.61,209.61
7538,105,1,414.79,414.79
7539,230,2,314.06,628.12
7540,235,3,384.75,1154.25
7540,83,1,243.84,243.84
7540,227,1,413.65,413.65
7541,436,2,41.76,83.52
7541,380,2,378.14,756.28
7541,212,2,381.28,762.56
7541,16,1,191.38,191.38
7542,367,3,403.14,1209.42
7542,95,1,452.34,452.34
7543,254,2,218.23,436.46
7543,32,1,284.06,284.06
7543,466,2,465.33,930.66
7544,290,3,334.81,1004.4300000000001
7545,267,2,347.18,694.36
7545,268,3,430.32,1290.96
7545,447,1,156.88,156.88
7545,397,1,154.37,154.37
7545,68,1,5.86,5.86
7546,264,2,165.99,331.98
7547,304,1,282.76,282.76
7547,450,2,245.71,491.42
7548,272,2,182.96,365.92
7548,452,1,235.45,235.45
7549,132,3,409.11,1227.33
7549,30,2,243.42,486.84
7549,182,3,491.56,1474.68
7549,92,3,86.51,259.53000000000003
7549,83,2,243.84,487.68
7550,381,2,212.11,424.22
7550,369,3,492.83,1478.49
7550,207,3,68.25,204.75
7551,432,3,18.81,56.42999999999999
7551,162,3,153.38,460.14
7551,114,2,108.7,217.4
7551,345,3,179.94,539.8199999999999
7552,30,1,243.42,243.42
7552,65,1,318.4,318.4
7553,183,3,206.12,618.36
7553,156,3,404.58,1213.74
7554,266,3,292.77,878.31
7554,68,3,5.86,17.580000000000002
7554,31,2,384.06,768.12
7554,278,1,178.94,178.94
7555,379,2,222.7,445.4
7556,183,3,206.12,618.36
7556,43,3,84.75,254.25
7556,400,1,297.67,297.67
7556,16,2,191.38,382.76
7556,48,3,113.06,339.18
7557,415,3,454.18,1362.54
7557,425,3,211.7,635.0999999999999
7558,172,2,171.63,343.26
7558,330,3,434.93,1304.79
7559,111,2,283.29,566.58
7560,315,3,30.07,90.21000000000001
7560,333,3,61.26,183.78
7561,231,2,376.58,753.16
7562,140,1,115.16,115.16
7562,325,1,470.48,470.48
7562,435,2,219.72,439.44
7562,101,3,38.7,116.10000000000001
7562,5,3,132.04,396.12
7563,6,2,23.99,47.98
7564,36,2,325.79,651.58
7564,169,1,466.19,466.19
7565,245,1,426.38,426.38
7566,180,1,348.73,348.73
7566,214,3,460.83,1382.49
7567,485,1,165.35,165.35
7567,97,2,91.52,183.04
7568,217,2,80.51,161.02
7569,223,1,80.53,80.53
7570,44,1,437.15,437.15
7570,343,3,220.03,660.09
7570,282,1,463.34,463.34
7570,180,2,348.73,697.46
7571,104,2,355.23,710.46
7571,172,3,171.63,514.89
7571,136,2,277.36,554.72
7571,427,2,323.5,647.0
7572,232,3,478.28,1434.84
7572,57,2,281.31,562.62
7572,253,3,399.66,1198.98
7572,393,3,129.5,388.5
7572,233,1,76.89,76.89
7573,296,1,348.54,348.54
7573,105,1,414.79,414.79
7573,327,1,357.39,357.39
7574,346,1,206.81,206.81
7575,77,1,254.31,254.31
7576,386,2,273.27,546.54
7576,120,1,480.49,480.49
7576,79,3,102.92,308.76
7576,144,2,149.85,299.7
7576,76,2,476.31,952.62
7577,66,2,113.14,226.28
7577,482,3,479.46,1438.3799999999999
7577,352,2,23.31,46.62
7577,475,2,426.61,853.22
7578,54,1,393.16,393.16
7578,216,1,256.85,256.85
7578,339,2,327.73,655.46
7578,213,3,343.62,1030.8600000000001
7579,381,3,212.11,636.33
7579,353,1,303.46,303.46
7579,327,2,357.39,714.78
7579,362,1,110.19,110.19
7579,11,1,415.63,415.63
7580,10,3,421.91,1265.73
7580,340,2,281.13,562.26
7581,25,2,206.03,412.06
7581,26,3,170.87,512.61
7581,334,2,281.98,563.96
7581,202,2,174.67,349.34
7582,372,1,224.89,224.89
7582,59,1,471.15,471.15
7583,497,3,343.43,1030.29
7583,419,2,139.16,278.32
7584,482,1,479.46,479.46
7584,222,1,310.77,310.77
7584,466,3,465.33,1395.99
7585,221,2,42.15,84.3
7585,129,3,293.08,879.24
7585,187,3,315.62,946.86
7586,449,3,209.61,628.83
7586,48,3,113.06,339.18
7586,55,2,243.64,487.28
7586,480,3,209.16,627.48
7587,351,3,385.67,1157.01
7587,345,3,179.94,539.8199999999999
7587,191,1,334.45,334.45
7587,146,2,299.06,598.12
7587,316,1,68.22,68.22
7588,172,1,171.63,171.63
7588,274,3,203.73,611.1899999999999
7589,294,3,159.06,477.18
7589,426,2,438.33,876.66
7589,12,3,291.6,874.8000000000001
7589,76,3,476.31,1428.93
7590,428,1,48.76,48.76
7590,91,3,440.33,1320.99
7590,241,1,463.38,463.38
7590,402,2,336.6,673.2
7591,9,2,331.01,662.02
7591,72,2,455.9,911.8
7591,99,2,142.89,285.78
7591,372,3,224.89,674.67
7592,55,1,243.64,243.64
7592,84,1,239.85,239.85
7592,238,1,150.48,150.48
7592,421,2,450.64,901.28
7593,135,2,451.07,902.14
7593,127,3,6.58,19.740000000000002
7593,224,1,133.14,133.14
7593,117,1,16.06,16.06
7594,329,1,361.76,361.76
7594,109,3,489.42,1468.26
7594,304,1,282.76,282.76
7594,435,3,219.72,659.16
7595,463,2,76.72,153.44
7595,187,1,315.62,315.62
7595,186,3,288.34,865.02
7595,275,1,404.88,404.88
7596,85,3,173.78,521.34
7596,195,3,280.71,842.1299999999999
7596,280,1,346.03,346.03
7596,56,3,258.91,776.73
7597,450,3,245.71,737.13
7597,303,1,384.8,384.8
7597,223,3,80.53,241.59
7598,419,2,139.16,278.32
7598,136,3,277.36,832.08
7598,218,3,213.29,639.87
7599,91,1,440.33,440.33
7599,435,2,219.72,439.44
7600,4,3,15.4,46.2
7601,122,3,65.23,195.69
7602,290,2,334.81,669.62
7603,356,1,346.58,346.58
7603,52,2,207.19,414.38
7604,349,1,54.63,54.63
7604,185,2,236.39,472.78
7604,400,1,297.67,297.67
7604,454,3,122.06,366.18
7605,392,2,364.88,729.76
7605,402,3,336.6,1009.8000000000001
7605,306,3,12.42,37.26
7606,94,3,186.09,558.27
7606,339,1,327.73,327.73
7606,473,3,20.11,60.33
7606,123,1,187.5,187.5
7607,109,2,489.42,978.84
7607,275,2,404.88,809.76
7607,388,3,439.12,1317.3600000000001
7608,442,2,470.37,940.74
7608,381,3,212.11,636.33
7608,320,1,142.18,142.18
7609,285,2,440.73,881.46
7609,492,3,28.24,84.72
7609,191,3,334.45,1003.3499999999999
7610,333,3,61.26,183.78
7610,395,2,254.9,509.8
7610,390,1,49.86,49.86
7610,87,1,367.59,367.59
7610,171,3,35.49,106.47
7611,449,3,209.61,628.83
7611,155,2,77.89,155.78
7611,44,2,437.15,874.3
7611,83,2,243.84,487.68
7612,163,2,307.1,614.2
7612,376,1,120.28,120.28
7613,327,3,357.39,1072.17
7613,118,1,355.19,355.19
7613,347,1,186.64,186.64
7613,83,1,243.84,243.84
7614,178,2,449.89,899.78
7614,335,3,255.49,766.47
7614,398,2,182.45,364.9
7614,424,1,41.06,41.06
7615,29,2,362.83,725.66
7615,107,2,262.2,524.4
7615,81,3,112.52,337.56
7615,81,2,112.52,225.04
7615,44,1,437.15,437.15
7616,178,2,449.89,899.78
7616,370,2,49.7,99.4
7616,27,3,432.61,1297.83
7616,126,1,320.91,320.91
7616,407,1,474.34,474.34
7617,10,2,421.91,843.82
7617,173,1,364.45,364.45
7617,300,2,250.81,501.62
7617,145,3,438.41,1315.23
7618,277,3,74.18,222.54000000000002
7618,44,1,437.15,437.15
7618,149,1,111.19,111.19
7618,233,3,76.89,230.67000000000002
7619,39,3,105.83,317.49
7619,117,3,16.06,48.17999999999999
7620,48,1,113.06,113.06
7620,9,1,331.01,331.01
7620,389,3,497.51,1492.53
7620,265,2,452.37,904.74
7620,332,3,450.12,1350.3600000000001
7621,276,2,254.66,509.32
7622,291,3,336.86,1010.58
7622,299,1,207.73,207.73
7622,87,3,367.59,1102.77
7622,83,3,243.84,731.52
7622,357,3,213.41,640.23
7623,117,2,16.06,32.12
7623,240,3,98.4,295.20000000000005
7623,151,2,369.64,739.28
7623,400,3,297.67,893.01
7624,26,2,170.87,341.74
7624,78,3,164.41,493.23
7624,357,2,213.41,426.82
7624,200,3,134.77,404.31000000000006
7624,170,2,432.62,865.24
7625,457,3,196.35,589.05
7625,277,3,74.18,222.54000000000002
7625,76,3,476.31,1428.93
7625,438,3,100.54,301.62
7626,182,1,491.56,491.56
7626,464,1,296.32,296.32
7626,421,1,450.64,450.64
7626,57,3,281.31,843.9300000000001
7626,245,1,426.38,426.38
7627,404,2,115.89,231.78
7628,362,3,110.19,330.57
7628,108,2,189.13,378.26
7628,372,1,224.89,224.89
7628,119,1,120.42,120.42
7628,1,3,107.54,322.62
7629,415,1,454.18,454.18
7629,460,3,382.54,1147.6200000000001
7629,122,3,65.23,195.69
7629,337,2,226.35,452.7
7630,105,1,414.79,414.79
7630,277,3,74.18,222.54000000000002
7630,270,3,132.23,396.68999999999994
7630,166,3,474.92,1424.76
7631,61,1,118.22,118.22
7631,262,3,356.94,1070.82
7631,142,2,176.49,352.98
7631,499,3,139.95,419.84999999999997
7631,371,3,319.89,959.67
7632,485,2,165.35,330.7
7632,260,3,459.47,1378.41
7632,98,2,375.73,751.46
7632,265,2,452.37,904.74
7632,483,3,70.53,211.59
7633,273,3,193.27,579.8100000000001
7633,347,3,186.64,559.92
7634,40,3,290.43,871.29
7634,125,2,61.95,123.9
7634,231,1,376.58,376.58
7634,373,2,259.22,518.44
7634,413,1,64.03,64.03
7635,367,3,403.14,1209.42
7636,57,3,281.31,843.9300000000001
7636,337,1,226.35,226.35
7636,345,2,179.94,359.88
7636,340,3,281.13,843.39
7637,459,1,220.51,220.51
7637,339,1,327.73,327.73
7637,479,1,131.06,131.06
7637,290,3,334.81,1004.4300000000001
7637,377,1,139.69,139.69
7638,147,3,404.23,1212.69
7638,133,3,195.06,585.1800000000001
7638,427,1,323.5,323.5
7638,58,1,462.1,462.1
7639,190,1,387.18,387.18
7639,335,1,255.49,255.49
7639,32,3,284.06,852.1800000000001
7639,360,1,396.94,396.94
7640,98,3,375.73,1127.19
7640,213,1,343.62,343.62
7641,42,3,38.5,115.5
7641,137,3,124.07,372.21
7642,329,3,361.76,1085.28
7642,202,3,174.67,524.01
7642,435,3,219.72,659.16
7642,126,1,320.91,320.91
7642,45,1,442.81,442.81
7643,343,2,220.03,440.06
7643,151,1,369.64,369.64
7644,434,3,379.85,1139.5500000000002
7644,459,2,220.51,441.02
7644,259,3,200.38,601.14
7645,357,1,213.41,213.41
7646,409,2,98.63,197.26
7646,306,1,12.42,12.42
7646,32,2,284.06,568.12
7646,460,3,382.54,1147.6200000000001
7646,124,2,130.44,260.88
7647,381,1,212.11,212.11
7647,232,1,478.28,478.28
7647,184,2,119.59,239.18
7647,296,2,348.54,697.08
7648,4,3,15.4,46.2
7648,381,1,212.11,212.11
7648,433,2,457.16,914.32
7649,408,2,182.79,365.58
7649,302,2,343.67,687.34
7649,92,3,86.51,259.53000000000003
7649,441,1,314.36,314.36
7649,47,2,140.75,281.5
7650,246,3,234.51,703.53
7650,331,3,69.86,209.57999999999998
7650,424,3,41.06,123.18
7650,222,3,310.77,932.31
7650,398,2,182.45,364.9
7651,211,2,470.02,940.04
7651,489,2,229.25,458.5
7651,437,1,150.85,150.85
7651,249,1,143.22,143.22
7652,90,2,171.02,342.04
7652,300,3,250.81,752.4300000000001
7652,201,1,258.09,258.09
7652,421,1,450.64,450.64
7652,236,3,495.48,1486.44
7653,254,2,218.23,436.46
7653,98,2,375.73,751.46
7653,286,1,67.86,67.86
7654,437,3,150.85,452.54999999999995
7654,71,2,43.24,86.48
7654,120,1,480.49,480.49
7654,499,2,139.95,279.9
7654,482,1,479.46,479.46
7655,259,3,200.38,601.14
7655,98,1,375.73,375.73
7655,421,1,450.64,450.64
7655,259,1,200.38,200.38
7655,56,3,258.91,776.73
7656,447,1,156.88,156.88
7656,304,3,282.76,848.28
7656,202,3,174.67,524.01
7656,7,2,479.78,959.56
7656,13,2,41.35,82.7
7657,296,1,348.54,348.54
7658,355,1,344.54,344.54
7658,363,2,479.64,959.28
7659,486,3,45.81,137.43
7659,310,2,78.93,157.86
7659,452,2,235.45,470.9
7659,222,2,310.77,621.54
7660,98,1,375.73,375.73
7660,76,1,476.31,476.31
7660,336,1,41.55,41.55
7660,327,1,357.39,357.39
7661,219,3,9.55,28.650000000000002
7662,286,2,67.86,135.72
7663,235,2,384.75,769.5
7663,384,2,9.03,18.06
7663,34,1,150.14,150.14
7663,381,1,212.11,212.11
7664,379,2,222.7,445.4
7665,454,2,122.06,244.12
7665,96,3,95.56,286.68
7666,25,2,206.03,412.06
7667,287,3,477.19,1431.57
7667,65,3,318.4,955.1999999999999
7667,357,2,213.41,426.82
7667,259,1,200.38,200.38
7667,316,1,68.22,68.22
7668,113,2,180.72,361.44
7668,485,2,165.35,330.7
7669,486,3,45.81,137.43
7669,166,3,474.92,1424.76
7670,227,2,413.65,827.3
7670,335,1,255.49,255.49
7670,223,2,80.53,161.06
7670,159,2,287.61,575.22
7671,437,3,150.85,452.54999999999995
7671,184,2,119.59,239.18
7671,286,1,67.86,67.86
7671,125,1,61.95,61.95
7671,203,1,490.13,490.13
7672,201,1,258.09,258.09
7672,335,3,255.49,766.47
7672,349,1,54.63,54.63
7672,446,1,480.38,480.38
7672,177,2,337.04,674.08
7673,127,3,6.58,19.740000000000002
7674,482,3,479.46,1438.3799999999999
7675,200,3,134.77,404.31000000000006
7675,167,2,14.91,29.82
7675,96,2,95.56,191.12
7675,316,3,68.22,204.66
7676,461,1,472.53,472.53
7676,361,3,89.18,267.54
7677,60,2,407.73,815.46
7677,85,3,173.78,521.34
7677,161,1,281.23,281.23
7678,147,1,404.23,404.23
7679,378,2,153.62,307.24
7679,89,1,437.32,437.32
7679,498,1,48.54,48.54
7679,375,1,259.59,259.59
7680,276,2,254.66,509.32
7680,58,3,462.1,1386.3000000000002
7680,124,3,130.44,391.32
7680,18,1,395.52,395.52
7680,221,1,42.15,42.15
7681,493,3,435.98,1307.94
7682,301,1,287.0,287.0
7682,477,2,155.19,310.38
7682,441,3,314.36,943.08
7682,293,2,487.59,975.18
7682,109,1,489.42,489.42
7683,403,2,44.77,89.54
7684,437,3,150.85,452.54999999999995
7684,100,3,175.13,525.39
7684,111,2,283.29,566.58
7684,413,3,64.03,192.09
7684,141,1,257.07,257.07
7685,172,2,171.63,343.26
7685,348,3,45.01,135.03
7685,178,2,449.89,899.78
7686,209,3,195.24,585.72
7686,229,3,230.52,691.5600000000001
7686,34,1,150.14,150.14
7686,214,3,460.83,1382.49
7687,45,1,442.81,442.81
7687,49,1,486.05,486.05
7688,473,2,20.11,40.22
7688,201,1,258.09,258.09
7689,404,2,115.89,231.78
7689,256,3,344.07,1032.21
7689,462,2,153.15,306.3
7690,336,1,41.55,41.55
7690,224,2,133.14,266.28
7690,369,1,492.83,492.83
7690,29,1,362.83,362.83
7690,57,2,281.31,562.62
7691,133,3,195.06,585.1800000000001
7691,336,3,41.55,124.64999999999999
7692,17,1,430.34,430.34
7692,211,2,470.02,940.04
7692,490,1,487.09,487.09
7692,484,1,304.06,304.06
7692,9,1,331.01,331.01
7693,223,2,80.53,161.06
7693,227,2,413.65,827.3
7694,283,1,391.26,391.26
7694,454,2,122.06,244.12
7694,66,2,113.14,226.28
7694,330,3,434.93,1304.79
7694,136,2,277.36,554.72
7695,373,3,259.22,777.6600000000001
7695,112,3,17.77,53.31
7695,320,1,142.18,142.18
7695,172,1,171.63,171.63
7696,321,1,271.53,271.53
7696,14,1,127.52,127.52
7697,242,3,233.81,701.4300000000001
7697,159,1,287.61,287.61
7697,353,2,303.46,606.92
7697,76,1,476.31,476.31
7698,458,2,290.04,580.08
7698,400,2,297.67,595.34
7698,2,3,139.66,418.98
7698,148,1,228.08,228.08
7699,398,3,182.45,547.3499999999999
7699,187,3,315.62,946.86
7700,165,3,170.69,512.0699999999999
7700,38,1,437.95,437.95
7700,24,3,497.43,1492.29
7701,9,3,331.01,993.03
7701,49,2,486.05,972.1
7701,235,2,384.75,769.5
7701,191,3,334.45,1003.3499999999999
7701,24,1,497.43,497.43
7702,99,1,142.89,142.89
7702,209,2,195.24,390.48
7703,462,1,153.15,153.15
7703,109,2,489.42,978.84
7703,221,1,42.15,42.15
7703,39,2,105.83,211.66
7703,268,3,430.32,1290.96
7704,459,2,220.51,441.02
7705,342,3,19.87,59.61
7705,356,2,346.58,693.16
7705,377,3,139.69,419.07
7706,29,3,362.83,1088.49
7706,28,2,72.62,145.24
7707,333,3,61.26,183.78
7708,56,2,258.91,517.82
7708,125,2,61.95,123.9
7708,269,1,183.25,183.25
7709,469,1,351.84,351.84
7709,304,2,282.76,565.52
7710,208,2,342.64,685.28
7710,397,1,154.37,154.37
7711,55,2,243.64,487.28
7712,264,1,165.99,165.99
7712,261,1,235.72,235.72
7712,215,2,313.01,626.02
7712,18,3,395.52,1186.56
7712,166,3,474.92,1424.76
7713,325,1,470.48,470.48
7713,288,1,174.29,174.29
7713,98,3,375.73,1127.19
7713,414,1,457.0,457.0
7714,161,1,281.23,281.23
7715,261,2,235.72,471.44
7716,102,1,196.78,196.78
7716,87,1,367.59,367.59
7716,248,1,255.64,255.64
7716,82,2,479.76,959.52
7716,376,2,120.28,240.56
7717,480,3,209.16,627.48
7718,418,3,141.62,424.86
7718,272,1,182.96,182.96
7719,470,1,67.19,67.19
7719,364,3,469.93,1409.79
7720,106,2,422.11,844.22
7720,310,3,78.93,236.79000000000002
7720,318,3,219.59,658.77
7720,203,2,490.13,980.26
7720,44,1,437.15,437.15
7721,315,3,30.07,90.21000000000001
7721,271,2,188.99,377.98
7721,20,2,446.93,893.86
7721,25,3,206.03,618.09
7721,85,1,173.78,173.78
7722,221,3,42.15,126.44999999999999
7722,29,1,362.83,362.83
7722,178,3,449.89,1349.67
7722,268,3,430.32,1290.96
7723,251,1,208.81,208.81
7723,103,2,363.27,726.54
7723,438,2,100.54,201.08
7724,270,2,132.23,264.46
7724,375,1,259.59,259.59
7724,282,1,463.34,463.34
7724,269,2,183.25,366.5
7724,398,1,182.45,182.45
7725,351,2,385.67,771.34
7725,370,1,49.7,49.7
7725,384,3,9.03,27.089999999999996
7726,249,1,143.22,143.22
7726,397,1,154.37,154.37
7726,197,2,66.56,133.12
7726,319,3,132.86,398.58000000000004
7727,208,2,342.64,685.28
7727,338,2,287.2,574.4
7728,335,3,255.49,766.47
7728,27,2,432.61,865.22
7728,500,3,236.72,710.16
7728,215,3,313.01,939.03
7728,481,1,209.3,209.3
7729,317,2,75.98,151.96
7729,247,3,228.88,686.64
7729,172,3,171.63,514.89
7729,475,2,426.61,853.22
7729,60,2,407.73,815.46
7730,336,1,41.55,41.55
7730,27,2,432.61,865.22
7731,133,3,195.06,585.1800000000001
7732,372,2,224.89,449.78
7733,447,3,156.88,470.64
7733,158,1,269.42,269.42
7734,385,2,177.56,355.12
7735,363,3,479.64,1438.92
7735,134,1,9.79,9.79
7735,346,2,206.81,413.62
7735,112,3,17.77,53.31
7736,359,3,353.69,1061.07
7737,361,1,89.18,89.18
7737,473,1,20.11,20.11
7737,147,2,404.23,808.46
7737,454,3,122.06,366.18
7738,108,3,189.13,567.39
7738,242,2,233.81,467.62
7738,496,1,341.88,341.88
7738,298,3,310.25,930.75
7738,9,3,331.01,993.03
7739,234,2,202.87,405.74
7739,31,2,384.06,768.12
7739,17,2,430.34,860.68
7739,213,1,343.62,343.62
7739,44,1,437.15,437.15
7740,259,1,200.38,200.38
7740,5,2,132.04,264.08
7740,46,2,51.28,102.56
7740,202,1,174.67,174.67
7740,110,1,124.44,124.44
7741,444,2,232.11,464.22
7741,80,2,296.1,592.2
7742,305,2,80.66,161.32
7742,81,1,112.52,112.52
7742,424,2,41.06,82.12
7742,210,1,366.8,366.8
7743,338,2,287.2,574.4
7743,23,3,124.25,372.75
7744,416,3,163.35,490.04999999999995
7744,304,1,282.76,282.76
7744,269,3,183.25,549.75
7745,85,2,173.78,347.56
7745,317,2,75.98,151.96
7746,290,1,334.81,334.81
7746,51,2,124.89,249.78
7746,78,1,164.41,164.41
7746,410,3,227.81,683.4300000000001
7746,354,3,107.87,323.61
7747,124,2,130.44,260.88
7747,67,3,439.97,1319.91
7748,92,3,86.51,259.53000000000003
7749,461,1,472.53,472.53
7749,414,3,457.0,1371.0
7749,140,3,115.16,345.48
7750,412,2,343.82,687.64
7750,342,1,19.87,19.87
7750,53,2,440.06,880.12
7751,112,2,17.77,35.54
7751,377,2,139.69,279.38
7751,227,1,413.65,413.65
7752,484,1,304.06,304.06
7753,122,2,65.23,130.46
7753,109,3,489.42,1468.26
7753,275,2,404.88,809.76
7754,356,2,346.58,693.16
7754,36,3,325.79,977.3700000000001
7754,118,3,355.19,1065.57
7755,37,3,183.06,549.1800000000001
7756,405,2,26.88,53.76
7756,239,2,254.23,508.46
7756,251,2,208.81,417.62
7756,300,3,250.81,752.4300000000001
7756,97,3,91.52,274.56
7757,483,2,70.53,141.06
7758,452,3,235.45,706.3499999999999
7758,256,2,344.07,688.14
7758,272,2,182.96,365.92
7758,429,1,257.85,257.85
7759,101,3,38.7,116.10000000000001
7759,414,3,457.0,1371.0
7759,333,3,61.26,183.78
7759,38,1,437.95,437.95
7759,151,2,369.64,739.28
7760,440,1,362.37,362.37
7760,120,1,480.49,480.49
7760,102,3,196.78,590.34
7760,226,1,285.61,285.61
7761,373,1,259.22,259.22
7761,428,1,48.76,48.76
7761,405,2,26.88,53.76
7762,421,1,450.64,450.64
7763,104,2,355.23,710.46
7763,344,1,138.55,138.55
7763,256,2,344.07,688.14
7764,85,3,173.78,521.34
7764,261,2,235.72,471.44
7764,144,2,149.85,299.7
7764,321,1,271.53,271.53
7765,3,1,458.68,458.68
7765,194,3,22.63,67.89
7765,329,1,361.76,361.76
7765,190,1,387.18,387.18
7765,282,3,463.34,1390.02
7766,423,1,317.55,317.55
7766,431,3,370.38,1111.1399999999999
7767,418,3,141.62,424.86
7767,167,3,14.91,44.730000000000004
7767,144,3,149.85,449.54999999999995
7767,245,1,426.38,426.38
7768,202,2,174.67,349.34
7768,281,3,173.96,521.88
7768,74,3,83.84,251.52
7768,364,3,469.93,1409.79
7768,18,2,395.52,791.04
7769,69,2,494.8,989.6
7769,413,2,64.03,128.06
7770,163,2,307.1,614.2
7770,469,1,351.84,351.84
7771,453,3,335.96,1007.8799999999999
7772,421,2,450.64,901.28
7772,275,1,404.88,404.88
7772,326,3,337.22,1011.6600000000001
7772,404,1,115.89,115.89
7772,275,2,404.88,809.76
7773,456,3,242.56,727.6800000000001
7773,242,3,233.81,701.4300000000001
7773,128,1,19.74,19.74
7773,441,3,314.36,943.08
7774,258,2,440.33,880.66
7774,314,1,78.8,78.8
7774,446,1,480.38,480.38
7774,292,2,335.18,670.36
7774,17,3,430.34,1291.02
7775,500,2,236.72,473.44
7775,399,3,62.97,188.91
7775,147,1,404.23,404.23
7776,338,3,287.2,861.5999999999999
7776,288,1,174.29,174.29
7776,112,1,17.77,17.77
7776,171,1,35.49,35.49
7776,308,1,477.22,477.22
7777,459,1,220.51,220.51
7778,410,2,227.81,455.62
7778,385,1,177.56,177.56
7778,150,3,216.59,649.77
7779,292,3,335.18,1005.54
7779,137,1,124.07,124.07
7780,167,3,14.91,44.730000000000004
7781,256,2,344.07,688.14
7781,284,3,322.24,966.72
7781,20,3,446.93,1340.79
7781,293,1,487.59,487.59
7781,420,2,410.03,820.06
7782,351,2,385.67,771.34
7782,300,3,250.81,752.4300000000001
7782,275,1,404.88,404.88
7783,83,3,243.84,731.52
7783,33,1,199.18,199.18
7783,60,2,407.73,815.46
7783,31,2,384.06,768.12
7784,14,1,127.52,127.52
7784,33,3,199.18,597.54
7785,269,3,183.25,549.75
7785,125,1,61.95,61.95
7785,464,3,296.32,888.96
7786,184,1,119.59,119.59
7786,22,3,491.32,1473.96
7787,291,3,336.86,1010.58
7787,363,3,479.64,1438.92
7787,409,1,98.63,98.63
7787,459,2,220.51,441.02
7788,197,2,66.56,133.12
7788,135,1,451.07,451.07
7788,62,2,403.84,807.68
7788,367,1,403.14,403.14
7788,156,3,404.58,1213.74
7789,448,2,119.74,239.48
7789,15,1,190.65,190.65
7789,354,2,107.87,215.74
7789,459,1,220.51,220.51
7790,185,1,236.39,236.39
7790,59,1,471.15,471.15
7790,287,1,477.19,477.19
7790,61,1,118.22,118.22
7791,383,2,114.97,229.94
7791,148,2,228.08,456.16
7792,333,2,61.26,122.52
7792,447,2,156.88,313.76
7792,444,2,232.11,464.22
7792,360,2,396.94,793.88
7792,2,1,139.66,139.66
7793,345,3,179.94,539.8199999999999
7793,115,1,200.47,200.47
7794,228,1,469.49,469.49
7795,287,1,477.19,477.19
7795,407,1,474.34,474.34
7795,9,2,331.01,662.02
7795,82,2,479.76,959.52
7795,30,3,243.42,730.26
7796,471,3,64.44,193.32
7796,173,1,364.45,364.45
7797,336,2,41.55,83.1
7797,142,1,176.49,176.49
7797,16,1,191.38,191.38
7798,39,2,105.83,211.66
7798,412,1,343.82,343.82
7799,278,2,178.94,357.88
7799,363,2,479.64,959.28
7799,375,3,259.59,778.77
7799,23,1,124.25,124.25
7800,76,1,476.31,476.31
7800,405,1,26.88,26.88
7801,280,2,346.03,692.06
7801,349,1,54.63,54.63
7801,485,1,165.35,165.35
7802,107,1,262.2,262.2
7802,362,3,110.19,330.57
7802,423,2,317.55,635.1
7802,272,2,182.96,365.92
7802,392,2,364.88,729.76
7803,353,1,303.46,303.46
7803,343,1,220.03,220.03
7803,282,3,463.34,1390.02
7804,199,3,355.65,1066.9499999999998
7804,154,2,371.7,743.4
7805,11,3,415.63,1246.8899999999999
7805,382,3,65.87,197.61
7805,481,3,209.3,627.9000000000001
7805,64,3,330.1,990.3000000000001
7806,29,1,362.83,362.83
7806,293,1,487.59,487.59
7807,231,3,376.58,1129.74
7807,249,3,143.22,429.65999999999997
7807,43,3,84.75,254.25
7807,130,1,201.64,201.64
7807,208,3,342.64,1027.92
7808,389,2,497.51,995.02
7808,194,1,22.63,22.63
7809,150,2,216.59,433.18
7810,220,1,58.27,58.27
7811,193,1,271.29,271.29
7811,111,2,283.29,566.58
7811,456,1,242.56,242.56
7811,112,3,17.77,53.31
7811,498,2,48.54,97.08
7812,219,3,9.55,28.650000000000002
7812,402,1,336.6,336.6
7812,245,2,426.38,852.76
7812,19,3,343.63,1030.8899999999999
7812,91,1,440.33,440.33
7813,492,3,28.24,84.72
7813,111,1,283.29,283.29
7813,291,2,336.86,673.72
7814,389,3,497.51,1492.53
7814,354,1,107.87,107.87
7814,119,1,120.42,120.42
7814,328,2,251.99,503.98
7815,323,1,5.34,5.34
7815,381,1,212.11,212.11
7815,97,2,91.52,183.04
7815,34,2,150.14,300.28
7815,60,1,407.73,407.73
7816,27,2,432.61,865.22
7816,380,3,378.14,1134.42
7816,470,3,67.19,201.57
7816,93,3,325.85,977.5500000000001
7816,161,3,281.23,843.69
7817,466,1,465.33,465.33
7818,82,1,479.76,479.76
7818,405,3,26.88,80.64
7818,113,1,180.72,180.72
7818,194,2,22.63,45.26
7819,276,2,254.66,509.32
7820,378,3,153.62,460.86
7820,411,2,311.19,622.38
7820,432,2,18.81,37.62
7820,261,3,235.72,707.16
7820,157,2,208.56,417.12
7821,450,1,245.71,245.71
7821,153,2,435.4,870.8
7821,464,3,296.32,888.96
7821,353,2,303.46,606.92
7821,139,2,349.74,699.48
7822,294,1,159.06,159.06
7822,452,1,235.45,235.45
7822,137,1,124.07,124.07
7823,48,3,113.06,339.18
7823,111,1,283.29,283.29
7823,275,3,404.88,1214.6399999999999
7824,40,1,290.43,290.43
7824,336,2,41.55,83.1
7824,305,1,80.66,80.66
7825,289,2,427.58,855.16
7825,458,1,290.04,290.04
7826,390,2,49.86,99.72
7826,246,1,234.51,234.51
7827,490,1,487.09,487.09
7827,467,1,24.18,24.18
7828,76,3,476.31,1428.93
7828,6,2,23.99,47.98
7828,330,2,434.93,869.86
7828,288,1,174.29,174.29
7829,303,2,384.8,769.6
7829,343,2,220.03,440.06
7829,222,1,310.77,310.77
7829,296,3,348.54,1045.6200000000001
7829,70,1,420.8,420.8
7830,498,2,48.54,97.08
7830,290,1,334.81,334.81
7830,333,2,61.26,122.52
7830,345,2,179.94,359.88
7830,376,1,120.28,120.28
7831,412,2,343.82,687.64
7831,380,2,378.14,756.28
7832,405,2,26.88,53.76
7833,361,2,89.18,178.36
7834,400,3,297.67,893.01
7834,116,2,490.7,981.4
7834,99,3,142.89,428.66999999999996
7835,263,2,168.0,336.0
7835,467,2,24.18,48.36
7835,282,1,463.34,463.34
7836,259,2,200.38,400.76
7836,375,2,259.59,519.18
7836,41,2,314.77,629.54
7837,112,1,17.77,17.77
7837,365,3,373.53,1120.59
7837,146,1,299.06,299.06
7838,149,3,111.19,333.57
7838,57,3,281.31,843.9300000000001
7838,480,1,209.16,209.16
7839,12,1,291.6,291.6
7839,367,2,403.14,806.28
7839,480,2,209.16,418.32
7840,35,1,14.23,14.23
7840,392,1,364.88,364.88
7840,197,3,66.56,199.68
7840,226,2,285.61,571.22
7841,494,2,340.34,680.68
7841,359,1,353.69,353.69
7841,9,2,331.01,662.02
7841,32,3,284.06,852.1800000000001
7842,100,1,175.13,175.13
7842,293,2,487.59,975.18
7842,375,3,259.59,778.77
7843,207,2,68.25,136.5
7843,147,2,404.23,808.46
7843,315,3,30.07,90.21000000000001
7843,147,2,404.23,808.46
7844,408,1,182.79,182.79
7844,289,3,427.58,1282.74
7844,41,2,314.77,629.54
7845,272,2,182.96,365.92
7845,327,1,357.39,357.39
7845,231,2,376.58,753.16
7845,441,2,314.36,628.72
7845,331,3,69.86,209.57999999999998
7846,473,3,20.11,60.33
7846,242,2,233.81,467.62
7846,278,2,178.94,357.88
7847,33,1,199.18,199.18
7847,166,2,474.92,949.84
7848,222,3,310.77,932.31
7848,373,1,259.22,259.22
7849,56,3,258.91,776.73
7849,339,1,327.73,327.73
7849,469,1,351.84,351.84
7849,145,1,438.41,438.41
7849,14,2,127.52,255.04
7850,200,2,134.77,269.54
7850,192,1,361.57,361.57
7850,58,2,462.1,924.2
7850,220,3,58.27,174.81
7851,198,3,209.69,629.0699999999999
7851,463,2,76.72,153.44
7851,147,1,404.23,404.23
7851,22,2,491.32,982.64
7851,158,1,269.42,269.42
7852,327,3,357.39,1072.17
7852,169,1,466.19,466.19
7853,177,2,337.04,674.08
7853,489,1,229.25,229.25
7853,24,2,497.43,994.86
7853,103,1,363.27,363.27
7853,263,3,168.0,504.0
7854,253,3,399.66,1198.98
7854,145,1,438.41,438.41
7855,230,3,314.06,942.1800000000001
7855,15,3,190.65,571.95
7855,402,2,336.6,673.2
7856,481,2,209.3,418.6
7856,479,1,131.06,131.06
7856,248,1,255.64,255.64
7856,271,3,188.99,566.97
7857,479,1,131.06,131.06
7857,165,2,170.69,341.38
7857,113,1,180.72,180.72
7857,436,1,41.76,41.76
7858,456,1,242.56,242.56
7858,328,3,251.99,755.97
7858,85,1,173.78,173.78
7858,296,2,348.54,697.08
7858,77,2,254.31,508.62
7859,407,3,474.34,1423.02
7859,35,2,14.23,28.46
7859,488,3,243.3,729.9000000000001
7859,341,1,469.56,469.56
7859,210,3,366.8,1100.4
7860,391,1,14.9,14.9
7860,185,1,236.39,236.39
7861,374,1,415.45,415.45
7861,468,3,24.15,72.44999999999999
7861,409,1,98.63,98.63
7861,434,1,379.85,379.85
7862,37,3,183.06,549.1800000000001
7862,412,2,343.82,687.64
7862,358,1,198.63,198.63
7862,170,2,432.62,865.24
7863,338,3,287.2,861.5999999999999
7863,221,1,42.15,42.15
7863,38,1,437.95,437.95
7863,54,2,393.16,786.32
7864,496,3,341.88,1025.6399999999999
7864,367,2,403.14,806.28
7864,117,1,16.06,16.06
7864,63,1,270.0,270.0
7865,403,2,44.77,89.54
7865,465,3,484.34,1453.02
7865,198,2,209.69,419.38
7866,452,2,235.45,470.9
7867,160,2,386.52,773.04
7868,380,1,378.14,378.14
7868,133,2,195.06,390.12
7868,104,2,355.23,710.46
7868,22,1,491.32,491.32
7868,325,2,470.48,940.96
7869,491,3,130.58,391.74
7869,486,3,45.81,137.43
7869,399,1,62.97,62.97
7869,189,2,23.31,46.62
7869,122,1,65.23,65.23
7870,35,3,14.23,42.69
7870,240,3,98.4,295.20000000000005
7870,64,2,330.1,660.2
7870,368,3,226.17,678.51
7871,79,1,102.92,102.92
7871,352,1,23.31,23.31
7871,21,2,348.11,696.22
7871,119,3,120.42,361.26
7871,180,2,348.73,697.46
7872,224,2,133.14,266.28
7872,227,3,413.65,1240.9499999999998
7872,327,1,357.39,357.39
7873,432,2,18.81,37.62
7873,134,2,9.79,19.58
7873,327,1,357.39,357.39
7873,213,2,343.62,687.24
7874,172,1,171.63,171.63
7874,312,2,176.2,352.4
7875,226,2,285.61,571.22
7875,294,2,159.06,318.12
7876,478,3,356.16,1068.48
7876,191,3,334.45,1003.3499999999999
7877,281,1,173.96,173.96
7878,264,2,165.99,331.98
7878,33,1,199.18,199.18
7878,379,1,222.7,222.7
7878,467,2,24.18,48.36
7879,226,3,285.61,856.83
7879,18,3,395.52,1186.56
7880,500,3,236.72,710.16
7881,193,3,271.29,813.8700000000001
7881,325,3,470.48,1411.44
7881,309,3,484.02,1452.06
7881,74,3,83.84,251.52
7882,426,3,438.33,1314.99
7883,37,3,183.06,549.1800000000001
7883,11,3,415.63,1246.8899999999999
7883,325,3,470.48,1411.44
7883,182,3,491.56,1474.68
7884,336,1,41.55,41.55
7884,495,2,239.08,478.16
7884,233,3,76.89,230.67000000000002
7884,355,3,344.54,1033.6200000000001
7884,293,1,487.59,487.59
7885,29,1,362.83,362.83
7885,6,2,23.99,47.98
7885,282,1,463.34,463.34
7886,159,3,287.61,862.83
7886,400,3,297.67,893.01
7887,82,3,479.76,1439.28
7887,126,3,320.91,962.73
7888,259,1,200.38,200.38
7888,188,3,331.07,993.21
7889,375,1,259.59,259.59
7889,62,3,403.84,1211.52
7889,31,3,384.06,1152.18
7889,245,1,426.38,426.38
7890,27,3,432.61,1297.83
7890,450,2,245.71,491.42
7890,353,3,303.46,910.3799999999999
7890,50,1,347.73,347.73
7891,335,2,255.49,510.98
7891,272,3,182.96,548.88
7892,250,1,179.65,179.65
7892,470,2,67.19,134.38
7892,246,3,234.51,703.53
7892,194,2,22.63,45.26
7893,24,2,497.43,994.86
7893,177,1,337.04,337.04
7893,294,1,159.06,159.06
7893,89,1,437.32,437.32
7894,153,1,435.4,435.4
7895,34,3,150.14,450.41999999999996
7895,430,2,379.23,758.46
7895,399,3,62.97,188.91
7895,27,3,432.61,1297.83
7896,106,2,422.11,844.22
7897,482,3,479.46,1438.3799999999999
7897,408,1,182.79,182.79
7897,334,1,281.98,281.98
7897,402,3,336.6,1009.8000000000001
7897,177,2,337.04,674.08
7898,446,3,480.38,1441.1399999999999
7898,349,1,54.63,54.63
7899,115,3,200.47,601.41
7899,198,2,209.69,419.38
7899,170,2,432.62,865.24
7899,407,1,474.34,474.34
7899,181,1,369.11,369.11
7900,188,1,331.07,331.07
7901,353,3,303.46,910.3799999999999
7901,463,1,76.72,76.72
7901,269,2,183.25,366.5
7902,327,3,357.39,1072.17
7902,228,3,469.49,1408.47
7902,141,2,257.07,514.14
7902,482,3,479.46,1438.3799999999999
7902,225,3,14.73,44.19
7903,289,1,427.58,427.58
7903,149,2,111.19,222.38
7903,202,2,174.67,349.34
7903,141,1,257.07,257.07
7903,355,1,344.54,344.54
7904,306,3,12.42,37.26
7904,174,1,258.78,258.78
7904,456,1,242.56,242.56
7904,390,3,49.86,149.57999999999998
7904,151,1,369.64,369.64
7905,15,3,190.65,571.95
7905,297,2,225.21,450.42
7905,85,3,173.78,521.34
7906,497,2,343.43,686.86
7906,415,3,454.18,1362.54
7906,155,1,77.89,77.89
7906,456,2,242.56,485.12
7907,469,3,351.84,1055.52
7907,274,3,203.73,611.1899999999999
7907,414,1,457.0,457.0
7907,352,1,23.31,23.31
7907,343,2,220.03,440.06
7908,380,2,378.14,756.28
7908,101,3,38.7,116.10000000000001
7909,373,2,259.22,518.44
7909,1,2,107.54,215.08
7909,245,2,426.38,852.76
7909,302,3,343.67,1031.01
7910,259,3,200.38,601.14
7910,34,2,150.14,300.28
7910,340,3,281.13,843.39
7911,497,2,343.43,686.86
7911,371,2,319.89,639.78
7912,222,2,310.77,621.54
7912,429,3,257.85,773.5500000000001
7912,109,1,489.42,489.42
7912,131,1,286.17,286.17
7913,458,1,290.04,290.04
7914,206,3,353.54,1060.6200000000001
7914,38,2,437.95,875.9
7914,39,1,105.83,105.83
7914,35,1,14.23,14.23
7914,198,2,209.69,419.38
7915,291,1,336.86,336.86
7915,267,2,347.18,694.36
7915,478,2,356.16,712.32
7915,34,2,150.14,300.28
7916,308,3,477.22,1431.66
7916,282,3,463.34,1390.02
7917,156,1,404.58,404.58
7917,356,2,346.58,693.16
7917,315,3,30.07,90.21000000000001
7917,114,3,108.7,326.1
7917,109,2,489.42,978.84
7918,300,2,250.81,501.62
7918,226,2,285.61,571.22
7918,147,3,404.23,1212.69
7919,72,3,455.9,1367.6999999999998
7919,495,1,239.08,239.08
7919,152,1,436.45,436.45
7919,237,2,236.39,472.78
7919,184,1,119.59,119.59
7920,409,3,98.63,295.89
7920,273,2,193.27,386.54
7921,484,3,304.06,912.1800000000001
7921,231,2,376.58,753.16
7921,5,1,132.04,132.04
7921,7,3,479.78,1439.34
7921,472,3,485.93,1457.79
7922,488,3,243.3,729.9000000000001
7922,198,2,209.69,419.38
7922,446,2,480.38,960.76
7922,445,1,124.24,124.24
7922,430,1,379.23,379.23
7923,239,2,254.23,508.46
7923,288,3,174.29,522.87
7923,22,2,491.32,982.64
7923,353,2,303.46,606.92
7924,387,1,130.92,130.92
7924,351,1,385.67,385.67
7925,428,3,48.76,146.28
7925,113,1,180.72,180.72
7925,10,1,421.91,421.91
7925,493,2,435.98,871.96
7925,428,1,48.76,48.76
7926,258,1,440.33,440.33
7926,429,1,257.85,257.85
7926,86,2,409.34,818.68
7926,108,3,189.13,567.39
7927,362,1,110.19,110.19
7927,81,3,112.52,337.56
7927,45,1,442.81,442.81
7927,97,2,91.52,183.04
7927,401,3,99.91,299.73
7928,336,3,41.55,124.64999999999999
7928,5,1,132.04,132.04
7929,413,3,64.03,192.09
7929,293,3,487.59,1462.77
7929,232,3,478.28,1434.84
7930,22,1,491.32,491.32
7930,68,1,5.86,5.86
7930,109,1,489.42,489.42
7931,120,3,480.49,1441.47
7931,440,1,362.37,362.37
7931,249,1,143.22,143.22
7931,383,2,114.97,229.94
7931,57,2,281.31,562.62
7932,236,1,495.48,495.48
7932,191,3,334.45,1003.3499999999999
7932,69,3,494.8,1484.4
7933,76,2,476.31,952.62
7933,434,1,379.85,379.85
7933,252,3,333.44,1000.3199999999999
7933,120,1,480.49,480.49
7934,90,3,171.02,513.0600000000001
7935,479,1,131.06,131.06
7936,47,2,140.75,281.5
7936,349,3,54.63,163.89000000000001
7936,89,3,437.32,1311.96
7936,467,3,24.18,72.53999999999999
7937,216,3,256.85,770.5500000000001
7937,445,3,124.24,372.71999999999997
7937,163,2,307.1,614.2
7937,488,2,243.3,486.6
7938,464,1,296.32,296.32
7938,492,3,28.24,84.72
7939,246,3,234.51,703.53
7939,240,2,98.4,196.8
7939,357,2,213.41,426.82
7939,376,3,120.28,360.84000000000003
7940,158,3,269.42,808.26
7940,270,3,132.23,396.68999999999994
7940,208,2,342.64,685.28
7940,12,2,291.6,583.2
7940,231,1,376.58,376.58
7941,159,1,287.61,287.61
7941,289,2,427.58,855.16
7941,236,3,495.48,1486.44
7942,378,1,153.62,153.62
7942,375,2,259.59,519.18
7943,459,3,220.51,661.53
7943,454,1,122.06,122.06
7943,463,1,76.72,76.72
7943,324,3,311.54,934.6200000000001
7943,4,1,15.4,15.4
7944,21,1,348.11,348.11
7945,419,2,139.16,278.32
7945,33,1,199.18,199.18
7945,498,2,48.54,97.08
7945,415,1,454.18,454.18
7946,380,2,378.14,756.28
7947,291,1,336.86,336.86
7947,63,1,270.0,270.0
7947,313,1,181.23,181.23
7947,223,1,80.53,80.53
7947,178,3,449.89,1349.67
7948,134,2,9.79,19.58
7948,58,2,462.1,924.2
7948,396,1,69.93,69.93
7948,44,3,437.15,1311.4499999999998
7949,124,3,130.44,391.32
7949,226,3,285.61,856.83
7949,358,3,198.63,595.89
7950,262,3,356.94,1070.82
7951,30,3,243.42,730.26
7951,248,3,255.64,766.92
7951,316,3,68.22,204.66
7951,144,1,149.85,149.85
7951,5,3,132.04,396.12
7952,354,3,107.87,323.61
7952,52,1,207.19,207.19
7952,369,3,492.83,1478.49
7952,95,3,452.34,1357.02
7953,234,3,202.87,608.61
7954,192,1,361.57,361.57
7955,13,3,41.35,124.05000000000001
7955,418,3,141.62,424.86
7955,444,3,232.11,696.33
7956,247,1,228.88,228.88
7956,262,3,356.94,1070.82
7956,300,1,250.81,250.81
7956,326,2,337.22,674.44
7957,57,1,281.31,281.31
7957,43,2,84.75,169.5
7957,432,3,18.81,56.42999999999999
7957,342,2,19.87,39.74
7957,412,1,343.82,343.82
7958,110,1,124.44,124.44
7958,489,2,229.25,458.5
7958,403,1,44.77,44.77
7959,472,1,485.93,485.93
7959,202,2,174.67,349.34
7959,242,2,233.81,467.62
7959,308,1,477.22,477.22
7959,162,2,153.38,306.76
7960,97,1,91.52,91.52
7960,394,1,202.77,202.77
7960,159,1,287.61,287.61
7960,347,2,186.64,373.28
7960,203,3,490.13,1470.3899999999999
7961,161,1,281.23,281.23
7962,462,1,153.15,153.15
7962,88,3,361.93,1085.79
7963,218,1,213.29,213.29
7964,313,3,181.23,543.6899999999999
7964,444,2,232.11,464.22
7965,7,2,479.78,959.56
7965,409,1,98.63,98.63
7965,492,2,28.24,56.48
7966,153,3,435.4,1306.1999999999998
7966,36,1,325.79,325.79
7966,380,3,378.14,1134.42
7966,285,2,440.73,881.46
7967,230,3,314.06,942.1800000000001
7967,171,2,35.49,70.98
7967,459,2,220.51,441.02
7967,449,3,209.61,628.83
7968,40,3,290.43,871.29
7968,438,2,100.54,201.08
7968,103,3,363.27,1089.81
7968,351,2,385.67,771.34
7968,299,3,207.73,623.1899999999999
7969,480,3,209.16,627.48
7969,270,1,132.23,132.23
7969,150,3,216.59,649.77
7970,323,1,5.34,5.34
7970,216,3,256.85,770.5500000000001
7971,304,1,282.76,282.76
7971,186,3,288.34,865.02
7971,487,2,396.73,793.46
7971,138,1,93.72,93.72
7971,278,2,178.94,357.88
7972,238,1,150.48,150.48
7973,403,3,44.77,134.31
7973,310,3,78.93,236.79000000000002
7973,323,3,5.34,16.02
7974,356,1,346.58,346.58
7974,8,3,236.88,710.64
7974,312,1,176.2,176.2
7975,232,2,478.28,956.56
7975,12,1,291.6,291.6
7975,313,1,181.23,181.23
7975,475,2,426.61,853.22
7975,236,2,495.48,990.96
7976,280,2,346.03,692.06
7976,28,1,72.62,72.62
7976,106,1,422.11,422.11
7976,393,2,129.5,259.0
7977,126,3,320.91,962.73
7977,468,3,24.15,72.44999999999999
7977,329,2,361.76,723.52
7977,458,3,290.04,870.1200000000001
7978,118,2,355.19,710.38
7978,10,2,421.91,843.82
7978,320,3,142.18,426.54
7979,33,3,199.18,597.54
7979,289,3,427.58,1282.74
7979,332,3,450.12,1350.3600000000001
7979,50,2,347.73,695.46
7980,26,1,170.87,170.87
7981,178,3,449.89,1349.67
7981,236,2,495.48,990.96
7981,20,1,446.93,446.93
7982,148,3,228.08,684.24
7982,181,2,369.11,738.22
7983,322,2,325.9,651.8
7983,321,3,271.53,814.5899999999999
7983,161,2,281.23,562.46
7983,358,2,198.63,397.26
7984,131,1,286.17,286.17
7984,130,3,201.64,604.92
7984,350,3,170.56,511.68
7985,276,2,254.66,509.32
7986,392,1,364.88,364.88
7986,186,2,288.34,576.68
7986,220,3,58.27,174.81
7986,265,1,452.37,452.37
7986,39,1,105.83,105.83
7987,13,1,41.35,41.35
7987,421,2,450.64,901.28
7988,445,3,124.24,372.71999999999997
7989,352,1,23.31,23.31
7989,498,3,48.54,145.62
7990,178,2,449.89,899.78
7990,207,2,68.25,136.5
7990,175,1,235.77,235.77
7990,30,3,243.42,730.26
7990,232,1,478.28,478.28
7991,272,3,182.96,548.88
7991,112,3,17.77,53.31
7992,350,2,170.56,341.12
7992,363,3,479.64,1438.92
7992,273,3,193.27,579.8100000000001
7993,427,1,323.5,323.5
7993,65,1,318.4,318.4
7993,157,2,208.56,417.12
7993,86,2,409.34,818.68
7993,159,1,287.61,287.61
7994,159,3,287.61,862.83
7994,305,1,80.66,80.66
7994,197,2,66.56,133.12
7995,100,1,175.13,175.13
7995,395,3,254.9,764.7
7996,306,1,12.42,12.42
7996,194,3,22.63,67.89
7997,48,3,113.06,339.18
7997,386,2,273.27,546.54
7997,3,1,458.68,458.68
7997,331,2,69.86,139.72
7998,140,3,115.16,345.48
7998,479,2,131.06,262.12
7998,84,3,239.85,719.55
7998,163,3,307.1,921.3000000000001
7998,274,1,203.73,203.73
7999,86,2,409.34,818.68
7999,164,3,158.01,474.03
7999,456,3,242.56,727.6800000000001
8000,32,1,284.06,284.06
8000,62,3,403.84,1211.52
8000,412,2,343.82,687.64
8000,372,1,224.89,224.89
8001,109,2,489.42,978.84
8002,243,3,358.15,1074.4499999999998
8003,399,2,62.97,125.94
8004,445,3,124.24,372.71999999999997
8004,147,2,404.23,808.46
8004,116,1,490.7,490.7
8004,296,2,348.54,697.08
8004,323,1,5.34,5.34
8005,48,3,113.06,339.18
8005,240,2,98.4,196.8
8006,397,1,154.37,154.37
8006,381,3,212.11,636.33
8006,359,2,353.69,707.38
8006,180,2,348.73,697.46
8006,120,3,480.49,1441.47
8007,169,1,466.19,466.19
8007,103,3,363.27,1089.81
8008,424,3,41.06,123.18
8008,237,2,236.39,472.78
8008,199,3,355.65,1066.9499999999998
8009,2,1,139.66,139.66
8009,324,2,311.54,623.08
8009,457,2,196.35,392.7
8010,1,2,107.54,215.08
8010,373,1,259.22,259.22
8010,435,2,219.72,439.44
8010,14,3,127.52,382.56
8010,318,1,219.59,219.59
8011,188,1,331.07,331.07
8012,324,1,311.54,311.54
8012,461,2,472.53,945.06
8013,376,3,120.28,360.84000000000003
8013,233,3,76.89,230.67000000000002
8013,65,2,318.4,636.8
8013,136,1,277.36,277.36
8014,438,2,100.54,201.08
8014,268,1,430.32,430.32
8014,314,3,78.8,236.39999999999998
8014,424,1,41.06,41.06
8014,475,3,426.61,1279.83
8015,266,3,292.77,878.31
8015,483,1,70.53,70.53
8015,283,1,391.26,391.26
8016,398,1,182.45,182.45
8016,387,3,130.92,392.76
8017,390,2,49.86,99.72
8017,439,2,201.62,403.24
8017,324,3,311.54,934.6200000000001
8017,165,2,170.69,341.38
8017,163,1,307.1,307.1
8018,163,3,307.1,921.3000000000001
8018,8,2,236.88,473.76
8019,413,3,64.03,192.09
8019,492,2,28.24,56.48
8019,40,3,290.43,871.29
8019,59,3,471.15,1413.4499999999998
8019,299,3,207.73,623.1899999999999
8020,86,1,409.34,409.34
8020,361,3,89.18,267.54
8021,446,3,480.38,1441.1399999999999
8021,104,2,355.23,710.46
8022,164,3,158.01,474.03
8023,387,3,130.92,392.76
8024,183,2,206.12,412.24
8024,60,1,407.73,407.73
8024,491,2,130.58,261.16
8025,97,2,91.52,183.04
8026,22,1,491.32,491.32
8026,74,1,83.84,83.84
8026,364,2,469.93,939.86
8026,345,3,179.94,539.8199999999999
8027,216,2,256.85,513.7
8027,250,3,179.65,538.95
8028,441,3,314.36,943.08
8028,294,3,159.06,477.18
8028,74,3,83.84,251.52
8028,191,3,334.45,1003.3499999999999
8029,498,1,48.54,48.54
8029,43,2,84.75,169.5
8029,194,3,22.63,67.89
8029,453,2,335.96,671.92
8029,71,3,43.24,129.72
8030,202,1,174.67,174.67
8031,247,3,228.88,686.64
8031,333,3,61.26,183.78
8031,127,3,6.58,19.740000000000002
8032,350,2,170.56,341.12
8032,293,2,487.59,975.18
8032,169,1,466.19,466.19
8032,187,2,315.62,631.24
8033,28,3,72.62,217.86
8034,421,1,450.64,450.64
8034,242,2,233.81,467.62
8035,13,1,41.35,41.35
8035,363,1,479.64,479.64
8035,219,3,9.55,28.650000000000002
8035,467,2,24.18,48.36
8035,9,2,331.01,662.02
8036,134,1,9.79,9.79
8036,463,3,76.72,230.16
8036,499,3,139.95,419.84999999999997
8037,382,3,65.87,197.61
8037,61,3,118.22,354.65999999999997
8037,8,1,236.88,236.88
8037,40,1,290.43,290.43
8037,423,3,317.55,952.6500000000001
8038,141,1,257.07,257.07
8038,104,1,355.23,355.23
8038,59,1,471.15,471.15
8038,328,2,251.99,503.98
8038,114,2,108.7,217.4
8039,161,2,281.23,562.46
8039,117,2,16.06,32.12
8039,160,1,386.52,386.52
8040,348,3,45.01,135.03
8040,279,1,273.72,273.72
8041,393,3,129.5,388.5
8041,425,1,211.7,211.7
8042,459,1,220.51,220.51
8042,427,2,323.5,647.0
8043,132,3,409.11,1227.33
8043,345,3,179.94,539.8199999999999
8043,16,1,191.38,191.38
8044,83,2,243.84,487.68
8044,195,3,280.71,842.1299999999999
8045,62,3,403.84,1211.52
8045,245,1,426.38,426.38
8045,398,3,182.45,547.3499999999999
8045,315,1,30.07,30.07
8046,279,1,273.72,273.72
8046,209,2,195.24,390.48
8046,318,2,219.59,439.18
8047,169,1,466.19,466.19
8048,185,2,236.39,472.78
8049,19,3,343.63,1030.8899999999999
8049,455,3,105.02,315.06
8049,306,2,12.42,24.84
8049,298,3,310.25,930.75
8050,287,3,477.19,1431.57
8050,93,3,325.85,977.5500000000001
8050,226,2,285.61,571.22
8051,293,2,487.59,975.18
8051,322,1,325.9,325.9
8052,260,1,459.47,459.47
8053,68,2,5.86,11.72
8054,294,1,159.06,159.06
8054,207,3,68.25,204.75
8054,169,1,466.19,466.19
8054,298,1,310.25,310.25
8054,475,2,426.61,853.22
8055,448,1,119.74,119.74
8055,371,3,319.89,959.67
8056,369,2,492.83,985.66
8056,379,3,222.7,668.0999999999999
8057,343,3,220.03,660.09
8057,93,2,325.85,651.7
8057,333,1,61.26,61.26
8058,220,1,58.27,58.27
8059,380,1,378.14,378.14
8060,230,2,314.06,628.12
8060,396,1,69.93,69.93
8060,313,1,181.23,181.23
8060,418,2,141.62,283.24
8060,323,2,5.34,10.68
8061,247,1,228.88,228.88
8061,263,2,168.0,336.0
8061,35,2,14.23,28.46
8061,358,2,198.63,397.26
8062,75,1,123.97,123.97
8062,89,3,437.32,1311.96
8062,451,2,332.65,665.3
8063,21,3,348.11,1044.33
8063,438,2,100.54,201.08
8063,135,2,451.07,902.14
8063,455,2,105.02,210.04
8063,5,1,132.04,132.04
8064,491,2,130.58,261.16
8064,358,3,198.63,595.89
8064,313,2,181.23,362.46
8065,395,3,254.9,764.7
8065,18,2,395.52,791.04
8066,474,1,239.02,239.02
8067,103,2,363.27,726.54
8067,60,1,407.73,407.73
8067,199,1,355.65,355.65
8068,73,3,279.0,837.0
8068,8,3,236.88,710.64
8068,350,1,170.56,170.56
8068,198,2,209.69,419.38
8068,322,3,325.9,977.6999999999999
8069,128,3,19.74,59.22
8069,27,3,432.61,1297.83
8069,477,1,155.19,155.19
8069,206,3,353.54,1060.6200000000001
8070,414,3,457.0,1371.0
8070,326,1,337.22,337.22
8070,129,3,293.08,879.24
8070,483,3,70.53,211.59
8070,186,2,288.34,576.68
8071,361,3,89.18,267.54
8072,246,3,234.51,703.53
8072,352,1,23.31,23.31
8072,422,1,275.45,275.45
8072,229,2,230.52,461.04
8073,465,1,484.34,484.34
8073,117,1,16.06,16.06
8073,352,3,23.31,69.92999999999999
8073,442,1,470.37,470.37
8074,152,2,436.45,872.9
8074,456,1,242.56,242.56
8074,259,1,200.38,200.38
8074,370,1,49.7,49.7
8074,247,3,228.88,686.64
8075,383,3,114.97,344.90999999999997
8075,190,1,387.18,387.18
8075,369,2,492.83,985.66
8075,117,1,16.06,16.06
8075,30,1,243.42,243.42
8076,347,1,186.64,186.64
8076,246,2,234.51,469.02
8077,442,2,470.37,940.74
8077,245,1,426.38,426.38
8077,498,3,48.54,145.62
8077,294,2,159.06,318.12
8078,244,2,286.63,573.26
8078,26,2,170.87,341.74
8078,303,2,384.8,769.6
8078,297,3,225.21,675.63
8078,164,3,158.01,474.03
8079,78,1,164.41,164.41
8079,106,2,422.11,844.22
8079,423,1,317.55,317.55
8079,448,2,119.74,239.48
8079,442,3,470.37,1411.1100000000001
8080,143,1,248.2,248.2
8081,482,1,479.46,479.46
8081,447,3,156.88,470.64
8082,260,3,459.47,1378.41
8082,361,2,89.18,178.36
8082,203,1,490.13,490.13
8082,339,1,327.73,327.73
8083,421,1,450.64,450.64
8083,20,3,446.93,1340.79
8083,443,2,365.07,730.14
8083,450,1,245.71,245.71
8083,213,1,343.62,343.62
8084,114,2,108.7,217.4
8084,165,3,170.69,512.0699999999999
8085,295,1,366.04,366.04
8085,370,1,49.7,49.7
8085,199,2,355.65,711.3
8085,55,2,243.64,487.28
8086,100,2,175.13,350.26
8086,110,3,124.44,373.32
8086,389,2,497.51,995.02
8086,217,3,80.51,241.53000000000003
8087,454,3,122.06,366.18
8088,312,2,176.2,352.4
8088,183,3,206.12,618.36
8088,293,3,487.59,1462.77
8088,389,1,497.51,497.51
8088,249,3,143.22,429.65999999999997
8089,474,2,239.02,478.04
8089,333,3,61.26,183.78
8090,56,1,258.91,258.91
8091,52,2,207.19,414.38
8092,60,3,407.73,1223.19
8092,492,2,28.24,56.48
8092,118,1,355.19,355.19
8092,125,3,61.95,185.85000000000002
8092,363,2,479.64,959.28
8093,20,1,446.93,446.93
8093,148,2,228.08,456.16
8093,287,2,477.19,954.38
8094,273,2,193.27,386.54
8094,188,1,331.07,331.07
8094,358,1,198.63,198.63
8094,443,1,365.07,365.07
8095,211,2,470.02,940.04
8096,101,2,38.7,77.4
8097,66,3,113.14,339.42
8097,153,3,435.4,1306.1999999999998
8097,234,2,202.87,405.74
8097,108,3,189.13,567.39
8098,305,3,80.66,241.98
8098,381,3,212.11,636.33
8098,311,2,432.8,865.6
8099,375,1,259.59,259.59
8099,56,1,258.91,258.91
8099,414,3,457.0,1371.0
8099,437,1,150.85,150.85
8099,12,2,291.6,583.2
8100,233,1,76.89,76.89
8100,70,3,420.8,1262.4
8101,393,2,129.5,259.0
8101,267,1,347.18,347.18
8101,174,3,258.78,776.3399999999999
8102,325,2,470.48,940.96
8102,370,1,49.7,49.7
8102,360,1,396.94,396.94
8102,123,2,187.5,375.0
8103,132,3,409.11,1227.33
8104,487,2,396.73,793.46
8104,113,3,180.72,542.16
8104,402,1,336.6,336.6
8105,496,2,341.88,683.76
8105,433,2,457.16,914.32
8105,44,3,437.15,1311.4499999999998
8105,187,3,315.62,946.86
8106,128,2,19.74,39.48
8106,174,1,258.78,258.78
8106,12,3,291.6,874.8000000000001
8106,27,1,432.61,432.61
8107,103,2,363.27,726.54
8107,370,3,49.7,149.10000000000002
8107,153,3,435.4,1306.1999999999998
8107,39,1,105.83,105.83
8107,320,1,142.18,142.18
8108,478,2,356.16,712.32
8108,349,2,54.63,109.26
8108,104,3,355.23,1065.69
8108,89,1,437.32,437.32
8108,226,1,285.61,285.61
8109,35,3,14.23,42.69
8109,421,3,450.64,1351.92
8109,434,3,379.85,1139.5500000000002
8109,277,1,74.18,74.18
8109,34,1,150.14,150.14
8110,219,2,9.55,19.1
8110,22,1,491.32,491.32
8111,395,1,254.9,254.9
8111,298,1,310.25,310.25
8111,384,2,9.03,18.06
8111,157,3,208.56,625.6800000000001
8111,478,1,356.16,356.16
8112,360,2,396.94,793.88
8113,333,3,61.26,183.78
8113,87,3,367.59,1102.77
8113,116,2,490.7,981.4
8113,196,2,372.88,745.76
8113,417,3,202.32,606.96
8114,275,1,404.88,404.88
8114,15,2,190.65,381.3
8114,136,2,277.36,554.72
8115,409,1,98.63,98.63
8115,126,2,320.91,641.82
8115,431,2,370.38,740.76
8115,392,1,364.88,364.88
8116,210,2,366.8,733.6
8116,105,2,414.79,829.58
8116,152,3,436.45,1309.35
8116,332,2,450.12,900.24
8117,401,3,99.91,299.73
8117,296,2,348.54,697.08
8117,408,3,182.79,548.37
8118,427,3,323.5,970.5
8118,253,1,399.66,399.66
8118,484,2,304.06,608.12
8119,325,3,470.48,1411.44
8119,112,2,17.77,35.54
8119,93,1,325.85,325.85
8120,325,1,470.48,470.48
8120,372,2,224.89,449.78
8121,109,3,489.42,1468.26
8121,317,3,75.98,227.94
8121,470,1,67.19,67.19
8121,468,1,24.15,24.15
8122,325,3,470.48,1411.44
8122,22,3,491.32,1473.96
8122,113,1,180.72,180.72
8122,145,1,438.41,438.41
8122,252,2,333.44,666.88
8123,462,1,153.15,153.15
8123,400,3,297.67,893.01
8123,490,1,487.09,487.09
8123,474,1,239.02,239.02
8124,190,1,387.18,387.18
8124,150,3,216.59,649.77
8124,76,2,476.31,952.62
8124,172,1,171.63,171.63
8124,30,3,243.42,730.26
8125,47,3,140.75,422.25
8125,480,1,209.16,209.16
8126,251,3,208.81,626.4300000000001
8126,58,2,462.1,924.2
8127,152,2,436.45,872.9
8127,212,2,381.28,762.56
8128,198,3,209.69,629.0699999999999
8128,349,2,54.63,109.26
8128,475,3,426.61,1279.83
8128,441,3,314.36,943.08
8128,388,3,439.12,1317.3600000000001
8129,276,1,254.66,254.66
8129,465,3,484.34,1453.02
8129,56,3,258.91,776.73
8129,92,3,86.51,259.53000000000003
8130,455,1,105.02,105.02
8130,154,3,371.7,1115.1
8130,183,2,206.12,412.24
8130,1,3,107.54,322.62
8131,439,3,201.62,604.86
8131,371,1,319.89,319.89
8131,315,2,30.07,60.14
8132,291,2,336.86,673.72
8132,88,1,361.93,361.93
8132,433,3,457.16,1371.48
8133,413,3,64.03,192.09
8133,348,1,45.01,45.01
8133,232,3,478.28,1434.84
8134,397,3,154.37,463.11
8134,190,1,387.18,387.18
8134,487,1,396.73,396.73
8134,208,3,342.64,1027.92
8135,111,1,283.29,283.29
8135,479,3,131.06,393.18
8135,450,3,245.71,737.13
8136,246,1,234.51,234.51
8137,440,2,362.37,724.74
8137,412,2,343.82,687.64
8138,488,3,243.3,729.9000000000001
8139,253,1,399.66,399.66
8139,229,2,230.52,461.04
8139,83,2,243.84,487.68
8139,416,1,163.35,163.35
8139,380,1,378.14,378.14
8140,289,2,427.58,855.16
8140,446,1,480.38,480.38
8141,8,3,236.88,710.64
8141,493,2,435.98,871.96
8141,322,3,325.9,977.6999999999999
8142,153,3,435.4,1306.1999999999998
8142,255,1,170.99,170.99
8143,165,2,170.69,341.38
8144,78,1,164.41,164.41
8144,391,2,14.9,29.8
8145,410,2,227.81,455.62
8145,400,2,297.67,595.34
8145,371,2,319.89,639.78
8146,470,2,67.19,134.38
8146,461,1,472.53,472.53
8147,61,1,118.22,118.22
8147,78,3,164.41,493.23
8147,332,2,450.12,900.24
8147,400,2,297.67,595.34
8148,84,1,239.85,239.85
8148,29,3,362.83,1088.49
8149,302,1,343.67,343.67
8150,423,1,317.55,317.55
8150,152,2,436.45,872.9
8151,201,2,258.09,516.18
8151,497,1,343.43,343.43
8152,9,2,331.01,662.02
8152,477,1,155.19,155.19
8152,42,3,38.5,115.5
8153,171,3,35.49,106.47
8154,468,2,24.15,48.3
8154,402,3,336.6,1009.8000000000001
8154,383,1,114.97,114.97
8154,336,1,41.55,41.55
8154,395,3,254.9,764.7
8155,87,3,367.59,1102.77
8155,397,3,154.37,463.11
8155,485,3,165.35,496.04999999999995
8155,261,2,235.72,471.44
8156,140,1,115.16,115.16
8156,186,2,288.34,576.68
8156,466,1,465.33,465.33
8157,408,3,182.79,548.37
8157,275,2,404.88,809.76
8157,340,1,281.13,281.13
8157,176,2,66.77,133.54
8158,312,3,176.2,528.5999999999999
8158,290,3,334.81,1004.4300000000001
8158,343,1,220.03,220.03
8158,55,2,243.64,487.28
8158,345,1,179.94,179.94
8159,378,3,153.62,460.86
8159,305,1,80.66,80.66
8159,345,2,179.94,359.88
8159,351,2,385.67,771.34
8160,342,1,19.87,19.87
8160,216,3,256.85,770.5500000000001
8160,276,1,254.66,254.66
8160,48,2,113.06,226.12
8161,315,2,30.07,60.14
8161,266,2,292.77,585.54
8161,282,1,463.34,463.34
8161,4,2,15.4,30.8
8161,258,3,440.33,1320.99
8162,157,3,208.56,625.6800000000001
8163,198,1,209.69,209.69
8164,132,3,409.11,1227.33
8165,396,2,69.93,139.86
8165,493,1,435.98,435.98
8165,369,1,492.83,492.83
8165,372,1,224.89,224.89
8165,153,1,435.4,435.4
8166,167,2,14.91,29.82
8166,444,3,232.11,696.33
8166,480,2,209.16,418.32
8167,174,2,258.78,517.56
8167,190,1,387.18,387.18
8167,97,2,91.52,183.04
8167,330,2,434.93,869.86
8167,449,1,209.61,209.61
8168,285,2,440.73,881.46
8168,1,3,107.54,322.62
8168,346,3,206.81,620.4300000000001
8169,268,1,430.32,430.32
8169,155,1,77.89,77.89
8169,188,3,331.07,993.21
8169,344,3,138.55,415.65000000000003
8170,344,2,138.55,277.1
8170,138,3,93.72,281.15999999999997
8171,238,1,150.48,150.48
8171,477,1,155.19,155.19
8172,10,2,421.91,843.82
8172,289,1,427.58,427.58
8173,7,2,479.78,959.56
8173,47,1,140.75,140.75
8173,370,2,49.7,99.4
8173,108,1,189.13,189.13
8173,254,3,218.23,654.6899999999999
8174,228,3,469.49,1408.47
8175,305,3,80.66,241.98
8175,233,3,76.89,230.67000000000002
8175,448,1,119.74,119.74
8175,16,2,191.38,382.76
8175,450,2,245.71,491.42
8176,247,2,228.88,457.76
8177,221,3,42.15,126.44999999999999
8177,219,2,9.55,19.1
8177,438,1,100.54,100.54
8177,452,3,235.45,706.3499999999999
8178,369,3,492.83,1478.49
8179,465,3,484.34,1453.02
8180,264,3,165.99,497.97
8180,327,1,357.39,357.39
8180,216,2,256.85,513.7
8180,369,1,492.83,492.83
8181,477,2,155.19,310.38
8181,196,2,372.88,745.76
8182,126,3,320.91,962.73
8182,169,3,466.19,1398.57
8182,449,2,209.61,419.22
8182,228,2,469.49,938.98
8182,454,3,122.06,366.18
8183,353,3,303.46,910.3799999999999
8183,493,3,435.98,1307.94
8183,336,1,41.55,41.55
8184,425,1,211.7,211.7
8184,338,1,287.2,287.2
8184,41,3,314.77,944.31
8184,167,3,14.91,44.730000000000004
8184,452,3,235.45,706.3499999999999
8185,210,2,366.8,733.6
8185,92,3,86.51,259.53000000000003
8185,231,1,376.58,376.58
8185,466,2,465.33,930.66
8186,139,1,349.74,349.74
8186,207,3,68.25,204.75
8186,304,2,282.76,565.52
8186,140,3,115.16,345.48
8186,442,3,470.37,1411.1100000000001
8187,394,1,202.77,202.77
8187,422,3,275.45,826.3499999999999
8187,10,2,421.91,843.82
8188,375,1,259.59,259.59
8188,481,2,209.3,418.6
8188,129,2,293.08,586.16
8188,201,3,258.09,774.27
8189,278,1,178.94,178.94
8189,485,1,165.35,165.35
8189,374,3,415.45,1246.35
8189,118,2,355.19,710.38
8190,497,2,343.43,686.86
8190,88,1,361.93,361.93
8190,193,3,271.29,813.8700000000001
8190,191,2,334.45,668.9
8191,479,3,131.06,393.18
8192,440,1,362.37,362.37
8192,266,3,292.77,878.31
8192,22,2,491.32,982.64
8192,156,1,404.58,404.58
8192,279,3,273.72,821.1600000000001
8193,449,3,209.61,628.83
8193,94,1,186.09,186.09
8193,43,2,84.75,169.5
8193,326,1,337.22,337.22
8194,221,1,42.15,42.15
8194,309,2,484.02,968.04
8195,76,2,476.31,952.62
8195,57,2,281.31,562.62
8195,321,2,271.53,543.06
8196,392,2,364.88,729.76
8196,88,2,361.93,723.86
8196,259,3,200.38,601.14
8196,483,2,70.53,141.06
8196,247,3,228.88,686.64
8197,165,2,170.69,341.38
8197,295,1,366.04,366.04
8198,90,2,171.02,342.04
8198,263,3,168.0,504.0
8198,426,3,438.33,1314.99
8198,140,1,115.16,115.16
8199,150,2,216.59,433.18
8199,101,1,38.7,38.7
8199,183,2,206.12,412.24
8200,271,3,188.99,566.97
8200,300,1,250.81,250.81
8200,116,3,490.7,1472.1
8200,444,2,232.11,464.22
8201,340,2,281.13,562.26
8201,218,1,213.29,213.29
8201,110,3,124.44,373.32
8201,158,1,269.42,269.42
8202,171,2,35.49,70.98
8203,260,1,459.47,459.47
8203,274,1,203.73,203.73
8203,408,2,182.79,365.58
8204,44,1,437.15,437.15
8204,277,1,74.18,74.18
8205,126,2,320.91,641.82
8205,478,1,356.16,356.16
8205,317,1,75.98,75.98
8205,79,2,102.92,205.84
8206,183,2,206.12,412.24
8206,80,3,296.1,888.3000000000001
8207,175,3,235.77,707.3100000000001
8208,450,2,245.71,491.42
8208,482,1,479.46,479.46
8208,136,1,277.36,277.36
8208,310,1,78.93,78.93
8209,22,2,491.32,982.64
8209,472,2,485.93,971.86
8209,149,3,111.19,333.57
8209,75,3,123.97,371.90999999999997
8209,160,2,386.52,773.04
8210,229,1,230.52,230.52
8210,375,3,259.59,778.77
8210,77,1,254.31,254.31
8210,450,3,245.71,737.13
8210,74,2,83.84,167.68
8211,265,2,452.37,904.74
8211,128,1,19.74,19.74
8211,210,1,366.8,366.8
8211,118,1,355.19,355.19
8211,67,2,439.97,879.94
8212,405,2,26.88,53.76
8213,101,1,38.7,38.7
8213,65,3,318.4,955.1999999999999
8213,19,3,343.63,1030.8899999999999
8213,204,3,396.2,1188.6
8213,199,2,355.65,711.3
8214,107,3,262.2,786.5999999999999
8215,385,2,177.56,355.12
8215,378,1,153.62,153.62
8215,418,3,141.62,424.86
8216,301,3,287.0,861.0
8216,114,2,108.7,217.4
8216,286,3,67.86,203.57999999999998
8216,163,1,307.1,307.1
8216,262,2,356.94,713.88
8217,165,2,170.69,341.38
8217,351,1,385.67,385.67
8217,212,2,381.28,762.56
8218,388,1,439.12,439.12
8218,283,3,391.26,1173.78
8218,195,3,280.71,842.1299999999999
8218,373,1,259.22,259.22
8219,447,3,156.88,470.64
8220,391,3,14.9,44.7
8221,275,3,404.88,1214.6399999999999
8221,289,1,427.58,427.58
8221,128,3,19.74,59.22
8221,475,1,426.61,426.61
8221,79,3,102.92,308.76
8222,197,1,66.56,66.56
8223,22,3,491.32,1473.96
8223,398,3,182.45,547.3499999999999
8223,165,1,170.69,170.69
8224,255,2,170.99,341.98
8224,350,2,170.56,341.12
8224,458,1,290.04,290.04
8225,471,2,64.44,128.88
8226,241,3,463.38,1390.1399999999999
8226,425,3,211.7,635.0999999999999
8226,112,1,17.77,17.77
8227,141,3,257.07,771.21
8227,71,1,43.24,43.24
8227,397,1,154.37,154.37
8228,399,2,62.97,125.94
8228,168,2,396.27,792.54
8228,446,2,480.38,960.76
8228,126,1,320.91,320.91
8229,193,1,271.29,271.29
8229,277,2,74.18,148.36
8229,437,1,150.85,150.85
8229,229,2,230.52,461.04
8230,141,2,257.07,514.14
8230,80,3,296.1,888.3000000000001
8230,399,3,62.97,188.91
8231,189,2,23.31,46.62
8231,392,2,364.88,729.76
8232,177,2,337.04,674.08
8232,330,2,434.93,869.86
8233,164,3,158.01,474.03
8234,443,2,365.07,730.14
8234,2,3,139.66,418.98
8234,214,2,460.83,921.66
8234,226,3,285.61,856.83
8234,78,2,164.41,328.82
8235,166,3,474.92,1424.76
8235,424,2,41.06,82.12
8235,385,3,177.56,532.6800000000001
8235,57,1,281.31,281.31
8236,425,3,211.7,635.0999999999999
8236,47,3,140.75,422.25
8236,366,2,409.85,819.7
8236,324,2,311.54,623.08
8236,5,3,132.04,396.12
8237,274,2,203.73,407.46
8237,265,2,452.37,904.74
8237,190,1,387.18,387.18
8238,330,3,434.93,1304.79
8238,133,1,195.06,195.06
8238,452,1,235.45,235.45
8238,393,3,129.5,388.5
8239,136,1,277.36,277.36
8239,65,1,318.4,318.4
8239,482,1,479.46,479.46
8239,185,2,236.39,472.78
8239,420,1,410.03,410.03
8240,280,2,346.03,692.06
8240,222,1,310.77,310.77
8240,425,1,211.7,211.7
8240,461,2,472.53,945.06
8240,298,1,310.25,310.25
8241,412,1,343.82,343.82
8241,102,2,196.78,393.56
8241,482,2,479.46,958.92
8241,106,1,422.11,422.11
8242,231,2,376.58,753.16
8242,10,2,421.91,843.82
8242,386,2,273.27,546.54
8243,94,2,186.09,372.18
8244,154,1,371.7,371.7
8244,140,1,115.16,115.16
8244,421,1,450.64,450.64
8244,398,3,182.45,547.3499999999999
8245,130,3,201.64,604.92
8245,341,2,469.56,939.12
8245,479,1,131.06,131.06
8245,342,3,19.87,59.61
8246,337,3,226.35,679.05
8246,222,2,310.77,621.54
8247,380,3,378.14,1134.42
8247,486,2,45.81,91.62
8247,47,1,140.75,140.75
8248,362,1,110.19,110.19
8248,108,1,189.13,189.13
8248,498,1,48.54,48.54
8249,241,1,463.38,463.38
8249,384,3,9.03,27.089999999999996
8249,105,2,414.79,829.58
8249,115,2,200.47,400.94
8249,74,3,83.84,251.52
8250,75,2,123.97,247.94
8250,349,3,54.63,163.89000000000001
8251,118,3,355.19,1065.57
8251,162,2,153.38,306.76
8252,312,2,176.2,352.4
8253,192,1,361.57,361.57
8253,18,1,395.52,395.52
8253,22,3,491.32,1473.96
8253,486,3,45.81,137.43
8253,313,2,181.23,362.46
8254,449,1,209.61,209.61
8254,250,1,179.65,179.65
8254,365,1,373.53,373.53
8254,498,3,48.54,145.62
8255,160,2,386.52,773.04
8256,162,1,153.38,153.38
8256,130,3,201.64,604.92
8256,181,3,369.11,1107.33
8256,22,1,491.32,491.32
8256,16,2,191.38,382.76
8257,317,2,75.98,151.96
8258,470,2,67.19,134.38
8258,17,3,430.34,1291.02
8258,146,2,299.06,598.12
8258,354,3,107.87,323.61
8259,472,2,485.93,971.86
8259,290,3,334.81,1004.4300000000001
8259,45,1,442.81,442.81
8259,177,2,337.04,674.08
8259,280,3,346.03,1038.09
8260,308,1,477.22,477.22
8260,201,3,258.09,774.27
8260,224,1,133.14,133.14
8260,301,1,287.0,287.0
8261,333,3,61.26,183.78
8261,361,2,89.18,178.36
8262,118,3,355.19,1065.57
8262,310,1,78.93,78.93
8262,449,1,209.61,209.61
8263,403,1,44.77,44.77
8264,157,3,208.56,625.6800000000001
8265,91,3,440.33,1320.99
8265,41,1,314.77,314.77
8266,82,3,479.76,1439.28
8267,351,3,385.67,1157.01
8267,89,1,437.32,437.32
8267,287,2,477.19,954.38
8268,347,2,186.64,373.28
8268,457,2,196.35,392.7
8268,73,3,279.0,837.0
8268,338,1,287.2,287.2
8268,305,1,80.66,80.66
8269,248,2,255.64,511.28
8269,321,1,271.53,271.53
8270,393,2,129.5,259.0
8270,324,1,311.54,311.54
8270,370,2,49.7,99.4
8271,21,3,348.11,1044.33
8271,9,3,331.01,993.03
8271,454,3,122.06,366.18
8272,415,3,454.18,1362.54
8272,357,1,213.41,213.41
8272,163,3,307.1,921.3000000000001
8272,123,2,187.5,375.0
8272,324,2,311.54,623.08
8273,87,2,367.59,735.18
8273,157,2,208.56,417.12
8273,457,2,196.35,392.7
8274,465,1,484.34,484.34
8274,93,3,325.85,977.5500000000001
8274,74,1,83.84,83.84
8274,415,3,454.18,1362.54
8275,161,2,281.23,562.46
8276,273,1,193.27,193.27
8277,156,3,404.58,1213.74
8277,236,3,495.48,1486.44
8277,383,2,114.97,229.94
8277,104,1,355.23,355.23
8278,66,3,113.14,339.42
8278,241,3,463.38,1390.1399999999999
8279,424,2,41.06,82.12
8279,395,2,254.9,509.8
8279,29,1,362.83,362.83
8279,399,2,62.97,125.94
8280,222,2,310.77,621.54
8280,40,1,290.43,290.43
8280,334,3,281.98,845.94
8280,305,3,80.66,241.98
8280,489,2,229.25,458.5
8281,185,1,236.39,236.39
8281,55,2,243.64,487.28
8281,434,2,379.85,759.7
8281,383,2,114.97,229.94
8281,105,2,414.79,829.58
8282,195,3,280.71,842.1299999999999
8283,116,1,490.7,490.7
8284,238,2,150.48,300.96
8284,446,2,480.38,960.76
8285,191,2,334.45,668.9
8285,74,2,83.84,167.68
8285,83,3,243.84,731.52
8285,14,1,127.52,127.52
8286,484,1,304.06,304.06
8287,421,3,450.64,1351.92
8288,4,3,15.4,46.2
8288,374,1,415.45,415.45
8288,51,3,124.89,374.67
8288,39,3,105.83,317.49
8288,9,1,331.01,331.01
8289,162,3,153.38,460.14
8289,162,2,153.38,306.76
8289,28,2,72.62,145.24
8290,83,3,243.84,731.52
8290,288,2,174.29,348.58
8291,256,3,344.07,1032.21
8292,283,2,391.26,782.52
8292,379,1,222.7,222.7
8292,48,1,113.06,113.06
8292,235,3,384.75,1154.25
8293,50,2,347.73,695.46
8293,494,2,340.34,680.68
8294,193,1,271.29,271.29
8295,315,3,30.07,90.21000000000001
8295,110,2,124.44,248.88
8296,34,1,150.14,150.14
8297,117,1,16.06,16.06
8298,81,1,112.52,112.52
8299,30,3,243.42,730.26
8300,193,3,271.29,813.8700000000001
8301,281,2,173.96,347.92
8301,428,2,48.76,97.52
8301,275,3,404.88,1214.6399999999999
8301,173,2,364.45,728.9
8301,429,2,257.85,515.7
8302,172,1,171.63,171.63
8302,494,2,340.34,680.68
8302,392,3,364.88,1094.6399999999999
8303,392,1,364.88,364.88
8303,489,2,229.25,458.5
8303,45,1,442.81,442.81
8303,353,3,303.46,910.3799999999999
8304,313,3,181.23,543.6899999999999
8304,328,1,251.99,251.99
8304,495,3,239.08,717.24
8304,201,2,258.09,516.18
8305,153,3,435.4,1306.1999999999998
8305,325,1,470.48,470.48
8305,292,2,335.18,670.36
8305,43,1,84.75,84.75
8306,215,3,313.01,939.03
8306,185,2,236.39,472.78
8306,179,1,422.57,422.57
8306,194,3,22.63,67.89
8307,325,2,470.48,940.96
8307,115,3,200.47,601.41
8307,358,2,198.63,397.26
8307,111,1,283.29,283.29
8307,172,1,171.63,171.63
8308,61,3,118.22,354.65999999999997
8308,188,3,331.07,993.21
8308,177,1,337.04,337.04
8309,170,3,432.62,1297.8600000000001
8309,220,1,58.27,58.27
8309,152,3,436.45,1309.35
8310,386,2,273.27,546.54
8311,493,1,435.98,435.98
8311,193,2,271.29,542.58
8312,146,2,299.06,598.12
8313,425,1,211.7,211.7
8313,459,2,220.51,441.02
8313,500,1,236.72,236.72
8314,92,2,86.51,173.02
8314,185,3,236.39,709.17
8315,341,1,469.56,469.56
8315,353,2,303.46,606.92
8315,41,3,314.77,944.31
8316,297,1,225.21,225.21
8316,388,1,439.12,439.12
8316,489,1,229.25,229.25
8316,206,2,353.54,707.08
8317,93,1,325.85,325.85
8317,254,1,218.23,218.23
8317,143,3,248.2,744.5999999999999
8317,240,3,98.4,295.20000000000005
8318,463,3,76.72,230.16
8318,455,2,105.02,210.04
8318,196,1,372.88,372.88
8318,389,2,497.51,995.02
8319,320,3,142.18,426.54
8319,84,2,239.85,479.7
8319,322,1,325.9,325.9
8320,90,2,171.02,342.04
8320,81,2,112.52,225.04
8320,247,2,228.88,457.76
8320,412,1,343.82,343.82
8320,466,3,465.33,1395.99
8321,206,2,353.54,707.08
8321,364,3,469.93,1409.79
8321,453,1,335.96,335.96
8322,95,2,452.34,904.68
8322,254,2,218.23,436.46
8322,239,1,254.23,254.23
8322,447,3,156.88,470.64
8322,365,2,373.53,747.06
8323,86,3,409.34,1228.02
8324,284,3,322.24,966.72
8325,389,3,497.51,1492.53
8325,194,3,22.63,67.89
8325,424,3,41.06,123.18
8325,111,1,283.29,283.29
8326,387,2,130.92,261.84
8326,496,1,341.88,341.88
8326,24,1,497.43,497.43
8326,353,3,303.46,910.3799999999999
8326,54,1,393.16,393.16
8327,335,3,255.49,766.47
8327,62,3,403.84,1211.52
8327,113,2,180.72,361.44
8328,275,3,404.88,1214.6399999999999
8328,173,3,364.45,1093.35
8328,381,3,212.11,636.33
8329,256,3,344.07,1032.21
8329,422,3,275.45,826.3499999999999
8329,368,3,226.17,678.51
8329,9,2,331.01,662.02
8330,429,1,257.85,257.85
8330,82,3,479.76,1439.28
8331,176,2,66.77,133.54
8331,221,1,42.15,42.15
8332,289,2,427.58,855.16
8332,151,1,369.64,369.64
8332,228,1,469.49,469.49
8333,273,3,193.27,579.8100000000001
8333,102,1,196.78,196.78
8333,223,3,80.53,241.59
8333,332,2,450.12,900.24
8334,79,3,102.92,308.76
8334,484,3,304.06,912.1800000000001
8334,164,2,158.01,316.02
8335,99,2,142.89,285.78
8335,351,2,385.67,771.34
8336,123,1,187.5,187.5
8337,491,3,130.58,391.74
8337,486,3,45.81,137.43
8337,93,2,325.85,651.7
8338,443,3,365.07,1095.21
8338,428,3,48.76,146.28
8339,278,2,178.94,357.88
8339,50,1,347.73,347.73
8339,475,2,426.61,853.22
8339,299,2,207.73,415.46
8339,12,3,291.6,874.8000000000001
8340,340,3,281.13,843.39
8340,89,2,437.32,874.64
8340,249,1,143.22,143.22
8340,41,1,314.77,314.77
8341,150,1,216.59,216.59
8341,13,1,41.35,41.35
8342,40,2,290.43,580.86
8342,198,3,209.69,629.0699999999999
8343,76,1,476.31,476.31
8343,156,1,404.58,404.58
8343,209,3,195.24,585.72
8343,312,2,176.2,352.4
8344,270,1,132.23,132.23
8344,309,1,484.02,484.02
8344,175,2,235.77,471.54
8344,110,1,124.44,124.44
8345,397,3,154.37,463.11
8345,310,1,78.93,78.93
8346,65,3,318.4,955.1999999999999
8346,231,1,376.58,376.58
8346,482,1,479.46,479.46
8346,126,1,320.91,320.91
8346,293,2,487.59,975.18
8347,117,2,16.06,32.12
8347,14,2,127.52,255.04
8347,298,1,310.25,310.25
8348,300,1,250.81,250.81
8348,408,2,182.79,365.58
8348,112,1,17.77,17.77
8348,34,1,150.14,150.14
8348,238,1,150.48,150.48
8349,387,1,130.92,130.92
8349,172,3,171.63,514.89
8349,224,1,133.14,133.14
8349,267,2,347.18,694.36
8350,362,1,110.19,110.19
8350,444,1,232.11,232.11
8350,137,3,124.07,372.21
8351,255,3,170.99,512.97
8351,217,1,80.51,80.51
8351,396,3,69.93,209.79000000000002
8351,49,1,486.05,486.05
8352,202,2,174.67,349.34
8352,436,3,41.76,125.28
8353,247,3,228.88,686.64
8353,218,1,213.29,213.29
8353,288,2,174.29,348.58
8353,178,3,449.89,1349.67
8354,461,2,472.53,945.06
8354,245,3,426.38,1279.1399999999999
8355,194,2,22.63,45.26
8355,390,1,49.86,49.86
8356,172,3,171.63,514.89
8356,481,1,209.3,209.3
8357,482,1,479.46,479.46
8357,143,1,248.2,248.2
8358,432,1,18.81,18.81
8358,447,3,156.88,470.64
8358,168,1,396.27,396.27
8358,322,2,325.9,651.8
8358,158,1,269.42,269.42
8359,401,1,99.91,99.91
8359,304,3,282.76,848.28
8359,159,1,287.61,287.61
8360,177,1,337.04,337.04
8360,28,1,72.62,72.62
8360,479,2,131.06,262.12
8361,472,2,485.93,971.86
8361,270,2,132.23,264.46
8362,155,1,77.89,77.89
8363,168,2,396.27,792.54
8363,332,3,450.12,1350.3600000000001
8364,68,1,5.86,5.86
8364,155,2,77.89,155.78
8364,14,1,127.52,127.52
8364,472,1,485.93,485.93
8364,120,2,480.49,960.98
8365,119,3,120.42,361.26
8365,146,1,299.06,299.06
8365,407,3,474.34,1423.02
8365,42,1,38.5,38.5
8365,146,2,299.06,598.12
8366,313,1,181.23,181.23
8367,259,3,200.38,601.14
8367,387,1,130.92,130.92
8367,428,3,48.76,146.28
8368,151,3,369.64,1108.92
8368,53,2,440.06,880.12
8368,178,2,449.89,899.78
8368,202,1,174.67,174.67
8368,258,3,440.33,1320.99
8369,387,3,130.92,392.76
8369,242,3,233.81,701.4300000000001
8369,456,1,242.56,242.56
8370,48,3,113.06,339.18
8370,164,3,158.01,474.03
8370,213,1,343.62,343.62
8371,216,1,256.85,256.85
8371,340,1,281.13,281.13
8372,347,1,186.64,186.64
8372,268,1,430.32,430.32
8372,303,1,384.8,384.8
8372,54,2,393.16,786.32
8373,265,2,452.37,904.74
8374,424,3,41.06,123.18
8374,262,3,356.94,1070.82
8374,214,3,460.83,1382.49
8375,496,1,341.88,341.88
8375,130,2,201.64,403.28
8376,489,3,229.25,687.75
8376,367,2,403.14,806.28
8376,252,3,333.44,1000.3199999999999
8377,314,2,78.8,157.6
8377,320,2,142.18,284.36
8377,387,3,130.92,392.76
8378,453,2,335.96,671.92
8379,186,3,288.34,865.02
8379,499,2,139.95,279.9
8380,184,2,119.59,239.18
8380,192,3,361.57,1084.71
8380,122,3,65.23,195.69
8380,495,2,239.08,478.16
8381,323,1,5.34,5.34
8381,16,1,191.38,191.38
8381,117,3,16.06,48.17999999999999
8381,248,1,255.64,255.64
8382,184,1,119.59,119.59
8382,30,2,243.42,486.84
8383,19,3,343.63,1030.8899999999999
8383,37,3,183.06,549.1800000000001
8383,488,2,243.3,486.6
8384,94,1,186.09,186.09
8384,297,2,225.21,450.42
8384,39,2,105.83,211.66
8384,455,1,105.02,105.02
8384,264,3,165.99,497.97
8385,279,1,273.72,273.72
8385,461,3,472.53,1417.59
8385,389,3,497.51,1492.53
8385,131,1,286.17,286.17
8385,204,1,396.2,396.2
8386,374,3,415.45,1246.35
8386,264,2,165.99,331.98
8387,163,1,307.1,307.1
8387,101,3,38.7,116.10000000000001
8387,406,2,7.55,15.1
8387,311,2,432.8,865.6
8388,39,3,105.83,317.49
8388,232,3,478.28,1434.84
8389,57,2,281.31,562.62
8389,137,3,124.07,372.21
8389,473,1,20.11,20.11
8389,6,1,23.99,23.99
8390,457,1,196.35,196.35
8390,145,3,438.41,1315.23
8390,80,3,296.1,888.3000000000001
8390,4,2,15.4,30.8
8391,209,1,195.24,195.24
8391,397,2,154.37,308.74
8391,454,2,122.06,244.12
8391,407,1,474.34,474.34
8391,53,3,440.06,1320.18
8392,381,3,212.11,636.33
8392,333,2,61.26,122.52
8393,147,3,404.23,1212.69
8393,420,3,410.03,1230.09
8393,50,1,347.73,347.73
8393,450,3,245.71,737.13
8394,323,3,5.34,16.02
8394,59,1,471.15,471.15
8394,13,1,41.35,41.35
8395,249,2,143.22,286.44
8395,418,2,141.62,283.24
8395,454,1,122.06,122.06
8395,225,1,14.73,14.73
8395,214,3,460.83,1382.49
8396,339,2,327.73,655.46
8396,290,2,334.81,669.62
8397,243,2,358.15,716.3
8397,447,3,156.88,470.64
8397,341,1,469.56,469.56
8398,402,1,336.6,336.6
8398,3,1,458.68,458.68
8398,192,1,361.57,361.57
8398,120,3,480.49,1441.47
8399,226,1,285.61,285.61
8399,13,1,41.35,41.35
8400,255,1,170.99,170.99
8401,270,1,132.23,132.23
8401,296,2,348.54,697.08
8401,481,3,209.3,627.9000000000001
8401,262,2,356.94,713.88
8401,462,1,153.15,153.15
8402,301,2,287.0,574.0
8402,165,2,170.69,341.38
8402,34,3,150.14,450.41999999999996
8402,57,3,281.31,843.9300000000001
8402,178,1,449.89,449.89
8403,240,2,98.4,196.8
8403,41,1,314.77,314.77
8404,281,2,173.96,347.92
8404,388,1,439.12,439.12
8405,443,3,365.07,1095.21
8405,439,2,201.62,403.24
8406,293,2,487.59,975.18
8406,40,1,290.43,290.43
8407,372,3,224.89,674.67
8407,362,2,110.19,220.38
8407,297,1,225.21,225.21
8407,210,1,366.8,366.8
8408,222,3,310.77,932.31
8408,437,3,150.85,452.54999999999995
8408,419,3,139.16,417.48
8409,41,2,314.77,629.54
8409,342,3,19.87,59.61
8409,462,1,153.15,153.15
8410,141,2,257.07,514.14
8410,153,3,435.4,1306.1999999999998
8410,144,1,149.85,149.85
8410,162,3,153.38,460.14
8411,73,3,279.0,837.0
8411,308,2,477.22,954.44
8412,181,1,369.11,369.11
8412,233,1,76.89,76.89
8412,18,3,395.52,1186.56
8413,296,1,348.54,348.54
8413,127,1,6.58,6.58
8414,428,1,48.76,48.76
8414,294,1,159.06,159.06
8415,35,1,14.23,14.23
8415,192,1,361.57,361.57
8415,158,1,269.42,269.42
8415,424,2,41.06,82.12
8416,353,1,303.46,303.46
8416,287,2,477.19,954.38
8416,399,2,62.97,125.94
8416,153,3,435.4,1306.1999999999998
8417,223,1,80.53,80.53
8417,289,1,427.58,427.58
8418,175,3,235.77,707.3100000000001
8419,239,2,254.23,508.46
8419,288,2,174.29,348.58
8419,447,2,156.88,313.76
8420,131,2,286.17,572.34
8420,411,2,311.19,622.38
8420,243,2,358.15,716.3
8421,13,1,41.35,41.35
8421,103,3,363.27,1089.81
8421,248,3,255.64,766.92
8422,55,3,243.64,730.92
8422,391,3,14.9,44.7
8422,258,2,440.33,880.66
8422,319,2,132.86,265.72
8423,498,3,48.54,145.62
8423,114,2,108.7,217.4
8423,191,3,334.45,1003.3499999999999
8423,15,2,190.65,381.3
8424,62,3,403.84,1211.52
8424,231,1,376.58,376.58
8424,199,3,355.65,1066.9499999999998
8424,290,1,334.81,334.81
8424,258,1,440.33,440.33
8425,397,2,154.37,308.74
8425,330,1,434.93,434.93
8425,419,1,139.16,139.16
8425,65,3,318.4,955.1999999999999
8426,94,3,186.09,558.27
8427,216,3,256.85,770.5500000000001
8427,352,2,23.31,46.62
8427,483,2,70.53,141.06
8428,452,3,235.45,706.3499999999999
8428,160,2,386.52,773.04
8428,16,1,191.38,191.38
8429,242,2,233.81,467.62
8430,317,1,75.98,75.98
8431,328,3,251.99,755.97
8431,200,2,134.77,269.54
8432,467,2,24.18,48.36
8433,297,1,225.21,225.21
8433,46,3,51.28,153.84
8433,315,3,30.07,90.21000000000001
8433,325,1,470.48,470.48
8434,77,3,254.31,762.9300000000001
8435,278,3,178.94,536.8199999999999
8435,447,1,156.88,156.88
8435,231,1,376.58,376.58
8436,27,1,432.61,432.61
8436,351,3,385.67,1157.01
8437,315,2,30.07,60.14
8437,480,2,209.16,418.32
8438,148,2,228.08,456.16
8438,322,3,325.9,977.6999999999999
8439,400,1,297.67,297.67
8439,485,1,165.35,165.35
8439,211,3,470.02,1410.06
8439,410,3,227.81,683.4300000000001
8439,280,1,346.03,346.03
8440,55,1,243.64,243.64
8440,297,1,225.21,225.21
8440,22,1,491.32,491.32
8440,214,2,460.83,921.66
8440,461,2,472.53,945.06
8441,309,2,484.02,968.04
8441,249,3,143.22,429.65999999999997
8441,152,1,436.45,436.45
8442,169,2,466.19,932.38
8443,498,1,48.54,48.54
8443,39,1,105.83,105.83
8443,140,3,115.16,345.48
8444,238,2,150.48,300.96
8445,395,1,254.9,254.9
8445,36,2,325.79,651.58
8446,3,2,458.68,917.36
8446,298,2,310.25,620.5
8446,180,2,348.73,697.46
8446,412,1,343.82,343.82
8446,459,2,220.51,441.02
8447,209,3,195.24,585.72
8448,256,1,344.07,344.07
8448,274,3,203.73,611.1899999999999
8449,123,3,187.5,562.5
8450,332,3,450.12,1350.3600000000001
8450,82,1,479.76,479.76
8450,4,3,15.4,46.2
8450,227,1,413.65,413.65
8451,243,3,358.15,1074.4499999999998
8451,445,3,124.24,372.71999999999997
8451,249,3,143.22,429.65999999999997
8452,216,1,256.85,256.85
8452,123,2,187.5,375.0
8453,10,3,421.91,1265.73
8453,272,2,182.96,365.92
8454,392,2,364.88,729.76
8454,494,1,340.34,340.34
8455,328,2,251.99,503.98
8455,30,1,243.42,243.42
8455,188,1,331.07,331.07
8455,73,3,279.0,837.0
8456,22,2,491.32,982.64
8456,153,1,435.4,435.4
8456,257,3,287.88,863.64
8456,220,3,58.27,174.81
8456,131,3,286.17,858.51
8457,201,3,258.09,774.27
8457,422,2,275.45,550.9
8457,140,1,115.16,115.16
8458,150,2,216.59,433.18
8458,330,2,434.93,869.86
8458,257,2,287.88,575.76
8458,347,2,186.64,373.28
8459,43,1,84.75,84.75
8459,398,3,182.45,547.3499999999999
8460,426,3,438.33,1314.99
8460,79,2,102.92,205.84
8461,27,2,432.61,865.22
8461,349,2,54.63,109.26
8461,327,2,357.39,714.78
8462,65,1,318.4,318.4
8462,329,1,361.76,361.76
8463,383,1,114.97,114.97
8463,335,2,255.49,510.98
8463,246,3,234.51,703.53
8463,433,3,457.16,1371.48
8463,122,2,65.23,130.46
8464,393,2,129.5,259.0
8464,396,2,69.93,139.86
8464,54,3,393.16,1179.48
8464,181,2,369.11,738.22
8465,473,1,20.11,20.11
8466,92,2,86.51,173.02
8466,288,3,174.29,522.87
8467,314,3,78.8,236.39999999999998
8468,11,2,415.63,831.26
8468,485,3,165.35,496.04999999999995
8468,468,2,24.15,48.3
8468,82,2,479.76,959.52
8468,179,2,422.57,845.14
8469,218,1,213.29,213.29
8470,270,2,132.23,264.46
8470,488,1,243.3,243.3
8470,255,2,170.99,341.98
8470,206,3,353.54,1060.6200000000001
8470,29,1,362.83,362.83
8471,137,3,124.07,372.21
8471,141,2,257.07,514.14
8471,167,3,14.91,44.730000000000004
8471,54,3,393.16,1179.48
8471,191,3,334.45,1003.3499999999999
8472,246,1,234.51,234.51
8472,14,1,127.52,127.52
8472,463,1,76.72,76.72
8473,32,1,284.06,284.06
8473,5,3,132.04,396.12
8473,43,2,84.75,169.5
8473,58,1,462.1,462.1
8473,44,3,437.15,1311.4499999999998
8474,450,2,245.71,491.42
8475,31,2,384.06,768.12
8475,441,3,314.36,943.08
8475,56,3,258.91,776.73
8475,302,1,343.67,343.67
8476,456,3,242.56,727.6800000000001
8476,182,2,491.56,983.12
8476,146,1,299.06,299.06
8477,43,1,84.75,84.75
8478,225,3,14.73,44.19
8478,176,2,66.77,133.54
8479,369,3,492.83,1478.49
8479,282,3,463.34,1390.02
8480,350,2,170.56,341.12
8480,173,3,364.45,1093.35
8480,313,2,181.23,362.46
8480,445,1,124.24,124.24
8481,169,2,466.19,932.38
8481,271,3,188.99,566.97
8481,240,1,98.4,98.4
8482,245,3,426.38,1279.1399999999999
8483,203,3,490.13,1470.3899999999999
8484,171,2,35.49,70.98
8484,133,3,195.06,585.1800000000001
8484,375,2,259.59,519.18
8484,185,3,236.39,709.17
8485,260,2,459.47,918.94
8485,93,2,325.85,651.7
8486,378,3,153.62,460.86
8486,231,2,376.58,753.16
8487,286,3,67.86,203.57999999999998
8488,59,2,471.15,942.3
8488,306,2,12.42,24.84
8488,493,1,435.98,435.98
8488,253,2,399.66,799.32
8489,267,1,347.18,347.18
8490,210,3,366.8,1100.4
8490,389,3,497.51,1492.53
8490,168,3,396.27,1188.81
8491,195,2,280.71,561.42
8491,81,3,112.52,337.56
8491,433,3,457.16,1371.48
8492,269,3,183.25,549.75
8492,164,1,158.01,158.01
8492,367,2,403.14,806.28
8492,478,1,356.16,356.16
8493,338,2,287.2,574.4
8494,43,3,84.75,254.25
8494,129,1,293.08,293.08
8494,210,2,366.8,733.6
8495,313,1,181.23,181.23
8495,376,3,120.28,360.84000000000003
8495,348,1,45.01,45.01
8495,185,2,236.39,472.78
8495,223,2,80.53,161.06
8496,416,1,163.35,163.35
8496,389,2,497.51,995.02
8496,340,3,281.13,843.39
8496,278,2,178.94,357.88
8497,65,2,318.4,636.8
8497,20,1,446.93,446.93
8497,271,3,188.99,566.97
8497,404,1,115.89,115.89
8497,435,3,219.72,659.16
8498,362,1,110.19,110.19
8498,149,3,111.19,333.57
8498,335,1,255.49,255.49
8499,282,2,463.34,926.68
8499,310,2,78.93,157.86
8500,421,3,450.64,1351.92
8501,219,1,9.55,9.55
8501,69,3,494.8,1484.4
8502,4,2,15.4,30.8
8502,169,1,466.19,466.19
8502,305,3,80.66,241.98
8503,330,3,434.93,1304.79
8503,252,2,333.44,666.88
8504,224,3,133.14,399.41999999999996
8504,382,1,65.87,65.87
8504,275,1,404.88,404.88
8504,272,1,182.96,182.96
8504,341,3,469.56,1408.68
8505,455,1,105.02,105.02
8505,330,1,434.93,434.93
8505,304,3,282.76,848.28
8505,347,2,186.64,373.28
8506,103,2,363.27,726.54
8507,452,3,235.45,706.3499999999999
8507,49,3,486.05,1458.15
8507,78,1,164.41,164.41
8508,200,3,134.77,404.31000000000006
8508,408,2,182.79,365.58
8508,358,2,198.63,397.26
8508,336,1,41.55,41.55
8509,45,3,442.81,1328.43
8509,15,2,190.65,381.3
8510,164,2,158.01,316.02
8510,493,1,435.98,435.98
8510,476,2,121.13,242.26
8511,453,3,335.96,1007.8799999999999
8511,348,1,45.01,45.01
8512,207,3,68.25,204.75
8513,200,1,134.77,134.77
8514,392,2,364.88,729.76
8514,365,1,373.53,373.53
8515,154,3,371.7,1115.1
8515,298,1,310.25,310.25
8516,91,2,440.33,880.66
8517,357,1,213.41,213.41
8517,201,2,258.09,516.18
8518,275,3,404.88,1214.6399999999999
8518,275,1,404.88,404.88
8518,348,3,45.01,135.03
8518,342,2,19.87,39.74
8518,25,1,206.03,206.03
8519,373,1,259.22,259.22
8519,38,1,437.95,437.95
8519,171,1,35.49,35.49
8519,365,2,373.53,747.06
8520,349,1,54.63,54.63
8521,173,2,364.45,728.9
8521,177,1,337.04,337.04
8522,325,3,470.48,1411.44
8522,395,3,254.9,764.7
8522,21,1,348.11,348.11
8522,188,2,331.07,662.14
8522,192,1,361.57,361.57
8523,492,3,28.24,84.72
8523,219,1,9.55,9.55
8523,35,2,14.23,28.46
8523,234,2,202.87,405.74
8523,225,2,14.73,29.46
8524,254,2,218.23,436.46
8524,476,2,121.13,242.26
8524,191,1,334.45,334.45
8525,7,3,479.78,1439.34
8525,333,1,61.26,61.26
8525,272,1,182.96,182.96
8525,223,1,80.53,80.53
8526,241,1,463.38,463.38
8526,385,3,177.56,532.6800000000001
8526,135,1,451.07,451.07
8526,102,2,196.78,393.56
8527,115,2,200.47,400.94
8527,96,2,95.56,191.12
8527,142,1,176.49,176.49
8528,174,2,258.78,517.56
8528,470,1,67.19,67.19
8529,409,1,98.63,98.63
8529,213,2,343.62,687.24
8530,216,3,256.85,770.5500000000001
8531,410,3,227.81,683.4300000000001
8531,209,2,195.24,390.48
8531,314,3,78.8,236.39999999999998
8532,400,2,297.67,595.34
8532,32,2,284.06,568.12
8532,217,3,80.51,241.53000000000003
8532,477,2,155.19,310.38
8533,248,3,255.64,766.92
8533,374,2,415.45,830.9
8533,408,1,182.79,182.79
8533,61,2,118.22,236.44
8534,96,1,95.56,95.56
8534,150,1,216.59,216.59
8535,443,1,365.07,365.07
8536,410,1,227.81,227.81
8536,341,1,469.56,469.56
8536,60,3,407.73,1223.19
8537,456,1,242.56,242.56
8537,18,2,395.52,791.04
8537,411,1,311.19,311.19
8537,312,1,176.2,176.2
8538,257,3,287.88,863.64
8539,111,3,283.29,849.8700000000001
8539,251,3,208.81,626.4300000000001
8539,470,2,67.19,134.38
8540,132,3,409.11,1227.33
8540,66,1,113.14,113.14
8540,28,1,72.62,72.62
8541,253,1,399.66,399.66
8541,312,3,176.2,528.5999999999999
8542,342,1,19.87,19.87
8542,333,2,61.26,122.52
8542,451,2,332.65,665.3
8542,288,2,174.29,348.58
8542,398,2,182.45,364.9
8543,480,2,209.16,418.32
8543,163,1,307.1,307.1
8544,47,1,140.75,140.75
8544,342,1,19.87,19.87
8545,88,3,361.93,1085.79
8545,376,3,120.28,360.84000000000003
8545,64,1,330.1,330.1
8546,113,2,180.72,361.44
8546,495,2,239.08,478.16
8546,162,2,153.38,306.76
8546,412,2,343.82,687.64
8547,20,2,446.93,893.86
8547,263,3,168.0,504.0
8547,10,3,421.91,1265.73
8548,1,2,107.54,215.08
8548,421,2,450.64,901.28
8548,16,1,191.38,191.38
8548,194,2,22.63,45.26
8548,201,2,258.09,516.18
8549,403,1,44.77,44.77
8549,268,1,430.32,430.32
8549,324,1,311.54,311.54
8549,233,1,76.89,76.89
8550,305,1,80.66,80.66
8551,488,2,243.3,486.6
8551,164,1,158.01,158.01
8551,447,1,156.88,156.88
8551,316,1,68.22,68.22
8551,70,3,420.8,1262.4
8552,272,3,182.96,548.88
8552,400,2,297.67,595.34
8553,103,2,363.27,726.54
8553,156,3,404.58,1213.74
8554,23,2,124.25,248.5
8554,53,1,440.06,440.06
8555,299,3,207.73,623.1899999999999
8555,7,1,479.78,479.78
8555,119,2,120.42,240.84
8556,54,2,393.16,786.32
8556,233,3,76.89,230.67000000000002
8556,387,3,130.92,392.76
8556,476,2,121.13,242.26
8556,430,2,379.23,758.46
8557,371,2,319.89,639.78
8558,338,1,287.2,287.2
8558,165,1,170.69,170.69
8559,286,3,67.86,203.57999999999998
8559,303,1,384.8,384.8
8559,419,3,139.16,417.48
8560,155,3,77.89,233.67000000000002
8560,343,1,220.03,220.03
8560,473,3,20.11,60.33
8560,111,1,283.29,283.29
8561,295,2,366.04,732.08
8561,177,1,337.04,337.04
8561,345,3,179.94,539.8199999999999
8562,32,3,284.06,852.1800000000001
8563,493,2,435.98,871.96
8563,197,2,66.56,133.12
8563,297,3,225.21,675.63
8564,280,2,346.03,692.06
8564,267,2,347.18,694.36
8565,17,3,430.34,1291.02
8565,326,1,337.22,337.22
8565,266,1,292.77,292.77
8566,396,3,69.93,209.79000000000002
8566,352,2,23.31,46.62
8566,324,2,311.54,623.08
8566,215,1,313.01,313.01
8566,293,3,487.59,1462.77
8567,56,1,258.91,258.91
8568,350,3,170.56,511.68
8568,75,1,123.97,123.97
8569,384,2,9.03,18.06
8570,435,2,219.72,439.44
8570,205,2,59.11,118.22
8570,292,1,335.18,335.18
8571,42,1,38.5,38.5
8571,319,2,132.86,265.72
8571,113,1,180.72,180.72
8572,225,3,14.73,44.19
8572,121,3,143.28,429.84000000000003
8573,481,3,209.3,627.9000000000001
8573,188,3,331.07,993.21
8574,314,2,78.8,157.6
8575,356,2,346.58,693.16
8575,166,3,474.92,1424.76
8576,70,1,420.8,420.8
8576,87,2,367.59,735.18
8577,362,2,110.19,220.38
8577,249,2,143.22,286.44
8577,364,3,469.93,1409.79
8577,408,3,182.79,548.37
8578,130,1,201.64,201.64
8578,229,3,230.52,691.5600000000001
8578,92,3,86.51,259.53000000000003
8578,332,1,450.12,450.12
8579,428,3,48.76,146.28
8579,256,2,344.07,688.14
8580,126,3,320.91,962.73
8580,100,3,175.13,525.39
8580,319,2,132.86,265.72
8580,130,3,201.64,604.92
8580,179,3,422.57,1267.71
8581,446,1,480.38,480.38
8582,416,1,163.35,163.35
8582,83,1,243.84,243.84
8582,358,3,198.63,595.89
8582,115,3,200.47,601.41
8583,227,2,413.65,827.3
8583,301,1,287.0,287.0
8583,70,2,420.8,841.6
8584,166,2,474.92,949.84
8584,328,3,251.99,755.97
8584,55,2,243.64,487.28
8585,248,3,255.64,766.92
8585,1,2,107.54,215.08
8585,10,1,421.91,421.91
8585,321,3,271.53,814.5899999999999
8585,196,1,372.88,372.88
8586,500,3,236.72,710.16
8587,355,2,344.54,689.08
8587,498,3,48.54,145.62
8587,202,2,174.67,349.34
8587,225,1,14.73,14.73
8588,160,1,386.52,386.52
8588,266,1,292.77,292.77
8588,6,3,23.99,71.97
8589,398,1,182.45,182.45
8589,391,3,14.9,44.7
8589,9,1,331.01,331.01
8589,138,2,93.72,187.44
8590,459,3,220.51,661.53
8590,274,1,203.73,203.73
8590,478,1,356.16,356.16
8590,96,3,95.56,286.68
8591,333,2,61.26,122.52
8591,188,1,331.07,331.07
8591,167,2,14.91,29.82
8592,13,3,41.35,124.05000000000001
8593,407,1,474.34,474.34
8593,203,1,490.13,490.13
8593,292,2,335.18,670.36
8593,423,2,317.55,635.1
8593,114,3,108.7,326.1
8594,77,3,254.31,762.9300000000001
8594,180,3,348.73,1046.19
8594,276,3,254.66,763.98
8595,167,3,14.91,44.730000000000004
8595,493,2,435.98,871.96
8595,233,3,76.89,230.67000000000002
8595,78,2,164.41,328.82
8596,11,3,415.63,1246.8899999999999
8596,145,2,438.41,876.82
8596,359,2,353.69,707.38
8596,97,2,91.52,183.04
8597,456,3,242.56,727.6800000000001
8597,499,1,139.95,139.95
8597,200,3,134.77,404.31000000000006
8597,411,3,311.19,933.5699999999999
8597,269,1,183.25,183.25
8598,280,2,346.03,692.06
8598,305,3,80.66,241.98
8598,442,1,470.37,470.37
8599,369,2,492.83,985.66
8599,243,3,358.15,1074.4499999999998
8599,69,2,494.8,989.6
8599,164,3,158.01,474.03
8599,318,2,219.59,439.18
8600,446,2,480.38,960.76
8600,149,3,111.19,333.57
8600,108,3,189.13,567.39
8601,11,2,415.63,831.26
8601,285,2,440.73,881.46
8602,327,2,357.39,714.78
8602,371,2,319.89,639.78
8602,35,3,14.23,42.69
8602,152,2,436.45,872.9
8602,207,2,68.25,136.5
8603,433,1,457.16,457.16
8603,111,1,283.29,283.29
8603,158,2,269.42,538.84
8603,192,2,361.57,723.14
8604,478,2,356.16,712.32
8604,315,1,30.07,30.07
8604,248,1,255.64,255.64
8604,147,3,404.23,1212.69
8604,312,1,176.2,176.2
8605,172,2,171.63,343.26
8606,75,1,123.97,123.97
8606,104,3,355.23,1065.69
8607,147,1,404.23,404.23
8608,132,1,409.11,409.11
8608,186,3,288.34,865.02
8608,400,3,297.67,893.01
8608,271,1,188.99,188.99
8609,334,3,281.98,845.94
8609,432,3,18.81,56.42999999999999
8609,398,1,182.45,182.45
8609,379,1,222.7,222.7
8610,345,2,179.94,359.88
8610,90,3,171.02,513.0600000000001
8611,289,1,427.58,427.58
8611,333,1,61.26,61.26
8612,476,1,121.13,121.13
8612,61,2,118.22,236.44
8613,68,1,5.86,5.86
8613,244,3,286.63,859.89
8613,451,1,332.65,332.65
8613,50,1,347.73,347.73
8613,4,3,15.4,46.2
8614,410,1,227.81,227.81
8614,286,2,67.86,135.72
8614,87,1,367.59,367.59
8615,395,1,254.9,254.9
8615,413,3,64.03,192.09
8615,367,3,403.14,1209.42
8615,268,1,430.32,430.32
8616,424,1,41.06,41.06
8616,303,2,384.8,769.6
8617,296,3,348.54,1045.6200000000001
8617,150,2,216.59,433.18
8617,425,3,211.7,635.0999999999999
8617,190,3,387.18,1161.54
8617,137,2,124.07,248.14
8618,284,3,322.24,966.72
8618,190,2,387.18,774.36
8618,11,3,415.63,1246.8899999999999
8619,115,3,200.47,601.41
8620,416,3,163.35,490.04999999999995
8620,415,2,454.18,908.36
8620,227,1,413.65,413.65
8621,451,2,332.65,665.3
8621,466,2,465.33,930.66
8621,296,1,348.54,348.54
8622,456,2,242.56,485.12
8623,299,3,207.73,623.1899999999999
8623,291,2,336.86,673.72
8624,171,2,35.49,70.98
8624,59,2,471.15,942.3
8624,256,3,344.07,1032.21
8625,69,3,494.8,1484.4
8626,326,3,337.22,1011.6600000000001
8626,416,2,163.35,326.7
8626,355,3,344.54,1033.6200000000001
8627,176,2,66.77,133.54
8627,295,3,366.04,1098.1200000000001
8627,182,1,491.56,491.56
8627,451,1,332.65,332.65
8628,38,2,437.95,875.9
8628,423,2,317.55,635.1
8628,413,3,64.03,192.09
8628,385,2,177.56,355.12
8628,192,1,361.57,361.57
8629,166,3,474.92,1424.76
8629,104,3,355.23,1065.69
8629,440,2,362.37,724.74
8630,230,3,314.06,942.1800000000001
8630,49,1,486.05,486.05
8630,288,2,174.29,348.58
8630,357,2,213.41,426.82
8630,128,3,19.74,59.22
8631,345,2,179.94,359.88
8631,377,1,139.69,139.69
8631,468,3,24.15,72.44999999999999
8631,94,3,186.09,558.27
8632,375,1,259.59,259.59
8633,93,2,325.85,651.7
8633,450,3,245.71,737.13
8634,309,2,484.02,968.04
8635,110,1,124.44,124.44
8635,401,2,99.91,199.82
8635,249,1,143.22,143.22
8635,230,1,314.06,314.06
8635,18,3,395.52,1186.56
8636,13,3,41.35,124.05000000000001
8637,36,1,325.79,325.79
8637,290,3,334.81,1004.4300000000001
8637,311,1,432.8,432.8
8637,167,3,14.91,44.730000000000004
8637,432,2,18.81,37.62
8638,36,3,325.79,977.3700000000001
8638,53,2,440.06,880.12
8638,27,1,432.61,432.61
8639,53,3,440.06,1320.18
8639,416,1,163.35,163.35
8640,86,3,409.34,1228.02
8640,291,1,336.86,336.86
8640,213,1,343.62,343.62
8641,65,1,318.4,318.4
8641,439,2,201.62,403.24
8641,350,3,170.56,511.68
8641,393,3,129.5,388.5
8641,22,3,491.32,1473.96
8642,23,1,124.25,124.25
8642,8,1,236.88,236.88
8642,122,1,65.23,65.23
8642,402,2,336.6,673.2
8642,19,2,343.63,687.26
8643,482,3,479.46,1438.3799999999999
8643,102,3,196.78,590.34
8644,77,3,254.31,762.9300000000001
8644,372,3,224.89,674.67
8645,490,3,487.09,1461.27
8645,19,1,343.63,343.63
8645,102,2,196.78,393.56
8645,357,2,213.41,426.82
8645,145,1,438.41,438.41
8646,220,2,58.27,116.54
8646,300,2,250.81,501.62
8646,37,1,183.06,183.06
8647,54,1,393.16,393.16
8648,176,3,66.77,200.31
8649,120,2,480.49,960.98
8650,484,2,304.06,608.12
8650,403,3,44.77,134.31
8650,328,2,251.99,503.98
8650,200,1,134.77,134.77
8650,115,2,200.47,400.94
8651,124,1,130.44,130.44
8651,474,3,239.02,717.0600000000001
8651,53,1,440.06,440.06
8651,262,1,356.94,356.94
8652,446,3,480.38,1441.1399999999999
8653,245,2,426.38,852.76
8653,97,1,91.52,91.52
8653,6,3,23.99,71.97
8654,185,3,236.39,709.17
8654,301,2,287.0,574.0
8655,290,3,334.81,1004.4300000000001
8655,250,3,179.65,538.95
8655,122,2,65.23,130.46
8655,450,3,245.71,737.13
8655,389,3,497.51,1492.53
8656,43,1,84.75,84.75
8656,49,1,486.05,486.05
8656,183,1,206.12,206.12
8656,169,3,466.19,1398.57
8656,321,3,271.53,814.5899999999999
8657,148,3,228.08,684.24
8657,415,1,454.18,454.18
8657,5,1,132.04,132.04
8657,15,1,190.65,190.65
8657,410,3,227.81,683.4300000000001
8658,116,1,490.7,490.7
8658,281,3,173.96,521.88
8659,475,3,426.61,1279.83
8659,280,3,346.03,1038.09
8659,374,2,415.45,830.9
8660,435,3,219.72,659.16
8660,28,2,72.62,145.24
8660,239,2,254.23,508.46
8660,391,1,14.9,14.9
8660,424,2,41.06,82.12
8661,72,3,455.9,1367.6999999999998
8661,3,1,458.68,458.68
8661,192,1,361.57,361.57
8661,319,2,132.86,265.72
8662,5,2,132.04,264.08
8662,338,1,287.2,287.2
8662,426,2,438.33,876.66
8662,418,2,141.62,283.24
8662,258,3,440.33,1320.99
8663,263,1,168.0,168.0
8663,413,2,64.03,128.06
8663,462,3,153.15,459.45000000000005
8663,124,2,130.44,260.88
8664,194,1,22.63,22.63
8664,485,3,165.35,496.04999999999995
8664,500,1,236.72,236.72
8664,181,3,369.11,1107.33
8664,84,3,239.85,719.55
8665,164,3,158.01,474.03
8665,463,1,76.72,76.72
8665,474,2,239.02,478.04
8665,284,1,322.24,322.24
8666,485,3,165.35,496.04999999999995
8667,226,2,285.61,571.22
8667,220,3,58.27,174.81
8667,5,2,132.04,264.08
8667,497,3,343.43,1030.29
8667,31,1,384.06,384.06
8668,198,3,209.69,629.0699999999999
8668,170,3,432.62,1297.8600000000001
8669,330,2,434.93,869.86
8669,225,1,14.73,14.73
8669,56,3,258.91,776.73
8669,197,3,66.56,199.68
8669,50,3,347.73,1043.19
8670,40,2,290.43,580.86
8670,179,1,422.57,422.57
8670,388,2,439.12,878.24
8670,364,1,469.93,469.93
8671,197,1,66.56,66.56
8671,409,1,98.63,98.63
8671,155,3,77.89,233.67000000000002
8672,202,3,174.67,524.01
8673,285,2,440.73,881.46
8673,249,3,143.22,429.65999999999997
8673,331,2,69.86,139.72
8674,94,1,186.09,186.09
8674,202,1,174.67,174.67
8674,294,3,159.06,477.18
8675,139,3,349.74,1049.22
8675,305,2,80.66,161.32
8675,288,2,174.29,348.58
8675,417,2,202.32,404.64
8676,438,2,100.54,201.08
8676,52,1,207.19,207.19
8676,308,1,477.22,477.22
8676,248,3,255.64,766.92
8677,51,2,124.89,249.78
8677,208,2,342.64,685.28
8678,164,1,158.01,158.01
8678,209,3,195.24,585.72
8679,306,2,12.42,24.84
8679,115,1,200.47,200.47
8679,156,3,404.58,1213.74
8679,341,3,469.56,1408.68
8680,83,3,243.84,731.52
8681,130,3,201.64,604.92
8682,430,3,379.23,1137.69
8682,262,2,356.94,713.88
8682,103,2,363.27,726.54
8682,66,2,113.14,226.28
8683,68,1,5.86,5.86
8683,26,3,170.87,512.61
8683,44,1,437.15,437.15
8683,296,3,348.54,1045.6200000000001
8683,460,2,382.54,765.08
8684,220,1,58.27,58.27
8685,322,3,325.9,977.6999999999999
8685,128,3,19.74,59.22
8685,248,1,255.64,255.64
8685,374,2,415.45,830.9
8686,430,3,379.23,1137.69
8686,71,3,43.24,129.72
8687,402,3,336.6,1009.8000000000001
8687,27,1,432.61,432.61
8687,23,1,124.25,124.25
8687,234,2,202.87,405.74
8688,244,3,286.63,859.89
8689,242,1,233.81,233.81
8690,481,2,209.3,418.6
8691,178,3,449.89,1349.67
8691,248,2,255.64,511.28
8691,242,3,233.81,701.4300000000001
8692,115,3,200.47,601.41
8692,178,2,449.89,899.78
8693,162,3,153.38,460.14
8693,466,1,465.33,465.33
8693,476,2,121.13,242.26
8693,7,2,479.78,959.56
8694,350,1,170.56,170.56
8694,227,3,413.65,1240.9499999999998
8694,148,1,228.08,228.08
8695,68,3,5.86,17.580000000000002
8696,180,1,348.73,348.73
8697,304,3,282.76,848.28
8697,57,2,281.31,562.62
8697,244,3,286.63,859.89
8698,301,1,287.0,287.0
8698,403,2,44.77,89.54
8698,184,3,119.59,358.77
8699,21,3,348.11,1044.33
8699,447,1,156.88,156.88
8699,250,2,179.65,359.3
8699,309,1,484.02,484.02
8700,146,1,299.06,299.06
8700,57,1,281.31,281.31
8700,217,3,80.51,241.53000000000003
8700,201,2,258.09,516.18
8700,309,2,484.02,968.04
8701,444,2,232.11,464.22
8701,287,2,477.19,954.38
8701,398,3,182.45,547.3499999999999
8702,352,3,23.31,69.92999999999999
8702,452,2,235.45,470.9
8702,170,1,432.62,432.62
8702,14,3,127.52,382.56
8703,71,3,43.24,129.72
8703,454,2,122.06,244.12
8703,12,1,291.6,291.6
8704,270,3,132.23,396.68999999999994
8705,7,3,479.78,1439.34
8706,469,3,351.84,1055.52
8706,317,3,75.98,227.94
8707,332,2,450.12,900.24
8707,68,2,5.86,11.72
8708,387,3,130.92,392.76
8709,191,1,334.45,334.45
8710,57,1,281.31,281.31
8711,317,3,75.98,227.94
8711,482,1,479.46,479.46
8711,25,2,206.03,412.06
8712,452,3,235.45,706.3499999999999
8712,428,1,48.76,48.76
8712,209,3,195.24,585.72
8712,146,1,299.06,299.06
8713,308,1,477.22,477.22
8714,346,3,206.81,620.4300000000001
8714,229,2,230.52,461.04
8714,406,2,7.55,15.1
8715,265,3,452.37,1357.1100000000001
8716,76,1,476.31,476.31
8717,236,2,495.48,990.96
8717,329,2,361.76,723.52
8717,321,2,271.53,543.06
8717,425,3,211.7,635.0999999999999
8718,287,3,477.19,1431.57
8718,80,1,296.1,296.1
8719,73,1,279.0,279.0
8719,311,2,432.8,865.6
8719,273,2,193.27,386.54
8720,444,2,232.11,464.22
8720,326,1,337.22,337.22
8721,99,3,142.89,428.66999999999996
8721,165,1,170.69,170.69
8721,152,3,436.45,1309.35
8722,54,2,393.16,786.32
8722,289,3,427.58,1282.74
8723,496,1,341.88,341.88
8723,489,2,229.25,458.5
8723,107,1,262.2,262.2
8723,52,3,207.19,621.5699999999999
8723,69,1,494.8,494.8
8724,381,2,212.11,424.22
8724,268,3,430.32,1290.96
8725,499,3,139.95,419.84999999999997
8725,233,1,76.89,76.89
8725,444,1,232.11,232.11
8725,111,3,283.29,849.8700000000001
8726,241,1,463.38,463.38
8726,271,3,188.99,566.97
8727,322,2,325.9,651.8
8727,311,3,432.8,1298.4
8727,154,3,371.7,1115.1
8727,286,3,67.86,203.57999999999998
8728,206,1,353.54,353.54
8728,265,3,452.37,1357.1100000000001
8728,285,1,440.73,440.73
8729,111,1,283.29,283.29
8729,396,3,69.93,209.79000000000002
8729,53,2,440.06,880.12
8729,418,1,141.62,141.62
8730,74,2,83.84,167.68
8730,292,3,335.18,1005.54
8730,48,1,113.06,113.06
8730,337,2,226.35,452.7
8731,131,2,286.17,572.34
8732,429,3,257.85,773.5500000000001
8732,115,2,200.47,400.94
8732,12,1,291.6,291.6
8733,59,2,471.15,942.3
8733,24,2,497.43,994.86
8733,2,3,139.66,418.98
8734,88,2,361.93,723.86
8734,94,3,186.09,558.27
8734,151,2,369.64,739.28
8734,401,2,99.91,199.82
8735,313,1,181.23,181.23
8735,199,1,355.65,355.65
8735,452,1,235.45,235.45
8735,191,3,334.45,1003.3499999999999
8735,306,2,12.42,24.84
8736,110,2,124.44,248.88
8737,455,1,105.02,105.02
8737,496,2,341.88,683.76
8737,481,2,209.3,418.6
8738,477,3,155.19,465.57
8738,420,1,410.03,410.03
8738,187,2,315.62,631.24
8738,369,1,492.83,492.83
8738,294,2,159.06,318.12
8739,49,2,486.05,972.1
8740,430,3,379.23,1137.69
8740,474,2,239.02,478.04
8741,239,2,254.23,508.46
8741,471,3,64.44,193.32
8742,164,1,158.01,158.01
8742,374,2,415.45,830.9
8742,373,2,259.22,518.44
8742,176,1,66.77,66.77
8743,463,2,76.72,153.44
8743,129,2,293.08,586.16
8743,43,2,84.75,169.5
8743,468,2,24.15,48.3
8744,188,2,331.07,662.14
8744,169,3,466.19,1398.57
8745,342,1,19.87,19.87
8745,98,2,375.73,751.46
8745,89,1,437.32,437.32
8745,287,3,477.19,1431.57
8745,440,2,362.37,724.74
8746,306,3,12.42,37.26
8746,257,2,287.88,575.76
8746,387,2,130.92,261.84
8746,39,3,105.83,317.49
8747,32,2,284.06,568.12
8748,20,3,446.93,1340.79
8748,229,3,230.52,691.5600000000001
8748,344,3,138.55,415.65000000000003
8748,142,3,176.49,529.47
8749,286,3,67.86,203.57999999999998
8749,416,3,163.35,490.04999999999995
8749,487,1,396.73,396.73
8750,378,2,153.62,307.24
8750,21,2,348.11,696.22
8750,262,3,356.94,1070.82
8750,148,3,228.08,684.24
8751,184,3,119.59,358.77
8751,22,1,491.32,491.32
8751,328,1,251.99,251.99
8752,165,3,170.69,512.0699999999999
8752,52,2,207.19,414.38
8752,396,1,69.93,69.93
8753,258,3,440.33,1320.99
8753,289,3,427.58,1282.74
8753,157,3,208.56,625.6800000000001
8753,312,2,176.2,352.4
8753,425,3,211.7,635.0999999999999
8754,138,1,93.72,93.72
8754,484,1,304.06,304.06
8755,184,1,119.59,119.59
8756,73,3,279.0,837.0
8756,457,3,196.35,589.05
8756,341,3,469.56,1408.68
8756,212,3,381.28,1143.84
8757,234,3,202.87,608.61
8758,307,3,75.2,225.60000000000002
8758,436,2,41.76,83.52
8758,109,3,489.42,1468.26
8758,337,3,226.35,679.05
8758,98,2,375.73,751.46
8759,383,3,114.97,344.90999999999997
8759,290,3,334.81,1004.4300000000001
8759,440,1,362.37,362.37
8759,30,1,243.42,243.42
8760,417,1,202.32,202.32
8760,405,2,26.88,53.76
8760,381,1,212.11,212.11
8761,353,2,303.46,606.92
8761,81,3,112.52,337.56
8762,118,2,355.19,710.38
8762,169,3,466.19,1398.57
8762,364,2,469.93,939.86
8762,330,2,434.93,869.86
8763,48,1,113.06,113.06
8763,477,1,155.19,155.19
8763,380,3,378.14,1134.42
8763,236,3,495.48,1486.44
8763,365,3,373.53,1120.59
8764,105,3,414.79,1244.3700000000001
8764,305,2,80.66,161.32
8765,211,2,470.02,940.04
8765,425,1,211.7,211.7
8765,372,2,224.89,449.78
8766,446,3,480.38,1441.1399999999999
8766,489,1,229.25,229.25
8766,145,3,438.41,1315.23
8767,331,3,69.86,209.57999999999998
8767,336,2,41.55,83.1
8767,146,1,299.06,299.06
8768,139,2,349.74,699.48
8768,259,1,200.38,200.38
8768,13,2,41.35,82.7
8768,191,1,334.45,334.45
8769,215,1,313.01,313.01
8769,406,3,7.55,22.65
8769,434,1,379.85,379.85
8769,418,3,141.62,424.86
8770,171,3,35.49,106.47
8770,452,3,235.45,706.3499999999999
8770,178,2,449.89,899.78
8770,347,3,186.64,559.92
8771,73,2,279.0,558.0
8771,441,3,314.36,943.08
8771,139,3,349.74,1049.22
8772,80,3,296.1,888.3000000000001
8772,148,2,228.08,456.16
8772,129,2,293.08,586.16
8772,56,2,258.91,517.82
8773,110,3,124.44,373.32
8773,58,3,462.1,1386.3000000000002
8773,1,2,107.54,215.08
8774,140,2,115.16,230.32
8774,497,1,343.43,343.43
8774,226,3,285.61,856.83
8774,259,1,200.38,200.38
8774,157,3,208.56,625.6800000000001
8775,495,2,239.08,478.16
8775,280,2,346.03,692.06
8775,275,2,404.88,809.76
8775,468,1,24.15,24.15
8775,223,2,80.53,161.06
8776,262,2,356.94,713.88
8776,392,1,364.88,364.88
8777,351,2,385.67,771.34
8778,28,3,72.62,217.86
8779,127,3,6.58,19.740000000000002
8779,75,3,123.97,371.90999999999997
8779,241,1,463.38,463.38
8779,144,3,149.85,449.54999999999995
8779,342,3,19.87,59.61
8780,298,3,310.25,930.75
8780,324,2,311.54,623.08
8781,138,2,93.72,187.44
8781,321,3,271.53,814.5899999999999
8781,284,3,322.24,966.72
8781,498,3,48.54,145.62
8782,156,1,404.58,404.58
8782,253,3,399.66,1198.98
8782,15,3,190.65,571.95
8783,250,3,179.65,538.95
8783,9,2,331.01,662.02
8784,162,2,153.38,306.76
8784,138,3,93.72,281.15999999999997
8784,318,2,219.59,439.18
8784,260,1,459.47,459.47
8784,46,3,51.28,153.84
8785,138,2,93.72,187.44
8785,455,2,105.02,210.04
8785,353,3,303.46,910.3799999999999
8786,239,3,254.23,762.6899999999999
8786,495,2,239.08,478.16
8786,26,2,170.87,341.74
8786,131,1,286.17,286.17
8787,335,2,255.49,510.98
8787,67,3,439.97,1319.91
8787,193,3,271.29,813.8700000000001
8787,266,1,292.77,292.77
8788,150,2,216.59,433.18
8789,287,3,477.19,1431.57
8789,112,2,17.77,35.54
8790,437,3,150.85,452.54999999999995
8790,211,3,470.02,1410.06
8790,192,3,361.57,1084.71
8790,47,1,140.75,140.75
8791,71,1,43.24,43.24
8791,273,2,193.27,386.54
8791,496,2,341.88,683.76
8791,285,3,440.73,1322.19
8792,410,2,227.81,455.62
8792,93,3,325.85,977.5500000000001
8793,259,3,200.38,601.14
8793,94,3,186.09,558.27
8793,396,2,69.93,139.86
8793,342,2,19.87,39.74
8793,338,1,287.2,287.2
8794,96,1,95.56,95.56
8794,227,1,413.65,413.65
8795,119,2,120.42,240.84
8795,454,2,122.06,244.12
8796,305,2,80.66,161.32
8796,39,2,105.83,211.66
8796,202,3,174.67,524.01
8797,396,3,69.93,209.79000000000002
8797,361,2,89.18,178.36
8798,314,1,78.8,78.8
8798,61,2,118.22,236.44
8798,205,3,59.11,177.32999999999998
8799,166,1,474.92,474.92
8799,316,3,68.22,204.66
8799,182,1,491.56,491.56
8799,137,2,124.07,248.14
8800,176,3,66.77,200.31
8800,77,2,254.31,508.62
8801,342,3,19.87,59.61
8801,411,2,311.19,622.38
8801,41,2,314.77,629.54
8802,379,3,222.7,668.0999999999999
8802,431,1,370.38,370.38
8802,418,3,141.62,424.86
8802,283,2,391.26,782.52
8802,203,2,490.13,980.26
8803,45,1,442.81,442.81
8803,390,2,49.86,99.72
8803,59,1,471.15,471.15
8803,108,3,189.13,567.39
8804,214,3,460.83,1382.49
8804,56,1,258.91,258.91
8804,47,2,140.75,281.5
8805,41,2,314.77,629.54
8805,462,2,153.15,306.3
8805,414,1,457.0,457.0
8806,102,2,196.78,393.56
8806,451,2,332.65,665.3
8806,92,1,86.51,86.51
8806,202,3,174.67,524.01
8807,445,1,124.24,124.24
8807,386,1,273.27,273.27
8807,208,2,342.64,685.28
8807,100,2,175.13,350.26
8808,312,3,176.2,528.5999999999999
8808,432,2,18.81,37.62
8808,184,1,119.59,119.59
8808,484,3,304.06,912.1800000000001
8808,81,2,112.52,225.04
8809,352,1,23.31,23.31
8809,171,3,35.49,106.47
8810,194,2,22.63,45.26
8810,345,3,179.94,539.8199999999999
8810,496,2,341.88,683.76
8810,182,1,491.56,491.56
8810,300,2,250.81,501.62
8811,323,2,5.34,10.68
8811,259,1,200.38,200.38
8811,20,1,446.93,446.93
8811,99,3,142.89,428.66999999999996
8812,53,1,440.06,440.06
8812,317,3,75.98,227.94
8812,258,1,440.33,440.33
8812,465,3,484.34,1453.02
8813,258,2,440.33,880.66
8813,434,2,379.85,759.7
8814,64,2,330.1,660.2
8815,103,2,363.27,726.54
8815,306,3,12.42,37.26
8815,416,1,163.35,163.35
8815,455,1,105.02,105.02
8815,470,3,67.19,201.57
8816,383,2,114.97,229.94
8816,98,2,375.73,751.46
8816,264,1,165.99,165.99
8816,40,2,290.43,580.86
8817,234,3,202.87,608.61
8817,445,3,124.24,372.71999999999997
8817,350,2,170.56,341.12
8817,201,2,258.09,516.18
8817,453,1,335.96,335.96
8818,311,2,432.8,865.6
8818,139,3,349.74,1049.22
8818,415,2,454.18,908.36
8818,112,1,17.77,17.77
8819,227,2,413.65,827.3
8819,367,2,403.14,806.28
8819,252,1,333.44,333.44
8819,120,3,480.49,1441.47
8819,364,1,469.93,469.93
8820,380,1,378.14,378.14
8820,310,1,78.93,78.93
8820,279,2,273.72,547.44
8820,351,1,385.67,385.67
8821,349,2,54.63,109.26
8821,279,3,273.72,821.1600000000001
8821,33,1,199.18,199.18
8821,417,3,202.32,606.96
8821,67,1,439.97,439.97
8822,122,1,65.23,65.23
8823,363,2,479.64,959.28
8823,438,2,100.54,201.08
8823,499,3,139.95,419.84999999999997
8824,196,2,372.88,745.76
8824,261,1,235.72,235.72
8824,316,2,68.22,136.44
8825,298,3,310.25,930.75
8825,241,3,463.38,1390.1399999999999
8825,172,2,171.63,343.26
8826,360,2,396.94,793.88
8826,76,2,476.31,952.62
8826,322,2,325.9,651.8
8827,408,2,182.79,365.58
8828,348,1,45.01,45.01
8828,21,1,348.11,348.11
8828,64,2,330.1,660.2
8828,430,2,379.23,758.46
8828,499,1,139.95,139.95
8829,460,3,382.54,1147.6200000000001
8829,377,1,139.69,139.69
8829,163,1,307.1,307.1
8830,399,2,62.97,125.94
8831,96,2,95.56,191.12
8831,493,2,435.98,871.96
8832,258,2,440.33,880.66
8833,491,2,130.58,261.16
8833,371,2,319.89,639.78
8833,136,3,277.36,832.08
8833,443,3,365.07,1095.21
8833,250,3,179.65,538.95
8834,417,3,202.32,606.96
8834,359,3,353.69,1061.07
8835,54,3,393.16,1179.48
8835,420,2,410.03,820.06
8836,475,1,426.61,426.61
8836,308,3,477.22,1431.66
8836,285,2,440.73,881.46
8837,252,3,333.44,1000.3199999999999
8837,358,2,198.63,397.26
8837,46,1,51.28,51.28
8837,68,3,5.86,17.580000000000002
8838,342,2,19.87,39.74
8839,115,2,200.47,400.94
8840,169,2,466.19,932.38
8840,89,3,437.32,1311.96
8841,232,2,478.28,956.56
8841,241,3,463.38,1390.1399999999999
8841,301,3,287.0,861.0
8841,90,1,171.02,171.02
8842,444,2,232.11,464.22
8842,347,1,186.64,186.64
8842,282,1,463.34,463.34
8842,397,1,154.37,154.37
8843,250,3,179.65,538.95
8843,353,3,303.46,910.3799999999999
8844,183,3,206.12,618.36
8844,497,1,343.43,343.43
8844,438,1,100.54,100.54
8844,190,3,387.18,1161.54
8844,84,1,239.85,239.85
8845,279,1,273.72,273.72
8845,51,2,124.89,249.78
8846,317,2,75.98,151.96
8846,241,3,463.38,1390.1399999999999
8847,447,2,156.88,313.76
8847,294,3,159.06,477.18
8847,79,1,102.92,102.92
8847,440,1,362.37,362.37
8847,91,1,440.33,440.33
8848,395,3,254.9,764.7
8848,279,2,273.72,547.44
8848,17,2,430.34,860.68
8848,259,1,200.38,200.38
8848,297,3,225.21,675.63
8849,367,1,403.14,403.14
8849,286,3,67.86,203.57999999999998
8849,95,3,452.34,1357.02
8849,46,2,51.28,102.56
8850,24,1,497.43,497.43
8850,291,2,336.86,673.72
8850,6,3,23.99,71.97
8850,181,2,369.11,738.22
8851,287,1,477.19,477.19
8852,266,3,292.77,878.31
8852,269,3,183.25,549.75
8852,26,3,170.87,512.61
8852,110,1,124.44,124.44
8853,153,1,435.4,435.4
8854,469,3,351.84,1055.52
8854,16,2,191.38,382.76
8854,265,3,452.37,1357.1100000000001
8854,431,1,370.38,370.38
8855,280,1,346.03,346.03
8856,239,2,254.23,508.46
8856,285,3,440.73,1322.19
8856,303,1,384.8,384.8
8857,198,1,209.69,209.69
8858,149,2,111.19,222.38
8858,180,1,348.73,348.73
8859,86,3,409.34,1228.02
8859,395,3,254.9,764.7
8860,21,1,348.11,348.11
8860,48,3,113.06,339.18
8860,464,2,296.32,592.64
8860,464,2,296.32,592.64
8861,365,1,373.53,373.53
8862,286,2,67.86,135.72
8862,385,1,177.56,177.56
8862,220,1,58.27,58.27
8862,435,1,219.72,219.72
8862,249,1,143.22,143.22
8863,470,2,67.19,134.38
8864,208,1,342.64,342.64
8864,211,1,470.02,470.02
8865,231,1,376.58,376.58
8865,325,2,470.48,940.96
8865,231,3,376.58,1129.74
8865,305,2,80.66,161.32
8866,465,2,484.34,968.68
8866,179,2,422.57,845.14
8866,150,3,216.59,649.77
8867,389,3,497.51,1492.53
8867,112,3,17.77,53.31
8868,278,3,178.94,536.8199999999999
8868,209,2,195.24,390.48
8868,376,1,120.28,120.28
8869,359,3,353.69,1061.07
8869,140,3,115.16,345.48
8869,219,1,9.55,9.55
8870,195,2,280.71,561.42
8870,327,3,357.39,1072.17
8870,373,3,259.22,777.6600000000001
8870,481,1,209.3,209.3
8871,5,1,132.04,132.04
8872,78,3,164.41,493.23
8872,373,3,259.22,777.6600000000001
8872,213,2,343.62,687.24
8872,241,1,463.38,463.38
8872,254,1,218.23,218.23
8873,28,1,72.62,72.62
8873,206,1,353.54,353.54
8873,173,2,364.45,728.9
8873,91,1,440.33,440.33
8874,484,2,304.06,608.12
8874,26,1,170.87,170.87
8874,332,2,450.12,900.24
8874,425,1,211.7,211.7
8874,446,3,480.38,1441.1399999999999
8875,494,1,340.34,340.34
8875,355,1,344.54,344.54
8876,1,3,107.54,322.62
8876,75,3,123.97,371.90999999999997
8876,332,2,450.12,900.24
8876,184,1,119.59,119.59
8876,138,2,93.72,187.44
8877,150,3,216.59,649.77
8877,116,1,490.7,490.7
8878,455,1,105.02,105.02
8879,252,3,333.44,1000.3199999999999
8880,43,1,84.75,84.75
8880,1,3,107.54,322.62
8880,188,1,331.07,331.07
8880,326,1,337.22,337.22
8880,129,3,293.08,879.24
8881,281,1,173.96,173.96
8881,486,2,45.81,91.62
8882,201,2,258.09,516.18
8882,448,2,119.74,239.48
8882,127,3,6.58,19.740000000000002
8882,318,3,219.59,658.77
8882,184,2,119.59,239.18
8883,196,1,372.88,372.88
8884,327,2,357.39,714.78
8885,437,1,150.85,150.85
8885,268,3,430.32,1290.96
8885,335,2,255.49,510.98
8885,368,2,226.17,452.34
8886,340,2,281.13,562.26
8886,135,2,451.07,902.14
8887,421,3,450.64,1351.92
8887,416,2,163.35,326.7
8887,452,3,235.45,706.3499999999999
8887,331,3,69.86,209.57999999999998
8888,95,2,452.34,904.68
8888,418,1,141.62,141.62
8888,500,2,236.72,473.44
8889,452,2,235.45,470.9
8889,161,1,281.23,281.23
8889,493,2,435.98,871.96
8889,132,2,409.11,818.22
8889,432,1,18.81,18.81
8890,460,2,382.54,765.08
8890,450,1,245.71,245.71
8890,422,2,275.45,550.9
8891,159,1,287.61,287.61
8892,271,3,188.99,566.97
8892,15,3,190.65,571.95
8892,458,1,290.04,290.04
8892,262,2,356.94,713.88
8893,94,2,186.09,372.18
8893,272,2,182.96,365.92
8894,330,1,434.93,434.93
8894,491,3,130.58,391.74
8894,450,3,245.71,737.13
8894,84,2,239.85,479.7
8894,7,3,479.78,1439.34
8895,225,3,14.73,44.19
8896,298,2,310.25,620.5
8896,54,1,393.16,393.16
8896,425,2,211.7,423.4
8896,74,2,83.84,167.68
8897,469,2,351.84,703.68
8897,348,3,45.01,135.03
8897,231,1,376.58,376.58
8897,364,1,469.93,469.93
8898,254,3,218.23,654.6899999999999
8898,368,3,226.17,678.51
8898,9,3,331.01,993.03
8898,268,2,430.32,860.64
8898,416,1,163.35,163.35
8899,18,3,395.52,1186.56
8899,260,1,459.47,459.47
8900,460,3,382.54,1147.6200000000001
8900,71,1,43.24,43.24
8900,194,3,22.63,67.89
8900,163,2,307.1,614.2
8900,257,1,287.88,287.88
8901,90,1,171.02,171.02
8901,126,3,320.91,962.73
8901,141,2,257.07,514.14
8902,4,1,15.4,15.4
8902,299,2,207.73,415.46
8902,496,3,341.88,1025.6399999999999
8903,155,2,77.89,155.78
8904,477,2,155.19,310.38
8905,466,2,465.33,930.66
8906,336,3,41.55,124.64999999999999
8906,333,3,61.26,183.78
8907,159,1,287.61,287.61
8907,199,3,355.65,1066.9499999999998
8907,96,1,95.56,95.56
8908,100,3,175.13,525.39
8908,248,1,255.64,255.64
8908,279,2,273.72,547.44
8908,243,3,358.15,1074.4499999999998
8909,239,3,254.23,762.6899999999999
8909,61,1,118.22,118.22
8909,384,2,9.03,18.06
8909,379,1,222.7,222.7
8910,239,3,254.23,762.6899999999999
8911,112,3,17.77,53.31
8912,317,3,75.98,227.94
8912,376,2,120.28,240.56
8912,403,1,44.77,44.77
8913,34,1,150.14,150.14
8913,157,3,208.56,625.6800000000001
8913,203,2,490.13,980.26
8913,55,2,243.64,487.28
8914,22,2,491.32,982.64
8914,30,1,243.42,243.42
8914,427,3,323.5,970.5
8914,35,2,14.23,28.46
8914,468,1,24.15,24.15
8915,229,3,230.52,691.5600000000001
8915,326,1,337.22,337.22
8915,349,1,54.63,54.63
8915,270,1,132.23,132.23
8915,249,2,143.22,286.44
8916,38,1,437.95,437.95
8917,220,3,58.27,174.81
8917,233,2,76.89,153.78
8917,370,1,49.7,49.7
8917,182,1,491.56,491.56
8917,218,1,213.29,213.29
8918,261,2,235.72,471.44
8918,212,1,381.28,381.28
8918,82,3,479.76,1439.28
8918,417,2,202.32,404.64
8919,76,2,476.31,952.62
8919,125,1,61.95,61.95
8919,108,3,189.13,567.39
8919,286,1,67.86,67.86
8919,77,3,254.31,762.9300000000001
8920,400,2,297.67,595.34
8920,358,2,198.63,397.26
8921,122,1,65.23,65.23
8921,72,1,455.9,455.9
8922,102,1,196.78,196.78
8922,335,2,255.49,510.98
8923,181,2,369.11,738.22
8924,254,1,218.23,218.23
8924,332,2,450.12,900.24
8924,198,3,209.69,629.0699999999999
8925,497,1,343.43,343.43
8925,424,1,41.06,41.06
8925,222,3,310.77,932.31
8925,88,2,361.93,723.86
8925,25,2,206.03,412.06
8926,232,2,478.28,956.56
8926,163,2,307.1,614.2
8927,353,2,303.46,606.92
8927,443,2,365.07,730.14
8927,425,3,211.7,635.0999999999999
8927,309,2,484.02,968.04
8928,346,3,206.81,620.4300000000001
8928,278,1,178.94,178.94
8928,390,1,49.86,49.86
8929,84,3,239.85,719.55
8929,465,3,484.34,1453.02
8929,177,1,337.04,337.04
8929,316,3,68.22,204.66
8930,158,1,269.42,269.42
8931,201,1,258.09,258.09
8931,41,1,314.77,314.77
8931,231,3,376.58,1129.74
8931,350,3,170.56,511.68
8931,379,3,222.7,668.0999999999999
8932,168,1,396.27,396.27
8932,120,2,480.49,960.98
8932,463,3,76.72,230.16
8933,137,3,124.07,372.21
8934,76,3,476.31,1428.93
8934,108,1,189.13,189.13
8935,266,1,292.77,292.77
8935,109,3,489.42,1468.26
8935,226,3,285.61,856.83
8936,429,2,257.85,515.7
8937,346,3,206.81,620.4300000000001
8937,33,3,199.18,597.54
8937,180,1,348.73,348.73
8937,184,3,119.59,358.77
8937,343,2,220.03,440.06
8938,154,3,371.7,1115.1
8938,438,3,100.54,301.62
8938,250,1,179.65,179.65
8939,223,1,80.53,80.53
8939,25,2,206.03,412.06
8939,149,1,111.19,111.19
8940,31,3,384.06,1152.18
8941,120,1,480.49,480.49
8941,38,1,437.95,437.95
8941,430,1,379.23,379.23
8942,170,3,432.62,1297.8600000000001
8942,204,3,396.2,1188.6
8942,7,2,479.78,959.56
8942,165,2,170.69,341.38
8943,57,3,281.31,843.9300000000001
8943,321,2,271.53,543.06
8943,211,2,470.02,940.04
8943,112,2,17.77,35.54
8943,419,1,139.16,139.16
8944,153,1,435.4,435.4
8944,405,1,26.88,26.88
8944,157,1,208.56,208.56
8945,357,3,213.41,640.23
8946,189,1,23.31,23.31
8946,458,1,290.04,290.04
8946,445,1,124.24,124.24
8946,230,3,314.06,942.1800000000001
8946,271,1,188.99,188.99
8947,377,2,139.69,279.38
8947,346,3,206.81,620.4300000000001
8947,18,1,395.52,395.52
8947,75,1,123.97,123.97
8948,5,2,132.04,264.08
8948,287,2,477.19,954.38
8949,113,3,180.72,542.16
8949,168,3,396.27,1188.81
8949,37,2,183.06,366.12
8949,491,1,130.58,130.58
8949,140,3,115.16,345.48
8950,190,2,387.18,774.36
8950,250,3,179.65,538.95
8951,15,1,190.65,190.65
8952,151,2,369.64,739.28
8952,100,3,175.13,525.39
8952,30,1,243.42,243.42
8952,142,3,176.49,529.47
8953,405,2,26.88,53.76
8953,333,2,61.26,122.52
8954,496,2,341.88,683.76
8954,323,1,5.34,5.34
8955,144,1,149.85,149.85
8955,80,1,296.1,296.1
8955,112,1,17.77,17.77
8955,458,3,290.04,870.1200000000001
8956,128,2,19.74,39.48
8956,176,2,66.77,133.54
8956,107,2,262.2,524.4
8956,323,2,5.34,10.68
8956,301,2,287.0,574.0
8957,328,3,251.99,755.97
8957,109,2,489.42,978.84
8957,221,3,42.15,126.44999999999999
8957,74,1,83.84,83.84
8958,89,2,437.32,874.64
8958,222,3,310.77,932.31
8959,167,1,14.91,14.91
8959,171,2,35.49,70.98
8959,191,3,334.45,1003.3499999999999
8959,240,1,98.4,98.4
8959,427,3,323.5,970.5
8960,78,3,164.41,493.23
8960,465,3,484.34,1453.02
8960,238,1,150.48,150.48
8960,299,3,207.73,623.1899999999999
8960,337,1,226.35,226.35
8961,271,1,188.99,188.99
8961,222,2,310.77,621.54
8961,122,2,65.23,130.46
8961,343,1,220.03,220.03
8962,315,2,30.07,60.14
8963,390,2,49.86,99.72
8963,461,1,472.53,472.53
8963,315,1,30.07,30.07
8964,130,3,201.64,604.92
8964,54,1,393.16,393.16
8964,158,3,269.42,808.26
8964,151,2,369.64,739.28
8965,495,1,239.08,239.08
8965,342,2,19.87,39.74
8966,154,1,371.7,371.7
8967,8,1,236.88,236.88
8967,78,3,164.41,493.23
8967,31,3,384.06,1152.18
8968,242,2,233.81,467.62
8968,213,3,343.62,1030.8600000000001
8968,444,1,232.11,232.11
8968,16,1,191.38,191.38
8969,199,3,355.65,1066.9499999999998
8969,141,3,257.07,771.21
8969,419,2,139.16,278.32
8970,195,3,280.71,842.1299999999999
8970,381,2,212.11,424.22
8970,59,2,471.15,942.3
8970,104,3,355.23,1065.69
8971,392,3,364.88,1094.6399999999999
8971,185,3,236.39,709.17
8972,320,3,142.18,426.54
8972,413,3,64.03,192.09
8972,444,3,232.11,696.33
8973,102,1,196.78,196.78
8973,167,1,14.91,14.91
8974,216,1,256.85,256.85
8974,162,2,153.38,306.76
8974,256,2,344.07,688.14
8974,313,1,181.23,181.23
8975,253,1,399.66,399.66
8975,203,3,490.13,1470.3899999999999
8975,78,2,164.41,328.82
8975,490,2,487.09,974.18
8976,76,3,476.31,1428.93
8977,287,2,477.19,954.38
8977,199,2,355.65,711.3
8977,243,2,358.15,716.3
8978,81,1,112.52,112.52
8978,267,2,347.18,694.36
8978,328,3,251.99,755.97
8978,286,2,67.86,135.72
8978,203,2,490.13,980.26
8979,98,1,375.73,375.73
8980,6,1,23.99,23.99
8981,313,3,181.23,543.6899999999999
8981,1,2,107.54,215.08
8981,385,3,177.56,532.6800000000001
8981,344,2,138.55,277.1
8982,473,3,20.11,60.33
8982,323,1,5.34,5.34
8983,204,3,396.2,1188.6
8983,346,3,206.81,620.4300000000001
8983,45,1,442.81,442.81
8983,356,3,346.58,1039.74
8983,479,2,131.06,262.12
8984,263,1,168.0,168.0
8984,145,1,438.41,438.41
8984,119,3,120.42,361.26
8984,174,2,258.78,517.56
8984,399,1,62.97,62.97
8985,356,3,346.58,1039.74
8985,407,1,474.34,474.34
8985,370,2,49.7,99.4
8985,167,3,14.91,44.730000000000004
8986,258,1,440.33,440.33
8986,264,1,165.99,165.99
8986,208,1,342.64,342.64
8986,459,3,220.51,661.53
8986,92,2,86.51,173.02
8987,454,2,122.06,244.12
8987,471,3,64.44,193.32
8987,70,3,420.8,1262.4
8987,138,1,93.72,93.72
8988,419,3,139.16,417.48
8988,100,2,175.13,350.26
8988,179,3,422.57,1267.71
8988,181,1,369.11,369.11
8988,399,1,62.97,62.97
8989,26,2,170.87,341.74
8990,288,1,174.29,174.29
8990,401,1,99.91,99.91
8990,164,3,158.01,474.03
8990,177,2,337.04,674.08
8990,168,1,396.27,396.27
8991,469,1,351.84,351.84
8991,229,2,230.52,461.04
8992,358,2,198.63,397.26
8992,196,2,372.88,745.76
8992,170,1,432.62,432.62
8992,115,3,200.47,601.41
8993,44,2,437.15,874.3
8993,179,2,422.57,845.14
8993,162,3,153.38,460.14
8994,124,3,130.44,391.32
8995,489,1,229.25,229.25
8995,478,2,356.16,712.32
8995,329,3,361.76,1085.28
8996,7,3,479.78,1439.34
8997,214,1,460.83,460.83
8998,46,3,51.28,153.84
8998,170,1,432.62,432.62
8998,138,2,93.72,187.44
8999,173,3,364.45,1093.35
8999,435,3,219.72,659.16
9000,478,1,356.16,356.16
9000,21,2,348.11,696.22
9000,70,2,420.8,841.6
9001,424,3,41.06,123.18
9001,131,2,286.17,572.34
9001,64,2,330.1,660.2
9001,152,1,436.45,436.45
9001,9,1,331.01,331.01
9002,320,3,142.18,426.54
9002,211,1,470.02,470.02
9002,233,3,76.89,230.67000000000002
9002,54,2,393.16,786.32
9002,416,1,163.35,163.35
9003,311,1,432.8,432.8
9003,367,2,403.14,806.28
9003,261,2,235.72,471.44
9004,476,1,121.13,121.13
9004,206,1,353.54,353.54
9005,171,1,35.49,35.49
9005,89,1,437.32,437.32
9005,281,3,173.96,521.88
9005,392,3,364.88,1094.6399999999999
9006,344,2,138.55,277.1
9007,409,1,98.63,98.63
9007,427,2,323.5,647.0
9008,446,1,480.38,480.38
9008,473,2,20.11,40.22
9008,110,2,124.44,248.88
9008,449,1,209.61,209.61
9008,311,3,432.8,1298.4
9009,452,1,235.45,235.45
9009,94,3,186.09,558.27
9009,206,1,353.54,353.54
9010,15,2,190.65,381.3
9011,77,3,254.31,762.9300000000001
9011,496,1,341.88,341.88
9011,216,2,256.85,513.7
9011,354,3,107.87,323.61
9011,291,1,336.86,336.86
9012,431,3,370.38,1111.1399999999999
9012,118,2,355.19,710.38
9012,126,3,320.91,962.73
9012,450,2,245.71,491.42
9013,444,2,232.11,464.22
9013,219,1,9.55,9.55
9014,217,2,80.51,161.02
9014,222,3,310.77,932.31
9014,329,2,361.76,723.52
9014,291,3,336.86,1010.58
9015,135,2,451.07,902.14
9015,216,2,256.85,513.7
9015,423,2,317.55,635.1
9015,36,3,325.79,977.3700000000001
9016,326,1,337.22,337.22
9017,125,2,61.95,123.9
9017,297,3,225.21,675.63
9017,32,2,284.06,568.12
9017,224,3,133.14,399.41999999999996
9018,29,3,362.83,1088.49
9018,403,1,44.77,44.77
9018,243,1,358.15,358.15
9018,252,3,333.44,1000.3199999999999
9018,436,2,41.76,83.52
9019,395,1,254.9,254.9
9019,269,3,183.25,549.75
9020,496,1,341.88,341.88
9020,191,1,334.45,334.45
9020,427,3,323.5,970.5
9020,156,2,404.58,809.16
9021,37,3,183.06,549.1800000000001
9022,446,1,480.38,480.38
9022,296,1,348.54,348.54
9022,372,3,224.89,674.67
9022,320,3,142.18,426.54
9023,99,1,142.89,142.89
9024,336,2,41.55,83.1
9024,149,2,111.19,222.38
9024,349,1,54.63,54.63
9024,162,2,153.38,306.76
9024,231,3,376.58,1129.74
9025,470,1,67.19,67.19
9026,388,3,439.12,1317.3600000000001
9026,172,2,171.63,343.26
9026,7,2,479.78,959.56
9026,40,2,290.43,580.86
9026,418,3,141.62,424.86
9027,354,2,107.87,215.74
9028,337,1,226.35,226.35
9028,38,1,437.95,437.95
9028,389,2,497.51,995.02
9029,372,1,224.89,224.89
9029,433,1,457.16,457.16
9029,21,3,348.11,1044.33
9029,290,2,334.81,669.62
9029,496,2,341.88,683.76
9030,490,3,487.09,1461.27
9030,68,3,5.86,17.580000000000002
9031,498,3,48.54,145.62
9031,364,2,469.93,939.86
9031,408,1,182.79,182.79
9032,257,3,287.88,863.64
9032,203,1,490.13,490.13
9032,144,1,149.85,149.85
9032,55,1,243.64,243.64
9032,83,1,243.84,243.84
9033,123,2,187.5,375.0
9033,65,1,318.4,318.4
9033,406,3,7.55,22.65
9033,210,3,366.8,1100.4
9034,381,1,212.11,212.11
9034,116,3,490.7,1472.1
9034,391,2,14.9,29.8
9034,123,3,187.5,562.5
9035,474,2,239.02,478.04
9035,365,3,373.53,1120.59
9035,391,3,14.9,44.7
9036,189,3,23.31,69.92999999999999
9036,442,2,470.37,940.74
9037,452,2,235.45,470.9
9037,221,3,42.15,126.44999999999999
9037,204,1,396.2,396.2
9038,270,3,132.23,396.68999999999994
9038,407,2,474.34,948.68
9038,209,2,195.24,390.48
9039,287,2,477.19,954.38
9039,64,1,330.1,330.1
9039,257,3,287.88,863.64
9039,237,1,236.39,236.39
9039,100,3,175.13,525.39
9040,438,3,100.54,301.62
9040,208,3,342.64,1027.92
9040,187,1,315.62,315.62
9040,299,3,207.73,623.1899999999999
9041,29,3,362.83,1088.49
9041,390,3,49.86,149.57999999999998
9041,123,1,187.5,187.5
9042,131,1,286.17,286.17
9043,487,1,396.73,396.73
9044,483,2,70.53,141.06
9044,292,3,335.18,1005.54
9045,476,1,121.13,121.13
9045,140,2,115.16,230.32
9046,303,1,384.8,384.8
9046,317,2,75.98,151.96
9046,9,1,331.01,331.01
9047,277,1,74.18,74.18
9047,395,3,254.9,764.7
9047,318,3,219.59,658.77
9047,324,1,311.54,311.54
9048,458,3,290.04,870.1200000000001
9048,373,1,259.22,259.22
9048,86,1,409.34,409.34
9048,264,3,165.99,497.97
9048,155,2,77.89,155.78
9049,282,3,463.34,1390.02
9050,74,1,83.84,83.84
9050,183,1,206.12,206.12
9050,357,2,213.41,426.82
9050,466,3,465.33,1395.99
9051,484,2,304.06,608.12
9052,304,1,282.76,282.76
9052,432,3,18.81,56.42999999999999
9052,410,3,227.81,683.4300000000001
9053,445,2,124.24,248.48
9054,278,2,178.94,357.88
9054,250,3,179.65,538.95
9054,423,2,317.55,635.1
9054,113,3,180.72,542.16
9054,439,3,201.62,604.86
9055,365,2,373.53,747.06
9055,490,3,487.09,1461.27
9055,302,3,343.67,1031.01
9055,65,1,318.4,318.4
9055,316,3,68.22,204.66
9056,66,2,113.14,226.28
9056,426,2,438.33,876.66
9056,79,2,102.92,205.84
9057,457,1,196.35,196.35
9057,202,2,174.67,349.34
9057,263,1,168.0,168.0
9058,120,2,480.49,960.98
9059,442,1,470.37,470.37
9059,400,3,297.67,893.01
9059,18,2,395.52,791.04
9059,17,2,430.34,860.68
9060,195,3,280.71,842.1299999999999
9060,410,3,227.81,683.4300000000001
9061,108,2,189.13,378.26
9061,30,1,243.42,243.42
9061,379,3,222.7,668.0999999999999
9061,333,2,61.26,122.52
9061,262,3,356.94,1070.82
9062,395,3,254.9,764.7
9062,445,1,124.24,124.24
9062,136,2,277.36,554.72
9063,462,3,153.15,459.45000000000005
9064,476,3,121.13,363.39
9065,235,2,384.75,769.5
9065,419,2,139.16,278.32
9066,366,3,409.85,1229.5500000000002
9066,4,3,15.4,46.2
9066,493,1,435.98,435.98
9066,486,1,45.81,45.81
9066,207,2,68.25,136.5
9067,380,2,378.14,756.28
9068,269,3,183.25,549.75
9068,100,3,175.13,525.39
9069,171,1,35.49,35.49
9069,170,3,432.62,1297.8600000000001
9070,367,2,403.14,806.28
9071,282,1,463.34,463.34
9071,220,3,58.27,174.81
9071,216,3,256.85,770.5500000000001
9071,56,3,258.91,776.73
9072,476,1,121.13,121.13
9073,29,1,362.83,362.83
9073,194,3,22.63,67.89
9073,310,1,78.93,78.93
9074,267,3,347.18,1041.54
9074,115,1,200.47,200.47
9074,343,2,220.03,440.06
9075,126,1,320.91,320.91
9075,262,2,356.94,713.88
9075,324,1,311.54,311.54
9076,445,2,124.24,248.48
9076,254,3,218.23,654.6899999999999
9076,288,1,174.29,174.29
9076,139,2,349.74,699.48
9076,221,2,42.15,84.3
9077,61,3,118.22,354.65999999999997
9077,393,1,129.5,129.5
9077,126,2,320.91,641.82
9077,267,3,347.18,1041.54
9078,252,1,333.44,333.44
9078,74,2,83.84,167.68
9078,428,3,48.76,146.28
9078,426,3,438.33,1314.99
9079,235,2,384.75,769.5
9079,461,1,472.53,472.53
9079,20,2,446.93,893.86
9080,35,1,14.23,14.23
9080,158,2,269.42,538.84
9080,48,3,113.06,339.18
9080,173,3,364.45,1093.35
9081,421,3,450.64,1351.92
9082,426,3,438.33,1314.99
9082,68,1,5.86,5.86
9082,133,3,195.06,585.1800000000001
9083,72,1,455.9,455.9
9083,345,2,179.94,359.88
9083,448,2,119.74,239.48
9083,205,3,59.11,177.32999999999998
9084,297,1,225.21,225.21
9085,174,2,258.78,517.56
9085,42,3,38.5,115.5
9085,371,3,319.89,959.67
9086,237,2,236.39,472.78
9086,393,3,129.5,388.5
9087,411,2,311.19,622.38
9087,257,2,287.88,575.76
9088,198,1,209.69,209.69
9088,172,3,171.63,514.89
9088,342,2,19.87,39.74
9089,481,2,209.3,418.6
9089,245,1,426.38,426.38
9090,417,3,202.32,606.96
9090,63,3,270.0,810.0
9090,39,3,105.83,317.49
9090,205,2,59.11,118.22
9091,86,1,409.34,409.34
9091,500,3,236.72,710.16
9091,91,3,440.33,1320.99
9091,237,3,236.39,709.17
9091,257,3,287.88,863.64
9092,402,2,336.6,673.2
9093,361,3,89.18,267.54
9093,344,1,138.55,138.55
9094,320,1,142.18,142.18
9094,233,3,76.89,230.67000000000002
9094,220,2,58.27,116.54
9094,302,3,343.67,1031.01
9095,110,3,124.44,373.32
9095,320,2,142.18,284.36
9095,175,1,235.77,235.77
9095,326,1,337.22,337.22
9095,59,2,471.15,942.3
9096,316,2,68.22,136.44
9097,168,1,396.27,396.27
9097,286,2,67.86,135.72
9097,403,1,44.77,44.77
9098,296,2,348.54,697.08
9098,293,3,487.59,1462.77
9098,50,1,347.73,347.73
9098,415,2,454.18,908.36
9099,121,1,143.28,143.28
9099,7,3,479.78,1439.34
9100,410,1,227.81,227.81
9101,305,3,80.66,241.98
9101,38,1,437.95,437.95
9101,66,1,113.14,113.14
9101,436,3,41.76,125.28
9101,416,1,163.35,163.35
9102,28,1,72.62,72.62
9102,146,2,299.06,598.12
9102,92,2,86.51,173.02
9102,38,3,437.95,1313.85
9102,203,1,490.13,490.13
9103,406,3,7.55,22.65
9103,12,2,291.6,583.2
9103,369,2,492.83,985.66
9104,297,3,225.21,675.63
9104,221,3,42.15,126.44999999999999
9104,18,3,395.52,1186.56
9104,293,1,487.59,487.59
9104,159,3,287.61,862.83
9105,8,3,236.88,710.64
9106,36,1,325.79,325.79
9106,80,2,296.1,592.2
9106,39,1,105.83,105.83
9106,363,2,479.64,959.28
9106,473,3,20.11,60.33
9107,361,1,89.18,89.18
9107,139,3,349.74,1049.22
9107,81,3,112.52,337.56
9108,288,1,174.29,174.29
9108,249,1,143.22,143.22
9109,270,3,132.23,396.68999999999994
9109,161,2,281.23,562.46
9109,334,2,281.98,563.96
9110,131,2,286.17,572.34
9111,332,1,450.12,450.12
9111,332,1,450.12,450.12
9111,106,3,422.11,1266.33
9112,25,3,206.03,618.09
9112,128,2,19.74,39.48
9112,116,2,490.7,981.4
9112,419,2,139.16,278.32
9112,167,3,14.91,44.730000000000004
9113,206,3,353.54,1060.6200000000001
9113,428,1,48.76,48.76
9114,29,1,362.83,362.83
9114,349,2,54.63,109.26
9114,350,1,170.56,170.56
9115,449,2,209.61,419.22
9115,229,2,230.52,461.04
9116,481,3,209.3,627.9000000000001
9116,68,3,5.86,17.580000000000002
9116,81,2,112.52,225.04
9117,352,2,23.31,46.62
9117,389,2,497.51,995.02
9117,413,2,64.03,128.06
9117,421,2,450.64,901.28
9118,487,2,396.73,793.46
9118,403,2,44.77,89.54
9119,299,2,207.73,415.46
9119,64,1,330.1,330.1
9120,67,3,439.97,1319.91
9120,318,3,219.59,658.77
9120,196,1,372.88,372.88
9120,276,1,254.66,254.66
9121,207,1,68.25,68.25
9121,455,3,105.02,315.06
9122,201,3,258.09,774.27
9122,242,3,233.81,701.4300000000001
9122,386,3,273.27,819.81
9122,28,2,72.62,145.24
9123,427,3,323.5,970.5
9123,263,3,168.0,504.0
9124,280,1,346.03,346.03
9125,436,2,41.76,83.52
9125,145,3,438.41,1315.23
9125,350,2,170.56,341.12
9125,39,3,105.83,317.49
9125,174,2,258.78,517.56
9126,432,2,18.81,37.62
9126,279,1,273.72,273.72
9126,379,3,222.7,668.0999999999999
9126,78,3,164.41,493.23
9126,439,3,201.62,604.86
9127,269,2,183.25,366.5
9127,186,2,288.34,576.68
9128,32,2,284.06,568.12
9129,457,2,196.35,392.7
9129,73,2,279.0,558.0
9129,421,2,450.64,901.28
9129,306,1,12.42,12.42
9130,213,2,343.62,687.24
9130,145,1,438.41,438.41
9130,487,3,396.73,1190.19
9130,178,2,449.89,899.78
9130,282,2,463.34,926.68
9131,294,3,159.06,477.18
9131,393,2,129.5,259.0
9131,441,1,314.36,314.36
9131,340,2,281.13,562.26
9132,334,1,281.98,281.98
9132,79,1,102.92,102.92
9132,33,3,199.18,597.54
9132,267,2,347.18,694.36
9133,121,3,143.28,429.84000000000003
9134,286,1,67.86,67.86
9134,183,3,206.12,618.36
9134,111,2,283.29,566.58
9134,372,1,224.89,224.89
9134,281,3,173.96,521.88
9135,309,1,484.02,484.02
9135,485,1,165.35,165.35
9136,120,3,480.49,1441.47
9136,301,1,287.0,287.0
9137,169,3,466.19,1398.57
9137,199,1,355.65,355.65
9137,489,3,229.25,687.75
9138,245,2,426.38,852.76
9138,159,1,287.61,287.61
9138,206,2,353.54,707.08
9139,411,3,311.19,933.5699999999999
9139,431,3,370.38,1111.1399999999999
9139,474,3,239.02,717.0600000000001
9139,451,3,332.65,997.9499999999999
9140,56,2,258.91,517.82
9140,21,3,348.11,1044.33
9140,390,3,49.86,149.57999999999998
9141,127,2,6.58,13.16
9141,246,3,234.51,703.53
9141,114,1,108.7,108.7
9142,399,2,62.97,125.94
9142,204,3,396.2,1188.6
9142,245,3,426.38,1279.1399999999999
9142,317,2,75.98,151.96
9142,8,2,236.88,473.76
9143,352,3,23.31,69.92999999999999
9143,52,3,207.19,621.5699999999999
9144,162,2,153.38,306.76
9144,435,3,219.72,659.16
9144,140,2,115.16,230.32
9144,264,3,165.99,497.97
9144,127,2,6.58,13.16
9145,206,3,353.54,1060.6200000000001
9145,447,2,156.88,313.76
9145,36,3,325.79,977.3700000000001
9145,89,2,437.32,874.64
9145,445,2,124.24,248.48
9146,19,3,343.63,1030.8899999999999
9147,173,3,364.45,1093.35
9147,393,2,129.5,259.0
9147,134,1,9.79,9.79
9148,72,3,455.9,1367.6999999999998
9148,389,1,497.51,497.51
9149,435,1,219.72,219.72
9149,1,3,107.54,322.62
9150,235,1,384.75,384.75
9151,120,2,480.49,960.98
9151,232,1,478.28,478.28
9151,498,1,48.54,48.54
9152,7,1,479.78,479.78
9152,362,2,110.19,220.38
9152,146,2,299.06,598.12
9153,214,1,460.83,460.83
9153,495,2,239.08,478.16
9153,88,1,361.93,361.93
9153,314,1,78.8,78.8
9154,326,2,337.22,674.44
9154,490,3,487.09,1461.27
9154,406,3,7.55,22.65
9154,110,1,124.44,124.44
9155,263,2,168.0,336.0
9155,128,2,19.74,39.48
9155,347,3,186.64,559.92
9155,197,3,66.56,199.68
9156,97,2,91.52,183.04
9156,33,3,199.18,597.54
9156,211,2,470.02,940.04
9156,431,1,370.38,370.38
9157,208,2,342.64,685.28
9157,186,2,288.34,576.68
9157,191,1,334.45,334.45
9158,141,1,257.07,257.07
9158,317,3,75.98,227.94
9158,472,1,485.93,485.93
9159,382,2,65.87,131.74
9160,395,2,254.9,509.8
9160,201,2,258.09,516.18
9160,451,3,332.65,997.9499999999999
9160,428,1,48.76,48.76
9161,286,1,67.86,67.86
9162,258,2,440.33,880.66
9162,462,2,153.15,306.3
9162,330,3,434.93,1304.79
9162,326,2,337.22,674.44
9162,439,2,201.62,403.24
9163,147,3,404.23,1212.69
9164,399,2,62.97,125.94
9164,466,1,465.33,465.33
9164,5,3,132.04,396.12
9165,126,3,320.91,962.73
9165,237,3,236.39,709.17
9166,260,3,459.47,1378.41
9166,429,1,257.85,257.85
9167,429,2,257.85,515.7
9167,386,1,273.27,273.27
9167,293,1,487.59,487.59
9167,447,1,156.88,156.88
9168,184,3,119.59,358.77
9168,467,2,24.18,48.36
9168,416,1,163.35,163.35
9168,131,1,286.17,286.17
9169,110,1,124.44,124.44
9169,174,1,258.78,258.78
9169,371,2,319.89,639.78
9170,371,3,319.89,959.67
9171,74,2,83.84,167.68
9171,18,1,395.52,395.52
9172,452,2,235.45,470.9
9172,154,2,371.7,743.4
9172,457,1,196.35,196.35
9172,249,3,143.22,429.65999999999997
9172,326,3,337.22,1011.6600000000001
9173,423,2,317.55,635.1
9173,171,1,35.49,35.49
9174,447,2,156.88,313.76
9174,217,2,80.51,161.02
9175,219,2,9.55,19.1
9175,160,1,386.52,386.52
9176,436,2,41.76,83.52
9176,481,1,209.3,209.3
9177,149,1,111.19,111.19
9178,173,2,364.45,728.9
9178,347,2,186.64,373.28
9178,309,2,484.02,968.04
9178,128,2,19.74,39.48
9179,166,3,474.92,1424.76
9179,290,2,334.81,669.62
9179,390,1,49.86,49.86
9180,244,2,286.63,573.26
9180,171,1,35.49,35.49
9180,89,2,437.32,874.64
9181,393,2,129.5,259.0
9181,26,3,170.87,512.61
9181,38,2,437.95,875.9
9181,267,3,347.18,1041.54
9182,428,1,48.76,48.76
9182,211,2,470.02,940.04
9182,321,2,271.53,543.06
9183,88,3,361.93,1085.79
9183,8,2,236.88,473.76
9184,381,2,212.11,424.22
9184,249,2,143.22,286.44
9184,199,3,355.65,1066.9499999999998
9184,9,3,331.01,993.03
9185,229,3,230.52,691.5600000000001
9186,339,1,327.73,327.73
9186,116,1,490.7,490.7
9186,61,2,118.22,236.44
9186,489,3,229.25,687.75
9187,341,3,469.56,1408.68
9188,283,3,391.26,1173.78
9188,375,2,259.59,519.18
9188,102,3,196.78,590.34
9188,360,3,396.94,1190.82
9188,467,3,24.18,72.53999999999999
9189,115,3,200.47,601.41
9189,21,2,348.11,696.22
9190,77,3,254.31,762.9300000000001
9190,12,1,291.6,291.6
9190,70,3,420.8,1262.4
9190,415,1,454.18,454.18
9191,455,3,105.02,315.06
9191,145,1,438.41,438.41
9191,497,1,343.43,343.43
9191,69,2,494.8,989.6
9191,191,1,334.45,334.45
9192,400,3,297.67,893.01
9192,499,2,139.95,279.9
9192,275,2,404.88,809.76
9192,252,2,333.44,666.88
9193,437,3,150.85,452.54999999999995
9193,181,2,369.11,738.22
9193,147,3,404.23,1212.69
9194,427,3,323.5,970.5
9194,400,2,297.67,595.34
9194,136,3,277.36,832.08
9194,10,1,421.91,421.91
9195,178,1,449.89,449.89
9195,227,2,413.65,827.3
9195,252,2,333.44,666.88
9195,70,3,420.8,1262.4
9195,494,1,340.34,340.34
9196,420,1,410.03,410.03
9196,228,3,469.49,1408.47
9196,282,3,463.34,1390.02
9196,120,3,480.49,1441.47
9196,295,2,366.04,732.08
9197,476,3,121.13,363.39
9197,221,1,42.15,42.15
9197,50,3,347.73,1043.19
9198,247,1,228.88,228.88
9199,497,3,343.43,1030.29
9199,24,1,497.43,497.43
9199,262,2,356.94,713.88
9199,438,2,100.54,201.08
9200,165,2,170.69,341.38
9200,384,1,9.03,9.03
9201,420,2,410.03,820.06
9201,168,3,396.27,1188.81
9201,286,1,67.86,67.86
9201,158,1,269.42,269.42
9202,395,3,254.9,764.7
9203,35,2,14.23,28.46
9203,358,2,198.63,397.26
9203,62,1,403.84,403.84
9204,31,2,384.06,768.12
9205,391,2,14.9,29.8
9205,341,2,469.56,939.12
9205,397,1,154.37,154.37
9205,368,2,226.17,452.34
9205,430,3,379.23,1137.69
9206,89,2,437.32,874.64
9206,271,3,188.99,566.97
9207,81,2,112.52,225.04
9207,326,3,337.22,1011.6600000000001
9207,11,1,415.63,415.63
9208,115,2,200.47,400.94
9208,33,3,199.18,597.54
9208,419,2,139.16,278.32
9208,207,2,68.25,136.5
9209,234,3,202.87,608.61
9210,85,2,173.78,347.56
9210,338,2,287.2,574.4
9210,292,2,335.18,670.36
9210,127,2,6.58,13.16
9211,170,1,432.62,432.62
9211,386,3,273.27,819.81
9212,449,1,209.61,209.61
9212,68,2,5.86,11.72
9213,84,1,239.85,239.85
9213,391,2,14.9,29.8
9214,250,1,179.65,179.65
9214,408,1,182.79,182.79
9214,28,1,72.62,72.62
9215,424,3,41.06,123.18
9215,433,3,457.16,1371.48
9215,336,1,41.55,41.55
9215,293,2,487.59,975.18
9215,333,3,61.26,183.78
9216,347,1,186.64,186.64
9216,490,2,487.09,974.18
9217,164,1,158.01,158.01
9218,306,3,12.42,37.26
9218,265,1,452.37,452.37
9219,134,3,9.79,29.369999999999997
9219,393,2,129.5,259.0
9220,461,1,472.53,472.53
9220,375,1,259.59,259.59
9220,337,2,226.35,452.7
9220,334,2,281.98,563.96
9220,405,1,26.88,26.88
9221,239,2,254.23,508.46
9221,476,2,121.13,242.26
9222,176,2,66.77,133.54
9222,130,2,201.64,403.28
9223,289,3,427.58,1282.74
9223,107,2,262.2,524.4
9224,448,2,119.74,239.48
9224,326,1,337.22,337.22
9224,229,3,230.52,691.5600000000001
9224,281,2,173.96,347.92
9224,318,2,219.59,439.18
9225,9,2,331.01,662.02
9225,482,3,479.46,1438.3799999999999
9225,9,2,331.01,662.02
9225,21,3,348.11,1044.33
9226,5,3,132.04,396.12
9226,199,3,355.65,1066.9499999999998
9226,327,3,357.39,1072.17
9226,360,3,396.94,1190.82
9227,269,2,183.25,366.5
9227,300,3,250.81,752.4300000000001
9227,43,3,84.75,254.25
9227,382,3,65.87,197.61
9227,60,2,407.73,815.46
9228,305,2,80.66,161.32
9228,129,3,293.08,879.24
9228,306,3,12.42,37.26
9228,247,3,228.88,686.64
9229,482,3,479.46,1438.3799999999999
9229,281,1,173.96,173.96
9229,112,3,17.77,53.31
9230,466,2,465.33,930.66
9230,163,3,307.1,921.3000000000001
9230,123,2,187.5,375.0
9230,82,2,479.76,959.52
9230,475,1,426.61,426.61
9231,190,1,387.18,387.18
9231,235,2,384.75,769.5
9231,49,2,486.05,972.1
9231,20,3,446.93,1340.79
9232,394,3,202.77,608.3100000000001
9232,44,3,437.15,1311.4499999999998
9232,367,2,403.14,806.28
9232,292,2,335.18,670.36
9232,220,2,58.27,116.54
9233,480,1,209.16,209.16
9233,430,3,379.23,1137.69
9234,349,3,54.63,163.89000000000001
9234,120,3,480.49,1441.47
9234,330,2,434.93,869.86
9235,271,1,188.99,188.99
9235,89,2,437.32,874.64
9235,467,3,24.18,72.53999999999999
9236,410,3,227.81,683.4300000000001
9236,128,2,19.74,39.48
9236,500,2,236.72,473.44
9236,273,1,193.27,193.27
9236,331,1,69.86,69.86
9237,353,2,303.46,606.92
9237,400,3,297.67,893.01
9237,334,3,281.98,845.94
9237,166,2,474.92,949.84
9237,467,2,24.18,48.36
9238,271,2,188.99,377.98
9238,261,1,235.72,235.72
9238,197,2,66.56,133.12
9239,317,2,75.98,151.96
9239,97,3,91.52,274.56
9239,11,1,415.63,415.63
9239,382,1,65.87,65.87
9239,194,1,22.63,22.63
9240,342,2,19.87,39.74
9240,424,2,41.06,82.12
9240,500,1,236.72,236.72
9240,418,3,141.62,424.86
9240,123,1,187.5,187.5
9241,359,2,353.69,707.38
9241,395,1,254.9,254.9
9241,198,2,209.69,419.38
9241,254,2,218.23,436.46
9241,252,2,333.44,666.88
9242,429,1,257.85,257.85
9242,83,1,243.84,243.84
9242,53,1,440.06,440.06
9243,175,3,235.77,707.3100000000001
9243,117,1,16.06,16.06
9243,364,3,469.93,1409.79
9244,457,1,196.35,196.35
9244,89,3,437.32,1311.96
9244,439,3,201.62,604.86
9244,126,2,320.91,641.82
9245,350,1,170.56,170.56
9245,416,2,163.35,326.7
9245,262,2,356.94,713.88
9246,455,1,105.02,105.02
9246,332,2,450.12,900.24
9246,246,1,234.51,234.51
9246,275,2,404.88,809.76
9247,150,3,216.59,649.77
9247,116,2,490.7,981.4
9247,371,3,319.89,959.67
9247,154,3,371.7,1115.1
9247,59,1,471.15,471.15
9248,116,2,490.7,981.4
9249,37,1,183.06,183.06
9249,303,3,384.8,1154.4
9249,3,1,458.68,458.68
9249,136,1,277.36,277.36
9250,403,1,44.77,44.77
9250,155,3,77.89,233.67000000000002
9250,43,3,84.75,254.25
9251,146,2,299.06,598.12
9251,484,2,304.06,608.12
9251,257,1,287.88,287.88
9252,425,1,211.7,211.7
9252,470,3,67.19,201.57
9252,321,1,271.53,271.53
9253,69,3,494.8,1484.4
9253,92,1,86.51,86.51
9253,415,1,454.18,454.18
9254,125,3,61.95,185.85000000000002
9254,329,2,361.76,723.52
9254,33,2,199.18,398.36
9255,64,3,330.1,990.3000000000001
9255,245,2,426.38,852.76
9255,221,1,42.15,42.15
9255,190,3,387.18,1161.54
9255,453,2,335.96,671.92
9256,147,1,404.23,404.23
9256,94,3,186.09,558.27
9256,482,3,479.46,1438.3799999999999
9256,398,3,182.45,547.3499999999999
9257,461,3,472.53,1417.59
9257,381,3,212.11,636.33
9257,156,3,404.58,1213.74
9258,90,1,171.02,171.02
9258,326,1,337.22,337.22
9259,310,1,78.93,78.93
9259,406,2,7.55,15.1
9259,486,1,45.81,45.81
9259,196,2,372.88,745.76
9259,226,2,285.61,571.22
9260,488,2,243.3,486.6
9260,445,2,124.24,248.48
9260,253,1,399.66,399.66
9260,500,3,236.72,710.16
9261,388,3,439.12,1317.3600000000001
9261,23,3,124.25,372.75
9261,294,3,159.06,477.18
9261,369,2,492.83,985.66
9261,210,3,366.8,1100.4
9262,352,1,23.31,23.31
9262,142,1,176.49,176.49
9262,46,1,51.28,51.28
9262,205,2,59.11,118.22
9262,418,1,141.62,141.62
9263,235,2,384.75,769.5
9263,169,1,466.19,466.19
9263,150,3,216.59,649.77
9264,258,1,440.33,440.33
9264,398,2,182.45,364.9
9264,366,1,409.85,409.85
9264,437,3,150.85,452.54999999999995
9264,279,3,273.72,821.1600000000001
9265,305,3,80.66,241.98
9265,50,3,347.73,1043.19
9265,445,3,124.24,372.71999999999997
9266,357,1,213.41,213.41
9266,293,3,487.59,1462.77
9266,210,2,366.8,733.6
9266,160,1,386.52,386.52
9266,116,2,490.7,981.4
9267,1,1,107.54,107.54
9267,402,3,336.6,1009.8000000000001
9267,276,1,254.66,254.66
9267,496,3,341.88,1025.6399999999999
9267,339,2,327.73,655.46
9268,3,3,458.68,1376.04
9268,365,1,373.53,373.53
9268,98,3,375.73,1127.19
9269,489,2,229.25,458.5
9270,379,1,222.7,222.7
9270,335,1,255.49,255.49
9270,428,1,48.76,48.76
9270,445,1,124.24,124.24
9271,324,1,311.54,311.54
9271,16,3,191.38,574.14
9271,396,3,69.93,209.79000000000002
9272,128,2,19.74,39.48
9273,429,1,257.85,257.85
9274,307,3,75.2,225.60000000000002
9275,14,1,127.52,127.52
9275,149,1,111.19,111.19
9275,261,3,235.72,707.16
9275,149,2,111.19,222.38
9275,314,2,78.8,157.6
9276,69,1,494.8,494.8
9276,103,2,363.27,726.54
9276,473,2,20.11,40.22
9276,51,3,124.89,374.67
9277,32,3,284.06,852.1800000000001
9277,495,1,239.08,239.08
9277,239,1,254.23,254.23
9277,443,2,365.07,730.14
9278,326,1,337.22,337.22
9278,107,1,262.2,262.2
9279,166,1,474.92,474.92
9280,95,1,452.34,452.34
9280,250,3,179.65,538.95
9280,358,1,198.63,198.63
9280,179,1,422.57,422.57
9280,467,3,24.18,72.53999999999999
9281,368,2,226.17,452.34
9281,1,2,107.54,215.08
9281,168,2,396.27,792.54
9282,127,3,6.58,19.740000000000002
9282,140,1,115.16,115.16
9282,42,3,38.5,115.5
9282,277,3,74.18,222.54000000000002
9283,316,1,68.22,68.22
9284,426,1,438.33,438.33
9284,447,1,156.88,156.88
9284,112,1,17.77,17.77
9285,12,3,291.6,874.8000000000001
9285,40,2,290.43,580.86
9285,156,3,404.58,1213.74
9285,89,1,437.32,437.32
9285,496,2,341.88,683.76
9286,207,1,68.25,68.25
9286,229,2,230.52,461.04
9286,166,3,474.92,1424.76
9287,122,1,65.23,65.23
9287,328,2,251.99,503.98
9287,26,2,170.87,341.74
9288,15,2,190.65,381.3
9288,281,1,173.96,173.96
9289,448,3,119.74,359.21999999999997
9289,339,1,327.73,327.73
9289,258,3,440.33,1320.99
9290,481,3,209.3,627.9000000000001
9290,228,3,469.49,1408.47
9290,263,3,168.0,504.0
9290,243,2,358.15,716.3
9290,331,3,69.86,209.57999999999998
9291,373,2,259.22,518.44
9292,462,1,153.15,153.15
9293,271,3,188.99,566.97
9293,112,2,17.77,35.54
9293,275,2,404.88,809.76
9293,479,2,131.06,262.12
9293,203,2,490.13,980.26
9294,265,2,452.37,904.74
9294,447,1,156.88,156.88
9294,156,2,404.58,809.16
9294,449,1,209.61,209.61
9294,334,2,281.98,563.96
9295,333,2,61.26,122.52
9295,295,3,366.04,1098.1200000000001
9295,207,3,68.25,204.75
9295,91,2,440.33,880.66
9296,368,3,226.17,678.51
9296,390,2,49.86,99.72
9296,285,3,440.73,1322.19
9296,303,3,384.8,1154.4
9296,1,2,107.54,215.08
9297,50,2,347.73,695.46
9297,53,2,440.06,880.12
9297,27,3,432.61,1297.83
9297,169,3,466.19,1398.57
9298,491,3,130.58,391.74
9298,243,3,358.15,1074.4499999999998
9298,268,2,430.32,860.64
9299,384,3,9.03,27.089999999999996
9299,28,2,72.62,145.24
9299,241,1,463.38,463.38
9299,79,1,102.92,102.92
9300,496,1,341.88,341.88
9300,360,2,396.94,793.88
9300,438,1,100.54,100.54
9301,321,3,271.53,814.5899999999999
9301,339,3,327.73,983.19
9302,299,3,207.73,623.1899999999999
9303,381,2,212.11,424.22
9303,274,3,203.73,611.1899999999999
9303,487,3,396.73,1190.19
9303,279,3,273.72,821.1600000000001
9304,115,3,200.47,601.41
9304,258,1,440.33,440.33
9304,77,1,254.31,254.31
9304,195,2,280.71,561.42
9304,161,3,281.23,843.69
9305,23,2,124.25,248.5
9305,278,1,178.94,178.94
9305,88,3,361.93,1085.79
9305,281,3,173.96,521.88
9305,454,3,122.06,366.18
9306,300,3,250.81,752.4300000000001
9306,254,3,218.23,654.6899999999999
9307,362,3,110.19,330.57
9307,260,3,459.47,1378.41
9307,216,2,256.85,513.7
9307,283,1,391.26,391.26
9308,125,2,61.95,123.9
9308,162,3,153.38,460.14
9308,492,2,28.24,56.48
9309,10,1,421.91,421.91
9309,220,1,58.27,58.27
9309,438,2,100.54,201.08
9310,279,3,273.72,821.1600000000001
9310,289,1,427.58,427.58
9310,186,1,288.34,288.34
9310,115,3,200.47,601.41
9311,196,3,372.88,1118.6399999999999
9311,380,2,378.14,756.28
9311,218,2,213.29,426.58
9312,223,2,80.53,161.06
9312,404,1,115.89,115.89
9312,406,2,7.55,15.1
9312,212,3,381.28,1143.84
9313,197,3,66.56,199.68
9313,394,3,202.77,608.3100000000001
9313,291,1,336.86,336.86
9313,163,1,307.1,307.1
9314,448,3,119.74,359.21999999999997
9314,351,2,385.67,771.34
9314,258,1,440.33,440.33
9314,418,2,141.62,283.24
9314,364,3,469.93,1409.79
9315,272,3,182.96,548.88
9315,79,2,102.92,205.84
9316,358,3,198.63,595.89
9316,150,2,216.59,433.18
9316,141,1,257.07,257.07
9316,396,1,69.93,69.93
9316,91,1,440.33,440.33
9317,73,2,279.0,558.0
9317,26,3,170.87,512.61
9317,15,1,190.65,190.65
9318,278,1,178.94,178.94
9318,198,2,209.69,419.38
9318,80,1,296.1,296.1
9318,168,1,396.27,396.27
9318,376,2,120.28,240.56
9319,264,2,165.99,331.98
9319,486,3,45.81,137.43
9319,52,2,207.19,414.38
9319,142,2,176.49,352.98
9319,402,2,336.6,673.2
9320,338,3,287.2,861.5999999999999
9320,196,2,372.88,745.76
9320,7,2,479.78,959.56
9320,172,3,171.63,514.89
9320,174,3,258.78,776.3399999999999
9321,198,3,209.69,629.0699999999999
9322,432,3,18.81,56.42999999999999
9322,313,2,181.23,362.46
9322,134,1,9.79,9.79
9323,454,1,122.06,122.06
9323,80,3,296.1,888.3000000000001
9324,82,3,479.76,1439.28
9324,457,1,196.35,196.35
9325,240,2,98.4,196.8
9326,418,2,141.62,283.24
9326,189,2,23.31,46.62
9326,465,1,484.34,484.34
9327,113,2,180.72,361.44
9328,291,1,336.86,336.86
9328,363,2,479.64,959.28
9328,294,3,159.06,477.18
9329,355,2,344.54,689.08
9329,284,2,322.24,644.48
9329,97,3,91.52,274.56
9329,484,1,304.06,304.06
9330,260,3,459.47,1378.41
9330,436,2,41.76,83.52
9330,315,1,30.07,30.07
9330,394,3,202.77,608.3100000000001
9331,30,2,243.42,486.84
9331,335,2,255.49,510.98
9331,364,1,469.93,469.93
9331,262,3,356.94,1070.82
9331,252,2,333.44,666.88
9332,430,2,379.23,758.46
9333,292,3,335.18,1005.54
9333,29,1,362.83,362.83
9333,481,3,209.3,627.9000000000001
9333,499,1,139.95,139.95
9333,418,1,141.62,141.62
9334,260,2,459.47,918.94
9334,406,3,7.55,22.65
9334,145,1,438.41,438.41
9334,433,1,457.16,457.16
9334,380,2,378.14,756.28
9335,119,3,120.42,361.26
9335,443,1,365.07,365.07
9335,85,1,173.78,173.78
9335,93,2,325.85,651.7
9336,452,2,235.45,470.9
9336,496,1,341.88,341.88
9336,4,3,15.4,46.2
9336,437,2,150.85,301.7
9337,266,1,292.77,292.77
9337,181,3,369.11,1107.33
9337,145,2,438.41,876.82
9338,351,3,385.67,1157.01
9338,366,1,409.85,409.85
9339,229,1,230.52,230.52
9339,411,1,311.19,311.19
9340,54,2,393.16,786.32
9341,450,3,245.71,737.13
9341,71,2,43.24,86.48
9341,164,1,158.01,158.01
9341,288,1,174.29,174.29
9341,80,3,296.1,888.3000000000001
9342,55,1,243.64,243.64
9343,69,3,494.8,1484.4
9343,250,1,179.65,179.65
9343,405,3,26.88,80.64
9344,104,2,355.23,710.46
9344,344,1,138.55,138.55
9344,68,1,5.86,5.86
9345,30,2,243.42,486.84
9345,8,3,236.88,710.64
9345,466,1,465.33,465.33
9345,464,1,296.32,296.32
9346,106,2,422.11,844.22
9346,182,2,491.56,983.12
9346,478,3,356.16,1068.48
9346,399,1,62.97,62.97
9347,229,3,230.52,691.5600000000001
9347,293,2,487.59,975.18
9348,205,2,59.11,118.22
9349,483,2,70.53,141.06
9349,15,2,190.65,381.3
9349,426,3,438.33,1314.99
9349,62,3,403.84,1211.52
9349,426,2,438.33,876.66
9350,356,2,346.58,693.16
9351,259,2,200.38,400.76
9352,265,3,452.37,1357.1100000000001
9352,137,3,124.07,372.21
9352,338,1,287.2,287.2
9352,436,2,41.76,83.52
9352,421,3,450.64,1351.92
9353,444,2,232.11,464.22
9353,406,2,7.55,15.1
9354,176,2,66.77,133.54
9354,45,1,442.81,442.81
9355,296,1,348.54,348.54
9356,287,3,477.19,1431.57
9356,368,2,226.17,452.34
9356,198,2,209.69,419.38
9356,243,2,358.15,716.3
9357,315,3,30.07,90.21000000000001
9357,489,3,229.25,687.75
9357,254,2,218.23,436.46
9357,53,3,440.06,1320.18
9358,201,1,258.09,258.09
9358,430,2,379.23,758.46
9358,47,2,140.75,281.5
9358,113,3,180.72,542.16
9358,327,2,357.39,714.78
9359,68,3,5.86,17.580000000000002
9359,73,1,279.0,279.0
9360,398,1,182.45,182.45
9360,106,2,422.11,844.22
9360,8,2,236.88,473.76
9361,194,3,22.63,67.89
9361,398,1,182.45,182.45
9361,380,1,378.14,378.14
9361,251,3,208.81,626.4300000000001
9361,43,3,84.75,254.25
9362,150,2,216.59,433.18
9363,148,3,228.08,684.24
9363,475,1,426.61,426.61
9363,128,2,19.74,39.48
9364,259,3,200.38,601.14
9364,201,1,258.09,258.09
9364,216,1,256.85,256.85
9365,263,1,168.0,168.0
9365,493,2,435.98,871.96
9365,22,3,491.32,1473.96
9365,41,3,314.77,944.31
9366,473,3,20.11,60.33
9366,47,1,140.75,140.75
9366,96,2,95.56,191.12
9367,14,3,127.52,382.56
9367,123,1,187.5,187.5
9367,9,3,331.01,993.03
9368,133,3,195.06,585.1800000000001
9369,493,2,435.98,871.96
9369,331,1,69.86,69.86
9369,138,2,93.72,187.44
9369,488,2,243.3,486.6
9370,105,2,414.79,829.58
9370,73,3,279.0,837.0
9371,314,2,78.8,157.6
9371,280,3,346.03,1038.09
9371,318,2,219.59,439.18
9371,148,1,228.08,228.08
9372,496,2,341.88,683.76
9372,274,1,203.73,203.73
9373,310,2,78.93,157.86
9373,174,1,258.78,258.78
9374,53,3,440.06,1320.18
9375,295,1,366.04,366.04
9376,500,1,236.72,236.72
9376,421,3,450.64,1351.92
9376,212,2,381.28,762.56
9377,8,2,236.88,473.76
9377,138,2,93.72,187.44
9377,190,2,387.18,774.36
9377,169,3,466.19,1398.57
9377,130,1,201.64,201.64
9378,185,2,236.39,472.78
9378,186,1,288.34,288.34
9378,153,1,435.4,435.4
9378,2,3,139.66,418.98
9379,309,2,484.02,968.04
9379,137,2,124.07,248.14
9380,14,2,127.52,255.04
9381,326,3,337.22,1011.6600000000001
9381,259,2,200.38,400.76
9381,156,3,404.58,1213.74
9381,224,2,133.14,266.28
9382,55,2,243.64,487.28
9382,266,3,292.77,878.31
9382,499,3,139.95,419.84999999999997
9383,100,1,175.13,175.13
9383,29,1,362.83,362.83
9383,218,1,213.29,213.29
9383,4,2,15.4,30.8
9383,450,3,245.71,737.13
9384,153,1,435.4,435.4
9385,14,1,127.52,127.52
9386,311,3,432.8,1298.4
9386,359,3,353.69,1061.07
9386,161,2,281.23,562.46
9387,346,3,206.81,620.4300000000001
9388,206,2,353.54,707.08
9388,352,3,23.31,69.92999999999999
9388,34,3,150.14,450.41999999999996
9388,134,1,9.79,9.79
9389,56,3,258.91,776.73
9389,13,1,41.35,41.35
9389,405,3,26.88,80.64
9389,417,2,202.32,404.64
9390,441,2,314.36,628.72
9390,60,3,407.73,1223.19
9390,324,3,311.54,934.6200000000001
9390,489,3,229.25,687.75
9391,219,3,9.55,28.650000000000002
9391,255,3,170.99,512.97
9392,213,1,343.62,343.62
9392,262,2,356.94,713.88
9392,132,1,409.11,409.11
9392,28,2,72.62,145.24
9392,451,3,332.65,997.9499999999999
9393,304,3,282.76,848.28
9393,402,3,336.6,1009.8000000000001
9393,390,2,49.86,99.72
9393,103,3,363.27,1089.81
9393,162,1,153.38,153.38
9394,458,2,290.04,580.08
9394,4,3,15.4,46.2
9394,10,2,421.91,843.82
9394,254,1,218.23,218.23
9395,148,2,228.08,456.16
9395,85,1,173.78,173.78
9395,356,2,346.58,693.16
9395,394,2,202.77,405.54
9395,433,3,457.16,1371.48
9396,377,3,139.69,419.07
9396,238,2,150.48,300.96
9396,466,3,465.33,1395.99
9397,18,3,395.52,1186.56
9397,195,3,280.71,842.1299999999999
9397,420,3,410.03,1230.09
9397,302,1,343.67,343.67
9398,103,1,363.27,363.27
9399,385,2,177.56,355.12
9399,469,3,351.84,1055.52
9399,216,3,256.85,770.5500000000001
9399,296,1,348.54,348.54
9399,443,1,365.07,365.07
9400,336,3,41.55,124.64999999999999
9400,400,1,297.67,297.67
9400,337,3,226.35,679.05
9400,116,1,490.7,490.7
9401,7,3,479.78,1439.34
9401,58,2,462.1,924.2
9401,181,1,369.11,369.11
9401,332,3,450.12,1350.3600000000001
9402,307,3,75.2,225.60000000000002
9402,343,3,220.03,660.09
9402,31,1,384.06,384.06
9402,355,1,344.54,344.54
9402,316,1,68.22,68.22
9403,150,2,216.59,433.18
9403,436,2,41.76,83.52
9403,242,3,233.81,701.4300000000001
9403,34,3,150.14,450.41999999999996
9403,4,3,15.4,46.2
9404,337,3,226.35,679.05
9405,92,3,86.51,259.53000000000003
9405,204,3,396.2,1188.6
9405,452,3,235.45,706.3499999999999
9406,482,1,479.46,479.46
9406,426,3,438.33,1314.99
9406,412,3,343.82,1031.46
9407,362,2,110.19,220.38
9407,193,3,271.29,813.8700000000001
9407,249,1,143.22,143.22
9408,191,2,334.45,668.9
9409,122,1,65.23,65.23
9409,258,2,440.33,880.66
9409,171,3,35.49,106.47
9409,90,2,171.02,342.04
9409,346,2,206.81,413.62
9410,69,1,494.8,494.8
9411,409,1,98.63,98.63
9411,222,3,310.77,932.31
9411,312,1,176.2,176.2
9411,333,2,61.26,122.52
9412,20,2,446.93,893.86
9412,194,2,22.63,45.26
9413,361,1,89.18,89.18
9413,228,1,469.49,469.49
9413,452,3,235.45,706.3499999999999
9413,48,1,113.06,113.06
9414,226,2,285.61,571.22
9414,370,1,49.7,49.7
9414,231,3,376.58,1129.74
9414,246,1,234.51,234.51
9415,213,3,343.62,1030.8600000000001
9415,418,2,141.62,283.24
9416,251,2,208.81,417.62
9416,148,2,228.08,456.16
9416,306,1,12.42,12.42
9416,381,2,212.11,424.22
9417,372,3,224.89,674.67
9417,327,1,357.39,357.39
9417,13,1,41.35,41.35
9418,291,1,336.86,336.86
9418,107,3,262.2,786.5999999999999
9418,256,3,344.07,1032.21
9418,456,2,242.56,485.12
9419,433,3,457.16,1371.48
9419,92,3,86.51,259.53000000000003
9419,246,1,234.51,234.51
9419,255,1,170.99,170.99
9420,378,1,153.62,153.62
9420,442,2,470.37,940.74
9421,339,3,327.73,983.19
9421,333,1,61.26,61.26
9421,143,1,248.2,248.2
9421,261,2,235.72,471.44
9422,471,3,64.44,193.32
9422,324,3,311.54,934.6200000000001
9422,42,1,38.5,38.5
9423,259,1,200.38,200.38
9423,207,1,68.25,68.25
9424,36,2,325.79,651.58
9424,159,1,287.61,287.61
9424,335,1,255.49,255.49
9424,210,1,366.8,366.8
9425,120,3,480.49,1441.47
9425,154,2,371.7,743.4
9425,106,1,422.11,422.11
9426,289,3,427.58,1282.74
9426,457,1,196.35,196.35
9426,92,3,86.51,259.53000000000003
9426,188,1,331.07,331.07
9426,250,3,179.65,538.95
9427,162,3,153.38,460.14
9427,350,1,170.56,170.56
9427,470,2,67.19,134.38
9428,378,3,153.62,460.86
9428,126,3,320.91,962.73
9429,152,2,436.45,872.9
9430,357,1,213.41,213.41
9431,353,3,303.46,910.3799999999999
9431,31,3,384.06,1152.18
9432,211,1,470.02,470.02
9432,426,2,438.33,876.66
9432,28,1,72.62,72.62
9433,44,3,437.15,1311.4499999999998
9433,207,3,68.25,204.75
9434,399,3,62.97,188.91
9434,159,2,287.61,575.22
9435,181,2,369.11,738.22
9435,213,2,343.62,687.24
9436,184,2,119.59,239.18
9436,307,2,75.2,150.4
9436,337,3,226.35,679.05
9436,252,3,333.44,1000.3199999999999
9437,165,3,170.69,512.0699999999999
9437,72,3,455.9,1367.6999999999998
9437,134,2,9.79,19.58
9438,222,2,310.77,621.54
9438,458,1,290.04,290.04
9438,295,2,366.04,732.08
9438,366,3,409.85,1229.5500000000002
9438,293,1,487.59,487.59
9439,194,2,22.63,45.26
9439,432,2,18.81,37.62
9440,59,3,471.15,1413.4499999999998
9440,337,1,226.35,226.35
9440,342,2,19.87,39.74
9440,200,1,134.77,134.77
9441,127,2,6.58,13.16
9441,114,1,108.7,108.7
9441,281,3,173.96,521.88
9442,278,3,178.94,536.8199999999999
9442,258,3,440.33,1320.99
9442,188,3,331.07,993.21
9443,248,2,255.64,511.28
9443,92,2,86.51,173.02
9444,301,1,287.0,287.0
9445,487,1,396.73,396.73
9445,79,3,102.92,308.76
9446,165,3,170.69,512.0699999999999
9446,341,1,469.56,469.56
9447,5,1,132.04,132.04
9447,296,2,348.54,697.08
9447,184,3,119.59,358.77
9447,41,3,314.77,944.31
9448,402,2,336.6,673.2
9449,247,1,228.88,228.88
9449,43,2,84.75,169.5
9449,176,1,66.77,66.77
9449,483,3,70.53,211.59
9450,19,2,343.63,687.26
9450,21,3,348.11,1044.33
9450,393,1,129.5,129.5
9450,434,2,379.85,759.7
9451,439,1,201.62,201.62
9451,296,1,348.54,348.54
9451,152,2,436.45,872.9
9452,89,2,437.32,874.64
9452,220,1,58.27,58.27
9453,74,2,83.84,167.68
9453,371,3,319.89,959.67
9454,278,2,178.94,357.88
9454,345,1,179.94,179.94
9454,493,3,435.98,1307.94
9454,8,2,236.88,473.76
9455,282,1,463.34,463.34
9455,189,3,23.31,69.92999999999999
9455,349,1,54.63,54.63
9455,46,3,51.28,153.84
9456,182,2,491.56,983.12
9456,44,3,437.15,1311.4499999999998
9456,42,2,38.5,77.0
9457,378,1,153.62,153.62
9457,408,1,182.79,182.79
9458,112,2,17.77,35.54
9459,4,1,15.4,15.4
9459,401,3,99.91,299.73
9459,229,3,230.52,691.5600000000001
9459,295,3,366.04,1098.1200000000001
9460,259,2,200.38,400.76
9460,201,2,258.09,516.18
9461,452,3,235.45,706.3499999999999
9461,242,1,233.81,233.81
9461,423,3,317.55,952.6500000000001
9461,277,1,74.18,74.18
9462,90,1,171.02,171.02
9462,100,3,175.13,525.39
9463,320,3,142.18,426.54
9463,54,3,393.16,1179.48
9464,302,2,343.67,687.34
9464,230,2,314.06,628.12
9464,414,1,457.0,457.0
9464,105,2,414.79,829.58
9464,313,3,181.23,543.6899999999999
9465,318,3,219.59,658.77
9465,224,1,133.14,133.14
9465,132,3,409.11,1227.33
9465,62,2,403.84,807.68
9466,428,1,48.76,48.76
9466,387,2,130.92,261.84
9466,221,1,42.15,42.15
9466,361,2,89.18,178.36
9466,437,2,150.85,301.7
9467,170,1,432.62,432.62
9467,283,1,391.26,391.26
9467,486,3,45.81,137.43
9468,292,1,335.18,335.18
9468,280,3,346.03,1038.09
9468,95,3,452.34,1357.02
9468,340,3,281.13,843.39
9469,236,3,495.48,1486.44
9469,424,3,41.06,123.18
9469,353,1,303.46,303.46
9469,197,1,66.56,66.56
9469,28,2,72.62,145.24
9470,118,1,355.19,355.19
9470,467,3,24.18,72.53999999999999
9470,296,3,348.54,1045.6200000000001
9470,296,3,348.54,1045.6200000000001
9471,303,2,384.8,769.6
9472,437,2,150.85,301.7
9472,67,1,439.97,439.97
9472,223,1,80.53,80.53
9472,304,3,282.76,848.28
9472,210,3,366.8,1100.4
9473,243,2,358.15,716.3
9473,270,2,132.23,264.46
9473,234,1,202.87,202.87
9473,409,3,98.63,295.89
9474,196,1,372.88,372.88
9474,19,2,343.63,687.26
9474,263,3,168.0,504.0
9475,490,3,487.09,1461.27
9475,426,1,438.33,438.33
9475,330,1,434.93,434.93
9476,154,1,371.7,371.7
9476,363,1,479.64,479.64
9476,62,1,403.84,403.84
9477,76,1,476.31,476.31
9477,148,3,228.08,684.24
9477,457,2,196.35,392.7
9477,53,1,440.06,440.06
9477,455,1,105.02,105.02
9478,337,3,226.35,679.05
9478,4,1,15.4,15.4
9478,241,3,463.38,1390.1399999999999
9478,401,3,99.91,299.73
9478,356,1,346.58,346.58
9479,464,3,296.32,888.96
9479,260,2,459.47,918.94
9479,92,1,86.51,86.51
9479,128,1,19.74,19.74
9479,286,2,67.86,135.72
9480,404,2,115.89,231.78
9480,216,2,256.85,513.7
9480,242,3,233.81,701.4300000000001
9480,424,2,41.06,82.12
9480,297,2,225.21,450.42
9481,47,3,140.75,422.25
9482,390,1,49.86,49.86
9482,146,3,299.06,897.1800000000001
9482,180,1,348.73,348.73
9482,302,3,343.67,1031.01
9482,247,1,228.88,228.88
9483,398,2,182.45,364.9
9483,382,2,65.87,131.74
9483,37,2,183.06,366.12
9484,325,1,470.48,470.48
9484,258,2,440.33,880.66
9485,28,2,72.62,145.24
9485,230,3,314.06,942.1800000000001
9485,423,3,317.55,952.6500000000001
9486,99,1,142.89,142.89
9487,136,3,277.36,832.08
9487,302,3,343.67,1031.01
9487,339,2,327.73,655.46
9487,249,3,143.22,429.65999999999997
9487,32,2,284.06,568.12
9488,113,1,180.72,180.72
9489,123,1,187.5,187.5
9489,155,3,77.89,233.67000000000002
9489,69,1,494.8,494.8
9489,74,2,83.84,167.68
9490,309,1,484.02,484.02
9490,122,2,65.23,130.46
9490,391,2,14.9,29.8
9490,93,2,325.85,651.7
9490,366,2,409.85,819.7
9491,256,1,344.07,344.07
9491,389,1,497.51,497.51
9491,171,3,35.49,106.47
9491,111,1,283.29,283.29
9492,441,2,314.36,628.72
9493,381,3,212.11,636.33
9494,474,1,239.02,239.02
9495,254,2,218.23,436.46
9495,220,2,58.27,116.54
9495,199,3,355.65,1066.9499999999998
9495,137,2,124.07,248.14
9496,309,2,484.02,968.04
9497,333,3,61.26,183.78
9497,57,1,281.31,281.31
9497,287,2,477.19,954.38
9497,237,2,236.39,472.78
9497,493,2,435.98,871.96
9498,356,2,346.58,693.16
9498,380,3,378.14,1134.42
9498,435,1,219.72,219.72
9498,273,3,193.27,579.8100000000001
9499,390,1,49.86,49.86
9499,183,1,206.12,206.12
9499,96,2,95.56,191.12
9500,418,3,141.62,424.86
9500,242,2,233.81,467.62
9500,435,2,219.72,439.44
9500,321,1,271.53,271.53
9500,331,3,69.86,209.57999999999998
9501,496,2,341.88,683.76
9501,386,1,273.27,273.27
9501,8,3,236.88,710.64
9501,413,2,64.03,128.06
9501,254,2,218.23,436.46
9502,403,1,44.77,44.77
9502,384,1,9.03,9.03
9502,359,1,353.69,353.69
9503,464,2,296.32,592.64
9503,92,1,86.51,86.51
9503,471,3,64.44,193.32
9504,378,3,153.62,460.86
9504,161,2,281.23,562.46
9505,434,2,379.85,759.7
9506,264,2,165.99,331.98
9506,38,3,437.95,1313.85
9506,91,1,440.33,440.33
9506,297,3,225.21,675.63
9506,404,2,115.89,231.78
9507,138,2,93.72,187.44
9507,448,2,119.74,239.48
9507,311,3,432.8,1298.4
9507,174,2,258.78,517.56
9507,228,3,469.49,1408.47
9508,154,2,371.7,743.4
9508,433,1,457.16,457.16
9508,445,2,124.24,248.48
9509,57,3,281.31,843.9300000000001
9509,432,1,18.81,18.81
9509,397,3,154.37,463.11
9509,289,3,427.58,1282.74
9510,175,2,235.77,471.54
9510,74,3,83.84,251.52
9510,234,1,202.87,202.87
9510,244,1,286.63,286.63
9511,169,3,466.19,1398.57
9512,484,3,304.06,912.1800000000001
9512,233,2,76.89,153.78
9513,15,3,190.65,571.95
9514,85,3,173.78,521.34
9514,159,3,287.61,862.83
9514,94,2,186.09,372.18
9514,407,1,474.34,474.34
9514,414,2,457.0,914.0
9515,135,3,451.07,1353.21
9515,204,2,396.2,792.4
9516,392,3,364.88,1094.6399999999999
9517,29,1,362.83,362.83
9517,408,3,182.79,548.37
9517,134,2,9.79,19.58
9517,415,2,454.18,908.36
9517,470,3,67.19,201.57
9518,412,2,343.82,687.64
9518,459,1,220.51,220.51
9518,183,3,206.12,618.36
9518,93,1,325.85,325.85
9519,84,2,239.85,479.7
9519,398,2,182.45,364.9
9519,470,1,67.19,67.19
9519,103,3,363.27,1089.81
9520,146,2,299.06,598.12
9520,136,1,277.36,277.36
9520,188,3,331.07,993.21
9521,5,2,132.04,264.08
9521,129,1,293.08,293.08
9521,52,2,207.19,414.38
9521,175,1,235.77,235.77
9522,5,3,132.04,396.12
9522,429,1,257.85,257.85
9522,188,1,331.07,331.07
9522,109,1,489.42,489.42
9523,442,1,470.37,470.37
9523,210,3,366.8,1100.4
9523,354,2,107.87,215.74
9523,171,1,35.49,35.49
9523,403,1,44.77,44.77
9524,492,1,28.24,28.24
9524,214,3,460.83,1382.49
9524,470,3,67.19,201.57
9524,113,2,180.72,361.44
9524,473,1,20.11,20.11
9525,460,1,382.54,382.54
9525,443,1,365.07,365.07
9525,161,3,281.23,843.69
9525,500,1,236.72,236.72
9526,75,2,123.97,247.94
9526,363,2,479.64,959.28
9527,123,2,187.5,375.0
9527,68,2,5.86,11.72
9527,424,1,41.06,41.06
9528,238,3,150.48,451.43999999999994
9529,28,3,72.62,217.86
9529,412,2,343.82,687.64
9530,366,3,409.85,1229.5500000000002
9530,408,1,182.79,182.79
9530,131,3,286.17,858.51
9531,234,2,202.87,405.74
9532,471,2,64.44,128.88
9533,203,1,490.13,490.13
9533,486,2,45.81,91.62
9533,450,3,245.71,737.13
9533,477,1,155.19,155.19
9534,137,2,124.07,248.14
9534,447,2,156.88,313.76
9534,224,1,133.14,133.14
9535,20,2,446.93,893.86
9535,331,3,69.86,209.57999999999998
9535,41,2,314.77,629.54
9535,307,1,75.2,75.2
9535,124,2,130.44,260.88
9536,100,1,175.13,175.13
9537,376,1,120.28,120.28
9537,100,2,175.13,350.26
9537,219,2,9.55,19.1
9537,464,1,296.32,296.32
9538,39,1,105.83,105.83
9539,130,1,201.64,201.64
9539,444,3,232.11,696.33
9539,54,3,393.16,1179.48
9539,67,2,439.97,879.94
9539,43,3,84.75,254.25
9540,170,2,432.62,865.24
9540,376,2,120.28,240.56
9541,235,2,384.75,769.5
9541,408,3,182.79,548.37
9541,210,1,366.8,366.8
9541,313,1,181.23,181.23
9541,149,2,111.19,222.38
9542,277,3,74.18,222.54000000000002
9542,251,2,208.81,417.62
9542,64,2,330.1,660.2
9543,2,3,139.66,418.98
9544,57,3,281.31,843.9300000000001
9544,147,3,404.23,1212.69
9544,433,3,457.16,1371.48
9544,446,1,480.38,480.38
9544,157,3,208.56,625.6800000000001
9545,95,2,452.34,904.68
9545,5,2,132.04,264.08
9546,33,3,199.18,597.54
9547,113,2,180.72,361.44
9547,205,3,59.11,177.32999999999998
9547,273,1,193.27,193.27
9548,96,1,95.56,95.56
9548,12,3,291.6,874.8000000000001
9548,18,3,395.52,1186.56
9548,367,1,403.14,403.14
9548,335,1,255.49,255.49
9549,36,1,325.79,325.79
9549,388,3,439.12,1317.3600000000001
9549,487,2,396.73,793.46
9549,256,1,344.07,344.07
9550,234,1,202.87,202.87
9551,493,2,435.98,871.96
9551,39,1,105.83,105.83
9551,221,1,42.15,42.15
9552,361,2,89.18,178.36
9552,136,3,277.36,832.08
9552,404,1,115.89,115.89
9553,383,1,114.97,114.97
9553,153,2,435.4,870.8
9553,492,1,28.24,28.24
9553,293,3,487.59,1462.77
9553,130,2,201.64,403.28
9554,495,1,239.08,239.08
9554,312,3,176.2,528.5999999999999
9554,267,3,347.18,1041.54
9555,29,1,362.83,362.83
9555,207,1,68.25,68.25
9555,158,2,269.42,538.84
9555,225,3,14.73,44.19
9555,215,2,313.01,626.02
9556,274,3,203.73,611.1899999999999
9556,419,1,139.16,139.16
9556,27,2,432.61,865.22
9556,252,3,333.44,1000.3199999999999
9557,135,3,451.07,1353.21
9557,63,3,270.0,810.0
9557,134,2,9.79,19.58
9558,328,3,251.99,755.97
9558,346,1,206.81,206.81
9558,217,3,80.51,241.53000000000003
9558,359,2,353.69,707.38
9559,55,3,243.64,730.92
9559,23,2,124.25,248.5
9560,252,3,333.44,1000.3199999999999
9561,384,3,9.03,27.089999999999996
9561,345,3,179.94,539.8199999999999
9561,403,1,44.77,44.77
9561,240,1,98.4,98.4
9561,458,1,290.04,290.04
9562,381,1,212.11,212.11
9562,224,2,133.14,266.28
9562,185,2,236.39,472.78
9562,369,2,492.83,985.66
9563,375,3,259.59,778.77
9563,29,1,362.83,362.83
9563,334,3,281.98,845.94
9563,441,1,314.36,314.36
9564,379,3,222.7,668.0999999999999
9565,256,1,344.07,344.07
9565,497,3,343.43,1030.29
9565,411,3,311.19,933.5699999999999
9565,298,3,310.25,930.75
9566,369,3,492.83,1478.49
9567,438,3,100.54,301.62
9567,500,3,236.72,710.16
9568,45,1,442.81,442.81
9568,140,1,115.16,115.16
9569,500,2,236.72,473.44
9569,17,1,430.34,430.34
9570,334,3,281.98,845.94
9570,391,1,14.9,14.9
9570,491,3,130.58,391.74
9571,345,2,179.94,359.88
9571,115,2,200.47,400.94
9571,392,3,364.88,1094.6399999999999
9571,174,3,258.78,776.3399999999999
9571,351,3,385.67,1157.01
9572,80,2,296.1,592.2
9572,334,2,281.98,563.96
9572,89,1,437.32,437.32
9573,172,1,171.63,171.63
9573,64,1,330.1,330.1
9574,458,3,290.04,870.1200000000001
9574,438,2,100.54,201.08
9574,364,2,469.93,939.86
9575,385,2,177.56,355.12
9575,11,1,415.63,415.63
9575,40,1,290.43,290.43
9576,225,1,14.73,14.73
9576,460,3,382.54,1147.6200000000001
9576,368,1,226.17,226.17
9576,318,3,219.59,658.77
9577,104,2,355.23,710.46
9577,331,3,69.86,209.57999999999998
9577,443,1,365.07,365.07
9577,42,1,38.5,38.5
9577,69,2,494.8,989.6
9578,324,1,311.54,311.54
9578,236,2,495.48,990.96
9579,375,3,259.59,778.77
9580,260,2,459.47,918.94
9580,51,3,124.89,374.67
9580,4,3,15.4,46.2
9580,87,2,367.59,735.18
9581,176,3,66.77,200.31
9581,119,3,120.42,361.26
9581,60,1,407.73,407.73
9582,28,1,72.62,72.62
9582,124,2,130.44,260.88
9583,333,2,61.26,122.52
9583,52,1,207.19,207.19
9584,46,1,51.28,51.28
9584,423,3,317.55,952.6500000000001
9584,131,2,286.17,572.34
9585,475,2,426.61,853.22
9585,264,1,165.99,165.99
9585,270,1,132.23,132.23
9585,301,1,287.0,287.0
9585,237,1,236.39,236.39
9586,222,1,310.77,310.77
9586,234,2,202.87,405.74
9586,456,2,242.56,485.12
9586,397,3,154.37,463.11
9586,203,3,490.13,1470.3899999999999
9587,424,3,41.06,123.18
9587,59,3,471.15,1413.4499999999998
9587,380,1,378.14,378.14
9587,106,1,422.11,422.11
9587,307,3,75.2,225.60000000000002
9588,40,1,290.43,290.43
9588,313,3,181.23,543.6899999999999
9588,416,3,163.35,490.04999999999995
9588,489,2,229.25,458.5
9588,182,1,491.56,491.56
9589,151,2,369.64,739.28
9589,234,3,202.87,608.61
9589,180,1,348.73,348.73
9590,170,1,432.62,432.62
9590,91,3,440.33,1320.99
9591,287,3,477.19,1431.57
9591,268,1,430.32,430.32
9591,486,1,45.81,45.81
9591,455,2,105.02,210.04
9591,234,2,202.87,405.74
9592,1,1,107.54,107.54
9592,149,3,111.19,333.57
9592,31,2,384.06,768.12
9592,377,2,139.69,279.38
9593,430,1,379.23,379.23
9594,286,1,67.86,67.86
9594,439,1,201.62,201.62
9595,271,3,188.99,566.97
9595,284,3,322.24,966.72
9595,306,2,12.42,24.84
9596,233,2,76.89,153.78
9596,353,2,303.46,606.92
9596,211,2,470.02,940.04
9596,40,1,290.43,290.43
9596,174,3,258.78,776.3399999999999
9597,162,2,153.38,306.76
9597,475,2,426.61,853.22
9597,38,1,437.95,437.95
9598,423,3,317.55,952.6500000000001
9598,99,3,142.89,428.66999999999996
9598,297,3,225.21,675.63
9598,194,3,22.63,67.89
9598,167,3,14.91,44.730000000000004
9599,310,3,78.93,236.79000000000002
9600,227,1,413.65,413.65
9600,496,2,341.88,683.76
9601,189,1,23.31,23.31
9601,160,3,386.52,1159.56
9601,14,3,127.52,382.56
9601,61,3,118.22,354.65999999999997
9602,413,2,64.03,128.06
9602,358,1,198.63,198.63
9602,488,2,243.3,486.6
9603,104,3,355.23,1065.69
9603,460,1,382.54,382.54
9603,292,2,335.18,670.36
9603,211,1,470.02,470.02
9604,247,2,228.88,457.76
9604,369,1,492.83,492.83
9605,321,3,271.53,814.5899999999999
9605,65,3,318.4,955.1999999999999
9606,204,2,396.2,792.4
9606,276,1,254.66,254.66
9606,193,2,271.29,542.58
9606,333,3,61.26,183.78
9606,178,3,449.89,1349.67
9607,322,2,325.9,651.8
9607,64,3,330.1,990.3000000000001
9608,94,1,186.09,186.09
9608,167,2,14.91,29.82
9608,39,3,105.83,317.49
9608,321,2,271.53,543.06
9609,300,3,250.81,752.4300000000001
9609,67,2,439.97,879.94
9609,221,2,42.15,84.3
9609,51,1,124.89,124.89
9610,304,3,282.76,848.28
9610,455,3,105.02,315.06
9610,340,3,281.13,843.39
9611,488,3,243.3,729.9000000000001
9611,35,2,14.23,28.46
9611,313,3,181.23,543.6899999999999
9611,4,3,15.4,46.2
9611,106,3,422.11,1266.33
9612,282,3,463.34,1390.02
9613,448,1,119.74,119.74
9613,80,2,296.1,592.2
9613,48,3,113.06,339.18
9613,69,3,494.8,1484.4
9613,256,3,344.07,1032.21
9614,133,2,195.06,390.12
9614,284,1,322.24,322.24
9614,367,2,403.14,806.28
9615,459,1,220.51,220.51
9615,121,1,143.28,143.28
9615,323,1,5.34,5.34
9615,339,1,327.73,327.73
9615,166,3,474.92,1424.76
9616,273,3,193.27,579.8100000000001
9616,368,3,226.17,678.51
9616,255,3,170.99,512.97
9616,149,1,111.19,111.19
9616,341,1,469.56,469.56
9617,220,2,58.27,116.54
9618,359,2,353.69,707.38
9619,418,1,141.62,141.62
9619,184,1,119.59,119.59
9620,376,1,120.28,120.28
9620,356,1,346.58,346.58
9620,378,1,153.62,153.62
9621,2,1,139.66,139.66
9621,150,3,216.59,649.77
9622,347,1,186.64,186.64
9623,337,3,226.35,679.05
9623,378,3,153.62,460.86
9623,77,3,254.31,762.9300000000001
9623,448,2,119.74,239.48
9624,173,2,364.45,728.9
9624,444,3,232.11,696.33
9624,125,3,61.95,185.85000000000002
9625,271,3,188.99,566.97
9625,15,3,190.65,571.95
9625,394,1,202.77,202.77
9625,86,3,409.34,1228.02
9625,266,1,292.77,292.77
9626,490,2,487.09,974.18
9626,88,2,361.93,723.86
9626,130,2,201.64,403.28
9626,371,2,319.89,639.78
9626,380,1,378.14,378.14
9627,42,3,38.5,115.5
9628,118,2,355.19,710.38
9628,456,1,242.56,242.56
9628,346,2,206.81,413.62
9628,364,1,469.93,469.93
9629,174,2,258.78,517.56
9629,303,2,384.8,769.6
9629,351,2,385.67,771.34
9629,179,3,422.57,1267.71
9629,425,2,211.7,423.4
9630,342,1,19.87,19.87
9631,99,1,142.89,142.89
9631,390,1,49.86,49.86
9631,153,2,435.4,870.8
9632,72,1,455.9,455.9
9632,332,1,450.12,450.12
9632,185,2,236.39,472.78
9633,381,1,212.11,212.11
9633,281,2,173.96,347.92
9633,456,3,242.56,727.6800000000001
9633,183,2,206.12,412.24
9634,194,2,22.63,45.26
9635,354,2,107.87,215.74
9635,474,2,239.02,478.04
9636,333,2,61.26,122.52
9637,200,1,134.77,134.77
9637,6,3,23.99,71.97
9637,69,1,494.8,494.8
9638,474,3,239.02,717.0600000000001
9638,204,1,396.2,396.2
9638,239,1,254.23,254.23
9639,458,3,290.04,870.1200000000001
9639,240,1,98.4,98.4
9640,77,1,254.31,254.31
9640,288,2,174.29,348.58
9640,446,2,480.38,960.76
9640,259,1,200.38,200.38
9640,53,2,440.06,880.12
9641,241,2,463.38,926.76
9641,446,2,480.38,960.76
9642,136,3,277.36,832.08
9642,243,1,358.15,358.15
9642,449,2,209.61,419.22
9643,212,2,381.28,762.56
9643,21,2,348.11,696.22
9643,152,2,436.45,872.9
9643,254,2,218.23,436.46
9644,387,1,130.92,130.92
9644,411,2,311.19,622.38
9644,381,3,212.11,636.33
9644,90,3,171.02,513.0600000000001
9645,78,2,164.41,328.82
9645,206,1,353.54,353.54
9645,341,3,469.56,1408.68
9645,142,1,176.49,176.49
9646,450,2,245.71,491.42
9646,188,2,331.07,662.14
9646,38,3,437.95,1313.85
9647,211,2,470.02,940.04
9648,12,2,291.6,583.2
9649,42,3,38.5,115.5
9649,497,3,343.43,1030.29
9649,235,1,384.75,384.75
9649,269,1,183.25,183.25
9649,470,1,67.19,67.19
9650,179,1,422.57,422.57
9651,194,3,22.63,67.89
9651,126,2,320.91,641.82
9651,328,3,251.99,755.97
9652,273,1,193.27,193.27
9652,97,1,91.52,91.52
9652,127,3,6.58,19.740000000000002
9652,320,1,142.18,142.18
9653,365,1,373.53,373.53
9653,51,2,124.89,249.78
9653,162,3,153.38,460.14
9653,66,2,113.14,226.28
9653,375,3,259.59,778.77
9654,469,2,351.84,703.68
9654,364,2,469.93,939.86
9655,83,3,243.84,731.52
9655,77,3,254.31,762.9300000000001
9655,465,1,484.34,484.34
9656,417,3,202.32,606.96
9656,139,3,349.74,1049.22
9657,427,2,323.5,647.0
9657,8,3,236.88,710.64
9657,304,2,282.76,565.52
9658,311,2,432.8,865.6
9658,313,2,181.23,362.46
9658,409,2,98.63,197.26
9658,233,3,76.89,230.67000000000002
9659,142,1,176.49,176.49
9659,166,2,474.92,949.84
9659,36,2,325.79,651.58
9659,170,1,432.62,432.62
9659,24,2,497.43,994.86
9660,469,3,351.84,1055.52
9661,417,3,202.32,606.96
9661,84,3,239.85,719.55
9662,196,2,372.88,745.76
9662,273,3,193.27,579.8100000000001
9662,274,2,203.73,407.46
9663,377,1,139.69,139.69
9663,266,1,292.77,292.77
9664,176,3,66.77,200.31
9664,431,2,370.38,740.76
9664,412,3,343.82,1031.46
9664,279,3,273.72,821.1600000000001
9664,155,2,77.89,155.78
9665,249,2,143.22,286.44
9665,435,1,219.72,219.72
9666,115,3,200.47,601.41
9666,151,3,369.64,1108.92
9667,412,2,343.82,687.64
9667,277,1,74.18,74.18
9667,292,2,335.18,670.36
9668,407,3,474.34,1423.02
9669,237,2,236.39,472.78
9669,484,3,304.06,912.1800000000001
9669,442,2,470.37,940.74
9669,116,3,490.7,1472.1
9669,279,2,273.72,547.44
9670,281,1,173.96,173.96
9670,301,2,287.0,574.0
9671,291,3,336.86,1010.58
9671,123,1,187.5,187.5
9671,380,1,378.14,378.14
9672,307,1,75.2,75.2
9672,309,2,484.02,968.04
9672,216,2,256.85,513.7
9672,409,3,98.63,295.89
9672,426,2,438.33,876.66
9673,67,3,439.97,1319.91
9674,468,2,24.15,48.3
9674,350,1,170.56,170.56
9674,297,2,225.21,450.42
9674,144,2,149.85,299.7
9675,337,2,226.35,452.7
9676,99,1,142.89,142.89
9676,212,2,381.28,762.56
9676,274,3,203.73,611.1899999999999
9676,348,1,45.01,45.01
9677,110,1,124.44,124.44
9678,108,3,189.13,567.39
9678,299,3,207.73,623.1899999999999
9678,433,3,457.16,1371.48
9678,48,1,113.06,113.06
9678,435,3,219.72,659.16
9679,421,3,450.64,1351.92
9680,194,1,22.63,22.63
9680,468,2,24.15,48.3
9680,135,3,451.07,1353.21
9680,67,2,439.97,879.94
9681,329,1,361.76,361.76
9681,187,2,315.62,631.24
9681,318,1,219.59,219.59
9682,152,2,436.45,872.9
9683,145,2,438.41,876.82
9683,36,2,325.79,651.58
9683,223,1,80.53,80.53
9684,425,1,211.7,211.7
9684,46,3,51.28,153.84
9684,246,3,234.51,703.53
9684,172,3,171.63,514.89
9684,374,2,415.45,830.9
9685,162,2,153.38,306.76
9685,486,2,45.81,91.62
9686,113,3,180.72,542.16
9686,311,1,432.8,432.8
9687,119,2,120.42,240.84
9687,188,2,331.07,662.14
9687,173,1,364.45,364.45
9687,342,2,19.87,39.74
9688,82,2,479.76,959.52
9688,292,1,335.18,335.18
9689,269,3,183.25,549.75
9689,13,2,41.35,82.7
9690,399,1,62.97,62.97
9690,277,2,74.18,148.36
9691,149,3,111.19,333.57
9692,238,1,150.48,150.48
9692,16,1,191.38,191.38
9692,133,1,195.06,195.06
9693,130,1,201.64,201.64
9693,144,2,149.85,299.7
9693,286,3,67.86,203.57999999999998
9693,163,1,307.1,307.1
9694,437,2,150.85,301.7
9694,236,2,495.48,990.96
9695,455,3,105.02,315.06
9695,256,3,344.07,1032.21
9695,376,2,120.28,240.56
9695,343,3,220.03,660.09
9696,127,1,6.58,6.58
9696,414,3,457.0,1371.0
9696,450,3,245.71,737.13
9696,21,2,348.11,696.22
9696,403,3,44.77,134.31
9697,85,1,173.78,173.78
9697,31,3,384.06,1152.18
9698,244,2,286.63,573.26
9698,197,1,66.56,66.56
9699,370,3,49.7,149.10000000000002
9699,288,3,174.29,522.87
9699,277,1,74.18,74.18
9700,174,2,258.78,517.56
9700,98,2,375.73,751.46
9700,297,3,225.21,675.63
9701,442,1,470.37,470.37
9702,72,2,455.9,911.8
9702,357,1,213.41,213.41
9702,416,2,163.35,326.7
9702,252,2,333.44,666.88
9702,220,2,58.27,116.54
9703,474,1,239.02,239.02
9703,253,2,399.66,799.32
9703,280,1,346.03,346.03
9704,148,3,228.08,684.24
9704,36,1,325.79,325.79
9704,218,3,213.29,639.87
9704,161,2,281.23,562.46
9705,38,1,437.95,437.95
9706,355,1,344.54,344.54
9706,319,3,132.86,398.58000000000004
9706,279,3,273.72,821.1600000000001
9707,497,3,343.43,1030.29
9707,187,2,315.62,631.24
9708,491,3,130.58,391.74
9708,201,2,258.09,516.18
9708,420,3,410.03,1230.09
9708,454,1,122.06,122.06
9709,16,1,191.38,191.38
9709,28,2,72.62,145.24
9709,351,1,385.67,385.67
9710,388,2,439.12,878.24
9710,375,2,259.59,519.18
9710,162,2,153.38,306.76
9711,137,1,124.07,124.07
9711,456,3,242.56,727.6800000000001
9711,241,3,463.38,1390.1399999999999
9712,418,1,141.62,141.62
9712,454,2,122.06,244.12
9712,126,1,320.91,320.91
9712,128,2,19.74,39.48
9713,423,1,317.55,317.55
9713,46,3,51.28,153.84
9714,246,1,234.51,234.51
9714,417,3,202.32,606.96
9715,336,2,41.55,83.1
9715,227,1,413.65,413.65
9715,252,1,333.44,333.44
9715,395,2,254.9,509.8
9715,391,2,14.9,29.8
9716,431,2,370.38,740.76
9716,30,2,243.42,486.84
9716,69,1,494.8,494.8
9716,227,3,413.65,1240.9499999999998
9716,243,2,358.15,716.3
9717,9,3,331.01,993.03
9717,29,3,362.83,1088.49
9717,130,3,201.64,604.92
9717,216,3,256.85,770.5500000000001
9717,119,2,120.42,240.84
9718,115,2,200.47,400.94
9718,30,1,243.42,243.42
9718,370,1,49.7,49.7
9718,495,2,239.08,478.16
9719,344,3,138.55,415.65000000000003
9719,65,3,318.4,955.1999999999999
9719,136,1,277.36,277.36
9720,348,3,45.01,135.03
9720,449,2,209.61,419.22
9720,210,2,366.8,733.6
9721,160,3,386.52,1159.56
9721,4,3,15.4,46.2
9721,64,1,330.1,330.1
9721,45,2,442.81,885.62
9721,325,1,470.48,470.48
9722,183,3,206.12,618.36
9722,198,3,209.69,629.0699999999999
9723,193,1,271.29,271.29
9723,466,2,465.33,930.66
9724,433,2,457.16,914.32
9725,166,1,474.92,474.92
9725,92,1,86.51,86.51
9725,114,1,108.7,108.7
9725,76,2,476.31,952.62
9726,92,1,86.51,86.51
9727,82,2,479.76,959.52
9727,117,1,16.06,16.06
9727,148,2,228.08,456.16
9727,232,2,478.28,956.56
9728,311,1,432.8,432.8
9728,137,3,124.07,372.21
9728,54,2,393.16,786.32
9728,234,2,202.87,405.74
9729,462,2,153.15,306.3
9730,146,1,299.06,299.06
9730,139,1,349.74,349.74
9730,165,1,170.69,170.69
9730,410,1,227.81,227.81
9731,239,3,254.23,762.6899999999999
9731,149,3,111.19,333.57
9732,15,3,190.65,571.95
9732,302,2,343.67,687.34
9732,188,2,331.07,662.14
9732,150,2,216.59,433.18
9733,246,3,234.51,703.53
9733,2,2,139.66,279.32
9733,215,3,313.01,939.03
9733,268,3,430.32,1290.96
9734,208,3,342.64,1027.92
9735,184,1,119.59,119.59
9735,448,2,119.74,239.48
9736,245,2,426.38,852.76
9736,92,2,86.51,173.02
9737,395,2,254.9,509.8
9737,418,3,141.62,424.86
9738,220,2,58.27,116.54
9738,497,2,343.43,686.86
9739,71,2,43.24,86.48
9740,273,2,193.27,386.54
9740,339,2,327.73,655.46
9740,348,2,45.01,90.02
9740,270,3,132.23,396.68999999999994
9740,198,2,209.69,419.38
9741,329,3,361.76,1085.28
9741,18,2,395.52,791.04
9742,231,1,376.58,376.58
9742,31,1,384.06,384.06
9743,408,2,182.79,365.58
9744,399,1,62.97,62.97
9745,145,3,438.41,1315.23
9745,316,1,68.22,68.22
9745,14,3,127.52,382.56
9745,265,2,452.37,904.74
9745,304,2,282.76,565.52
9746,60,1,407.73,407.73
9747,296,2,348.54,697.08
9747,180,3,348.73,1046.19
9747,467,1,24.18,24.18
9748,445,2,124.24,248.48
9748,459,1,220.51,220.51
9748,330,2,434.93,869.86
9748,301,1,287.0,287.0
9749,1,2,107.54,215.08
9749,276,1,254.66,254.66
9749,93,2,325.85,651.7
9750,420,1,410.03,410.03
9750,165,2,170.69,341.38
9750,339,1,327.73,327.73
9750,84,2,239.85,479.7
9750,103,3,363.27,1089.81
9751,178,3,449.89,1349.67
9751,166,3,474.92,1424.76
9751,335,3,255.49,766.47
9751,113,3,180.72,542.16
9752,460,3,382.54,1147.6200000000001
9752,158,3,269.42,808.26
9752,166,1,474.92,474.92
9753,363,3,479.64,1438.92
9753,257,2,287.88,575.76
9753,426,1,438.33,438.33
9753,475,2,426.61,853.22
9753,139,3,349.74,1049.22
9754,266,1,292.77,292.77
9754,54,3,393.16,1179.48
9754,499,2,139.95,279.9
9754,439,3,201.62,604.86
9754,299,2,207.73,415.46
9755,48,2,113.06,226.12
9755,245,1,426.38,426.38
9755,60,3,407.73,1223.19
9756,425,2,211.7,423.4
9757,432,1,18.81,18.81
9757,173,1,364.45,364.45
9757,186,1,288.34,288.34
9758,274,1,203.73,203.73
9759,157,3,208.56,625.6800000000001
9759,418,1,141.62,141.62
9760,154,3,371.7,1115.1
9760,310,2,78.93,157.86
9760,83,2,243.84,487.68
9760,19,3,343.63,1030.8899999999999
9761,112,2,17.77,35.54
9762,122,2,65.23,130.46
9763,437,1,150.85,150.85
9763,203,2,490.13,980.26
9763,481,1,209.3,209.3
9764,415,3,454.18,1362.54
9764,249,2,143.22,286.44
9765,318,3,219.59,658.77
9765,474,1,239.02,239.02
9765,462,2,153.15,306.3
9765,277,3,74.18,222.54000000000002
9766,252,2,333.44,666.88
9767,423,2,317.55,635.1
9767,203,2,490.13,980.26
9767,261,3,235.72,707.16
9767,266,3,292.77,878.31
9767,331,1,69.86,69.86
9768,126,1,320.91,320.91
9768,36,2,325.79,651.58
9768,404,1,115.89,115.89
9769,274,3,203.73,611.1899999999999
9769,55,1,243.64,243.64
9769,243,1,358.15,358.15
9769,7,3,479.78,1439.34
9769,306,2,12.42,24.84
9770,474,1,239.02,239.02
9771,246,3,234.51,703.53
9771,62,1,403.84,403.84
9771,45,3,442.81,1328.43
9771,104,1,355.23,355.23
9771,147,2,404.23,808.46
9772,350,3,170.56,511.68
9772,107,1,262.2,262.2
9772,412,1,343.82,343.82
9772,181,3,369.11,1107.33
9773,108,1,189.13,189.13
9774,436,1,41.76,41.76
9774,190,3,387.18,1161.54
9774,154,2,371.7,743.4
9775,291,3,336.86,1010.58
9775,71,3,43.24,129.72
9775,498,3,48.54,145.62
9776,139,2,349.74,699.48
9776,196,1,372.88,372.88
9776,61,3,118.22,354.65999999999997
9776,218,3,213.29,639.87
9776,95,1,452.34,452.34
9777,9,1,331.01,331.01
9777,392,2,364.88,729.76
9777,5,2,132.04,264.08
9778,389,3,497.51,1492.53
9778,283,1,391.26,391.26
9778,422,1,275.45,275.45
9779,189,3,23.31,69.92999999999999
9779,353,3,303.46,910.3799999999999
9779,468,1,24.15,24.15
9780,68,3,5.86,17.580000000000002
9780,136,2,277.36,554.72
9780,265,3,452.37,1357.1100000000001
9780,454,2,122.06,244.12
9780,468,3,24.15,72.44999999999999
9781,159,2,287.61,575.22
9782,423,1,317.55,317.55
9782,493,1,435.98,435.98
9782,101,3,38.7,116.10000000000001
9782,30,2,243.42,486.84
9782,434,2,379.85,759.7
9783,198,1,209.69,209.69
9783,30,2,243.42,486.84
9783,394,1,202.77,202.77
9783,402,1,336.6,336.6
9783,31,3,384.06,1152.18
9784,30,2,243.42,486.84
9784,264,2,165.99,331.98
9784,349,3,54.63,163.89000000000001
9784,350,1,170.56,170.56
9785,24,1,497.43,497.43
9785,271,3,188.99,566.97
9786,479,3,131.06,393.18
9786,410,2,227.81,455.62
9786,41,1,314.77,314.77
9786,113,3,180.72,542.16
9786,43,2,84.75,169.5
9787,360,1,396.94,396.94
9788,164,2,158.01,316.02
9788,456,1,242.56,242.56
9788,211,3,470.02,1410.06
9788,405,1,26.88,26.88
9788,17,2,430.34,860.68
9789,286,2,67.86,135.72
9789,102,3,196.78,590.34
9789,209,1,195.24,195.24
9790,470,3,67.19,201.57
9790,54,1,393.16,393.16
9790,3,1,458.68,458.68
9790,122,2,65.23,130.46
9790,48,3,113.06,339.18
9791,25,2,206.03,412.06
9792,47,3,140.75,422.25
9792,467,2,24.18,48.36
9793,203,2,490.13,980.26
9793,291,2,336.86,673.72
9793,469,3,351.84,1055.52
9793,191,1,334.45,334.45
9794,397,3,154.37,463.11
9794,201,1,258.09,258.09
9794,367,2,403.14,806.28
9794,475,1,426.61,426.61
9794,186,2,288.34,576.68
9795,391,1,14.9,14.9
9796,468,1,24.15,24.15
9796,142,2,176.49,352.98
9796,253,3,399.66,1198.98
9797,308,2,477.22,954.44
9797,51,2,124.89,249.78
9797,303,2,384.8,769.6
9797,202,1,174.67,174.67
9797,260,1,459.47,459.47
9798,218,1,213.29,213.29
9798,71,3,43.24,129.72
9798,180,3,348.73,1046.19
9798,378,2,153.62,307.24
9798,420,3,410.03,1230.09
9799,249,1,143.22,143.22
9799,199,1,355.65,355.65
9799,278,1,178.94,178.94
9799,60,3,407.73,1223.19
9800,460,3,382.54,1147.6200000000001
9800,188,3,331.07,993.21
9800,478,3,356.16,1068.48
9801,357,1,213.41,213.41
9801,121,1,143.28,143.28
9801,165,1,170.69,170.69
9801,73,2,279.0,558.0
9802,371,1,319.89,319.89
9802,362,3,110.19,330.57
9802,134,2,9.79,19.58
9802,153,2,435.4,870.8
9803,396,2,69.93,139.86
9803,95,3,452.34,1357.02
9803,334,1,281.98,281.98
9803,464,3,296.32,888.96
9803,463,1,76.72,76.72
9804,473,3,20.11,60.33
9804,131,2,286.17,572.34
9804,309,3,484.02,1452.06
9804,33,1,199.18,199.18
9805,376,3,120.28,360.84000000000003
9805,52,1,207.19,207.19
9805,336,3,41.55,124.64999999999999
9806,245,3,426.38,1279.1399999999999
9806,372,1,224.89,224.89
9807,328,2,251.99,503.98
9807,484,1,304.06,304.06
9807,67,1,439.97,439.97
9808,218,1,213.29,213.29
9808,114,1,108.7,108.7
9808,138,1,93.72,93.72
9809,154,3,371.7,1115.1
9809,395,2,254.9,509.8
9809,383,2,114.97,229.94
9809,283,1,391.26,391.26
9809,218,2,213.29,426.58
9810,78,3,164.41,493.23
9810,178,1,449.89,449.89
9810,387,1,130.92,130.92
9810,198,2,209.69,419.38
9811,360,2,396.94,793.88
9812,117,2,16.06,32.12
9813,212,2,381.28,762.56
9813,401,2,99.91,199.82
9813,25,2,206.03,412.06
9814,458,2,290.04,580.08
9814,193,2,271.29,542.58
9814,480,2,209.16,418.32
9815,263,1,168.0,168.0
9815,22,2,491.32,982.64
9815,157,3,208.56,625.6800000000001
9815,256,1,344.07,344.07
9815,70,2,420.8,841.6
9816,259,1,200.38,200.38
9817,217,3,80.51,241.53000000000003
9817,224,1,133.14,133.14
9817,20,3,446.93,1340.79
9817,76,3,476.31,1428.93
9818,325,2,470.48,940.96
9819,457,2,196.35,392.7
9819,340,3,281.13,843.39
9819,6,1,23.99,23.99
9819,402,3,336.6,1009.8000000000001
9820,305,1,80.66,80.66
9820,319,3,132.86,398.58000000000004
9820,294,2,159.06,318.12
9821,134,3,9.79,29.369999999999997
9821,257,3,287.88,863.64
9821,40,3,290.43,871.29
9821,162,2,153.38,306.76
9821,227,3,413.65,1240.9499999999998
9822,180,3,348.73,1046.19
9822,159,1,287.61,287.61
9822,420,2,410.03,820.06
9823,360,2,396.94,793.88
9823,312,1,176.2,176.2
9823,147,1,404.23,404.23
9824,63,3,270.0,810.0
9824,296,2,348.54,697.08
9824,210,1,366.8,366.8
9825,165,3,170.69,512.0699999999999
9825,80,1,296.1,296.1
9825,350,3,170.56,511.68
9825,239,1,254.23,254.23
9825,270,1,132.23,132.23
9826,351,3,385.67,1157.01
9827,421,1,450.64,450.64
9827,495,1,239.08,239.08
9827,206,2,353.54,707.08
9827,397,1,154.37,154.37
9827,64,1,330.1,330.1
9828,68,2,5.86,11.72
9828,237,1,236.39,236.39
9828,299,2,207.73,415.46
9829,316,3,68.22,204.66
9829,222,2,310.77,621.54
9829,260,1,459.47,459.47
9829,361,2,89.18,178.36
9829,476,3,121.13,363.39
9830,378,1,153.62,153.62
9830,47,1,140.75,140.75
9830,494,1,340.34,340.34
9830,488,2,243.3,486.6
9831,447,2,156.88,313.76
9831,272,2,182.96,365.92
9831,156,3,404.58,1213.74
9832,446,3,480.38,1441.1399999999999
9832,436,3,41.76,125.28
9832,388,1,439.12,439.12
9832,248,3,255.64,766.92
9833,202,3,174.67,524.01
9834,31,3,384.06,1152.18
9834,136,1,277.36,277.36
9834,282,3,463.34,1390.02
9834,262,1,356.94,356.94
9834,122,2,65.23,130.46
9835,378,3,153.62,460.86
9835,196,3,372.88,1118.6399999999999
9836,302,1,343.67,343.67
9837,429,3,257.85,773.5500000000001
9837,468,3,24.15,72.44999999999999
9838,287,2,477.19,954.38
9838,419,3,139.16,417.48
9838,60,2,407.73,815.46
9838,445,1,124.24,124.24
9838,202,3,174.67,524.01
9839,64,1,330.1,330.1
9840,221,2,42.15,84.3
9840,269,1,183.25,183.25
9840,372,1,224.89,224.89
9840,6,3,23.99,71.97
9841,286,3,67.86,203.57999999999998
9841,437,2,150.85,301.7
9841,381,3,212.11,636.33
9841,37,2,183.06,366.12
9841,209,1,195.24,195.24
9842,157,2,208.56,417.12
9842,233,3,76.89,230.67000000000002
9842,102,2,196.78,393.56
9842,85,2,173.78,347.56
9842,451,3,332.65,997.9499999999999
9843,447,2,156.88,313.76
9844,261,3,235.72,707.16
9844,435,2,219.72,439.44
9844,487,3,396.73,1190.19
9844,393,3,129.5,388.5
9844,409,3,98.63,295.89
9845,310,3,78.93,236.79000000000002
9846,400,2,297.67,595.34
9846,315,2,30.07,60.14
9846,180,1,348.73,348.73
9847,389,3,497.51,1492.53
9847,152,2,436.45,872.9
9847,180,3,348.73,1046.19
9847,18,2,395.52,791.04
9847,328,2,251.99,503.98
9848,335,3,255.49,766.47
9849,341,2,469.56,939.12
9849,57,2,281.31,562.62
9849,38,3,437.95,1313.85
9849,370,1,49.7,49.7
9850,459,3,220.51,661.53
9850,382,1,65.87,65.87
9850,361,3,89.18,267.54
9851,491,1,130.58,130.58
9851,338,3,287.2,861.5999999999999
9852,148,1,228.08,228.08
9852,387,2,130.92,261.84
9852,159,3,287.61,862.83
9852,376,2,120.28,240.56
9853,205,3,59.11,177.32999999999998
9854,144,3,149.85,449.54999999999995
9855,9,1,331.01,331.01
9855,461,1,472.53,472.53
9856,20,2,446.93,893.86
9856,499,3,139.95,419.84999999999997
9856,25,1,206.03,206.03
9856,399,2,62.97,125.94
9856,205,2,59.11,118.22
9857,99,1,142.89,142.89
9857,77,3,254.31,762.9300000000001
9858,186,1,288.34,288.34
9858,210,2,366.8,733.6
9858,371,3,319.89,959.67
9858,399,1,62.97,62.97
9858,268,2,430.32,860.64
9859,238,3,150.48,451.43999999999994
9859,343,1,220.03,220.03
9859,307,2,75.2,150.4
9859,446,2,480.38,960.76
9859,480,3,209.16,627.48
9860,103,2,363.27,726.54
9860,267,1,347.18,347.18
9860,268,1,430.32,430.32
9860,83,1,243.84,243.84
9860,342,1,19.87,19.87
9861,278,3,178.94,536.8199999999999
9861,355,2,344.54,689.08
9862,240,1,98.4,98.4
9862,224,2,133.14,266.28
9862,240,1,98.4,98.4
9863,226,2,285.61,571.22
9863,456,1,242.56,242.56
9863,459,2,220.51,441.02
9863,240,3,98.4,295.20000000000005
9863,207,3,68.25,204.75
9864,360,3,396.94,1190.82
9865,424,2,41.06,82.12
9865,1,1,107.54,107.54
9866,206,3,353.54,1060.6200000000001
9866,236,3,495.48,1486.44
9867,50,3,347.73,1043.19
9867,176,2,66.77,133.54
9868,35,2,14.23,28.46
9868,234,2,202.87,405.74
9868,422,3,275.45,826.3499999999999
9869,162,2,153.38,306.76
9869,369,3,492.83,1478.49
9869,231,3,376.58,1129.74
9869,82,3,479.76,1439.28
9869,19,1,343.63,343.63
9870,378,2,153.62,307.24
9870,126,3,320.91,962.73
9871,172,3,171.63,514.89
9871,294,2,159.06,318.12
9871,117,3,16.06,48.17999999999999
9872,341,3,469.56,1408.68
9872,154,1,371.7,371.7
9872,331,3,69.86,209.57999999999998
9872,134,2,9.79,19.58
9873,290,2,334.81,669.62
9873,126,3,320.91,962.73
9873,281,3,173.96,521.88
9873,337,1,226.35,226.35
9873,268,2,430.32,860.64
9874,350,3,170.56,511.68
9874,180,1,348.73,348.73
9874,338,3,287.2,861.5999999999999
9875,220,2,58.27,116.54
9875,25,3,206.03,618.09
9875,274,2,203.73,407.46
9876,325,3,470.48,1411.44
9876,212,3,381.28,1143.84
9876,60,1,407.73,407.73
9876,184,1,119.59,119.59
9876,494,3,340.34,1021.02
9877,250,1,179.65,179.65
9877,338,3,287.2,861.5999999999999
9877,52,2,207.19,414.38
9877,31,3,384.06,1152.18
9878,70,2,420.8,841.6
9878,53,3,440.06,1320.18
9878,148,3,228.08,684.24
9879,196,2,372.88,745.76
9879,179,1,422.57,422.57
9879,194,2,22.63,45.26
9880,250,3,179.65,538.95
9880,326,3,337.22,1011.6600000000001
9880,246,3,234.51,703.53
9880,362,1,110.19,110.19
9881,94,3,186.09,558.27
9881,114,3,108.7,326.1
9881,428,1,48.76,48.76
9882,442,1,470.37,470.37
9883,204,1,396.2,396.2
9884,478,2,356.16,712.32
9884,3,3,458.68,1376.04
9884,238,1,150.48,150.48
9884,439,2,201.62,403.24
9885,103,3,363.27,1089.81
9885,45,1,442.81,442.81
9885,210,1,366.8,366.8
9885,497,2,343.43,686.86
9885,168,3,396.27,1188.81
9886,262,3,356.94,1070.82
9886,432,1,18.81,18.81
9887,479,1,131.06,131.06
9887,214,1,460.83,460.83
9888,280,1,346.03,346.03
9888,432,2,18.81,37.62
9888,221,3,42.15,126.44999999999999
9889,375,2,259.59,519.18
9889,97,2,91.52,183.04
9890,463,1,76.72,76.72
9890,322,1,325.9,325.9
9891,66,1,113.14,113.14
9891,301,2,287.0,574.0
9891,311,1,432.8,432.8
9891,310,1,78.93,78.93
9891,135,2,451.07,902.14
9892,250,2,179.65,359.3
9892,138,1,93.72,93.72
9892,176,1,66.77,66.77
9893,116,3,490.7,1472.1
9893,39,3,105.83,317.49
9893,184,3,119.59,358.77
9893,334,2,281.98,563.96
9894,187,1,315.62,315.62
9894,74,2,83.84,167.68
9894,179,3,422.57,1267.71
9894,182,2,491.56,983.12
9895,418,3,141.62,424.86
9895,19,1,343.63,343.63
9895,190,1,387.18,387.18
9896,7,3,479.78,1439.34
9896,217,1,80.51,80.51
9896,345,2,179.94,359.88
9896,140,3,115.16,345.48
9896,184,2,119.59,239.18
9897,381,2,212.11,424.22
9897,157,2,208.56,417.12
9897,235,2,384.75,769.5
9897,253,3,399.66,1198.98
9897,193,2,271.29,542.58
9898,139,2,349.74,699.48
9898,118,2,355.19,710.38
9898,404,1,115.89,115.89
9899,500,1,236.72,236.72
9899,98,2,375.73,751.46
9899,212,3,381.28,1143.84
9900,303,2,384.8,769.6
9900,406,2,7.55,15.1
9900,69,1,494.8,494.8
9900,111,1,283.29,283.29
9900,132,2,409.11,818.22
9901,46,3,51.28,153.84
9902,251,2,208.81,417.62
9902,284,2,322.24,644.48
9902,22,1,491.32,491.32
9902,465,2,484.34,968.68
9902,288,2,174.29,348.58
9903,146,1,299.06,299.06
9904,44,1,437.15,437.15
9904,29,1,362.83,362.83
9904,472,3,485.93,1457.79
9904,248,1,255.64,255.64
9904,228,3,469.49,1408.47
9905,495,3,239.08,717.24
9906,306,3,12.42,37.26
9906,112,3,17.77,53.31
9906,37,3,183.06,549.1800000000001
9906,363,1,479.64,479.64
9907,118,1,355.19,355.19
9907,216,1,256.85,256.85
9907,444,1,232.11,232.11
9907,261,2,235.72,471.44
9908,234,3,202.87,608.61
9908,109,3,489.42,1468.26
9908,37,1,183.06,183.06
9909,477,3,155.19,465.57
9910,66,3,113.14,339.42
9910,179,3,422.57,1267.71
9910,120,1,480.49,480.49
9910,149,2,111.19,222.38
9911,16,1,191.38,191.38
9911,253,3,399.66,1198.98
9912,495,2,239.08,478.16
9912,157,3,208.56,625.6800000000001
9912,208,2,342.64,685.28
9913,27,2,432.61,865.22
9913,436,2,41.76,83.52
9913,123,1,187.5,187.5
9913,265,3,452.37,1357.1100000000001
9914,224,1,133.14,133.14
9915,407,1,474.34,474.34
9916,206,2,353.54,707.08
9916,74,1,83.84,83.84
9916,455,2,105.02,210.04
9916,51,1,124.89,124.89
9917,297,1,225.21,225.21
9917,226,1,285.61,285.61
9917,66,1,113.14,113.14
9918,354,1,107.87,107.87
9918,13,3,41.35,124.05000000000001
9918,223,1,80.53,80.53
9918,362,3,110.19,330.57
9918,447,2,156.88,313.76
9919,47,1,140.75,140.75
9920,265,2,452.37,904.74
9920,376,3,120.28,360.84000000000003
9920,320,2,142.18,284.36
9921,10,3,421.91,1265.73
9922,321,3,271.53,814.5899999999999
9922,241,2,463.38,926.76
9923,366,1,409.85,409.85
9923,376,1,120.28,120.28
9924,164,3,158.01,474.03
9925,92,1,86.51,86.51
9925,68,1,5.86,5.86
9925,120,2,480.49,960.98
9925,359,3,353.69,1061.07
9925,397,1,154.37,154.37
9926,24,1,497.43,497.43
9927,28,3,72.62,217.86
9927,456,1,242.56,242.56
9927,144,3,149.85,449.54999999999995
9927,357,3,213.41,640.23
9928,273,3,193.27,579.8100000000001
9929,95,2,452.34,904.68
9929,310,2,78.93,157.86
9929,32,2,284.06,568.12
9930,461,2,472.53,945.06
9930,30,2,243.42,486.84
9930,367,3,403.14,1209.42
9930,392,2,364.88,729.76
9930,192,3,361.57,1084.71
9931,43,2,84.75,169.5
9931,12,2,291.6,583.2
9932,222,1,310.77,310.77
9932,243,3,358.15,1074.4499999999998
9932,207,1,68.25,68.25
9932,138,2,93.72,187.44
9933,128,1,19.74,19.74
9933,149,2,111.19,222.38
9933,89,2,437.32,874.64
9933,47,3,140.75,422.25
9934,458,3,290.04,870.1200000000001
9934,139,2,349.74,699.48
9935,121,1,143.28,143.28
9935,337,3,226.35,679.05
9936,469,3,351.84,1055.52
9936,105,3,414.79,1244.3700000000001
9936,453,2,335.96,671.92
9936,459,3,220.51,661.53
9937,409,3,98.63,295.89
9937,247,3,228.88,686.64
9937,94,3,186.09,558.27
9937,457,2,196.35,392.7
9937,344,3,138.55,415.65000000000003
9938,368,1,226.17,226.17
9938,156,1,404.58,404.58
9939,77,3,254.31,762.9300000000001
9940,269,1,183.25,183.25
9940,377,1,139.69,139.69
9940,179,2,422.57,845.14
9940,139,1,349.74,349.74
9941,123,2,187.5,375.0
9942,421,2,450.64,901.28
9942,272,3,182.96,548.88
9942,466,2,465.33,930.66
9942,410,3,227.81,683.4300000000001
9942,459,1,220.51,220.51
9943,46,2,51.28,102.56
9943,184,1,119.59,119.59
9943,409,3,98.63,295.89
9943,130,1,201.64,201.64
9943,184,2,119.59,239.18
9944,355,2,344.54,689.08
9945,304,3,282.76,848.28
9945,401,2,99.91,199.82
9945,242,2,233.81,467.62
9945,457,3,196.35,589.05
9945,495,3,239.08,717.24
9946,346,2,206.81,413.62
9947,422,3,275.45,826.3499999999999
9947,325,2,470.48,940.96
9947,313,2,181.23,362.46
9948,176,2,66.77,133.54
9948,356,3,346.58,1039.74
9948,312,3,176.2,528.5999999999999
9948,53,2,440.06,880.12
9948,61,2,118.22,236.44
9949,7,1,479.78,479.78
9950,390,1,49.86,49.86
9951,201,1,258.09,258.09
9951,314,3,78.8,236.39999999999998
9951,411,2,311.19,622.38
9952,11,1,415.63,415.63
9953,424,3,41.06,123.18
9954,119,1,120.42,120.42
9954,19,3,343.63,1030.8899999999999
9955,211,3,470.02,1410.06
9955,143,2,248.2,496.4
9955,143,3,248.2,744.5999999999999
9955,127,1,6.58,6.58
9956,164,1,158.01,158.01
9956,334,1,281.98,281.98
9956,363,1,479.64,479.64
9956,340,2,281.13,562.26
9957,365,3,373.53,1120.59
9957,282,1,463.34,463.34
9957,229,2,230.52,461.04
9957,126,3,320.91,962.73
9958,127,1,6.58,6.58
9958,330,2,434.93,869.86
9958,16,2,191.38,382.76
9959,207,1,68.25,68.25
9959,439,1,201.62,201.62
9959,462,2,153.15,306.3
9959,390,1,49.86,49.86
9960,69,2,494.8,989.6
9960,85,1,173.78,173.78
9960,139,2,349.74,699.48
9960,122,3,65.23,195.69
9960,61,3,118.22,354.65999999999997
9961,439,2,201.62,403.24
9961,35,2,14.23,28.46
9961,129,3,293.08,879.24
9962,203,1,490.13,490.13
9962,305,3,80.66,241.98
9962,50,1,347.73,347.73
9962,301,2,287.0,574.0
9963,483,3,70.53,211.59
9963,74,1,83.84,83.84
9963,434,3,379.85,1139.5500000000002
9963,263,1,168.0,168.0
9964,153,2,435.4,870.8
9964,176,1,66.77,66.77
9964,375,3,259.59,778.77
9964,227,2,413.65,827.3
9965,127,3,6.58,19.740000000000002
9966,452,2,235.45,470.9
9966,349,3,54.63,163.89000000000001
9966,450,3,245.71,737.13
9967,11,1,415.63,415.63
9968,444,2,232.11,464.22
9968,450,1,245.71,245.71
9968,195,1,280.71,280.71
9969,119,1,120.42,120.42
9970,239,3,254.23,762.6899999999999
9970,169,2,466.19,932.38
9970,143,2,248.2,496.4
9970,479,3,131.06,393.18
9970,441,1,314.36,314.36
9971,479,1,131.06,131.06
9971,41,1,314.77,314.77
9971,459,2,220.51,441.02
9971,468,3,24.15,72.44999999999999
9971,52,3,207.19,621.5699999999999
9972,190,2,387.18,774.36
9972,256,2,344.07,688.14
9973,270,3,132.23,396.68999999999994
9973,56,2,258.91,517.82
9973,356,1,346.58,346.58
9974,31,2,384.06,768.12
9974,322,1,325.9,325.9
9974,480,1,209.16,209.16
9974,382,3,65.87,197.61
9974,91,1,440.33,440.33
9975,364,3,469.93,1409.79
9975,150,2,216.59,433.18
9975,192,2,361.57,723.14
9976,198,1,209.69,209.69
9977,412,2,343.82,687.64
9977,309,2,484.02,968.04
9977,259,1,200.38,200.38
9978,195,1,280.71,280.71
9978,497,1,343.43,343.43
9978,112,2,17.77,35.54
9979,388,3,439.12,1317.3600000000001
9980,224,2,133.14,266.28
9981,120,1,480.49,480.49
9981,216,2,256.85,513.7
9982,485,3,165.35,496.04999999999995
9983,258,3,440.33,1320.99
9983,307,1,75.2,75.2
9983,496,1,341.88,341.88
9984,87,2,367.59,735.18
9984,334,2,281.98,563.96
9985,315,3,30.07,90.21000000000001
9985,297,1,225.21,225.21
9985,1,3,107.54,322.62
9985,61,3,118.22,354.65999999999997
9985,423,1,317.55,317.55
9986,232,2,478.28,956.56
9986,68,2,5.86,11.72
9987,372,1,224.89,224.89
9987,472,2,485.93,971.86
9988,447,1,156.88,156.88
9988,379,2,222.7,445.4
9988,311,1,432.8,432.8
9988,466,1,465.33,465.33
9988,449,1,209.61,209.61
9989,85,3,173.78,521.34
9989,121,3,143.28,429.84000000000003
9989,43,1,84.75,84.75
9989,362,3,110.19,330.57
9990,397,3,154.37,463.11
9990,232,1,478.28,478.28
9990,240,2,98.4,196.8
9991,428,2,48.76,97.52
9991,380,2,378.14,756.28
9992,405,2,26.88,53.76
9992,449,2,209.61,419.22
9992,62,3,403.84,1211.52
9992,181,2,369.11,738.22
9992,425,2,211.7,423.4
9993,406,2,7.55,15.1
9993,226,3,285.61,856.83
9993,106,2,422.11,844.22
9993,341,3,469.56,1408.68
9994,4,2,15.4,30.8
9994,4,1,15.4,15.4
9994,333,1,61.26,61.26
9995,294,1,159.06,159.06
9995,187,1,315.62,315.62
9995,68,2,5.86,11.72
9995,4,2,15.4,30.8
9995,139,1,349.74,349.74
9996,385,2,177.56,355.12
9997,61,1,118.22,118.22
9997,387,1,130.92,130.92
9998,398,1,182.45,182.45
9998,107,1,262.2,262.2
9998,495,2,239.08,478.16
9998,243,3,358.15,1074.4499999999998
9998,361,2,89.18,178.36
9999,430,2,379.23,758.46
10000,493,1,435.98,435.98
10000,456,3,242.56,727.6800000000001
10000,399,2,62.97,125.94
