order_id,order_date,warehouse_id,membership_type,product_id,category,num_items,total_weight,is_weekend,is_holiday,processing_time_hrs,picking_time_hrs,packing_time_hrs,shipping_time_hrs,total_fulfillment_time_hrs,on_time
1,2023-04-19,5,Business,267,Seasonal,7,19.67,0,0,4,17,5,19,45,1
2,2023-10-17,10,Business,77,Home,7,145.88,0,0,48,3,1,34,86,0
3,2023-08-08,5,Business,402,Furniture,4,5.24,0,0,38,2,3,46,89,0
4,2023-05-13,9,Executive,288,Furniture,11,99.99,1,0,41,18,12,14,85,0
5,2023-01-26,7,Gold Star,233,Clothing,1,16.03,0,0,35,19,6,12,72,0
6,2023-03-18,5,Gold Star,222,Kirkland Signature,15,318.15,1,0,8,21,7,72,108,0
7,2023-04-13,9,Executive,130,Electronics,10,237.9,0,0,48,17,7,28,100,0
8,2023-01-04,5,Executive,485,Kirkland Signature,12,163.68,0,0,28,17,3,16,64,0
9,2023-05-01,10,Gold Star,457,Clothing,15,712.2,0,0,18,3,4,19,44,1
10,2023-12-01,6,Executive,473,Appliances,9,324.45,0,0,26,12,1,24,63,0
11,2023-06-27,10,Gold Star,108,Furniture,16,584.16,0,0,14,19,10,21,64,0
12,2023-11-27,4,Gold Star,356,Kirkland Signature,6,123.6,0,0,4,7,10,22,43,1
13,2023-12-13,5,Executive,246,Clothing,16,690.56,0,0,15,1,2,6,24,1
14,2023-03-26,2,Business,445,Appliances,13,594.49,1,0,39,13,7,5,64,0
15,2023-07-28,9,Gold Star,331,Home,7,16.94,0,0,3,19,7,33,62,0
16,2023-07-08,9,Business,30,Electronics,12,117.84,1,0,39,10,10,22,81,0
17,2023-11-06,5,Business,478,Seasonal,15,339.6,0,0,43,18,12,12,85,0
18,2023-06-22,2,Executive,146,Seasonal,6,211.98,0,0,39,15,4,14,72,0
19,2023-12-12,3,Executive,112,Clothing,11,490.27,0,0,35,7,2,18,62,0
20,2023-10-26,5,Executive,70,Clothing,16,736.0,0,0,41,20,4,39,104,0
21,2023-11-12,2,Gold Star,482,Kirkland Signature,16,755.52,1,0,24,11,10,67,112,0
22,2023-03-31,2,Business,187,Furniture,8,182.96,0,0,15,20,6,22,63,0
23,2023-02-25,1,Gold Star,50,Electronics,17,571.37,1,0,15,23,2,31,71,0
24,2023-12-05,6,Gold Star,396,Electronics,20,934.6,0,0,2,16,11,54,83,0
25,2023-12-27,10,Executive,210,Appliances,13,567.45,0,0,24,5,10,16,55,0
26,2023-02-17,6,Gold Star,241,Electronics,8,216.96,0,0,33,4,4,37,78,0
27,2023-12-11,8,Gold Star,244,Electronics,15,522.15,0,0,45,6,5,21,77,0
28,2023-05-13,8,Executive,468,Grocery,12,84.96,1,0,20,1,8,57,86,0
29,2023-07-26,2,Executive,237,Grocery,3,85.02,0,0,41,7,6,14,68,0
30,2023-11-20,7,Executive,261,Seasonal,7,277.62,0,0,3,15,4,42,64,0
31,2023-02-19,10,Gold Star,32,Kirkland Signature,13,367.12,1,0,42,17,9,7,75,0
32,2023-05-19,8,Gold Star,188,Electronics,5,186.65,0,0,32,10,3,52,97,0
33,2023-12-26,1,Gold Star,473,Appliances,10,360.5,0,0,15,9,4,47,75,0
34,2023-06-22,1,Business,463,Clothing,15,287.25,0,0,9,20,12,9,50,0
35,2023-07-18,5,Executive,56,Seasonal,10,113.7,0,0,44,14,9,8,75,0
36,2023-11-07,3,Gold Star,331,Home,16,38.72,0,0,2,12,3,50,67,0
37,2023-06-18,1,Business,495,Kirkland Signature,12,557.76,1,0,4,23,7,59,93,0
38,2023-12-01,10,Gold Star,48,Seasonal,4,184.08,0,0,27,15,3,63,108,0
39,2023-02-02,1,Gold Star,49,Appliances,1,26.27,0,0,46,24,6,7,83,0
40,2023-11-19,5,Executive,34,Home,5,32.65,1,0,25,4,2,53,84,0
41,2023-02-23,9,Executive,345,Kirkland Signature,19,26.6,0,0,43,13,9,40,105,0
42,2023-10-01,8,Gold Star,329,Electronics,2,32.46,1,0,1,5,7,10,23,1
43,2023-06-18,6,Executive,312,Kirkland Signature,7,55.09,1,0,3,7,9,71,90,0
44,2023-04-23,6,Business,292,Electronics,6,34.5,1,0,40,14,8,53,115,0
45,2023-10-27,8,Executive,27,Kirkland Signature,8,360.88,0,0,10,2,8,40,60,0
46,2023-10-26,6,Executive,219,Home,2,4.2,0,0,32,5,6,20,63,0
47,2023-06-01,10,Executive,361,Kirkland Signature,10,424.8,0,0,27,16,5,9,57,0
48,2023-11-03,8,Gold Star,228,Clothing,18,692.46,0,0,27,5,7,65,104,0
49,2023-08-17,8,Executive,415,Electronics,6,198.24,0,0,6,6,11,39,62,0
50,2023-06-03,7,Executive,94,Furniture,19,325.47,1,0,42,19,2,13,76,0
51,2023-05-31,10,Business,252,Clothing,10,235.2,0,0,29,19,10,10,68,0
52,2023-12-06,6,Business,444,Kirkland Signature,18,293.4,0,0,34,10,12,46,102,0
53,2023-10-19,9,Gold Star,109,Grocery,20,691.8,0,0,14,16,9,6,45,1
54,2023-11-03,7,Business,19,Seasonal,17,638.86,0,0,17,22,3,5,47,1
55,2023-05-26,7,Business,62,Electronics,14,325.92,0,0,25,13,1,21,60,0
56,2023-06-29,1,Executive,414,Grocery,4,155.8,0,0,18,16,11,7,52,0
57,2023-10-20,2,Gold Star,447,Clothing,2,78.66,0,0,27,1,10,17,55,0
58,2023-11-01,2,Gold Star,311,Kirkland Signature,16,15.36,0,0,29,3,3,56,91,0
59,2023-01-21,2,Gold Star,135,Clothing,15,37.65,1,0,41,23,10,14,88,0
60,2023-06-16,3,Executive,309,Seasonal,17,515.44,0,0,31,6,12,9,58,0
61,2023-10-22,2,Gold Star,142,Kirkland Signature,5,205.5,1,0,24,24,3,13,64,0
62,2023-05-14,1,Gold Star,257,Grocery,16,609.76,1,0,24,21,3,32,80,0
63,2023-04-08,1,Business,250,Home,15,532.65,1,0,7,11,8,15,41,1
64,2023-03-16,8,Business,291,Kirkland Signature,19,34.77,0,0,46,12,11,14,83,0
65,2023-05-25,4,Executive,31,Seasonal,19,801.04,0,0,9,13,10,40,72,0
66,2023-09-08,7,Gold Star,183,Electronics,8,174.48,0,0,5,23,11,67,106,0
67,2023-02-07,2,Executive,125,Home,2,75.9,0,0,17,6,5,68,96,0
68,2023-03-24,6,Business,282,Seasonal,14,652.4,0,0,20,11,4,63,98,0
69,2023-08-20,1,Executive,461,Clothing,5,171.85,1,0,47,11,12,63,133,0
70,2023-01-18,4,Business,130,Electronics,5,118.95,0,0,33,20,4,63,120,0
71,2023-10-19,1,Gold Star,388,Kirkland Signature,17,120.19,0,0,3,6,6,12,27,1
72,2023-12-18,5,Business,311,Kirkland Signature,10,9.6,0,1,10,18,10,39,77,0
73,2023-08-16,10,Business,393,Clothing,11,223.41,0,0,46,22,6,32,106,0
74,2023-11-18,6,Executive,39,Seasonal,9,434.34,1,0,36,21,5,31,93,0
75,2023-02-24,3,Executive,31,Seasonal,3,126.48,0,0,32,13,9,44,98,0
76,2023-05-03,10,Executive,389,Clothing,15,511.5,0,0,47,22,6,22,97,0
77,2023-07-30,4,Gold Star,389,Clothing,6,204.6,1,0,45,11,3,2,61,0
78,2023-07-19,6,Business,210,Appliances,5,218.25,0,0,45,12,3,65,125,0
79,2023-11-30,7,Business,71,Seasonal,10,241.7,0,0,39,6,2,40,87,0
80,2023-05-22,2,Executive,219,Home,1,2.1,0,0,23,13,3,33,72,0
81,2023-11-26,9,Gold Star,386,Electronics,3,26.49,1,0,29,5,10,27,71,0
82,2023-01-31,7,Gold Star,160,Kirkland Signature,8,346.56,0,0,44,1,6,7,58,0
83,2023-10-03,2,Executive,477,Clothing,9,371.7,0,0,41,6,7,1,55,0
84,2023-08-17,3,Gold Star,69,Kirkland Signature,10,131.8,0,0,3,8,8,49,68,0
85,2023-06-22,5,Gold Star,268,Seasonal,19,423.7,0,0,21,10,6,43,80,0
86,2023-07-07,1,Gold Star,405,Seasonal,7,106.47,0,0,36,24,3,33,96,0
87,2023-09-10,6,Gold Star,429,Furniture,3,51.39,1,0,6,2,4,4,16,1
88,2023-12-06,6,Business,46,Electronics,11,126.83,0,0,40,15,7,39,101,0
89,2023-06-05,1,Business,350,Seasonal,12,148.56,0,0,29,20,1,50,100,0
90,2023-11-12,8,Gold Star,228,Clothing,4,153.88,1,0,1,6,7,5,19,1
91,2023-09-26,8,Executive,130,Electronics,7,166.53,0,0,13,10,2,49,74,0
92,2023-12-12,1,Gold Star,341,Furniture,19,891.48,0,0,5,7,5,43,60,0
93,2023-10-14,6,Gold Star,377,Grocery,7,24.92,1,0,19,23,7,1,50,0
94,2023-02-14,8,Executive,189,Home,7,349.58,0,0,22,7,7,18,54,0
95,2023-09-23,4,Executive,183,Electronics,18,392.58,1,0,23,7,12,11,53,0
96,2023-08-14,5,Gold Star,76,Kirkland Signature,20,786.8,0,0,35,8,3,30,76,0
97,2023-10-28,9,Executive,421,Grocery,11,310.75,1,0,14,8,5,1,28,1
98,2023-07-16,3,Business,12,Kirkland Signature,12,189.84,1,0,38,11,11,10,70,0
99,2023-12-21,2,Executive,431,Appliances,15,50.25,0,1,1,12,9,41,63,0
100,2023-05-09,10,Gold Star,119,Electronics,1,20.39,0,0,18,24,2,64,108,0
101,2023-03-20,7,Business,293,Clothing,19,589.38,0,0,33,12,12,48,105,0
102,2023-12-18,7,Gold Star,34,Home,20,130.6,0,1,46,7,1,62,116,0
103,2023-03-25,7,Business,205,Grocery,13,402.09,1,0,12,8,12,46,78,0
104,2023-12-15,6,Gold Star,53,Seasonal,11,482.02,0,1,15,19,10,4,48,1
105,2023-12-18,2,Executive,262,Grocery,7,235.13,0,1,34,11,7,63,115,0
106,2023-09-05,2,Executive,137,Furniture,9,422.82,0,0,27,18,5,21,71,0
107,2023-05-09,1,Business,434,Kirkland Signature,16,431.84,0,0,21,4,8,72,105,0
108,2023-02-09,1,Business,116,Electronics,3,123.57,0,0,14,24,8,7,53,0
109,2023-04-28,1,Gold Star,142,Kirkland Signature,17,698.7,0,0,13,13,10,36,72,0
110,2023-05-11,5,Executive,68,Kirkland Signature,13,468.91,0,0,40,18,1,55,114,0
111,2023-10-28,7,Gold Star,143,Home,11,422.84,1,0,46,19,9,40,114,0
112,2023-06-16,3,Business,438,Electronics,12,566.64,0,0,27,3,6,36,72,0
113,2023-02-03,1,Gold Star,130,Electronics,15,356.85,0,0,35,16,6,17,74,0
114,2023-05-28,5,Executive,253,Clothing,10,14.7,1,0,26,21,2,39,88,0
115,2023-07-27,5,Business,34,Home,19,124.07,0,0,32,10,6,41,89,0
116,2023-04-14,5,Gold Star,247,Seasonal,1,30.84,0,0,13,24,2,52,91,0
117,2023-12-09,1,Executive,476,Seasonal,8,262.56,1,0,24,24,6,29,83,0
118,2023-06-26,4,Business,341,Furniture,15,703.8,0,0,6,8,11,41,66,0
119,2023-05-20,4,Business,117,Grocery,11,363.88,1,0,27,13,2,28,70,0
120,2023-06-19,4,Gold Star,368,Grocery,4,66.2,0,0,30,13,3,13,59,0
121,2023-09-02,6,Business,31,Seasonal,18,758.88,1,0,9,4,4,38,55,0
122,2023-06-15,8,Gold Star,473,Appliances,5,180.25,0,0,9,17,11,10,47,1
123,2023-08-04,8,Executive,434,Kirkland Signature,3,80.97,0,0,47,4,10,15,76,0
124,2023-05-18,4,Executive,153,Home,3,86.94,0,0,24,1,4,2,31,1
125,2023-02-03,5,Executive,28,Electronics,11,9.46,0,0,27,9,12,17,65,0
126,2023-02-13,3,Business,104,Clothing,2,27.76,0,0,28,5,4,69,106,0
127,2023-04-22,6,Executive,189,Home,14,699.16,1,0,33,22,8,65,128,0
128,2023-06-24,6,Gold Star,261,Seasonal,15,594.9,1,0,32,7,7,42,88,0
129,2023-11-18,4,Business,472,Clothing,17,750.04,1,0,33,13,7,22,75,0
130,2023-06-14,9,Gold Star,488,Grocery,14,92.68,0,0,18,23,6,33,80,0
131,2023-12-12,8,Gold Star,70,Clothing,20,920.0,0,0,34,1,2,2,39,1
132,2023-06-27,5,Gold Star,109,Grocery,1,34.59,0,0,2,6,11,60,79,0
133,2023-05-18,9,Executive,333,Grocery,11,254.32,0,0,37,21,2,5,65,0
134,2023-05-17,4,Executive,30,Electronics,7,68.74,0,0,44,12,10,54,120,0
135,2023-07-23,6,Business,142,Kirkland Signature,3,123.3,1,0,1,4,7,43,55,0
136,2023-06-21,10,Gold Star,207,Home,13,116.74,0,0,42,5,3,58,108,0
137,2023-07-14,10,Gold Star,283,Home,7,314.02,0,0,3,4,4,31,42,1
138,2023-09-04,1,Gold Star,63,Electronics,16,517.6,0,0,23,14,5,51,93,0
139,2023-12-31,6,Executive,289,Clothing,2,31.1,1,0,4,6,10,54,74,0
140,2023-12-08,7,Executive,209,Home,12,209.04,0,0,46,7,10,62,125,0
141,2023-03-23,5,Business,500,Seasonal,20,259.4,0,0,35,2,7,70,114,0
142,2023-04-12,2,Executive,406,Seasonal,20,398.2,0,0,24,7,10,54,95,0
143,2023-05-11,6,Business,216,Appliances,14,252.28,0,0,39,4,6,5,54,0
144,2023-10-03,8,Gold Star,398,Grocery,8,313.52,0,0,41,14,10,56,121,0
145,2023-04-16,3,Gold Star,312,Kirkland Signature,14,110.18,1,0,41,22,10,39,112,0
146,2023-03-18,1,Business,70,Clothing,15,690.0,1,0,26,18,7,33,84,0
147,2023-09-04,1,Executive,230,Appliances,8,186.08,0,0,42,1,7,48,98,0
148,2023-03-26,10,Gold Star,344,Furniture,6,40.56,1,0,24,11,7,25,67,0
149,2023-08-14,5,Executive,147,Appliances,17,727.26,0,0,30,10,2,45,87,0
150,2023-01-01,2,Business,277,Furniture,7,271.39,1,0,21,1,12,44,78,0
151,2023-10-09,2,Gold Star,270,Kirkland Signature,9,375.93,0,0,17,5,1,51,74,0
152,2023-10-14,6,Gold Star,478,Seasonal,2,45.28,1,0,36,19,5,36,96,0
153,2023-04-17,4,Executive,43,Seasonal,10,425.3,0,0,14,23,2,10,49,0
154,2023-02-02,10,Executive,234,Electronics,1,42.63,0,0,45,5,7,60,117,0
155,2023-10-08,3,Executive,129,Home,4,96.28,1,0,7,14,3,43,67,0
156,2023-08-01,7,Business,355,Grocery,11,397.21,0,0,10,3,8,63,84,0
157,2023-08-07,3,Business,169,Furniture,8,220.56,0,0,16,13,6,34,69,0
158,2023-09-27,3,Gold Star,275,Furniture,12,323.28,0,0,15,4,10,31,60,0
159,2023-07-04,10,Executive,189,Home,18,898.92,0,0,38,1,10,64,113,0
160,2023-12-18,4,Executive,188,Electronics,17,634.61,0,1,13,3,1,31,48,1
161,2023-08-05,9,Gold Star,333,Grocery,12,277.44,1,0,28,21,6,47,102,0
162,2023-01-21,9,Executive,64,Electronics,8,46.64,1,0,33,3,5,23,64,0
163,2023-03-23,1,Gold Star,485,Kirkland Signature,10,136.4,0,0,35,5,7,39,86,0
164,2023-04-29,4,Gold Star,42,Home,6,108.0,1,0,12,24,10,22,68,0
165,2023-12-23,6,Gold Star,124,Electronics,11,334.18,1,1,34,19,3,25,81,0
166,2023-11-09,4,Gold Star,282,Seasonal,10,466.0,0,0,4,13,3,39,59,0
167,2023-11-30,7,Gold Star,3,Seasonal,19,716.87,0,0,35,7,9,1,52,0
168,2023-12-08,5,Business,216,Appliances,7,126.14,0,0,20,24,5,20,69,0
169,2023-08-23,6,Executive,217,Furniture,17,297.84,0,0,7,21,5,45,78,0
170,2023-10-28,10,Executive,107,Seasonal,12,171.96,1,0,48,13,8,63,132,0
171,2023-11-30,10,Executive,95,Home,14,457.8,0,0,12,21,8,7,48,1
172,2023-07-04,2,Gold Star,228,Clothing,16,615.52,0,0,20,15,3,51,89,0
173,2023-05-08,6,Business,239,Home,14,58.66,0,0,4,16,3,60,83,0
174,2023-03-17,10,Gold Star,383,Seasonal,5,170.75,0,0,32,18,3,31,84,0
175,2023-06-20,5,Business,172,Home,18,124.56,0,0,22,5,3,15,45,1
176,2023-05-24,5,Business,420,Seasonal,10,247.2,0,0,45,12,3,53,113,0
177,2023-06-03,10,Executive,141,Home,6,173.1,1,0,40,19,10,28,97,0
178,2023-01-02,3,Executive,177,Grocery,15,576.75,0,0,26,4,5,53,88,0
179,2023-09-08,5,Business,93,Kirkland Signature,4,97.24,0,0,24,24,3,60,111,0
180,2023-05-10,8,Gold Star,475,Kirkland Signature,20,287.4,0,0,31,21,10,67,129,0
181,2023-02-14,1,Gold Star,287,Grocery,10,240.3,0,0,6,9,7,46,68,0
182,2023-03-27,2,Gold Star,312,Kirkland Signature,4,31.48,0,0,40,5,11,44,100,0
183,2023-12-16,9,Executive,122,Kirkland Signature,7,255.36,1,1,18,3,6,50,77,0
184,2023-12-02,3,Executive,465,Seasonal,6,58.86,1,0,32,13,3,23,71,0
185,2023-07-09,1,Executive,217,Furniture,7,122.64,1,0,48,19,1,13,81,0
186,2023-02-26,1,Executive,133,Clothing,9,319.95,1,0,22,15,8,68,113,0
187,2023-07-18,4,Executive,122,Kirkland Signature,17,620.16,0,0,30,16,9,20,75,0
188,2023-10-19,2,Executive,416,Home,14,665.84,0,0,6,5,6,28,45,1
189,2023-11-30,6,Business,45,Clothing,19,108.68,0,0,16,6,11,30,63,0
190,2023-01-02,1,Gold Star,164,Clothing,10,365.0,0,0,39,24,7,54,124,0
191,2023-02-02,7,Gold Star,246,Clothing,6,258.96,0,0,47,17,11,11,86,0
192,2023-09-27,6,Business,280,Seasonal,2,49.94,0,0,19,3,5,69,96,0
193,2023-01-01,8,Executive,125,Home,17,645.15,1,0,11,7,12,44,74,0
194,2023-04-24,2,Business,257,Grocery,9,342.99,0,0,15,1,5,15,36,1
195,2023-02-24,9,Executive,251,Kirkland Signature,14,521.64,0,0,27,2,12,22,63,0
196,2023-04-05,8,Executive,212,Electronics,10,31.3,0,0,28,2,8,45,83,0
197,2023-08-31,9,Business,172,Home,19,131.48,0,0,25,22,4,35,86,0
198,2023-10-14,8,Business,407,Seasonal,19,175.37,1,0,36,20,11,10,77,0
199,2023-05-14,2,Gold Star,416,Home,2,95.12,1,0,48,19,4,61,132,0
200,2023-03-27,5,Business,321,Appliances,3,65.13,0,0,18,16,8,68,110,0
201,2023-01-16,10,Business,190,Appliances,5,214.4,0,0,2,2,5,22,31,1
202,2023-04-15,7,Executive,59,Grocery,18,636.66,1,0,37,1,10,17,65,0
203,2023-02-03,3,Executive,186,Electronics,20,818.6,0,0,47,5,5,11,68,0
204,2023-01-31,2,Executive,302,Seasonal,17,202.13,0,0,16,16,12,33,77,0
205,2023-05-13,6,Gold Star,230,Appliances,10,232.6,1,0,34,7,10,14,65,0
206,2023-07-09,9,Business,462,Kirkland Signature,8,251.76,1,0,39,19,11,64,133,0
207,2023-03-19,1,Gold Star,153,Home,2,57.96,1,0,18,23,11,27,79,0
208,2023-10-07,4,Gold Star,243,Kirkland Signature,1,4.12,1,0,28,11,12,22,73,0
209,2023-12-30,3,Executive,357,Kirkland Signature,18,616.14,1,0,39,22,1,31,93,0
210,2023-02-21,5,Executive,131,Furniture,14,373.8,0,0,38,13,3,61,115,0
211,2023-04-28,10,Gold Star,305,Electronics,20,984.4,0,0,26,15,3,16,60,0
212,2023-11-08,8,Business,46,Electronics,15,172.95,0,0,3,24,11,67,105,0
213,2023-08-24,8,Gold Star,300,Seasonal,2,66.76,0,0,36,23,4,15,78,0
214,2023-04-04,2,Business,492,Electronics,13,408.46,0,0,12,17,1,12,42,1
215,2023-05-20,10,Gold Star,295,Appliances,3,83.91,1,0,47,5,1,47,100,0
216,2023-04-06,6,Executive,181,Clothing,3,32.91,0,0,3,23,2,3,31,1
217,2023-10-22,8,Business,322,Furniture,5,131.45,1,0,21,1,4,37,63,0
218,2023-04-22,8,Executive,194,Furniture,19,545.87,1,0,5,6,12,36,59,0
219,2023-09-21,3,Gold Star,384,Appliances,6,63.66,0,0,9,1,5,12,27,1
220,2023-08-26,10,Business,144,Home,2,42.9,1,0,6,9,6,36,57,0
221,2023-03-08,4,Business,263,Kirkland Signature,10,253.5,0,0,34,8,9,16,67,0
222,2023-10-28,9,Executive,388,Kirkland Signature,19,134.33,1,0,2,24,12,70,108,0
223,2023-02-13,1,Business,232,Furniture,16,320.8,0,0,16,16,4,35,71,0
224,2023-11-02,5,Executive,357,Kirkland Signature,4,136.92,0,0,15,20,6,59,100,0
225,2023-08-14,6,Business,123,Clothing,4,63.84,0,0,9,6,11,28,54,0
226,2023-07-11,5,Executive,489,Electronics,7,311.57,0,0,20,20,11,46,97,0
227,2023-11-24,9,Executive,183,Electronics,6,130.86,0,0,24,17,9,58,108,0
228,2023-08-30,8,Gold Star,181,Clothing,16,175.52,0,0,20,3,12,72,107,0
229,2023-03-15,5,Executive,367,Electronics,13,349.83,0,0,12,16,10,50,88,0
230,2023-02-16,8,Executive,94,Furniture,14,239.82,0,0,16,11,9,45,81,0
231,2023-09-30,4,Gold Star,314,Seasonal,13,544.7,1,0,37,3,4,67,111,0
232,2023-05-28,6,Business,75,Appliances,3,121.14,1,0,13,19,1,29,62,0
233,2023-10-25,10,Business,144,Home,19,407.55,0,0,34,24,8,8,74,0
234,2023-07-24,9,Gold Star,322,Furniture,2,52.58,0,0,20,22,3,60,105,0
235,2023-11-22,10,Gold Star,500,Seasonal,3,38.91,0,0,35,2,2,60,99,0
236,2023-08-22,3,Business,92,Kirkland Signature,14,151.76,0,0,44,16,1,52,113,0
237,2023-08-18,9,Business,21,Appliances,7,103.88,0,0,19,20,3,52,94,0
238,2023-03-11,5,Business,397,Home,5,46.3,1,0,30,8,1,33,72,0
239,2023-08-01,7,Executive,200,Appliances,14,677.18,0,0,11,24,12,64,111,0
240,2023-04-10,9,Business,466,Home,18,55.44,0,0,48,2,8,60,118,0
241,2023-06-29,4,Business,335,Home,11,223.63,0,0,40,7,2,12,61,0
242,2023-07-04,7,Gold Star,179,Clothing,8,106.72,0,0,43,2,11,11,67,0
243,2023-08-07,5,Executive,180,Clothing,19,284.62,0,0,20,5,5,7,37,1
244,2023-11-09,7,Business,49,Appliances,15,394.05,0,0,40,17,10,2,69,0
245,2023-02-19,5,Gold Star,241,Electronics,15,406.8,1,0,1,16,1,61,79,0
246,2023-11-15,4,Executive,432,Electronics,12,521.28,0,0,18,17,9,68,112,0
247,2023-09-05,7,Business,453,Grocery,8,75.76,0,0,19,12,4,9,44,1
248,2023-11-04,3,Business,148,Kirkland Signature,18,95.4,1,0,15,3,9,68,95,0
249,2023-11-08,1,Business,116,Electronics,15,617.85,0,0,15,22,7,9,53,0
250,2023-09-20,5,Business,13,Furniture,9,193.86,0,0,19,1,12,62,94,0
251,2023-05-08,6,Executive,405,Seasonal,15,228.15,0,0,8,22,12,52,94,0
252,2023-05-22,8,Business,490,Furniture,4,137.84,0,0,23,12,8,4,47,1
253,2023-12-09,3,Business,264,Appliances,13,566.02,1,0,27,4,5,59,95,0
254,2023-07-14,2,Gold Star,167,Seasonal,5,35.35,0,0,12,7,2,72,93,0
255,2023-12-11,7,Business,300,Seasonal,16,534.08,0,0,3,14,10,62,89,0
256,2023-11-19,7,Business,43,Seasonal,2,85.06,1,0,2,9,8,13,32,1
257,2023-12-08,1,Gold Star,462,Kirkland Signature,20,629.4,0,0,25,8,10,10,53,0
258,2023-08-10,2,Gold Star,470,Kirkland Signature,14,537.18,0,0,28,4,5,23,60,0
259,2023-04-17,3,Gold Star,314,Seasonal,7,293.3,0,0,37,24,12,60,133,0
260,2023-02-08,1,Business,190,Appliances,4,171.52,0,0,22,20,4,60,106,0
261,2023-05-22,5,Business,92,Kirkland Signature,11,119.24,0,0,22,18,1,38,79,0
262,2023-09-13,1,Business,246,Clothing,18,776.88,0,0,11,10,5,42,68,0
263,2023-07-18,2,Executive,418,Kirkland Signature,8,375.04,0,0,32,13,2,67,114,0
264,2023-11-07,4,Business,164,Clothing,8,292.0,0,0,10,24,9,7,50,0
265,2023-11-12,10,Business,243,Kirkland Signature,15,61.8,1,0,2,24,4,11,41,1
266,2023-05-17,6,Executive,487,Home,3,108.18,0,0,32,16,4,39,91,0
267,2023-08-02,6,Business,443,Kirkland Signature,3,11.28,0,0,7,13,4,46,70,0
268,2023-08-23,9,Executive,490,Furniture,20,689.2,0,0,27,9,6,10,52,0
269,2023-02-04,6,Gold Star,74,Appliances,10,399.4,1,0,44,2,11,34,91,0
270,2023-02-03,8,Executive,20,Electronics,5,45.75,0,0,4,4,1,27,36,1
271,2023-08-24,10,Gold Star,333,Grocery,4,92.48,0,0,43,3,12,15,73,0
272,2023-07-14,6,Business,482,Kirkland Signature,16,755.52,0,0,3,4,7,16,30,1
273,2023-12-23,6,Executive,496,Electronics,10,189.1,1,1,45,21,2,10,78,0
274,2023-03-16,5,Executive,303,Electronics,8,163.92,0,0,42,9,6,9,66,0
275,2023-06-22,5,Gold Star,395,Electronics,10,451.8,0,0,21,12,9,23,65,0
276,2023-05-16,3,Executive,341,Furniture,10,469.2,0,0,12,6,10,59,87,0
277,2023-01-13,2,Gold Star,310,Furniture,7,9.66,0,0,29,22,11,10,72,0
278,2023-11-02,3,Executive,204,Electronics,1,10.66,0,0,7,18,1,21,47,1
279,2023-05-20,10,Business,15,Seasonal,2,98.88,1,0,40,7,12,4,63,0
280,2023-08-11,4,Executive,222,Kirkland Signature,13,275.73,0,0,26,19,10,65,120,0
281,2023-11-22,8,Gold Star,122,Kirkland Signature,6,218.88,0,0,22,6,1,28,57,0
282,2023-11-29,2,Gold Star,326,Seasonal,9,213.66,0,0,5,6,4,13,28,1
283,2023-04-09,2,Gold Star,491,Appliances,16,213.76,1,0,10,15,3,36,64,0
284,2023-11-13,1,Executive,300,Seasonal,14,467.32,0,0,23,8,2,72,105,0
285,2023-10-17,10,Business,142,Kirkland Signature,11,452.1,0,0,21,22,8,31,82,0
286,2023-12-28,7,Gold Star,458,Clothing,14,545.44,0,0,19,15,9,17,60,0
287,2023-12-05,1,Executive,422,Grocery,20,877.8,0,0,24,12,10,31,77,0
288,2023-09-03,6,Executive,103,Furniture,15,253.05,1,0,39,3,5,61,108,0
289,2023-04-28,1,Business,310,Furniture,4,5.52,0,0,40,24,2,52,118,0
290,2023-08-09,3,Business,16,Kirkland Signature,2,90.56,0,0,1,10,11,59,81,0
291,2023-09-02,8,Gold Star,167,Seasonal,18,127.26,1,0,5,12,12,37,66,0
292,2023-12-22,4,Executive,409,Furniture,12,213.0,0,1,33,7,4,66,110,0
293,2023-01-10,6,Business,184,Seasonal,15,232.65,0,0,24,5,5,65,99,0
294,2023-01-22,6,Business,78,Kirkland Signature,3,61.23,1,0,10,9,11,24,54,0
295,2023-08-27,3,Business,290,Furniture,19,19.19,1,0,34,20,4,58,116,0
296,2023-12-21,3,Gold Star,438,Electronics,2,94.44,0,1,44,20,12,42,118,0
297,2023-06-06,2,Gold Star,466,Home,14,43.12,0,0,40,12,7,39,98,0
298,2023-05-26,2,Executive,155,Appliances,17,307.02,0,0,22,17,1,55,95,0
299,2023-12-25,5,Business,421,Grocery,19,536.75,0,1,20,11,8,20,59,0
300,2023-02-09,10,Gold Star,110,Kirkland Signature,7,212.03,0,0,12,21,11,47,91,0
301,2023-12-05,6,Business,445,Appliances,1,45.73,0,0,11,9,2,65,87,0
302,2023-05-25,5,Executive,138,Furniture,15,354.45,0,0,6,7,7,31,51,0
303,2023-05-18,5,Business,473,Appliances,3,108.15,0,0,11,13,12,52,88,0
304,2023-01-16,8,Executive,244,Electronics,19,661.39,0,0,32,23,6,12,73,0
305,2023-02-26,9,Business,380,Seasonal,16,352.64,1,0,26,6,7,21,60,0
306,2023-09-15,1,Executive,421,Grocery,4,113.0,0,0,24,22,5,41,92,0
307,2023-09-13,9,Executive,335,Home,8,162.64,0,0,11,1,3,52,67,0
308,2023-02-21,4,Gold Star,252,Clothing,18,423.36,0,0,23,24,10,10,67,0
309,2023-01-12,1,Gold Star,397,Home,5,46.3,0,0,12,10,9,36,67,0
310,2023-08-15,8,Gold Star,301,Kirkland Signature,11,549.45,0,0,36,23,8,53,120,0
311,2023-05-24,3,Business,474,Electronics,15,357.3,0,0,38,18,9,38,103,0
312,2023-08-14,6,Gold Star,62,Electronics,11,256.08,0,0,1,3,3,8,15,1
313,2023-03-25,1,Business,354,Clothing,1,47.71,1,0,20,15,11,31,77,0
314,2023-02-12,9,Gold Star,15,Seasonal,17,840.48,1,0,28,18,12,54,112,0
315,2023-10-20,8,Gold Star,241,Electronics,11,298.32,0,0,22,13,8,15,58,0
316,2023-09-17,4,Executive,462,Kirkland Signature,18,566.46,1,0,24,6,6,66,102,0
317,2023-05-01,6,Executive,112,Clothing,20,891.4,0,0,17,7,7,19,50,0
318,2023-02-25,2,Executive,220,Grocery,13,50.83,1,0,10,7,1,55,73,0
319,2023-10-30,5,Business,369,Clothing,15,713.25,0,0,13,21,2,34,70,0
320,2023-09-06,7,Business,220,Grocery,17,66.47,0,0,1,18,7,68,94,0
321,2023-04-18,9,Business,185,Kirkland Signature,16,16.16,0,0,12,4,8,44,68,0
322,2023-03-13,8,Executive,302,Seasonal,17,202.13,0,0,14,18,5,64,101,0
323,2023-01-21,3,Gold Star,465,Seasonal,14,137.34,1,0,37,22,1,14,74,0
324,2023-12-10,1,Gold Star,402,Furniture,3,3.93,1,0,39,10,1,36,86,0
325,2023-08-20,6,Business,30,Electronics,6,58.92,1,0,28,23,12,19,82,0
326,2023-02-16,10,Executive,98,Home,9,382.95,0,0,29,6,9,37,81,0
327,2023-05-19,5,Business,247,Seasonal,2,61.68,0,0,15,22,2,69,108,0
328,2023-11-19,9,Business,144,Home,7,150.15,1,0,32,24,9,33,98,0
329,2023-08-20,1,Gold Star,344,Furniture,6,40.56,1,0,29,18,4,54,105,0
330,2023-03-16,6,Gold Star,404,Home,10,369.6,0,0,8,9,6,19,42,1
331,2023-02-12,9,Executive,328,Clothing,8,380.08,1,0,24,23,10,46,103,0
332,2023-05-27,7,Business,348,Home,17,736.95,1,0,33,18,1,3,55,0
333,2023-08-31,6,Executive,257,Grocery,10,381.1,0,0,13,2,1,24,40,1
334,2023-02-11,5,Executive,173,Seasonal,4,82.04,1,0,3,12,10,60,85,0
335,2023-11-29,8,Gold Star,358,Electronics,16,400.48,0,0,41,6,2,14,63,0
336,2023-10-23,2,Gold Star,46,Electronics,12,138.36,0,0,3,21,7,6,37,1
337,2023-04-28,1,Business,478,Seasonal,9,203.76,0,0,9,15,10,21,55,0
338,2023-11-18,4,Executive,89,Home,20,865.0,1,0,42,1,6,44,93,0
339,2023-06-28,1,Executive,120,Kirkland Signature,18,640.98,0,0,33,22,6,71,132,0
340,2023-03-11,4,Executive,448,Home,7,146.16,1,0,16,7,5,10,38,1
341,2023-08-01,4,Executive,270,Kirkland Signature,6,250.62,0,0,16,21,11,32,80,0
342,2023-04-12,2,Gold Star,401,Kirkland Signature,17,654.67,0,0,37,8,5,67,117,0
343,2023-01-30,3,Executive,403,Clothing,9,191.34,0,0,44,24,9,46,123,0
344,2023-12-05,2,Gold Star,73,Home,12,412.92,0,0,37,5,2,13,57,0
345,2023-05-12,3,Gold Star,255,Seasonal,15,622.5,0,0,26,4,9,72,111,0
346,2023-09-02,3,Gold Star,418,Kirkland Signature,5,234.4,1,0,15,19,9,67,110,0
347,2023-11-14,5,Gold Star,414,Grocery,15,584.25,0,0,44,12,4,59,119,0
348,2023-08-06,2,Business,130,Electronics,8,190.32,1,0,13,19,1,44,77,0
349,2023-01-17,4,Gold Star,15,Seasonal,8,395.52,0,0,10,11,5,47,73,0
350,2023-08-10,9,Executive,33,Clothing,11,427.68,0,0,17,12,2,36,67,0
351,2023-09-13,9,Executive,358,Electronics,2,50.06,0,0,6,17,7,40,70,0
352,2023-07-27,9,Gold Star,249,Furniture,18,232.2,0,0,24,17,9,31,81,0
353,2023-09-09,3,Executive,22,Clothing,2,49.06,1,0,9,5,5,37,56,0
354,2023-06-21,6,Executive,399,Clothing,6,122.58,0,0,12,8,6,35,61,0
355,2023-07-11,3,Business,270,Kirkland Signature,17,710.09,0,0,9,5,7,3,24,1
356,2023-01-15,1,Gold Star,17,Kirkland Signature,15,608.7,1,0,23,13,2,53,91,0
357,2023-06-20,6,Business,158,Furniture,14,515.2,0,0,40,13,3,17,73,0
358,2023-06-27,7,Business,229,Seasonal,17,728.28,0,0,21,21,1,65,108,0
359,2023-11-14,5,Gold Star,341,Furniture,4,187.68,0,0,42,13,6,20,81,0
360,2023-11-24,3,Executive,186,Electronics,2,81.86,0,0,39,20,10,44,113,0
361,2023-12-06,3,Gold Star,164,Clothing,19,693.5,0,0,34,3,1,52,90,0
362,2023-11-28,7,Business,72,Grocery,7,268.45,0,0,40,23,8,62,133,0
363,2023-07-18,5,Business,414,Grocery,16,623.2,0,0,25,2,9,22,58,0
364,2023-10-09,4,Gold Star,426,Home,11,353.65,0,0,3,18,2,28,51,0
365,2023-11-27,3,Executive,434,Kirkland Signature,9,242.91,0,0,3,4,10,72,89,0
366,2023-12-24,3,Business,496,Electronics,16,302.56,1,1,46,8,6,71,131,0
367,2023-11-13,1,Business,158,Furniture,6,220.8,0,0,20,16,2,1,39,1
368,2023-04-07,10,Gold Star,369,Clothing,10,475.5,0,0,26,18,12,8,64,0
369,2023-08-03,7,Gold Star,33,Clothing,6,233.28,0,0,35,17,3,18,73,0
370,2023-02-12,2,Business,316,Kirkland Signature,14,294.98,1,0,41,8,7,15,71,0
371,2023-03-14,1,Business,274,Grocery,7,343.63,0,0,12,20,5,66,103,0
372,2023-04-16,4,Executive,262,Grocery,15,503.85,1,0,17,8,8,12,45,1
373,2023-08-01,2,Executive,27,Kirkland Signature,20,902.2,0,0,16,1,9,40,66,0
374,2023-07-28,2,Business,3,Seasonal,14,528.22,0,0,25,6,3,34,68,0
375,2023-06-03,3,Executive,84,Furniture,1,20.54,1,0,30,14,8,50,102,0
376,2023-02-20,1,Gold Star,308,Appliances,12,96.48,0,0,17,24,8,46,95,0
377,2023-02-04,10,Gold Star,207,Home,3,26.94,1,0,43,15,11,25,94,0
378,2023-05-10,2,Business,446,Clothing,17,384.54,0,0,13,10,6,69,98,0
379,2023-09-01,7,Gold Star,462,Kirkland Signature,18,566.46,0,0,22,12,3,27,64,0
380,2023-08-21,4,Gold Star,429,Furniture,4,68.52,0,0,47,23,3,22,95,0
381,2023-07-28,2,Gold Star,409,Furniture,14,248.5,0,0,31,23,11,2,67,0
382,2023-06-28,6,Gold Star,466,Home,5,15.4,0,0,37,11,9,18,75,0
383,2023-03-31,9,Executive,461,Clothing,16,549.92,0,0,46,1,4,15,66,0
384,2023-08-22,10,Business,473,Appliances,19,684.95,0,0,25,20,5,35,85,0
385,2023-04-28,2,Gold Star,124,Electronics,6,182.28,0,0,2,4,10,61,77,0
386,2023-12-18,3,Business,277,Furniture,5,193.85,0,1,45,15,6,52,118,0
387,2023-03-16,1,Gold Star,310,Furniture,16,22.08,0,0,40,12,9,48,109,0
388,2023-03-11,3,Executive,495,Kirkland Signature,9,418.32,1,0,14,3,6,50,73,0
389,2023-08-30,6,Executive,130,Electronics,4,95.16,0,0,41,13,5,1,60,0
390,2023-12-19,3,Business,8,Appliances,8,39.12,0,1,25,14,9,20,68,0
391,2023-04-15,4,Executive,87,Clothing,6,61.38,1,0,11,18,10,8,47,1
392,2023-05-03,5,Gold Star,31,Seasonal,20,843.2,0,0,22,11,10,28,71,0
393,2023-01-06,8,Business,424,Clothing,17,11.73,0,0,42,19,10,7,78,0
394,2023-01-01,6,Gold Star,329,Electronics,1,16.23,1,0,2,14,11,66,93,0
395,2023-09-10,9,Business,97,Appliances,4,197.28,1,0,15,17,9,52,93,0
396,2023-04-30,1,Executive,95,Home,20,654.0,1,0,40,24,6,2,72,0
397,2023-10-04,3,Business,434,Kirkland Signature,9,242.91,0,0,3,16,2,62,83,0
398,2023-03-29,2,Business,349,Home,14,484.82,0,0,36,19,3,71,129,0
399,2023-04-09,4,Executive,255,Seasonal,8,332.0,1,0,3,15,3,36,57,0
400,2023-03-24,4,Gold Star,162,Kirkland Signature,6,139.5,0,0,8,10,10,47,75,0
401,2023-11-02,10,Gold Star,26,Electronics,9,258.03,0,0,29,19,8,47,103,0
402,2023-10-06,2,Gold Star,4,Furniture,18,199.62,0,0,23,4,4,37,68,0
403,2023-06-07,9,Executive,290,Furniture,15,15.15,0,0,26,8,6,71,111,0
404,2023-04-19,2,Executive,469,Kirkland Signature,16,417.6,0,0,8,7,11,33,59,0
405,2023-10-18,4,Business,240,Home,18,445.5,0,0,36,8,7,14,65,0
406,2023-05-16,2,Executive,4,Furniture,16,177.44,0,0,22,5,3,32,62,0
407,2023-02-05,9,Executive,456,Grocery,11,245.74,1,0,47,20,9,30,106,0
408,2023-09-01,3,Executive,333,Grocery,4,92.48,0,0,37,12,5,34,88,0
409,2023-07-27,4,Business,392,Seasonal,19,125.21,0,0,21,6,6,58,91,0
410,2023-04-16,4,Gold Star,55,Clothing,15,678.45,1,0,17,20,8,61,106,0
411,2023-03-22,10,Gold Star,110,Kirkland Signature,3,90.87,0,0,48,4,9,20,81,0
412,2023-10-09,7,Business,121,Electronics,16,661.12,0,0,44,13,6,70,133,0
413,2023-05-03,10,Gold Star,401,Kirkland Signature,20,770.2,0,0,31,14,9,58,112,0
414,2023-04-06,2,Business,9,Kirkland Signature,19,896.23,0,0,20,18,3,6,47,1
415,2023-08-01,7,Business,446,Clothing,12,271.44,0,0,19,1,8,38,66,0
416,2023-12-21,10,Executive,335,Home,8,162.64,0,1,14,14,6,21,55,0
417,2023-04-18,10,Executive,382,Home,18,714.78,0,0,45,13,3,47,108,0
418,2023-05-27,7,Executive,41,Electronics,12,503.28,1,0,1,17,5,27,50,0
419,2023-02-23,2,Business,241,Electronics,14,379.68,0,0,22,15,7,6,50,0
420,2023-04-25,6,Gold Star,264,Appliances,19,827.26,0,0,8,18,11,23,60,0
421,2023-10-13,9,Gold Star,324,Seasonal,3,56.16,0,0,36,15,8,7,66,0
422,2023-08-09,4,Business,170,Kirkland Signature,10,340.7,0,0,37,19,1,18,75,0
423,2023-05-07,3,Gold Star,52,Electronics,3,142.77,1,0,4,14,5,10,33,1
424,2023-06-21,3,Gold Star,148,Kirkland Signature,1,5.3,0,0,11,11,12,13,47,1
425,2023-08-03,4,Gold Star,487,Home,4,144.24,0,0,5,3,9,16,33,1
426,2023-06-05,6,Gold Star,231,Seasonal,10,47.9,0,0,20,16,2,14,52,0
427,2023-02-15,8,Gold Star,15,Seasonal,18,889.92,0,0,7,22,6,23,58,0
428,2023-03-09,6,Gold Star,110,Kirkland Signature,12,363.48,0,0,48,12,8,29,97,0
429,2023-01-31,1,Business,219,Home,12,25.2,0,0,1,5,3,64,73,0
430,2023-11-23,5,Business,249,Furniture,1,12.9,0,0,6,9,2,18,35,1
431,2023-12-09,9,Business,286,Electronics,16,623.84,1,0,45,12,6,54,117,0
432,2023-01-09,7,Executive,9,Kirkland Signature,9,424.53,0,0,7,1,4,14,26,1
433,2023-12-16,4,Gold Star,255,Seasonal,10,415.0,1,1,26,9,3,6,44,1
434,2023-01-13,10,Executive,165,Appliances,2,95.06,0,0,30,8,12,2,52,0
435,2023-05-14,9,Gold Star,426,Home,12,385.8,1,0,36,2,3,42,83,0
436,2023-09-04,10,Gold Star,475,Kirkland Signature,5,71.85,0,0,18,19,1,72,110,0
437,2023-11-15,2,Gold Star,27,Kirkland Signature,2,90.22,0,0,20,4,8,66,98,0
438,2023-11-03,8,Executive,3,Seasonal,3,113.19,0,0,35,6,9,50,100,0
439,2023-03-19,2,Executive,432,Electronics,13,564.72,1,0,18,12,2,56,88,0
440,2023-05-08,8,Executive,342,Grocery,5,152.05,0,0,33,12,4,63,112,0
441,2023-10-28,1,Gold Star,386,Electronics,3,26.49,1,0,33,23,11,72,139,0
442,2023-04-12,8,Gold Star,238,Kirkland Signature,9,100.89,0,0,38,6,3,29,76,0
443,2023-12-10,6,Gold Star,211,Kirkland Signature,16,315.36,1,0,44,17,6,17,84,0
444,2023-01-31,10,Gold Star,121,Electronics,5,206.6,0,0,21,19,7,35,82,0
445,2023-09-21,4,Business,14,Home,7,232.4,0,0,12,11,5,53,81,0
446,2023-01-20,9,Business,237,Grocery,8,226.72,0,0,9,6,5,6,26,1
447,2023-12-27,3,Executive,449,Appliances,16,525.12,0,0,14,22,4,47,87,0
448,2023-12-23,9,Executive,432,Electronics,1,43.44,1,1,23,1,12,45,81,0
449,2023-12-21,5,Executive,463,Clothing,7,134.05,0,1,8,2,9,3,22,1
450,2023-11-02,2,Business,304,Furniture,2,63.68,0,0,4,23,1,14,42,1
451,2023-10-07,1,Business,407,Seasonal,8,73.84,1,0,38,16,8,22,84,0
452,2023-04-14,5,Executive,114,Appliances,15,699.75,0,0,8,23,5,27,63,0
453,2023-09-20,2,Gold Star,493,Clothing,15,332.55,0,0,27,17,5,36,85,0
454,2023-12-15,3,Business,259,Furniture,19,717.63,0,1,5,4,2,63,74,0
455,2023-04-16,3,Executive,185,Kirkland Signature,20,20.2,1,0,38,2,2,68,110,0
456,2023-05-15,1,Business,458,Clothing,2,77.92,0,0,10,19,8,61,98,0
457,2023-08-22,5,Gold Star,109,Grocery,13,449.67,0,0,17,22,6,60,105,0
458,2023-10-08,3,Gold Star,89,Home,1,43.25,1,0,30,19,7,25,81,0
459,2023-12-11,10,Gold Star,237,Grocery,10,283.4,0,0,45,7,8,30,90,0
460,2023-05-31,8,Business,365,Furniture,14,54.18,0,0,22,20,12,35,89,0
461,2023-09-16,5,Gold Star,100,Electronics,20,557.2,1,0,39,14,3,71,127,0
462,2023-07-24,5,Executive,351,Electronics,12,352.44,0,0,38,17,1,30,86,0
463,2023-02-03,8,Gold Star,340,Furniture,17,409.7,0,0,31,15,2,38,86,0
464,2023-02-20,5,Executive,184,Seasonal,14,217.14,0,0,26,20,2,33,81,0
465,2023-03-27,5,Executive,440,Furniture,3,116.28,0,0,16,17,9,21,63,0
466,2023-05-31,1,Business,323,Electronics,1,42.77,0,0,33,20,1,66,120,0
467,2023-12-15,10,Gold Star,425,Appliances,15,396.9,0,1,38,23,4,11,76,0
468,2023-09-02,9,Business,14,Home,8,265.6,1,0,35,8,12,4,59,0
469,2023-09-12,2,Gold Star,337,Seasonal,13,13.91,0,0,1,20,12,33,66,0
470,2023-12-31,5,Gold Star,409,Furniture,11,195.25,1,0,4,11,8,46,69,0
471,2023-08-09,7,Gold Star,146,Seasonal,4,141.32,0,0,1,20,1,15,37,1
472,2023-11-24,5,Business,86,Kirkland Signature,14,345.24,0,0,41,15,10,6,72,0
473,2023-03-24,5,Gold Star,69,Kirkland Signature,20,263.6,0,0,11,24,1,20,56,0
474,2023-03-29,5,Business,277,Furniture,18,697.86,0,0,33,3,5,33,74,0
475,2023-07-20,1,Business,336,Electronics,6,271.62,0,0,44,7,4,13,68,0
476,2023-08-01,10,Executive,44,Appliances,10,213.3,0,0,14,10,12,56,92,0
477,2023-09-06,2,Business,74,Appliances,13,519.22,0,0,47,5,9,64,125,0
478,2023-08-10,3,Gold Star,206,Furniture,14,632.1,0,0,24,14,4,64,106,0
479,2023-01-19,9,Executive,21,Appliances,5,74.2,0,0,47,24,11,55,137,0
480,2023-03-05,9,Gold Star,221,Clothing,4,156.6,1,0,4,15,6,56,81,0
481,2023-04-27,10,Executive,336,Electronics,5,226.35,0,0,20,20,3,35,78,0
482,2023-08-29,6,Business,486,Clothing,9,316.08,0,0,12,12,10,31,65,0
483,2023-07-08,3,Business,132,Appliances,12,25.08,1,0,22,18,5,65,110,0
484,2023-05-29,10,Business,130,Electronics,7,166.53,0,0,37,11,11,6,65,0
485,2023-01-30,1,Executive,182,Furniture,9,114.84,0,0,26,20,6,63,115,0
486,2023-12-16,4,Executive,264,Appliances,4,174.16,1,1,12,16,5,49,82,0
487,2023-01-05,3,Business,145,Grocery,17,161.5,0,0,38,5,9,17,69,0
488,2023-09-30,10,Gold Star,113,Clothing,10,130.4,1,0,42,9,10,61,122,0
489,2023-08-30,6,Executive,201,Grocery,20,82.8,0,0,19,21,9,40,89,0
490,2023-04-12,9,Gold Star,390,Seasonal,1,48.01,0,0,35,15,3,19,72,0
491,2023-11-18,4,Business,455,Grocery,8,266.96,1,0,47,16,10,5,78,0
492,2023-01-30,3,Executive,30,Electronics,2,19.64,0,0,18,14,4,1,37,1
493,2023-02-11,10,Business,53,Seasonal,19,832.58,1,0,19,17,10,24,70,0
494,2023-11-26,4,Gold Star,118,Furniture,1,13.29,1,0,9,4,6,10,29,1
495,2023-03-15,5,Executive,214,Clothing,9,396.54,0,0,19,14,12,22,67,0
496,2023-01-07,4,Business,3,Seasonal,12,452.76,1,0,11,11,12,63,97,0
497,2023-11-23,8,Executive,102,Grocery,19,128.06,0,0,27,15,7,44,93,0
498,2023-03-04,4,Gold Star,310,Furniture,15,20.7,1,0,34,7,11,40,92,0
499,2023-05-29,8,Business,428,Grocery,10,348.0,0,0,13,19,7,32,71,0
500,2023-01-12,1,Business,90,Seasonal,8,260.08,0,0,22,10,12,50,94,0
501,2023-07-03,7,Business,315,Home,14,72.24,0,0,19,17,5,43,84,0
502,2023-02-11,2,Gold Star,477,Clothing,14,578.2,1,0,6,4,6,11,27,1
503,2023-02-15,10,Business,342,Grocery,13,395.33,0,0,5,3,11,10,29,1
504,2023-02-10,5,Business,416,Home,18,856.08,0,0,45,5,7,7,64,0
505,2023-09-14,4,Executive,334,Clothing,18,489.42,0,0,14,8,1,4,27,1
506,2023-02-17,10,Gold Star,218,Seasonal,8,219.52,0,0,16,18,5,53,92,0
507,2023-08-20,7,Executive,64,Electronics,8,46.64,1,0,14,7,6,50,77,0
508,2023-11-06,2,Executive,443,Kirkland Signature,13,48.88,0,0,3,22,6,8,39,1
509,2023-06-05,8,Business,461,Clothing,4,137.48,0,0,12,12,7,7,38,1
510,2023-05-17,5,Business,395,Electronics,20,903.6,0,0,26,11,8,49,94,0
511,2023-05-12,10,Executive,251,Kirkland Signature,2,74.52,0,0,10,13,12,41,76,0
512,2023-03-24,3,Executive,415,Electronics,6,198.24,0,0,23,20,3,66,112,0
513,2023-07-16,8,Executive,19,Seasonal,17,638.86,1,0,33,13,10,52,108,0
514,2023-10-31,4,Business,247,Seasonal,6,185.04,0,0,30,17,10,52,109,0
515,2023-10-09,10,Business,52,Electronics,17,809.03,0,0,31,20,12,29,92,0
516,2023-01-09,6,Executive,45,Clothing,18,102.96,0,0,26,16,9,16,67,0
517,2023-12-20,8,Gold Star,105,Furniture,4,43.6,0,1,41,23,8,26,98,0
518,2023-05-06,2,Gold Star,370,Electronics,6,228.96,1,0,12,20,10,46,88,0
519,2023-12-02,1,Business,373,Seasonal,4,121.92,1,0,13,13,6,39,71,0
520,2023-02-24,3,Gold Star,268,Seasonal,5,111.5,0,0,15,7,8,71,101,0
521,2023-09-29,8,Gold Star,415,Electronics,7,231.28,0,0,18,3,9,21,51,0
522,2023-03-10,4,Business,461,Clothing,2,68.74,0,0,30,20,7,23,80,0
523,2023-12-25,10,Gold Star,455,Grocery,18,600.66,0,1,37,14,4,56,111,0
524,2023-10-04,6,Gold Star,381,Grocery,20,764.2,0,0,34,8,10,8,60,0
525,2023-06-09,4,Business,101,Appliances,15,568.65,0,0,35,10,4,8,57,0
526,2023-07-09,8,Gold Star,126,Furniture,20,654.2,1,0,38,24,4,66,132,0
527,2023-04-05,9,Gold Star,5,Furniture,8,46.56,0,0,3,5,1,9,18,1
528,2023-12-31,3,Business,479,Appliances,19,431.3,1,0,39,8,8,69,124,0
529,2023-03-15,10,Business,495,Kirkland Signature,6,278.88,0,0,12,6,12,16,46,1
530,2023-07-15,4,Business,124,Electronics,9,273.42,1,0,17,8,2,7,34,1
531,2023-04-14,5,Gold Star,435,Electronics,3,54.33,0,0,24,6,10,64,104,0
532,2023-12-14,2,Business,187,Furniture,7,160.09,0,0,22,14,3,8,47,1
533,2023-11-04,3,Gold Star,167,Seasonal,12,84.84,1,0,32,5,4,47,88,0
534,2023-10-04,10,Business,305,Electronics,16,787.52,0,0,42,21,7,7,77,0
535,2023-10-26,1,Gold Star,93,Kirkland Signature,20,486.2,0,0,8,4,3,63,78,0
536,2023-02-23,4,Business,19,Seasonal,14,526.12,0,0,7,13,8,37,65,0
537,2023-11-20,1,Business,185,Kirkland Signature,10,10.1,0,0,12,23,3,21,59,0
538,2023-11-28,8,Gold Star,151,Appliances,10,402.8,0,0,3,10,1,54,68,0
539,2023-05-21,1,Gold Star,320,Clothing,3,51.33,1,0,19,15,5,20,59,0
540,2023-04-17,7,Gold Star,10,Furniture,8,137.52,0,0,36,19,5,57,117,0
541,2023-07-12,6,Executive,171,Electronics,4,142.4,0,0,30,16,11,31,88,0
542,2023-04-19,4,Gold Star,494,Kirkland Signature,19,510.91,0,0,24,8,7,69,108,0
543,2023-12-25,3,Gold Star,282,Seasonal,7,326.2,0,1,10,17,1,23,51,0
544,2023-07-13,7,Business,451,Appliances,19,220.4,0,0,42,23,8,71,144,0
545,2023-09-28,5,Business,119,Electronics,6,122.34,0,0,29,1,8,48,86,0
546,2023-06-14,9,Business,43,Seasonal,15,637.95,0,0,43,2,9,37,91,0
547,2023-05-03,5,Executive,213,Grocery,5,127.8,0,0,43,4,7,41,95,0
548,2023-03-09,5,Executive,149,Kirkland Signature,6,99.18,0,0,12,3,3,68,86,0
549,2023-09-17,9,Gold Star,411,Kirkland Signature,9,310.32,1,0,3,7,7,6,23,1
550,2023-10-12,4,Business,248,Seasonal,17,539.58,0,0,12,7,10,29,58,0
551,2023-08-02,10,Gold Star,100,Electronics,18,501.48,0,0,24,4,1,69,98,0
552,2023-03-30,9,Gold Star,282,Seasonal,13,605.8,0,0,14,10,11,3,38,1
553,2023-08-18,10,Executive,66,Kirkland Signature,11,50.38,0,0,7,17,8,42,74,0
554,2023-06-20,8,Executive,85,Seasonal,18,877.14,0,0,48,22,5,17,92,0
555,2023-09-25,7,Business,150,Appliances,16,58.56,0,0,8,12,10,71,101,0
556,2023-11-06,8,Business,314,Seasonal,16,670.4,0,0,18,11,7,66,102,0
557,2023-02-06,4,Gold Star,481,Clothing,14,258.72,0,0,38,21,10,61,130,0
558,2023-11-09,8,Business,387,Grocery,8,42.32,0,0,1,4,4,34,43,1
559,2023-08-30,3,Executive,282,Seasonal,19,885.4,0,0,1,14,3,34,52,0
560,2023-09-23,5,Executive,87,Clothing,20,204.6,1,0,30,12,10,27,79,0
561,2023-06-26,5,Executive,153,Home,17,492.66,0,0,44,3,12,44,103,0
562,2023-02-26,3,Business,71,Seasonal,14,338.38,1,0,39,4,5,31,79,0
563,2023-01-21,8,Executive,205,Grocery,3,92.79,1,0,38,1,10,8,57,0
564,2023-09-08,7,Gold Star,275,Furniture,1,26.94,0,0,45,3,7,59,114,0
565,2023-06-08,1,Business,304,Furniture,16,509.44,0,0,16,19,5,19,59,0
566,2023-01-07,4,Business,482,Kirkland Signature,13,613.86,1,0,40,23,9,38,110,0
567,2023-09-12,8,Executive,464,Clothing,13,458.9,0,0,17,23,5,18,63,0
568,2023-10-11,7,Executive,289,Clothing,10,155.5,0,0,37,19,12,13,81,0
569,2023-06-15,1,Business,339,Appliances,6,267.18,0,0,19,1,5,27,52,0
570,2023-01-24,5,Business,132,Appliances,10,20.9,0,0,28,22,7,26,83,0
571,2023-05-19,8,Business,35,Clothing,11,312.62,0,0,7,8,9,19,43,1
572,2023-12-12,10,Executive,319,Seasonal,1,26.58,0,0,14,12,12,71,109,0
573,2023-08-13,1,Executive,86,Kirkland Signature,8,197.28,1,0,45,18,11,25,99,0
574,2023-01-15,9,Gold Star,155,Appliances,12,216.72,1,0,35,21,8,54,118,0
575,2023-02-10,2,Business,93,Kirkland Signature,20,486.2,0,0,24,6,1,45,76,0
576,2023-10-05,6,Gold Star,245,Appliances,13,567.45,0,0,30,12,10,59,111,0
577,2023-06-23,6,Executive,340,Furniture,13,313.3,0,0,22,20,12,39,93,0
578,2023-07-23,10,Business,42,Home,6,108.0,1,0,25,11,5,61,102,0
579,2023-04-30,7,Gold Star,380,Seasonal,11,242.44,1,0,24,8,8,28,68,0
580,2023-05-21,9,Executive,41,Electronics,14,587.16,1,0,48,6,5,11,70,0
581,2023-09-23,9,Executive,451,Appliances,8,92.8,1,0,30,17,8,7,62,0
582,2023-03-29,1,Business,421,Grocery,20,565.0,0,0,9,15,4,19,47,1
583,2023-10-05,2,Gold Star,100,Electronics,1,27.86,0,0,35,4,11,3,53,0
584,2023-09-30,5,Business,160,Kirkland Signature,6,259.92,1,0,36,8,2,60,106,0
585,2023-09-16,7,Business,36,Home,7,119.42,1,0,25,6,11,55,97,0
586,2023-10-11,9,Business,494,Kirkland Signature,15,403.35,0,0,32,15,9,31,87,0
587,2023-01-11,9,Business,19,Seasonal,1,37.58,0,0,3,24,4,60,91,0
588,2023-07-04,9,Gold Star,220,Grocery,3,11.73,0,0,11,1,11,36,59,0
589,2023-10-09,7,Executive,164,Clothing,2,73.0,0,0,33,9,7,62,111,0
590,2023-07-16,4,Gold Star,357,Kirkland Signature,8,273.84,1,0,18,7,12,57,94,0
591,2023-07-05,7,Business,31,Seasonal,9,379.44,0,0,44,10,5,30,89,0
592,2023-07-12,8,Gold Star,263,Kirkland Signature,13,329.55,0,0,43,23,7,40,113,0
593,2023-06-21,8,Executive,68,Kirkland Signature,5,180.35,0,0,31,3,4,5,43,1
594,2023-09-11,7,Executive,370,Electronics,16,610.56,0,0,37,3,11,60,111,0
595,2023-05-01,5,Business,153,Home,8,231.84,0,0,3,12,1,8,24,1
596,2023-02-19,7,Executive,477,Clothing,4,165.2,1,0,21,5,5,42,73,0
597,2023-07-26,1,Executive,319,Seasonal,19,505.02,0,0,19,8,4,45,76,0
598,2023-06-14,7,Executive,474,Electronics,15,357.3,0,0,42,7,6,63,118,0
599,2023-01-06,8,Business,272,Grocery,1,24.99,0,0,24,20,12,11,67,0
600,2023-04-29,2,Gold Star,74,Appliances,16,639.04,1,0,24,19,6,33,82,0
601,2023-11-02,7,Executive,245,Appliances,9,392.85,0,0,8,18,12,72,110,0
602,2023-08-20,4,Executive,70,Clothing,18,828.0,1,0,25,2,12,2,41,1
603,2023-05-04,2,Gold Star,107,Seasonal,4,57.32,0,0,5,15,12,31,63,0
604,2023-03-01,8,Gold Star,52,Electronics,19,904.21,0,0,20,1,2,31,54,0
605,2023-10-13,8,Executive,104,Clothing,14,194.32,0,0,46,20,10,61,137,0
606,2023-11-16,10,Business,124,Electronics,17,516.46,0,0,22,20,2,45,89,0
607,2023-11-05,5,Gold Star,473,Appliances,10,360.5,1,0,25,14,11,30,80,0
608,2023-06-11,7,Gold Star,170,Kirkland Signature,3,102.21,1,0,12,19,5,23,59,0
609,2023-05-25,6,Business,169,Furniture,19,523.83,0,0,15,19,11,66,111,0
610,2023-10-11,10,Business,158,Furniture,5,184.0,0,0,33,14,9,31,87,0
611,2023-09-11,8,Business,409,Furniture,2,35.5,0,0,5,23,4,55,87,0
612,2023-01-15,1,Business,158,Furniture,17,625.6,1,0,34,15,3,22,74,0
613,2023-08-20,2,Executive,149,Kirkland Signature,16,264.48,1,0,18,21,7,38,84,0
614,2023-12-07,10,Executive,10,Furniture,4,68.76,0,0,12,22,9,45,88,0
615,2023-09-04,3,Business,282,Seasonal,7,326.2,0,0,5,24,5,14,48,1
616,2023-09-23,6,Gold Star,54,Appliances,16,268.48,1,0,35,2,12,34,83,0
617,2023-01-01,2,Executive,14,Home,9,298.8,1,0,46,15,6,37,104,0
618,2023-06-19,5,Executive,143,Home,7,269.08,0,0,41,6,10,58,115,0
619,2023-11-06,9,Business,2,Appliances,10,256.5,0,0,2,21,2,8,33,1
620,2023-01-18,10,Executive,440,Furniture,19,736.44,0,0,38,1,5,70,114,0
621,2023-09-13,6,Business,92,Kirkland Signature,15,162.6,0,0,20,23,7,29,79,0
622,2023-01-08,6,Gold Star,350,Seasonal,8,99.04,1,0,2,21,6,32,61,0
623,2023-03-26,3,Executive,298,Appliances,7,165.2,1,0,3,15,9,58,85,0
624,2023-09-21,8,Gold Star,196,Seasonal,16,622.72,0,0,29,12,9,28,78,0
625,2023-10-10,6,Executive,278,Home,2,84.86,0,0,29,17,5,8,59,0
626,2023-05-29,2,Business,433,Appliances,14,186.06,0,0,32,21,4,34,91,0
627,2023-04-29,8,Gold Star,390,Seasonal,9,432.09,1,0,13,13,12,13,51,0
628,2023-03-23,1,Business,96,Seasonal,8,186.8,0,0,33,3,8,60,104,0
629,2023-07-07,1,Gold Star,180,Clothing,11,164.78,0,0,15,3,7,49,74,0
630,2023-07-17,4,Gold Star,216,Appliances,18,324.36,0,0,43,8,7,32,90,0
631,2023-07-02,1,Gold Star,432,Electronics,9,390.96,1,0,1,12,2,71,86,0
632,2023-03-15,4,Gold Star,377,Grocery,19,67.64,0,0,3,24,1,29,57,0
633,2023-05-05,4,Business,445,Appliances,1,45.73,0,0,8,10,11,4,33,1
634,2023-04-09,7,Business,411,Kirkland Signature,7,241.36,1,0,16,8,3,69,96,0
635,2023-06-09,5,Gold Star,78,Kirkland Signature,14,285.74,0,0,13,24,5,27,69,0
636,2023-09-18,7,Business,88,Grocery,17,97.24,0,0,9,21,4,45,79,0
637,2023-10-10,6,Business,328,Clothing,13,617.63,0,0,9,10,11,22,52,0
638,2023-12-29,4,Business,23,Kirkland Signature,1,8.33,0,0,34,8,2,22,66,0
639,2023-04-13,5,Gold Star,257,Grocery,11,419.21,0,0,3,10,7,24,44,1
640,2023-12-11,8,Gold Star,254,Seasonal,12,72.24,0,0,5,23,9,24,61,0
641,2023-08-22,3,Executive,66,Kirkland Signature,6,27.48,0,0,26,11,11,5,53,0
642,2023-05-20,9,Gold Star,274,Grocery,10,490.9,1,0,9,17,8,13,47,1
643,2023-11-29,10,Gold Star,183,Electronics,19,414.39,0,0,35,17,1,17,70,0
644,2023-02-08,1,Gold Star,42,Home,20,360.0,0,0,35,5,3,16,59,0
645,2023-08-21,5,Business,335,Home,4,81.32,0,0,6,3,3,36,48,1
646,2023-12-23,7,Gold Star,392,Seasonal,14,92.26,1,1,27,20,5,67,119,0
647,2023-07-30,3,Gold Star,73,Home,7,240.87,1,0,42,23,5,30,100,0
648,2023-12-05,3,Business,168,Kirkland Signature,19,748.22,0,0,33,24,12,54,123,0
649,2023-08-16,4,Business,457,Clothing,18,854.64,0,0,6,17,4,26,53,0
650,2023-07-15,7,Gold Star,67,Clothing,11,158.07,1,0,44,12,3,70,129,0
651,2023-11-18,5,Executive,481,Clothing,12,221.76,1,0,45,4,4,18,71,0
652,2023-02-05,8,Business,160,Kirkland Signature,1,43.32,1,0,35,15,6,48,104,0
653,2023-12-31,6,Gold Star,496,Electronics,11,208.01,1,0,26,3,7,44,80,0
654,2023-07-29,3,Business,472,Clothing,8,352.96,1,0,6,20,10,46,82,0
655,2023-04-19,8,Gold Star,139,Electronics,7,320.95,0,0,35,21,12,72,140,0
656,2023-11-23,3,Business,156,Seasonal,8,343.28,0,0,15,5,9,59,88,0
657,2023-05-22,7,Business,173,Seasonal,2,41.02,0,0,15,21,2,3,41,1
658,2023-12-20,9,Gold Star,29,Clothing,6,269.04,0,1,39,24,5,17,85,0
659,2023-10-15,2,Gold Star,273,Home,9,62.73,1,0,8,19,7,8,42,1
660,2023-10-31,9,Gold Star,18,Appliances,7,21.91,0,0,11,9,1,30,51,0
661,2023-08-15,8,Business,147,Appliances,12,513.36,0,0,4,8,6,18,36,1
662,2023-04-21,7,Business,194,Furniture,7,201.11,0,0,46,17,7,60,130,0
663,2023-07-15,6,Executive,476,Seasonal,4,131.28,1,0,13,6,7,50,76,0
664,2023-06-09,9,Gold Star,82,Home,3,20.58,0,0,19,9,12,1,41,1
665,2023-05-23,7,Gold Star,54,Appliances,13,218.14,0,0,26,22,6,40,94,0
666,2023-08-18,9,Business,61,Appliances,6,9.54,0,0,34,18,6,50,108,0
667,2023-03-13,2,Gold Star,100,Electronics,14,390.04,0,0,42,15,4,25,86,0
668,2023-06-10,9,Executive,150,Appliances,12,43.92,1,0,46,13,3,58,120,0
669,2023-12-01,8,Executive,406,Seasonal,5,99.55,0,0,19,5,6,47,77,0
670,2023-11-29,5,Gold Star,463,Clothing,19,363.85,0,0,35,8,9,7,59,0
671,2023-12-11,7,Business,291,Kirkland Signature,8,14.64,0,0,1,17,6,30,54,0
672,2023-07-14,3,Gold Star,35,Clothing,6,170.52,0,0,35,22,9,53,119,0
673,2023-12-07,5,Gold Star,120,Kirkland Signature,9,320.49,0,0,12,6,12,24,54,0
674,2023-08-13,8,Business,315,Home,9,46.44,1,0,30,13,7,3,53,0
675,2023-06-02,6,Business,134,Appliances,9,77.67,0,0,4,22,3,14,43,1
676,2023-02-17,4,Executive,480,Grocery,8,113.44,0,0,35,13,5,29,82,0
677,2023-07-04,7,Gold Star,374,Kirkland Signature,10,264.4,0,0,48,15,6,45,114,0
678,2023-02-21,3,Gold Star,242,Electronics,12,390.0,0,0,14,4,9,63,90,0
679,2023-05-13,4,Gold Star,72,Grocery,17,651.95,1,0,33,19,7,47,106,0
680,2023-01-31,7,Gold Star,300,Seasonal,5,166.9,0,0,23,12,7,28,70,0
681,2023-06-25,10,Executive,125,Home,16,607.2,1,0,34,14,11,47,106,0
682,2023-06-25,8,Executive,77,Home,6,125.04,1,0,22,6,5,54,87,0
683,2023-01-19,1,Gold Star,263,Kirkland Signature,6,152.1,0,0,40,6,8,20,74,0
684,2023-09-10,9,Executive,202,Furniture,19,429.97,1,0,15,23,10,1,49,0
685,2023-11-07,6,Business,303,Electronics,9,184.41,0,0,9,18,3,11,41,1
686,2023-01-16,4,Gold Star,29,Clothing,18,807.12,0,0,43,9,8,56,116,0
687,2023-11-12,10,Gold Star,356,Kirkland Signature,14,288.4,1,0,40,16,2,31,89,0
688,2023-03-31,6,Gold Star,202,Furniture,7,158.41,0,0,44,2,10,40,96,0
689,2023-01-27,2,Gold Star,377,Grocery,5,17.8,0,0,21,20,6,22,69,0
690,2023-09-22,10,Business,114,Appliances,14,653.1,0,0,9,16,7,67,99,0
691,2023-11-13,8,Executive,24,Clothing,13,575.51,0,0,30,4,12,57,103,0
692,2023-04-10,7,Gold Star,220,Grocery,17,66.47,0,0,28,14,1,24,67,0
693,2023-12-18,5,Executive,227,Clothing,14,454.72,0,1,5,20,5,36,66,0
694,2023-03-04,2,Gold Star,160,Kirkland Signature,19,823.08,1,0,28,2,9,51,90,0
695,2023-09-16,2,Gold Star,381,Grocery,5,191.05,1,0,35,9,1,35,80,0
696,2023-06-20,3,Business,381,Grocery,20,764.2,0,0,22,2,1,41,66,0
697,2023-09-03,6,Executive,354,Clothing,15,715.65,1,0,1,14,3,28,46,1
698,2023-11-05,2,Business,178,Home,12,412.32,1,0,45,8,9,43,105,0
699,2023-01-11,5,Executive,469,Kirkland Signature,4,104.4,0,0,15,10,8,5,38,1
700,2023-02-25,3,Gold Star,279,Kirkland Signature,1,32.53,1,0,8,6,2,20,36,1
701,2023-07-20,7,Executive,338,Seasonal,11,507.54,0,0,5,22,8,54,89,0
702,2023-02-21,1,Executive,398,Grocery,12,470.28,0,0,7,19,8,39,73,0
703,2023-06-13,10,Executive,204,Electronics,14,149.24,0,0,37,11,11,23,82,0
704,2023-01-25,3,Gold Star,245,Appliances,16,698.4,0,0,3,12,12,1,28,1
705,2023-02-25,2,Executive,18,Appliances,18,56.34,1,0,39,19,9,32,99,0
706,2023-12-02,8,Business,2,Appliances,4,102.6,1,0,17,4,2,37,60,0
707,2023-07-12,3,Business,359,Home,15,97.2,0,0,23,7,8,37,75,0
708,2023-09-17,4,Gold Star,23,Kirkland Signature,5,41.65,1,0,33,14,9,71,127,0
709,2023-12-23,1,Business,356,Kirkland Signature,5,103.0,1,1,34,23,5,31,93,0
710,2023-09-13,9,Executive,460,Electronics,20,246.0,0,0,41,22,8,14,85,0
711,2023-12-15,4,Gold Star,420,Seasonal,4,98.88,0,1,41,6,1,8,56,0
712,2023-11-20,10,Executive,183,Electronics,13,283.53,0,0,45,2,8,50,105,0
713,2023-04-03,2,Executive,249,Furniture,19,245.1,0,0,4,13,7,58,82,0
714,2023-12-22,4,Executive,219,Home,3,6.3,0,1,31,13,11,11,66,0
715,2023-08-25,9,Business,1,Clothing,5,63.15,0,0,14,23,2,9,48,1
716,2023-03-12,5,Business,320,Clothing,1,17.11,1,0,46,15,3,66,130,0
717,2023-02-07,2,Business,406,Seasonal,2,39.82,0,0,1,16,6,31,54,0
718,2023-06-24,8,Gold Star,381,Grocery,9,343.89,1,0,1,2,7,52,62,0
719,2023-03-29,1,Business,9,Kirkland Signature,3,141.51,0,0,22,8,5,62,97,0
720,2023-02-27,9,Executive,244,Electronics,15,522.15,0,0,22,18,2,50,92,0
721,2023-12-22,9,Executive,63,Electronics,17,549.95,0,1,25,23,5,64,117,0
722,2023-03-01,10,Business,321,Appliances,2,43.42,0,0,44,24,5,45,118,0
723,2023-11-07,10,Business,115,Electronics,9,418.5,0,0,33,4,6,7,50,0
724,2023-07-13,9,Business,325,Electronics,6,15.0,0,0,47,15,12,5,79,0
725,2023-07-05,9,Executive,391,Seasonal,7,124.88,0,0,13,6,4,54,77,0
726,2023-04-30,1,Gold Star,424,Clothing,2,1.38,1,0,13,9,12,16,50,0
727,2023-07-09,9,Gold Star,261,Seasonal,12,475.92,1,0,16,17,1,64,98,0
728,2023-01-02,5,Business,135,Clothing,19,47.69,0,0,1,2,12,56,71,0
729,2023-02-03,2,Business,239,Home,2,8.38,0,0,12,10,8,50,80,0
730,2023-01-23,8,Business,328,Clothing,3,142.53,0,0,3,23,11,53,90,0
731,2023-04-12,9,Executive,52,Electronics,14,666.26,0,0,23,24,11,13,71,0
732,2023-08-29,8,Gold Star,269,Electronics,8,25.2,0,0,6,17,7,55,85,0
733,2023-10-22,3,Executive,78,Kirkland Signature,4,81.64,1,0,48,15,3,20,86,0
734,2023-12-26,4,Business,407,Seasonal,4,36.92,0,0,14,18,11,28,71,0
735,2023-08-22,9,Executive,226,Grocery,14,393.68,0,0,43,16,4,1,64,0
736,2023-04-11,5,Executive,266,Appliances,2,92.68,0,0,44,7,11,10,72,0
737,2023-07-28,7,Business,211,Kirkland Signature,17,335.07,0,0,9,8,11,63,91,0
738,2023-07-17,6,Gold Star,465,Seasonal,13,127.53,0,0,22,14,3,45,84,0
739,2023-10-31,9,Executive,334,Clothing,2,54.38,0,0,24,11,3,35,73,0
740,2023-05-31,4,Executive,451,Appliances,1,11.6,0,0,19,22,7,40,88,0
741,2023-09-06,5,Executive,226,Grocery,20,562.4,0,0,4,23,10,71,108,0
742,2023-05-08,5,Executive,270,Kirkland Signature,9,375.93,0,0,14,23,6,53,96,0
743,2023-12-26,2,Gold Star,175,Seasonal,14,447.44,0,0,6,1,7,40,54,0
744,2023-07-15,1,Gold Star,419,Clothing,7,175.98,1,0,18,21,8,22,69,0
745,2023-10-01,9,Executive,265,Electronics,2,25.76,1,0,37,6,2,44,89,0
746,2023-03-14,2,Executive,103,Furniture,3,50.61,0,0,28,14,11,9,62,0
747,2023-09-25,4,Business,34,Home,13,84.89,0,0,48,6,6,47,107,0
748,2023-04-05,10,Executive,237,Grocery,19,538.46,0,0,19,15,5,2,41,1
749,2023-08-07,3,Gold Star,448,Home,12,250.56,0,0,1,13,6,64,84,0
750,2023-11-19,8,Executive,487,Home,7,252.42,1,0,25,18,8,59,110,0
751,2023-11-14,8,Executive,2,Appliances,1,25.65,0,0,12,17,4,16,49,0
752,2023-10-17,7,Business,263,Kirkland Signature,7,177.45,0,0,11,18,12,27,68,0
753,2023-02-14,5,Business,499,Clothing,13,240.63,0,0,7,6,5,26,44,1
754,2023-12-09,10,Business,25,Kirkland Signature,1,45.56,1,0,14,13,10,24,61,0
755,2023-12-23,4,Business,131,Furniture,12,320.4,1,1,22,14,10,15,61,0
756,2023-03-10,1,Gold Star,163,Kirkland Signature,6,6.96,0,0,24,10,1,71,106,0
757,2023-03-30,8,Business,447,Clothing,16,629.28,0,0,40,4,12,22,78,0
758,2023-10-19,5,Business,141,Home,16,461.6,0,0,10,16,6,19,51,0
759,2023-12-09,3,Gold Star,60,Clothing,10,437.7,1,0,40,10,6,38,94,0
760,2023-09-11,6,Executive,417,Clothing,10,277.7,0,0,36,1,2,51,90,0
761,2023-03-29,3,Executive,454,Appliances,14,333.76,0,0,9,20,6,6,41,1
762,2023-07-21,1,Business,150,Appliances,7,25.62,0,0,6,15,2,5,28,1
763,2023-06-27,3,Gold Star,281,Kirkland Signature,16,386.08,0,0,41,1,8,47,97,0
764,2023-06-11,5,Executive,167,Seasonal,12,84.84,1,0,34,19,2,65,120,0
765,2023-06-13,10,Gold Star,294,Grocery,14,659.82,0,0,20,18,7,6,51,0
766,2023-09-29,4,Executive,78,Kirkland Signature,17,346.97,0,0,13,22,10,42,87,0
767,2023-03-10,9,Business,197,Grocery,14,666.4,0,0,41,3,5,30,79,0
768,2023-05-13,9,Executive,34,Home,7,45.71,1,0,47,12,3,20,82,0
769,2023-11-29,6,Business,342,Grocery,5,152.05,0,0,22,20,7,56,105,0
770,2023-07-03,8,Gold Star,279,Kirkland Signature,12,390.36,0,0,30,13,12,10,65,0
771,2023-02-27,6,Business,463,Clothing,20,383.0,0,0,1,24,1,61,87,0
772,2023-03-24,1,Executive,211,Kirkland Signature,11,216.81,0,0,5,16,1,33,55,0
773,2023-05-04,7,Business,144,Home,4,85.8,0,0,26,24,3,35,88,0
774,2023-11-24,5,Executive,484,Kirkland Signature,10,102.1,0,0,23,10,4,15,52,0
775,2023-02-17,10,Gold Star,432,Electronics,17,738.48,0,0,38,11,11,29,89,0
776,2023-05-09,8,Gold Star,479,Appliances,1,22.7,0,0,1,20,12,26,59,0
777,2023-12-30,9,Gold Star,359,Home,2,12.96,1,0,7,22,7,49,85,0
778,2023-09-09,8,Business,3,Seasonal,13,490.49,1,0,41,24,5,29,99,0
779,2023-05-21,1,Gold Star,89,Home,11,475.75,1,0,15,14,10,19,58,0
780,2023-09-22,10,Business,480,Grocery,5,70.9,0,0,46,13,12,32,103,0
781,2023-04-27,6,Gold Star,3,Seasonal,20,754.6,0,0,28,21,6,49,104,0
782,2023-09-27,1,Business,67,Clothing,12,172.44,0,0,3,10,6,13,32,1
783,2023-09-10,5,Gold Star,465,Seasonal,7,68.67,1,0,43,14,11,42,110,0
784,2023-10-27,1,Gold Star,253,Clothing,17,24.99,0,0,13,14,4,41,72,0
785,2023-01-12,9,Business,280,Seasonal,11,274.67,0,0,12,19,2,11,44,1
786,2023-05-30,8,Gold Star,461,Clothing,9,309.33,0,0,33,11,5,33,82,0
787,2023-04-18,9,Business,341,Furniture,7,328.44,0,0,18,1,4,26,49,0
788,2023-01-30,2,Business,292,Electronics,15,86.25,0,0,34,16,12,4,66,0
789,2023-04-22,2,Executive,494,Kirkland Signature,17,457.13,1,0,31,14,5,23,73,0
790,2023-12-31,4,Business,125,Home,11,417.45,1,0,29,15,8,39,91,0
791,2023-09-07,7,Business,53,Seasonal,5,219.1,0,0,15,24,10,1,50,0
792,2023-09-22,1,Executive,12,Kirkland Signature,16,253.12,0,0,3,17,12,66,98,0
793,2023-05-10,3,Business,348,Home,2,86.7,0,0,25,3,1,58,87,0
794,2023-03-21,5,Business,491,Appliances,7,93.52,0,0,39,7,9,18,73,0
795,2023-07-12,3,Gold Star,361,Kirkland Signature,7,297.36,0,0,4,17,4,54,79,0
796,2023-10-12,9,Gold Star,211,Kirkland Signature,15,295.65,0,0,18,21,10,27,76,0
797,2023-08-04,8,Executive,449,Appliances,10,328.2,0,0,13,18,4,49,84,0
798,2023-03-06,3,Executive,199,Seasonal,19,808.26,0,0,6,10,11,17,44,1
799,2023-08-04,7,Gold Star,89,Home,18,778.5,0,0,15,1,6,23,45,1
800,2023-11-27,8,Executive,287,Grocery,2,48.06,0,0,29,13,5,19,66,0
801,2023-03-15,8,Gold Star,363,Grocery,12,44.4,0,0,5,2,2,19,28,1
802,2023-11-27,3,Gold Star,68,Kirkland Signature,10,360.7,0,0,38,22,1,7,68,0
803,2023-06-01,6,Gold Star,351,Electronics,6,176.22,0,0,34,18,2,5,59,0
804,2023-08-06,5,Executive,87,Clothing,13,132.99,1,0,48,5,9,43,105,0
805,2023-01-11,4,Executive,252,Clothing,13,305.76,0,0,35,5,4,34,78,0
806,2023-11-17,3,Executive,405,Seasonal,16,243.36,0,0,14,14,6,35,69,0
807,2023-03-28,10,Business,37,Electronics,17,130.22,0,0,7,1,2,46,56,0
808,2023-10-20,1,Executive,83,Kirkland Signature,6,294.06,0,0,9,5,3,51,68,0
809,2023-05-28,8,Gold Star,164,Clothing,4,146.0,1,0,46,10,12,16,84,0
810,2023-02-07,1,Business,460,Electronics,15,184.5,0,0,9,5,7,49,70,0
811,2023-10-09,1,Business,357,Kirkland Signature,19,650.37,0,0,20,14,12,59,105,0
812,2023-08-14,4,Executive,213,Grocery,13,332.28,0,0,9,17,8,46,80,0
813,2023-07-22,3,Business,473,Appliances,15,540.75,1,0,7,3,2,49,61,0
814,2023-03-03,5,Gold Star,285,Appliances,12,276.12,0,0,48,18,10,21,97,0
815,2023-01-30,3,Business,95,Home,9,294.3,0,0,42,23,11,36,112,0
816,2023-09-23,4,Executive,50,Electronics,4,134.44,1,0,28,3,5,36,72,0
817,2023-03-25,2,Business,310,Furniture,20,27.6,1,0,37,3,4,52,96,0
818,2023-11-30,4,Executive,28,Electronics,6,5.16,0,0,34,2,4,65,105,0
819,2023-05-02,3,Executive,417,Clothing,2,55.54,0,0,33,1,7,1,42,1
820,2023-01-22,1,Executive,322,Furniture,12,315.48,1,0,3,2,2,68,75,0
821,2023-07-25,6,Business,71,Seasonal,15,362.55,0,0,37,20,4,41,102,0
822,2023-08-18,6,Business,491,Appliances,2,26.72,0,0,27,9,6,24,66,0
823,2023-11-18,3,Business,451,Appliances,17,197.2,1,0,46,2,4,62,114,0
824,2023-10-18,10,Gold Star,186,Electronics,15,613.95,0,0,11,18,3,60,92,0
825,2023-09-08,10,Gold Star,436,Seasonal,3,110.64,0,0,48,2,12,30,92,0
826,2023-03-12,2,Business,153,Home,1,28.98,1,0,5,3,4,24,36,1
827,2023-09-15,4,Executive,111,Appliances,10,34.9,0,0,14,1,6,53,74,0
828,2023-03-09,9,Business,301,Kirkland Signature,1,49.95,0,0,12,23,2,29,66,0
829,2023-03-07,4,Gold Star,325,Electronics,6,15.0,0,0,9,21,5,48,83,0
830,2023-06-06,7,Executive,132,Appliances,4,8.36,0,0,39,14,10,67,130,0
831,2023-11-28,9,Gold Star,275,Furniture,16,431.04,0,0,21,22,8,16,67,0
832,2023-06-18,5,Business,245,Appliances,1,43.65,1,0,28,9,3,54,94,0
833,2023-12-08,6,Business,349,Home,2,69.26,0,0,1,9,4,53,67,0
834,2023-01-04,6,Business,240,Home,20,495.0,0,0,39,14,9,35,97,0
835,2023-11-19,1,Business,315,Home,8,41.28,1,0,15,12,11,61,99,0
836,2023-02-03,9,Gold Star,9,Kirkland Signature,18,849.06,0,0,43,19,4,60,126,0
837,2023-02-11,7,Business,97,Appliances,16,789.12,1,0,46,19,6,61,132,0
838,2023-02-16,10,Gold Star,43,Seasonal,10,425.3,0,0,43,21,7,37,108,0
839,2023-06-30,5,Business,430,Kirkland Signature,13,528.32,0,0,21,18,8,14,61,0
840,2023-02-21,8,Gold Star,167,Seasonal,2,14.14,0,0,43,23,2,69,137,0
841,2023-10-08,10,Executive,225,Grocery,18,40.32,1,0,3,8,10,9,30,1
842,2023-03-01,4,Business,51,Kirkland Signature,4,189.88,0,0,19,23,2,48,92,0
843,2023-07-22,6,Executive,257,Grocery,2,76.22,1,0,18,14,1,19,52,0
844,2023-04-07,4,Gold Star,422,Grocery,9,395.01,0,0,14,18,1,35,68,0
845,2023-06-28,6,Business,456,Grocery,1,22.34,0,0,19,12,11,13,55,0
846,2023-08-03,10,Executive,483,Appliances,11,83.27,0,0,10,12,7,29,58,0
847,2023-11-27,8,Business,164,Clothing,10,365.0,0,0,32,23,8,35,98,0
848,2023-07-18,6,Business,446,Clothing,13,294.06,0,0,36,7,11,37,91,0
849,2023-12-11,9,Gold Star,3,Seasonal,9,339.57,0,0,26,9,8,21,64,0
850,2023-08-13,5,Gold Star,178,Home,4,137.44,1,0,26,5,10,63,104,0
851,2023-02-03,3,Business,255,Seasonal,6,249.0,0,0,8,14,9,24,55,0
852,2023-03-31,7,Gold Star,3,Seasonal,16,603.68,0,0,48,6,11,24,89,0
853,2023-09-17,10,Gold Star,277,Furniture,10,387.7,1,0,37,13,5,9,64,0
854,2023-08-28,5,Gold Star,201,Grocery,9,37.26,0,0,44,2,8,13,67,0
855,2023-08-02,2,Business,378,Kirkland Signature,11,268.4,0,0,24,8,5,46,83,0
856,2023-10-30,5,Gold Star,416,Home,7,332.92,0,0,34,11,10,69,124,0
857,2023-10-07,9,Business,69,Kirkland Signature,10,131.8,1,0,34,15,2,29,80,0
858,2023-05-19,7,Business,30,Electronics,15,147.3,0,0,39,7,3,46,95,0
859,2023-11-25,5,Gold Star,121,Electronics,20,826.4,1,0,32,6,2,22,62,0
860,2023-07-10,9,Gold Star,125,Home,1,37.95,0,0,19,21,5,35,80,0
861,2023-08-04,7,Business,111,Appliances,14,48.86,0,0,36,18,8,46,108,0
862,2023-11-21,2,Business,343,Home,6,175.26,0,0,34,1,9,8,52,0
863,2023-12-23,4,Gold Star,279,Kirkland Signature,10,325.3,1,1,35,24,11,58,128,0
864,2023-05-05,7,Business,420,Seasonal,20,494.4,0,0,2,5,9,56,72,0
865,2023-09-23,1,Business,412,Furniture,7,234.43,1,0,31,16,11,20,78,0
866,2023-01-06,3,Gold Star,180,Clothing,12,179.76,0,0,12,4,1,13,30,1
867,2023-09-08,6,Business,288,Furniture,6,54.54,0,0,6,12,8,39,65,0
868,2023-11-12,3,Business,337,Seasonal,11,11.77,1,0,27,2,2,25,56,0
869,2023-05-20,2,Business,56,Seasonal,19,216.03,1,0,20,16,12,56,104,0
870,2023-10-23,5,Business,263,Kirkland Signature,18,456.3,0,0,26,2,8,56,92,0
871,2023-06-26,8,Business,227,Clothing,19,617.12,0,0,18,15,12,43,88,0
872,2023-11-01,9,Executive,153,Home,18,521.64,0,0,42,22,11,47,122,0
873,2023-08-06,7,Executive,53,Seasonal,20,876.4,1,0,41,17,6,47,111,0
874,2023-09-02,2,Gold Star,353,Kirkland Signature,9,108.54,1,0,13,9,6,72,100,0
875,2023-04-03,1,Executive,479,Appliances,9,204.3,0,0,4,7,8,60,79,0
876,2023-06-12,2,Executive,92,Kirkland Signature,18,195.12,0,0,20,6,2,52,80,0
877,2023-03-15,5,Gold Star,448,Home,10,208.8,0,0,27,16,4,66,113,0
878,2023-01-12,1,Gold Star,391,Seasonal,19,338.96,0,0,3,20,11,67,101,0
879,2023-05-11,2,Business,345,Kirkland Signature,5,7.0,0,0,17,10,10,10,47,1
880,2023-09-16,2,Executive,406,Seasonal,17,338.47,1,0,27,18,11,51,107,0
881,2023-01-30,4,Gold Star,386,Electronics,12,105.96,0,0,18,17,10,37,82,0
882,2023-09-19,3,Executive,495,Kirkland Signature,16,743.68,0,0,31,3,5,6,45,1
883,2023-02-28,9,Gold Star,425,Appliances,12,317.52,0,0,32,20,7,60,119,0
884,2023-05-28,2,Gold Star,388,Kirkland Signature,7,49.49,1,0,26,3,7,31,67,0
885,2023-07-19,5,Business,79,Clothing,5,48.85,0,0,47,19,10,5,81,0
886,2023-04-24,1,Business,380,Seasonal,18,396.72,0,0,37,9,8,46,100,0
887,2023-03-15,10,Executive,56,Seasonal,8,90.96,0,0,46,23,8,68,145,0
888,2023-05-08,7,Business,283,Home,18,807.48,0,0,32,11,4,18,65,0
889,2023-08-03,1,Gold Star,268,Seasonal,17,379.1,0,0,14,12,4,32,62,0
890,2023-01-30,8,Business,277,Furniture,18,697.86,0,0,33,9,7,62,111,0
891,2023-01-31,5,Business,261,Seasonal,13,515.58,0,0,36,14,4,51,105,0
892,2023-07-09,9,Gold Star,257,Grocery,18,685.98,1,0,31,23,1,66,121,0
893,2023-10-11,10,Business,58,Kirkland Signature,7,169.19,0,0,31,20,9,21,81,0
894,2023-01-28,2,Executive,435,Electronics,8,144.88,1,0,30,18,10,52,110,0
895,2023-11-06,9,Gold Star,308,Appliances,14,112.56,0,0,9,11,6,47,73,0
896,2023-09-12,3,Executive,279,Kirkland Signature,18,585.54,0,0,19,20,11,6,56,0
897,2023-09-26,3,Business,258,Furniture,3,81.0,0,0,31,14,10,25,80,0
898,2023-04-15,10,Business,483,Appliances,17,128.69,1,0,11,13,1,38,63,0
899,2023-12-08,2,Business,168,Kirkland Signature,7,275.66,0,0,13,3,11,26,53,0
900,2023-12-24,8,Business,214,Clothing,3,132.18,1,1,8,20,11,7,46,1
901,2023-06-27,2,Executive,212,Electronics,19,59.47,0,0,4,21,6,44,75,0
902,2023-04-27,1,Business,129,Home,3,72.21,0,0,45,14,7,34,100,0
903,2023-04-07,1,Gold Star,492,Electronics,7,219.94,0,0,1,12,7,44,64,0
904,2023-03-24,6,Executive,499,Clothing,6,111.06,0,0,40,21,6,36,103,0
905,2023-03-23,6,Gold Star,483,Appliances,1,7.57,0,0,3,9,3,62,77,0
906,2023-10-19,2,Business,116,Electronics,11,453.09,0,0,8,14,2,33,57,0
907,2023-12-27,7,Gold Star,92,Kirkland Signature,7,75.88,0,0,3,19,3,37,62,0
908,2023-04-07,5,Executive,416,Home,10,475.6,0,0,32,17,5,51,105,0
909,2023-10-31,9,Gold Star,71,Seasonal,14,338.38,0,0,21,2,6,72,101,0
910,2023-12-28,10,Executive,477,Clothing,4,165.2,0,0,24,10,7,56,97,0
911,2023-04-08,2,Gold Star,108,Furniture,7,255.57,1,0,31,2,10,35,78,0
912,2023-04-13,2,Executive,467,Electronics,3,8.31,0,0,32,10,5,6,53,0
913,2023-07-27,9,Gold Star,308,Appliances,18,144.72,0,0,34,22,10,69,135,0
914,2023-11-14,1,Business,25,Kirkland Signature,11,501.16,0,0,13,2,3,5,23,1
915,2023-05-01,10,Executive,298,Appliances,20,472.0,0,0,40,14,9,67,130,0
916,2023-10-09,1,Executive,380,Seasonal,14,308.56,0,0,15,9,7,39,70,0
917,2023-01-08,7,Business,297,Grocery,18,288.0,1,0,8,17,8,40,73,0
918,2023-06-30,2,Business,154,Grocery,8,391.92,0,0,7,3,8,46,64,0
919,2023-08-25,1,Business,298,Appliances,20,472.0,0,0,48,7,11,12,78,0
920,2023-12-12,7,Executive,399,Clothing,3,61.29,0,0,1,15,11,54,81,0
921,2023-03-06,9,Business,87,Clothing,15,153.45,0,0,29,9,5,22,65,0
922,2023-03-20,10,Executive,240,Home,8,198.0,0,0,7,8,8,24,47,1
923,2023-02-16,2,Business,116,Electronics,16,659.04,0,0,7,20,5,64,96,0
924,2023-11-07,9,Gold Star,486,Clothing,6,210.72,0,0,24,9,11,3,47,1
925,2023-09-26,10,Gold Star,343,Home,2,58.42,0,0,33,13,10,8,64,0
926,2023-04-18,5,Gold Star,74,Appliances,12,479.28,0,0,46,12,9,21,88,0
927,2023-11-28,7,Gold Star,303,Electronics,7,143.43,0,0,48,18,4,56,126,0
928,2023-07-20,7,Gold Star,365,Furniture,4,15.48,0,0,39,3,6,53,101,0
929,2023-05-01,4,Business,193,Clothing,8,306.72,0,0,29,4,12,11,56,0
930,2023-10-30,3,Executive,212,Electronics,16,50.08,0,0,22,17,8,6,53,0
931,2023-10-13,1,Gold Star,111,Appliances,3,10.47,0,0,20,9,8,36,73,0
932,2023-07-27,7,Executive,329,Electronics,10,162.3,0,0,7,12,2,10,31,1
933,2023-12-21,1,Business,497,Grocery,13,175.11,0,1,34,17,8,37,96,0
934,2023-08-18,6,Business,126,Furniture,15,490.65,0,0,17,11,2,52,82,0
935,2023-03-12,4,Gold Star,409,Furniture,18,319.5,1,0,48,7,6,44,105,0
936,2023-05-12,8,Business,193,Clothing,7,268.38,0,0,15,14,10,69,108,0
937,2023-12-27,2,Gold Star,109,Grocery,8,276.72,0,0,31,3,10,62,106,0
938,2023-05-15,3,Executive,173,Seasonal,8,164.08,0,0,39,22,2,45,108,0
939,2023-02-10,8,Executive,474,Electronics,18,428.76,0,0,13,22,4,9,48,1
940,2023-03-07,9,Gold Star,444,Kirkland Signature,12,195.6,0,0,35,10,11,8,64,0
941,2023-11-19,5,Gold Star,335,Home,6,121.98,1,0,22,22,1,67,112,0
942,2023-05-27,2,Executive,264,Appliances,7,304.78,1,0,28,7,1,51,87,0
943,2023-12-03,10,Gold Star,325,Electronics,4,10.0,1,0,41,6,8,19,74,0
944,2023-05-01,7,Business,135,Clothing,19,47.69,0,0,9,10,3,17,39,1
945,2023-01-11,10,Gold Star,441,Home,9,44.64,0,0,33,4,1,68,106,0
946,2023-08-24,9,Executive,68,Kirkland Signature,15,541.05,0,0,3,2,4,70,79,0
947,2023-02-24,5,Executive,69,Kirkland Signature,12,158.16,0,0,8,22,8,67,105,0
948,2023-09-21,10,Business,204,Electronics,7,74.62,0,0,31,2,7,72,112,0
949,2023-07-07,1,Business,267,Seasonal,16,44.96,0,0,44,10,1,65,120,0
950,2023-08-26,7,Executive,366,Kirkland Signature,3,14.55,1,0,42,7,5,11,65,0
951,2023-05-16,3,Gold Star,257,Grocery,14,533.54,0,0,11,3,10,36,60,0
952,2023-05-03,1,Gold Star,416,Home,7,332.92,0,0,24,13,10,38,85,0
953,2023-08-23,6,Executive,82,Home,15,102.9,0,0,15,23,6,18,62,0
954,2023-04-29,8,Executive,170,Kirkland Signature,10,340.7,1,0,29,21,4,72,126,0
955,2023-02-15,2,Executive,279,Kirkland Signature,10,325.3,0,0,36,21,1,24,82,0
956,2023-11-29,7,Business,362,Clothing,1,33.05,0,0,35,5,4,64,108,0
957,2023-05-08,1,Executive,82,Home,20,137.2,0,0,27,12,5,2,46,1
958,2023-05-22,8,Executive,151,Appliances,18,725.04,0,0,2,24,7,57,90,0
959,2023-12-27,10,Executive,358,Electronics,15,375.45,0,0,7,12,12,8,39,1
960,2023-09-08,10,Gold Star,462,Kirkland Signature,9,283.23,0,0,17,6,2,38,63,0
961,2023-01-10,10,Executive,104,Clothing,13,180.44,0,0,11,1,2,34,48,1
962,2023-12-24,4,Business,244,Electronics,20,696.2,1,1,16,18,12,26,72,0
963,2023-10-02,1,Gold Star,178,Home,7,240.52,0,0,24,6,6,30,66,0
964,2023-05-19,3,Business,241,Electronics,5,135.6,0,0,23,4,3,20,50,0
965,2023-01-12,8,Business,409,Furniture,2,35.5,0,0,6,12,8,49,75,0
966,2023-08-24,8,Business,346,Clothing,8,44.4,0,0,44,20,5,52,121,0
967,2023-07-19,10,Business,317,Kirkland Signature,11,404.36,0,0,23,13,10,46,92,0
968,2023-09-05,8,Gold Star,346,Clothing,17,94.35,0,0,12,6,9,38,65,0
969,2023-03-04,3,Gold Star,124,Electronics,15,455.7,1,0,3,11,8,34,56,0
970,2023-10-28,4,Gold Star,26,Electronics,7,200.69,1,0,48,12,4,34,98,0
971,2023-09-27,3,Business,343,Home,18,525.78,0,0,18,10,4,25,57,0
972,2023-02-18,8,Executive,422,Grocery,12,526.68,1,0,27,23,7,26,83,0
973,2023-01-06,8,Gold Star,243,Kirkland Signature,12,49.44,0,0,24,17,5,13,59,0
974,2023-12-15,4,Executive,8,Appliances,16,78.24,0,1,12,23,5,19,59,0
975,2023-06-26,3,Business,83,Kirkland Signature,1,49.01,0,0,28,17,1,9,55,0
976,2023-04-01,3,Gold Star,234,Electronics,11,468.93,1,0,48,20,8,56,132,0
977,2023-06-22,8,Gold Star,126,Furniture,9,294.39,0,0,38,1,8,66,113,0
978,2023-10-03,2,Gold Star,327,Grocery,5,199.4,0,0,20,1,4,44,69,0
979,2023-08-15,10,Business,425,Appliances,14,370.44,0,0,7,3,12,57,79,0
980,2023-10-19,8,Gold Star,324,Seasonal,19,355.68,0,0,46,14,7,4,71,0
981,2023-08-21,7,Executive,154,Grocery,19,930.81,0,0,19,2,2,49,72,0
982,2023-12-06,1,Gold Star,249,Furniture,18,232.2,0,0,46,12,3,35,96,0
983,2023-10-19,3,Business,196,Seasonal,16,622.72,0,0,16,6,4,25,51,0
984,2023-03-26,2,Gold Star,345,Kirkland Signature,1,1.4,1,0,6,10,3,56,75,0
985,2023-03-17,3,Executive,322,Furniture,9,236.61,0,0,3,21,3,42,69,0
986,2023-12-31,8,Business,112,Clothing,9,401.13,1,0,25,3,3,56,87,0
987,2023-12-11,7,Gold Star,467,Electronics,11,30.47,0,0,16,2,2,12,32,1
988,2023-04-10,5,Executive,186,Electronics,15,613.95,0,0,8,5,8,22,43,1
989,2023-12-27,8,Executive,185,Kirkland Signature,7,7.07,0,0,35,19,1,30,85,0
990,2023-08-13,9,Gold Star,283,Home,11,493.46,1,0,45,23,6,41,115,0
991,2023-01-21,9,Executive,490,Furniture,12,413.52,1,0,43,19,1,25,88,0
992,2023-03-23,2,Business,280,Seasonal,9,224.73,0,0,24,21,5,7,57,0
993,2023-10-14,4,Business,175,Seasonal,1,31.96,1,0,5,14,3,44,66,0
994,2023-11-26,8,Business,440,Furniture,7,271.32,1,0,19,23,1,68,111,0
995,2023-09-14,4,Executive,150,Appliances,9,32.94,0,0,28,1,3,17,49,0
996,2023-07-18,3,Executive,401,Kirkland Signature,19,731.69,0,0,40,20,8,41,109,0
997,2023-04-09,3,Business,472,Clothing,10,441.2,1,0,2,11,5,10,28,1
998,2023-06-04,5,Business,105,Furniture,4,43.6,1,0,3,7,5,44,59,0
999,2023-11-06,9,Business,241,Electronics,11,298.32,0,0,21,9,12,30,72,0
1000,2023-02-15,10,Business,146,Seasonal,6,211.98,0,0,14,22,11,37,84,0
1001,2023-04-09,6,Business,387,Grocery,4,21.16,1,0,4,7,11,7,29,1
1002,2023-06-30,5,Business,262,Grocery,20,671.8,0,0,1,12,11,12,36,1
1003,2023-07-11,7,Executive,105,Furniture,16,174.4,0,0,28,19,3,47,97,0
1004,2023-11-24,7,Gold Star,233,Clothing,16,256.48,0,0,19,18,3,17,57,0
1005,2023-11-10,7,Gold Star,445,Appliances,7,320.11,0,0,23,1,1,39,64,0
1006,2023-09-19,2,Business,117,Grocery,18,595.44,0,0,36,14,6,42,98,0
1007,2023-05-09,10,Executive,424,Clothing,16,11.04,0,0,38,5,11,7,61,0
1008,2023-02-07,9,Business,278,Home,15,636.45,0,0,46,8,10,56,120,0
1009,2023-06-01,10,Business,100,Electronics,5,139.3,0,0,36,16,4,56,112,0
1010,2023-01-13,9,Executive,1,Clothing,12,151.56,0,0,48,13,9,13,83,0
1011,2023-10-03,4,Executive,448,Home,15,313.2,0,0,39,4,6,53,102,0
1012,2023-07-05,1,Gold Star,103,Furniture,13,219.31,0,0,9,6,12,8,35,1
1013,2023-09-06,10,Business,380,Seasonal,16,352.64,0,0,27,3,12,42,84,0
1014,2023-06-24,6,Executive,355,Grocery,19,686.09,1,0,10,15,8,29,62,0
1015,2023-08-25,1,Gold Star,456,Grocery,13,290.42,0,0,43,19,1,57,120,0
1016,2023-07-11,9,Business,408,Appliances,8,161.92,0,0,14,24,6,4,48,1
1017,2023-06-25,8,Executive,302,Seasonal,11,130.79,1,0,47,6,6,36,95,0
1018,2023-10-01,2,Gold Star,490,Furniture,17,585.82,1,0,8,5,1,34,48,1
1019,2023-06-12,2,Business,321,Appliances,3,65.13,0,0,36,11,12,47,106,0
1020,2023-08-29,2,Executive,43,Seasonal,8,340.24,0,0,21,6,8,58,93,0
1021,2023-10-07,10,Executive,33,Clothing,19,738.72,1,0,27,5,4,34,70,0
1022,2023-10-29,7,Executive,51,Kirkland Signature,5,237.35,1,0,16,8,2,71,97,0
1023,2023-10-27,7,Gold Star,200,Appliances,11,532.07,0,0,15,4,8,15,42,1
1024,2023-11-26,10,Executive,141,Home,2,57.7,1,0,33,10,11,26,80,0
1025,2023-06-09,10,Gold Star,217,Furniture,4,70.08,0,0,26,21,8,63,118,0
1026,2023-09-01,7,Gold Star,261,Seasonal,7,277.62,0,0,41,5,7,17,70,0
1027,2023-02-03,10,Executive,277,Furniture,15,581.55,0,0,21,12,5,8,46,1
1028,2023-01-19,6,Executive,68,Kirkland Signature,13,468.91,0,0,39,17,9,17,82,0
1029,2023-04-29,8,Business,163,Kirkland Signature,2,2.32,1,0,8,7,9,24,48,1
1030,2023-10-11,4,Executive,31,Seasonal,2,84.32,0,0,23,5,7,60,95,0
1031,2023-05-12,3,Business,326,Seasonal,19,451.06,0,0,24,24,6,9,63,0
1032,2023-06-20,9,Executive,18,Appliances,13,40.69,0,0,39,1,9,67,116,0
1033,2023-10-20,6,Business,361,Kirkland Signature,1,42.48,0,0,12,10,2,20,44,1
1034,2023-06-02,8,Business,212,Electronics,11,34.43,0,0,21,13,1,67,102,0
1035,2023-09-25,9,Executive,57,Seasonal,1,2.62,0,0,12,14,1,59,86,0
1036,2023-07-09,4,Gold Star,483,Appliances,4,30.28,1,0,29,15,5,19,68,0
1037,2023-10-24,1,Executive,335,Home,5,101.65,0,0,28,9,10,6,53,0
1038,2023-06-28,4,Gold Star,426,Home,13,417.95,0,0,9,7,8,51,75,0
1039,2023-02-26,8,Gold Star,312,Kirkland Signature,9,70.83,1,0,11,1,9,25,46,1
1040,2023-02-28,9,Executive,11,Clothing,14,94.64,0,0,15,6,9,59,89,0
1041,2023-11-21,8,Executive,202,Furniture,4,90.52,0,0,21,16,6,71,114,0
1042,2023-08-01,2,Gold Star,224,Electronics,15,509.4,0,0,6,19,8,36,69,0
1043,2023-10-07,5,Business,143,Home,15,576.6,1,0,26,17,1,70,114,0
1044,2023-10-27,3,Gold Star,135,Clothing,6,15.06,0,0,20,6,7,64,97,0
1045,2023-02-08,7,Gold Star,226,Grocery,11,309.32,0,0,4,10,5,42,61,0
1046,2023-03-29,10,Business,169,Furniture,1,27.57,0,0,5,8,6,49,68,0
1047,2023-11-26,4,Gold Star,463,Clothing,20,383.0,1,0,46,9,4,62,121,0
1048,2023-10-06,9,Executive,260,Home,3,139.92,0,0,45,14,10,26,95,0
1049,2023-05-13,5,Gold Star,472,Clothing,4,176.48,1,0,25,24,7,44,100,0
1050,2023-10-04,4,Executive,342,Grocery,1,30.41,0,0,12,20,10,58,100,0
1051,2023-10-24,3,Executive,328,Clothing,9,427.59,0,0,41,13,5,34,93,0
1052,2023-12-26,2,Business,192,Furniture,5,208.8,0,0,44,5,1,8,58,0
1053,2023-07-09,6,Executive,341,Furniture,2,93.84,1,0,8,11,1,56,76,0
1054,2023-10-13,7,Executive,360,Home,12,569.4,0,0,42,14,12,24,92,0
1055,2023-01-24,3,Executive,116,Electronics,15,617.85,0,0,21,15,4,56,96,0
1056,2023-07-03,5,Gold Star,191,Furniture,1,16.96,0,0,7,9,12,22,50,0
1057,2023-12-28,1,Business,209,Home,20,348.4,0,0,7,1,1,51,60,0
1058,2023-02-03,10,Gold Star,487,Home,1,36.06,0,0,22,16,2,40,80,0
1059,2023-03-22,7,Gold Star,310,Furniture,5,6.9,0,0,20,12,2,71,105,0
1060,2023-03-14,2,Executive,129,Home,15,361.05,0,0,39,21,5,69,134,0
1061,2023-12-21,10,Gold Star,96,Seasonal,13,303.55,0,1,15,1,7,20,43,1
1062,2023-02-20,4,Business,23,Kirkland Signature,3,24.99,0,0,44,11,7,45,107,0
1063,2023-06-01,3,Gold Star,200,Appliances,8,386.96,0,0,7,13,9,32,61,0
1064,2023-11-30,5,Business,392,Seasonal,7,46.13,0,0,40,9,12,35,96,0
1065,2023-10-03,3,Gold Star,353,Kirkland Signature,18,217.08,0,0,43,22,7,4,76,0
1066,2023-11-24,9,Gold Star,218,Seasonal,10,274.4,0,0,35,9,2,22,68,0
1067,2023-03-24,9,Executive,70,Clothing,20,920.0,0,0,8,20,10,17,55,0
1068,2023-01-14,6,Executive,26,Electronics,9,258.03,1,0,40,4,8,69,121,0
1069,2023-10-15,5,Gold Star,373,Seasonal,20,609.6,1,0,29,1,4,24,58,0
1070,2023-10-19,8,Business,319,Seasonal,2,53.16,0,0,26,22,8,33,89,0
1071,2023-10-26,4,Executive,132,Appliances,7,14.63,0,0,26,11,4,7,48,1
1072,2023-08-01,3,Gold Star,37,Electronics,7,53.62,0,0,36,16,11,15,78,0
1073,2023-08-10,4,Gold Star,444,Kirkland Signature,19,309.7,0,0,32,4,7,7,50,0
1074,2023-12-29,6,Executive,438,Electronics,16,755.52,0,0,19,8,6,61,94,0
1075,2023-10-29,8,Business,131,Furniture,12,320.4,1,0,9,15,5,67,96,0
1076,2023-04-04,2,Executive,374,Kirkland Signature,9,237.96,0,0,19,6,1,40,66,0
1077,2023-01-06,7,Gold Star,459,Appliances,9,86.4,0,0,31,10,4,9,54,0
1078,2023-01-04,2,Gold Star,51,Kirkland Signature,11,522.17,0,0,7,8,5,4,24,1
1079,2023-01-05,2,Business,273,Home,7,48.79,0,0,41,22,5,64,132,0
1080,2023-04-25,1,Gold Star,206,Furniture,3,135.45,0,0,31,9,1,40,81,0
1081,2023-09-21,8,Business,35,Clothing,11,312.62,0,0,12,17,6,17,52,0
1082,2023-06-17,4,Gold Star,206,Furniture,20,903.0,1,0,21,8,1,38,68,0
1083,2023-06-24,2,Gold Star,313,Clothing,8,141.68,1,0,37,4,5,8,54,0
1084,2023-10-12,9,Gold Star,392,Seasonal,20,131.8,0,0,2,1,8,64,75,0
1085,2023-12-30,6,Executive,441,Home,19,94.24,1,0,30,6,9,55,100,0
1086,2023-05-15,3,Gold Star,168,Kirkland Signature,15,590.7,0,0,25,3,10,39,77,0
1087,2023-12-23,8,Executive,461,Clothing,9,309.33,1,1,34,21,1,59,115,0
1088,2023-06-15,7,Gold Star,342,Grocery,13,395.33,0,0,20,17,9,28,74,0
1089,2023-05-02,9,Executive,185,Kirkland Signature,19,19.19,0,0,1,11,8,19,39,1
1090,2023-12-14,6,Executive,261,Seasonal,2,79.32,0,0,4,2,11,55,72,0
1091,2023-09-17,1,Executive,52,Electronics,3,142.77,1,0,7,16,5,56,84,0
1092,2023-10-25,4,Business,7,Grocery,16,215.2,0,0,30,23,4,11,68,0
1093,2023-08-11,9,Gold Star,297,Grocery,15,240.0,0,0,28,14,11,25,78,0
1094,2023-12-15,6,Executive,195,Furniture,6,282.96,0,1,48,1,10,59,118,0
1095,2023-06-09,7,Gold Star,188,Electronics,3,111.99,0,0,13,21,6,42,82,0
1096,2023-04-22,6,Business,313,Clothing,4,70.84,1,0,1,23,3,58,85,0
1097,2023-08-17,1,Executive,159,Home,14,564.2,0,0,16,21,11,3,51,0
1098,2023-07-17,6,Business,354,Clothing,14,667.94,0,0,16,15,6,21,58,0
1099,2023-03-04,1,Business,193,Clothing,11,421.74,1,0,20,10,1,25,56,0
1100,2023-06-30,9,Executive,3,Seasonal,3,113.19,0,0,9,9,1,69,88,0
1101,2023-01-14,10,Gold Star,190,Appliances,12,514.56,1,0,19,21,5,13,58,0
1102,2023-02-22,6,Business,269,Electronics,8,25.2,0,0,46,22,7,27,102,0
1103,2023-05-16,2,Executive,359,Home,12,77.76,0,0,26,6,9,71,112,0
1104,2023-04-08,4,Executive,440,Furniture,15,581.4,1,0,38,2,2,9,51,0
1105,2023-02-21,7,Business,461,Clothing,1,34.37,0,0,12,22,7,17,58,0
1106,2023-11-10,3,Executive,171,Electronics,3,106.8,0,0,48,2,6,26,82,0
1107,2023-08-04,6,Business,273,Home,1,6.97,0,0,34,1,11,33,79,0
1108,2023-06-28,4,Business,161,Grocery,19,836.19,0,0,47,2,5,15,69,0
1109,2023-07-23,10,Gold Star,266,Appliances,6,278.04,1,0,23,6,6,10,45,1
1110,2023-10-09,10,Gold Star,357,Kirkland Signature,12,410.76,0,0,15,12,3,25,55,0
1111,2023-02-15,6,Business,299,Home,12,493.8,0,0,15,7,8,44,74,0
1112,2023-12-23,3,Gold Star,474,Electronics,14,333.48,1,1,31,20,7,32,90,0
1113,2023-05-24,10,Gold Star,375,Furniture,14,488.18,0,0,25,12,4,48,89,0
1114,2023-06-25,5,Gold Star,272,Grocery,14,349.86,1,0,47,9,7,28,91,0
1115,2023-01-24,4,Gold Star,445,Appliances,19,868.87,0,0,23,5,7,41,76,0
1116,2023-08-10,6,Business,176,Clothing,3,55.2,0,0,16,22,9,6,53,0
1117,2023-07-06,3,Business,195,Furniture,5,235.8,0,0,20,10,4,6,40,1
1118,2023-05-29,4,Business,361,Kirkland Signature,19,807.12,0,0,28,18,12,19,77,0
1119,2023-04-18,7,Business,425,Appliances,13,343.98,0,0,3,3,12,10,28,1
1120,2023-07-30,1,Business,176,Clothing,10,184.0,1,0,16,18,2,7,43,1
1121,2023-09-24,3,Gold Star,201,Grocery,13,53.82,1,0,39,7,12,3,61,0
1122,2023-05-21,10,Business,97,Appliances,6,295.92,1,0,6,2,5,19,32,1
1123,2023-08-23,2,Gold Star,23,Kirkland Signature,9,74.97,0,0,34,9,9,57,109,0
1124,2023-05-31,9,Gold Star,240,Home,15,371.25,0,0,3,3,3,25,34,1
1125,2023-01-20,7,Executive,324,Seasonal,5,93.6,0,0,12,23,12,32,79,0
1126,2023-11-09,5,Business,141,Home,8,230.8,0,0,27,14,10,6,57,0
1127,2023-07-30,3,Executive,448,Home,14,292.32,1,0,25,10,8,18,61,0
1128,2023-04-24,1,Gold Star,35,Clothing,6,170.52,0,0,1,24,7,46,78,0
1129,2023-10-30,6,Executive,275,Furniture,8,215.52,0,0,1,15,4,32,52,0
1130,2023-07-19,3,Gold Star,295,Appliances,19,531.43,0,0,26,2,4,53,85,0
1131,2023-05-15,6,Gold Star,452,Appliances,18,439.38,0,0,22,13,7,57,99,0
1132,2023-09-18,9,Gold Star,36,Home,8,136.48,0,0,18,13,3,61,95,0
1133,2023-10-26,5,Gold Star,158,Furniture,14,515.2,0,0,11,21,11,9,52,0
1134,2023-08-04,5,Gold Star,207,Home,12,107.76,0,0,13,2,1,6,22,1
1135,2023-02-26,6,Executive,336,Electronics,8,362.16,1,0,22,3,11,71,107,0
1136,2023-01-17,1,Gold Star,427,Electronics,12,580.2,0,0,29,17,4,52,102,0
1137,2023-01-14,4,Executive,351,Electronics,17,499.29,1,0,22,4,9,60,95,0
1138,2023-09-07,9,Gold Star,62,Electronics,4,93.12,0,0,21,22,5,4,52,0
1139,2023-01-23,10,Executive,386,Electronics,4,35.32,0,0,30,6,7,6,49,0
1140,2023-09-05,4,Business,114,Appliances,20,933.0,0,0,20,6,7,32,65,0
1141,2023-08-24,3,Business,248,Seasonal,12,380.88,0,0,45,23,6,59,133,0
1142,2023-09-15,5,Business,143,Home,17,653.48,0,0,14,7,7,5,33,1
1143,2023-12-22,5,Executive,85,Seasonal,12,584.76,0,1,23,2,8,69,102,0
1144,2023-08-08,6,Gold Star,338,Seasonal,18,830.52,0,0,23,9,8,5,45,1
1145,2023-06-19,2,Gold Star,230,Appliances,10,232.6,0,0,27,17,2,10,56,0
1146,2023-08-05,5,Executive,47,Home,5,110.5,1,0,20,1,6,28,55,0
1147,2023-07-18,3,Gold Star,104,Clothing,11,152.68,0,0,8,13,4,40,65,0
1148,2023-11-19,2,Business,66,Kirkland Signature,6,27.48,1,0,1,18,1,5,25,1
1149,2023-11-05,10,Business,461,Clothing,14,481.18,1,0,48,7,2,42,99,0
1150,2023-11-19,3,Business,44,Appliances,13,277.29,1,0,26,11,3,69,109,0
1151,2023-01-09,10,Executive,151,Appliances,20,805.6,0,0,28,16,2,49,95,0
1152,2023-09-07,3,Gold Star,64,Electronics,9,52.47,0,0,17,2,4,48,71,0
1153,2023-07-14,7,Business,246,Clothing,5,215.8,0,0,7,17,2,58,84,0
1154,2023-10-27,7,Gold Star,342,Grocery,14,425.74,0,0,8,17,9,1,35,1
1155,2023-11-24,9,Business,440,Furniture,18,697.68,0,0,16,7,8,4,35,1
1156,2023-10-10,2,Business,397,Home,5,46.3,0,0,20,8,1,64,93,0
1157,2023-01-24,9,Executive,472,Clothing,5,220.6,0,0,15,3,1,57,76,0
1158,2023-01-28,1,Gold Star,314,Seasonal,14,586.6,1,0,34,8,1,50,93,0
1159,2023-02-19,10,Executive,50,Electronics,6,201.66,1,0,11,10,10,33,64,0
1160,2023-02-26,4,Business,457,Clothing,2,94.96,1,0,32,14,10,33,89,0
1161,2023-11-16,1,Gold Star,29,Clothing,1,44.84,0,0,12,21,9,56,98,0
1162,2023-04-23,4,Gold Star,429,Furniture,7,119.91,1,0,25,5,3,64,97,0
1163,2023-05-29,9,Gold Star,152,Grocery,16,24.8,0,0,4,5,2,18,29,1
1164,2023-02-06,8,Business,431,Appliances,12,40.2,0,0,26,17,4,56,103,0
1165,2023-07-29,1,Gold Star,65,Seasonal,15,178.8,1,0,20,1,6,43,70,0
1166,2023-05-25,8,Gold Star,96,Seasonal,14,326.9,0,0,43,21,12,9,85,0
1167,2023-08-13,9,Executive,246,Clothing,17,733.72,1,0,15,6,12,21,54,0
1168,2023-05-02,4,Gold Star,288,Furniture,15,136.35,0,0,38,5,8,66,117,0
1169,2023-05-24,9,Business,221,Clothing,4,156.6,0,0,5,12,11,33,61,0
1170,2023-10-20,1,Business,165,Appliances,5,237.65,0,0,21,5,9,4,39,1
1171,2023-05-21,7,Gold Star,183,Electronics,17,370.77,1,0,30,13,6,18,67,0
1172,2023-08-17,9,Executive,482,Kirkland Signature,20,944.4,0,0,36,16,7,21,80,0
1173,2023-06-14,10,Executive,175,Seasonal,3,95.88,0,0,11,8,5,2,26,1
1174,2023-02-10,9,Executive,92,Kirkland Signature,1,10.84,0,0,34,22,6,66,128,0
1175,2023-10-14,1,Business,40,Home,19,548.53,1,0,39,14,2,48,103,0
1176,2023-11-29,1,Executive,131,Furniture,20,534.0,0,0,46,20,6,21,93,0
1177,2023-12-20,9,Business,390,Seasonal,13,624.13,0,1,9,10,4,50,73,0
1178,2023-01-29,5,Gold Star,310,Furniture,1,1.38,1,0,33,8,9,61,111,0
1179,2023-06-01,10,Gold Star,175,Seasonal,5,159.8,0,0,32,23,3,11,69,0
1180,2023-12-04,2,Business,482,Kirkland Signature,1,47.22,0,0,39,3,9,70,121,0
1181,2023-03-18,10,Executive,424,Clothing,14,9.66,1,0,41,22,9,18,90,0
1182,2023-04-17,8,Gold Star,416,Home,14,665.84,0,0,32,6,3,38,79,0
1183,2023-02-10,5,Business,66,Kirkland Signature,2,9.16,0,0,1,16,8,33,58,0
1184,2023-11-05,6,Gold Star,2,Appliances,4,102.6,1,0,15,15,7,46,83,0
1185,2023-03-27,9,Executive,31,Seasonal,7,295.12,0,0,22,9,6,18,55,0
1186,2023-07-07,4,Business,278,Home,10,424.3,0,0,22,12,8,28,70,0
1187,2023-03-12,8,Gold Star,108,Furniture,14,511.14,1,0,29,24,9,11,73,0
1188,2023-02-12,4,Executive,483,Appliances,15,113.55,1,0,19,23,8,6,56,0
1189,2023-01-24,10,Executive,395,Electronics,9,406.62,0,0,17,11,11,12,51,0
1190,2023-06-03,7,Executive,5,Furniture,20,116.4,1,0,39,19,4,32,94,0
1191,2023-10-06,7,Business,108,Furniture,2,73.02,0,0,35,8,4,66,113,0
1192,2023-03-13,10,Business,17,Kirkland Signature,11,446.38,0,0,36,13,1,9,59,0
1193,2023-08-16,9,Gold Star,217,Furniture,9,157.68,0,0,35,22,7,34,98,0
1194,2023-06-10,2,Business,237,Grocery,7,198.38,1,0,31,18,11,5,65,0
1195,2023-08-25,7,Gold Star,416,Home,8,380.48,0,0,40,10,2,13,65,0
1196,2023-09-02,8,Gold Star,446,Clothing,8,180.96,1,0,22,4,10,46,82,0
1197,2023-10-25,4,Gold Star,398,Grocery,9,352.71,0,0,28,13,4,39,84,0
1198,2023-12-05,10,Executive,477,Clothing,6,247.8,0,0,44,6,4,8,62,0
1199,2023-04-20,1,Executive,99,Home,13,206.96,0,0,16,23,5,49,93,0
1200,2023-06-07,7,Business,412,Furniture,2,66.98,0,0,1,17,2,45,65,0
1201,2023-12-29,4,Gold Star,209,Home,9,156.78,0,0,14,2,11,38,65,0
1202,2023-01-06,10,Gold Star,174,Grocery,2,97.54,0,0,4,21,4,25,54,0
1203,2023-09-18,9,Gold Star,431,Appliances,9,30.15,0,0,21,8,9,50,88,0
1204,2023-11-09,6,Executive,475,Kirkland Signature,1,14.37,0,0,10,1,9,16,36,1
1205,2023-04-13,1,Executive,183,Electronics,12,261.72,0,0,1,5,9,25,40,1
1206,2023-09-25,5,Executive,399,Clothing,8,163.44,0,0,14,24,4,7,49,0
1207,2023-10-06,9,Business,346,Clothing,17,94.35,0,0,44,23,4,28,99,0
1208,2023-09-10,5,Gold Star,243,Kirkland Signature,18,74.16,1,0,31,13,12,19,75,0
1209,2023-01-23,4,Gold Star,152,Grocery,6,9.3,0,0,29,1,3,34,67,0
1210,2023-11-19,2,Business,292,Electronics,20,115.0,1,0,43,18,5,33,99,0
1211,2023-10-11,3,Business,105,Furniture,18,196.2,0,0,36,18,12,71,137,0
1212,2023-05-20,10,Gold Star,249,Furniture,1,12.9,1,0,42,13,9,52,116,0
1213,2023-07-02,8,Business,183,Electronics,3,65.43,1,0,40,4,6,62,112,0
1214,2023-07-02,6,Executive,156,Seasonal,2,85.82,1,0,19,23,11,2,55,0
1215,2023-05-24,7,Gold Star,31,Seasonal,8,337.28,0,0,33,24,9,11,77,0
1216,2023-02-26,8,Executive,424,Clothing,6,4.14,1,0,46,23,10,15,94,0
1217,2023-03-28,3,Business,392,Seasonal,13,85.67,0,0,17,1,7,65,90,0
1218,2023-11-27,6,Business,287,Grocery,16,384.48,0,0,37,12,5,47,101,0
1219,2023-02-01,3,Business,452,Appliances,20,488.2,0,0,43,11,2,25,81,0
1220,2023-07-22,10,Executive,340,Furniture,10,241.0,1,0,10,7,2,48,67,0
1221,2023-04-30,5,Executive,494,Kirkland Signature,15,403.35,1,0,33,13,9,5,60,0
1222,2023-07-21,4,Gold Star,488,Grocery,1,6.62,0,0,44,24,11,34,113,0
1223,2023-01-27,8,Executive,18,Appliances,19,59.47,0,0,48,21,7,46,122,0
1224,2023-12-04,9,Business,331,Home,14,33.88,0,0,14,14,2,37,67,0
1225,2023-09-20,7,Gold Star,270,Kirkland Signature,2,83.54,0,0,47,22,8,15,92,0
1226,2023-06-07,8,Executive,305,Electronics,17,836.74,0,0,34,1,1,45,81,0
1227,2023-05-15,9,Business,36,Home,18,307.08,0,0,1,20,4,21,46,1
1228,2023-07-27,6,Executive,234,Electronics,8,341.04,0,0,41,10,2,38,91,0
1229,2023-11-30,4,Executive,202,Furniture,15,339.45,0,0,3,17,12,20,52,0
1230,2023-02-18,10,Gold Star,145,Grocery,17,161.5,1,0,36,14,6,56,112,0
1231,2023-01-16,9,Business,47,Home,6,132.6,0,0,47,9,5,9,70,0
1232,2023-05-02,3,Gold Star,434,Kirkland Signature,20,539.8,0,0,48,10,8,22,88,0
1233,2023-01-13,4,Business,112,Clothing,10,445.7,0,0,16,7,7,19,49,0
1234,2023-05-07,6,Gold Star,16,Kirkland Signature,15,679.2,1,0,45,12,8,57,122,0
1235,2023-05-17,5,Executive,23,Kirkland Signature,12,99.96,0,0,26,7,4,59,96,0
1236,2023-08-01,6,Business,24,Clothing,15,664.05,0,0,14,5,5,3,27,1
1237,2023-08-31,8,Business,266,Appliances,8,370.72,0,0,34,14,9,30,87,0
1238,2023-11-08,8,Gold Star,294,Grocery,4,188.52,0,0,22,15,6,22,65,0
1239,2023-06-01,4,Executive,320,Clothing,1,17.11,0,0,42,15,4,47,108,0
1240,2023-12-28,6,Gold Star,397,Home,20,185.2,0,0,35,12,12,39,98,0
1241,2023-08-11,5,Business,363,Grocery,6,22.2,0,0,31,6,10,14,61,0
1242,2023-06-27,5,Executive,26,Electronics,15,430.05,0,0,30,17,3,61,111,0
1243,2023-07-12,5,Business,357,Kirkland Signature,14,479.22,0,0,12,21,12,22,67,0
1244,2023-08-12,10,Executive,139,Electronics,11,504.35,1,0,43,5,11,35,94,0
1245,2023-12-04,6,Business,373,Seasonal,12,365.76,0,0,48,14,5,38,105,0
1246,2023-12-12,6,Executive,335,Home,15,304.95,0,0,20,14,6,35,75,0
1247,2023-02-24,5,Executive,334,Clothing,2,54.38,0,0,22,17,5,21,65,0
1248,2023-12-21,9,Business,159,Home,1,40.3,0,1,43,6,2,29,80,0
1249,2023-02-17,1,Business,317,Kirkland Signature,16,588.16,0,0,6,8,6,42,62,0
1250,2023-10-10,2,Gold Star,477,Clothing,9,371.7,0,0,8,4,4,22,38,1
1251,2023-10-13,3,Business,326,Seasonal,18,427.32,0,0,42,10,2,55,109,0
1252,2023-07-08,7,Executive,152,Grocery,19,29.45,1,0,36,21,2,67,126,0
1253,2023-11-20,3,Business,88,Grocery,8,45.76,0,0,47,12,3,59,121,0
1254,2023-02-14,8,Business,379,Clothing,2,38.86,0,0,3,1,8,34,46,1
1255,2023-07-21,4,Business,272,Grocery,17,424.83,0,0,7,24,2,60,93,0
1256,2023-01-23,4,Executive,106,Furniture,4,57.16,0,0,38,9,11,6,64,0
1257,2023-05-16,9,Business,256,Grocery,15,66.9,0,0,32,6,8,41,87,0
1258,2023-05-16,5,Gold Star,168,Kirkland Signature,16,630.08,0,0,5,21,6,1,33,1
1259,2023-09-23,2,Executive,137,Furniture,17,798.66,1,0,7,10,12,26,55,0
1260,2023-09-15,3,Business,421,Grocery,11,310.75,0,0,27,19,5,24,75,0
1261,2023-05-21,1,Executive,14,Home,18,597.6,1,0,47,21,9,35,112,0
1262,2023-02-04,4,Gold Star,392,Seasonal,5,32.95,1,0,5,2,4,11,22,1
1263,2023-03-30,2,Executive,472,Clothing,20,882.4,0,0,22,2,6,18,48,1
1264,2023-11-10,6,Executive,178,Home,12,412.32,0,0,2,21,7,38,68,0
1265,2023-11-28,3,Gold Star,89,Home,8,346.0,0,0,3,13,2,3,21,1
1266,2023-11-13,1,Executive,419,Clothing,4,100.56,0,0,17,16,1,1,35,1
1267,2023-08-03,8,Gold Star,493,Clothing,7,155.19,0,0,13,13,11,25,62,0
1268,2023-05-30,6,Executive,129,Home,9,216.63,0,0,12,9,1,1,23,1
1269,2023-11-26,6,Business,481,Clothing,18,332.64,1,0,16,1,10,9,36,1
1270,2023-03-22,7,Gold Star,258,Furniture,4,108.0,0,0,19,24,12,48,103,0
1271,2023-04-03,1,Business,211,Kirkland Signature,15,295.65,0,0,7,9,8,59,83,0
1272,2023-05-21,8,Gold Star,451,Appliances,13,150.8,1,0,24,14,4,8,50,0
1273,2023-08-07,3,Business,307,Kirkland Signature,11,136.84,0,0,22,2,12,42,78,0
1274,2023-02-04,4,Executive,159,Home,19,765.7,1,0,25,17,5,42,89,0
1275,2023-11-08,6,Gold Star,102,Grocery,5,33.7,0,0,32,9,9,4,54,0
1276,2023-10-17,7,Gold Star,360,Home,5,237.25,0,0,14,14,4,16,48,1
1277,2023-05-23,8,Business,446,Clothing,6,135.72,0,0,36,6,12,10,64,0
1278,2023-06-02,4,Executive,290,Furniture,4,4.04,0,0,17,7,5,68,97,0
1279,2023-11-12,6,Executive,28,Electronics,17,14.62,1,0,6,7,12,70,95,0
1280,2023-07-11,9,Gold Star,351,Electronics,20,587.4,0,0,29,14,12,35,90,0
1281,2023-12-14,10,Business,457,Clothing,8,379.84,0,0,27,12,7,62,108,0
1282,2023-07-10,7,Gold Star,312,Kirkland Signature,8,62.96,0,0,46,9,6,30,91,0
1283,2023-03-15,2,Gold Star,279,Kirkland Signature,12,390.36,0,0,37,17,3,6,63,0
1284,2023-10-05,6,Gold Star,389,Clothing,20,682.0,0,0,19,14,11,64,108,0
1285,2023-04-11,5,Business,148,Kirkland Signature,8,42.4,0,0,2,16,1,25,44,1
1286,2023-06-22,7,Executive,448,Home,7,146.16,0,0,26,11,1,72,110,0
1287,2023-03-30,8,Gold Star,390,Seasonal,12,576.12,0,0,5,21,2,31,59,0
1288,2023-02-07,9,Executive,98,Home,17,723.35,0,0,15,4,6,62,87,0
1289,2023-08-16,6,Gold Star,242,Electronics,5,162.5,0,0,4,2,7,67,80,0
1290,2023-10-22,5,Gold Star,37,Electronics,4,30.64,1,0,37,16,7,67,127,0
1291,2023-07-17,7,Executive,385,Furniture,9,6.03,0,0,35,6,12,70,123,0
1292,2023-04-24,4,Gold Star,217,Furniture,6,105.12,0,0,44,11,8,47,110,0
1293,2023-10-03,7,Gold Star,497,Grocery,16,215.52,0,0,19,7,5,47,78,0
1294,2023-11-06,10,Business,22,Clothing,18,441.54,0,0,30,12,2,70,114,0
1295,2023-07-08,3,Business,464,Clothing,15,529.5,1,0,20,3,12,63,98,0
1296,2023-06-21,8,Business,280,Seasonal,13,324.61,0,0,33,5,8,37,83,0
1297,2023-12-20,9,Executive,263,Kirkland Signature,15,380.25,0,1,37,7,2,57,103,0
1298,2023-04-30,1,Business,136,Kirkland Signature,7,306.25,1,0,29,13,7,44,93,0
1299,2023-10-24,2,Executive,255,Seasonal,8,332.0,0,0,6,15,8,62,91,0
1300,2023-11-27,10,Executive,336,Electronics,19,860.13,0,0,33,20,10,55,118,0
1301,2023-04-08,3,Executive,471,Clothing,15,564.45,1,0,4,24,11,37,76,0
1302,2023-08-08,9,Gold Star,264,Appliances,5,217.7,0,0,33,6,1,35,75,0
1303,2023-05-12,7,Executive,80,Appliances,19,744.99,0,0,37,1,11,11,60,0
1304,2023-05-10,5,Executive,164,Clothing,4,146.0,0,0,18,23,5,60,106,0
1305,2023-08-18,5,Gold Star,29,Clothing,8,358.72,0,0,43,7,8,2,60,0
1306,2023-01-05,2,Business,103,Furniture,14,236.18,0,0,21,8,8,15,52,0
1307,2023-04-19,6,Business,309,Seasonal,13,394.16,0,0,24,17,4,24,69,0
1308,2023-04-08,6,Business,125,Home,20,759.0,1,0,6,3,9,65,83,0
1309,2023-03-04,9,Business,339,Appliances,2,89.06,1,0,38,8,1,21,68,0
1310,2023-12-28,8,Executive,342,Grocery,5,152.05,0,0,15,10,4,36,65,0
1311,2023-12-23,6,Gold Star,451,Appliances,7,81.2,1,1,44,11,2,7,64,0
1312,2023-02-15,2,Executive,308,Appliances,9,72.36,0,0,7,23,6,72,108,0
1313,2023-07-03,1,Executive,138,Furniture,19,448.97,0,0,17,24,2,47,90,0
1314,2023-03-24,9,Business,339,Appliances,9,400.77,0,0,2,24,10,36,72,0
1315,2023-04-02,1,Gold Star,47,Home,20,442.0,1,0,27,6,9,40,82,0
1316,2023-07-31,1,Gold Star,306,Home,9,101.34,0,0,8,20,3,45,76,0
1317,2023-01-14,4,Gold Star,458,Clothing,18,701.28,1,0,23,12,7,30,72,0
1318,2023-12-06,10,Business,496,Electronics,8,151.28,0,0,15,21,10,20,66,0
1319,2023-09-18,4,Business,150,Appliances,9,32.94,0,0,13,4,9,16,42,1
1320,2023-12-22,5,Business,382,Home,12,476.52,0,1,7,12,10,11,40,1
1321,2023-07-16,9,Gold Star,73,Home,15,516.15,1,0,31,14,5,65,115,0
1322,2023-11-27,10,Executive,78,Kirkland Signature,20,408.2,0,0,5,24,10,58,97,0
1323,2023-01-12,3,Business,372,Furniture,13,264.29,0,0,39,19,2,17,77,0
1324,2023-10-14,8,Executive,443,Kirkland Signature,15,56.4,1,0,31,6,9,52,98,0
1325,2023-04-03,10,Executive,251,Kirkland Signature,9,335.34,0,0,48,23,12,12,95,0
1326,2023-01-12,9,Gold Star,45,Clothing,13,74.36,0,0,42,1,10,12,65,0
1327,2023-09-20,2,Executive,342,Grocery,8,243.28,0,0,24,22,6,12,64,0
1328,2023-04-18,1,Executive,426,Home,13,417.95,0,0,8,3,6,40,57,0
1329,2023-08-03,5,Gold Star,309,Seasonal,17,515.44,0,0,39,6,2,21,68,0
1330,2023-02-16,4,Business,470,Kirkland Signature,8,306.96,0,0,32,7,12,46,97,0
1331,2023-06-03,1,Gold Star,497,Grocery,5,67.35,1,0,43,19,11,52,125,0
1332,2023-05-19,10,Gold Star,129,Home,15,361.05,0,0,43,5,11,61,120,0
1333,2023-05-28,5,Executive,349,Home,7,242.41,1,0,6,16,9,62,93,0
1334,2023-09-21,5,Executive,207,Home,18,161.64,0,0,21,21,3,50,95,0
1335,2023-02-26,10,Gold Star,294,Grocery,1,47.13,1,0,33,8,11,43,95,0
1336,2023-06-20,8,Business,305,Electronics,12,590.64,0,0,29,3,5,38,75,0
1337,2023-05-10,5,Gold Star,150,Appliances,5,18.3,0,0,6,9,1,48,64,0
1338,2023-01-16,6,Gold Star,399,Clothing,16,326.88,0,0,44,5,1,6,56,0
1339,2023-12-17,9,Business,323,Electronics,1,42.77,1,1,42,6,10,53,111,0
1340,2023-10-17,10,Gold Star,79,Clothing,12,117.24,0,0,44,16,12,16,88,0
1341,2023-01-20,7,Business,246,Clothing,14,604.24,0,0,13,17,9,15,54,0
1342,2023-08-11,2,Business,446,Clothing,2,45.24,0,0,44,13,4,45,106,0
1343,2023-03-30,9,Executive,15,Seasonal,14,692.16,0,0,16,7,2,50,75,0
1344,2023-02-26,8,Gold Star,421,Grocery,16,452.0,1,0,2,14,9,3,28,1
1345,2023-05-04,3,Executive,165,Appliances,18,855.54,0,0,14,6,8,49,77,0
1346,2023-05-26,1,Gold Star,323,Electronics,17,727.09,0,0,48,6,5,10,69,0
1347,2023-01-30,9,Business,160,Kirkland Signature,20,866.4,0,0,22,1,2,44,69,0
1348,2023-01-05,8,Executive,350,Seasonal,5,61.9,0,0,2,13,1,25,41,1
1349,2023-04-07,10,Business,317,Kirkland Signature,2,73.52,0,0,16,24,7,52,99,0
1350,2023-12-23,2,Gold Star,274,Grocery,19,932.71,1,1,21,15,7,53,96,0
1351,2023-12-17,4,Executive,378,Kirkland Signature,11,268.4,1,1,4,4,1,46,55,0
1352,2023-02-21,3,Gold Star,114,Appliances,4,186.6,0,0,14,5,8,70,97,0
1353,2023-06-12,7,Executive,127,Clothing,3,98.31,0,0,26,8,12,30,76,0
1354,2023-01-05,4,Gold Star,440,Furniture,2,77.52,0,0,33,22,12,60,127,0
1355,2023-10-07,7,Business,342,Grocery,15,456.15,1,0,43,7,10,9,69,0
1356,2023-03-20,7,Executive,284,Furniture,8,51.44,0,0,42,13,10,70,135,0
1357,2023-02-02,7,Executive,233,Clothing,3,48.09,0,0,32,24,6,44,106,0
1358,2023-12-08,6,Executive,342,Grocery,6,182.46,0,0,5,11,4,52,72,0
1359,2023-04-14,3,Executive,214,Clothing,18,793.08,0,0,32,24,5,25,86,0
1360,2023-11-21,7,Business,266,Appliances,10,463.4,0,0,42,6,3,38,89,0
1361,2023-12-14,5,Gold Star,302,Seasonal,15,178.35,0,0,40,8,11,57,116,0
1362,2023-03-16,1,Gold Star,93,Kirkland Signature,7,170.17,0,0,17,13,11,28,69,0
1363,2023-08-24,4,Executive,27,Kirkland Signature,5,225.55,0,0,4,22,3,65,94,0
1364,2023-03-23,4,Executive,147,Appliances,9,385.02,0,0,36,11,1,33,81,0
1365,2023-05-11,2,Executive,433,Appliances,8,106.32,0,0,13,20,9,33,75,0
1366,2023-01-16,6,Gold Star,237,Grocery,1,28.34,0,0,25,7,1,62,95,0
1367,2023-05-06,4,Gold Star,130,Electronics,19,452.01,1,0,3,22,4,29,58,0
1368,2023-06-20,5,Executive,397,Home,13,120.38,0,0,22,13,8,20,63,0
1369,2023-05-09,5,Business,393,Clothing,1,20.31,0,0,39,18,8,6,71,0
1370,2023-08-30,10,Executive,51,Kirkland Signature,15,712.05,0,0,39,15,1,19,74,0
1371,2023-03-16,8,Executive,247,Seasonal,5,154.2,0,0,11,5,6,60,82,0
1372,2023-01-16,7,Executive,284,Furniture,17,109.31,0,0,45,23,12,36,116,0
1373,2023-02-01,8,Business,307,Kirkland Signature,19,236.36,0,0,7,20,2,66,95,0
1374,2023-09-20,9,Executive,70,Clothing,18,828.0,0,0,11,8,4,2,25,1
1375,2023-01-17,7,Gold Star,164,Clothing,11,401.5,0,0,8,7,11,65,91,0
1376,2023-08-23,2,Executive,96,Seasonal,12,280.2,0,0,38,16,4,49,107,0
1377,2023-03-22,6,Gold Star,128,Grocery,9,237.06,0,0,3,12,11,58,84,0
1378,2023-05-04,6,Gold Star,363,Grocery,14,51.8,0,0,16,4,12,34,66,0
1379,2023-11-07,4,Executive,156,Seasonal,13,557.83,0,0,48,22,7,39,116,0
1380,2023-11-22,6,Executive,124,Electronics,12,364.56,0,0,45,13,6,6,70,0
1381,2023-02-12,2,Gold Star,160,Kirkland Signature,1,43.32,1,0,27,13,9,43,92,0
1382,2023-03-16,9,Executive,245,Appliances,8,349.2,0,0,12,18,6,2,38,1
1383,2023-02-09,10,Business,109,Grocery,13,449.67,0,0,41,9,5,57,112,0
1384,2023-08-12,3,Business,36,Home,16,272.96,1,0,38,15,1,60,114,0
1385,2023-04-08,10,Business,319,Seasonal,8,212.64,1,0,34,5,7,71,117,0
1386,2023-12-13,6,Executive,342,Grocery,9,273.69,0,0,44,15,12,29,100,0
1387,2023-05-04,2,Business,288,Furniture,8,72.72,0,0,24,13,3,56,96,0
1388,2023-11-15,9,Gold Star,416,Home,2,95.12,0,0,20,13,3,66,102,0
1389,2023-09-14,7,Executive,176,Clothing,14,257.6,0,0,2,10,3,48,63,0
1390,2023-02-22,6,Business,377,Grocery,4,14.24,0,0,32,20,2,57,111,0
1391,2023-01-29,7,Business,138,Furniture,20,472.6,1,0,36,8,8,61,113,0
1392,2023-05-03,5,Gold Star,267,Seasonal,6,16.86,0,0,34,12,8,30,84,0
1393,2023-10-19,2,Executive,497,Grocery,12,161.64,0,0,37,24,10,45,116,0
1394,2023-03-10,5,Business,350,Seasonal,18,222.84,0,0,40,8,4,36,88,0
1395,2023-08-15,7,Gold Star,269,Electronics,12,37.8,0,0,38,20,4,5,67,0
1396,2023-06-29,1,Gold Star,229,Seasonal,14,599.76,0,0,7,9,12,29,57,0
1397,2023-11-24,9,Gold Star,329,Electronics,8,129.84,0,0,48,24,3,17,92,0
1398,2023-03-26,4,Gold Star,354,Clothing,18,858.78,1,0,2,20,8,39,69,0
1399,2023-03-05,8,Business,420,Seasonal,10,247.2,1,0,15,20,11,27,73,0
1400,2023-08-10,8,Executive,471,Clothing,7,263.41,0,0,29,19,8,27,83,0
1401,2023-10-24,8,Executive,145,Grocery,11,104.5,0,0,7,11,6,16,40,1
1402,2023-01-28,8,Executive,482,Kirkland Signature,13,613.86,1,0,20,14,5,24,63,0
1403,2023-06-02,3,Executive,168,Kirkland Signature,10,393.8,0,0,46,22,11,25,104,0
1404,2023-09-06,8,Gold Star,231,Seasonal,16,76.64,0,0,23,16,6,26,71,0
1405,2023-10-05,4,Gold Star,175,Seasonal,5,159.8,0,0,6,4,2,56,68,0
1406,2023-04-07,10,Gold Star,379,Clothing,15,291.45,0,0,19,6,9,50,84,0
1407,2023-12-05,3,Executive,73,Home,15,516.15,0,0,37,1,2,17,57,0
1408,2023-11-02,9,Business,39,Seasonal,1,48.26,0,0,19,15,3,1,38,1
1409,2023-05-29,10,Executive,126,Furniture,17,556.07,0,0,43,11,8,4,66,0
1410,2023-09-21,3,Business,367,Electronics,7,188.37,0,0,11,23,3,24,61,0
1411,2023-01-17,2,Gold Star,120,Kirkland Signature,17,605.37,0,0,37,15,4,63,119,0
1412,2023-01-25,7,Executive,203,Appliances,12,243.12,0,0,6,11,11,16,44,1
1413,2023-04-08,5,Executive,33,Clothing,14,544.32,1,0,11,13,1,61,86,0
1414,2023-12-21,3,Executive,248,Seasonal,19,603.06,0,1,45,10,7,65,127,0
1415,2023-09-10,9,Executive,475,Kirkland Signature,8,114.96,1,0,27,6,2,58,93,0
1416,2023-03-01,3,Executive,49,Appliances,15,394.05,0,0,25,23,8,27,83,0
1417,2023-01-04,5,Business,361,Kirkland Signature,20,849.6,0,0,11,23,4,64,102,0
1418,2023-10-19,3,Business,144,Home,3,64.35,0,0,14,15,2,9,40,1
1419,2023-07-13,2,Executive,233,Clothing,13,208.39,0,0,6,2,7,44,59,0
1420,2023-07-05,1,Executive,263,Kirkland Signature,17,430.95,0,0,19,11,8,56,94,0
1421,2023-12-26,6,Business,268,Seasonal,1,22.3,0,0,17,7,5,64,93,0
1422,2023-12-06,5,Executive,465,Seasonal,17,166.77,0,0,31,5,3,34,73,0
1423,2023-11-10,2,Executive,377,Grocery,13,46.28,0,0,15,15,2,60,92,0
1424,2023-02-12,2,Business,30,Electronics,7,68.74,1,0,40,17,12,37,106,0
1425,2023-09-12,8,Business,491,Appliances,7,93.52,0,0,30,23,11,20,84,0
1426,2023-11-07,9,Business,191,Furniture,19,322.24,0,0,21,13,12,7,53,0
1427,2023-12-18,1,Gold Star,138,Furniture,14,330.82,0,1,33,15,3,42,93,0
1428,2023-06-14,8,Gold Star,442,Appliances,19,243.39,0,0,35,18,11,44,108,0
1429,2023-02-26,6,Business,500,Seasonal,14,181.58,1,0,32,6,8,7,53,0
1430,2023-02-20,8,Executive,188,Electronics,3,111.99,0,0,12,18,4,50,84,0
1431,2023-06-11,4,Gold Star,18,Appliances,7,21.91,1,0,15,8,4,3,30,1
1432,2023-06-19,10,Gold Star,49,Appliances,16,420.32,0,0,31,12,3,3,49,0
1433,2023-02-06,3,Executive,49,Appliances,19,499.13,0,0,33,18,10,34,95,0
1434,2023-07-17,5,Gold Star,495,Kirkland Signature,3,139.44,0,0,48,21,8,39,116,0
1435,2023-05-10,3,Business,292,Electronics,13,74.75,0,0,40,6,11,30,87,0
1436,2023-07-19,7,Business,279,Kirkland Signature,7,227.71,0,0,43,3,3,6,55,0
1437,2023-12-06,3,Executive,183,Electronics,8,174.48,0,0,29,4,6,7,46,1
1438,2023-06-18,10,Executive,268,Seasonal,5,111.5,1,0,8,5,3,36,52,0
1439,2023-02-01,6,Business,465,Seasonal,4,39.24,0,0,9,19,9,16,53,0
1440,2023-02-15,6,Business,255,Seasonal,19,788.5,0,0,42,14,8,68,132,0
1441,2023-04-09,4,Gold Star,387,Grocery,7,37.03,1,0,14,2,6,37,59,0
1442,2023-02-17,1,Business,396,Electronics,19,887.87,0,0,22,19,3,39,83,0
1443,2023-09-09,7,Gold Star,299,Home,10,411.5,1,0,6,20,4,16,46,1
1444,2023-04-15,1,Executive,293,Clothing,18,558.36,1,0,8,1,1,17,27,1
1445,2023-03-20,5,Executive,330,Furniture,3,56.67,0,0,20,24,4,39,87,0
1446,2023-12-13,3,Business,280,Seasonal,3,74.91,0,0,7,9,3,51,70,0
1447,2023-07-10,4,Executive,254,Seasonal,19,114.38,0,0,35,22,8,56,121,0
1448,2023-05-16,1,Executive,381,Grocery,17,649.57,0,0,21,12,2,33,68,0
1449,2023-09-27,2,Business,275,Furniture,20,538.8,0,0,11,14,3,62,90,0
1450,2023-10-15,8,Executive,286,Electronics,8,311.92,1,0,14,7,4,12,37,1
1451,2023-09-06,9,Executive,472,Clothing,17,750.04,0,0,27,6,4,69,106,0
1452,2023-10-13,9,Executive,92,Kirkland Signature,2,21.68,0,0,17,24,4,26,71,0
1453,2023-01-16,2,Gold Star,64,Electronics,8,46.64,0,0,5,24,4,63,96,0
1454,2023-04-11,9,Business,202,Furniture,15,339.45,0,0,42,2,12,47,103,0
1455,2023-03-24,7,Business,328,Clothing,9,427.59,0,0,28,13,6,40,87,0
1456,2023-12-06,7,Business,475,Kirkland Signature,14,201.18,0,0,43,23,9,11,86,0
1457,2023-11-08,4,Executive,491,Appliances,10,133.6,0,0,33,20,7,70,130,0
1458,2023-09-09,1,Business,19,Seasonal,20,751.6,1,0,21,15,12,72,120,0
1459,2023-08-28,4,Gold Star,47,Home,17,375.7,0,0,37,6,2,65,110,0
1460,2023-11-09,8,Business,225,Grocery,4,8.96,0,0,36,20,1,20,77,0
1461,2023-06-09,7,Business,494,Kirkland Signature,13,349.57,0,0,7,15,11,16,49,0
1462,2023-04-09,2,Business,327,Grocery,19,757.72,1,0,20,17,11,34,82,0
1463,2023-09-21,9,Gold Star,86,Kirkland Signature,9,221.94,0,0,35,5,4,40,84,0
1464,2023-07-17,9,Gold Star,82,Home,8,54.88,0,0,30,5,2,20,57,0
1465,2023-12-30,4,Business,216,Appliances,1,18.02,1,0,43,22,12,19,96,0
1466,2023-06-29,5,Executive,449,Appliances,20,656.4,0,0,46,10,7,6,69,0
1467,2023-09-12,2,Gold Star,71,Seasonal,13,314.21,0,0,2,4,10,26,42,1
1468,2023-04-10,5,Gold Star,213,Grocery,19,485.64,0,0,41,4,11,28,84,0
1469,2023-01-12,2,Executive,236,Grocery,16,13.6,0,0,40,11,5,52,108,0
1470,2023-04-24,7,Executive,98,Home,2,85.1,0,0,18,11,10,38,77,0
1471,2023-07-03,7,Business,359,Home,4,25.92,0,0,24,4,7,66,101,0
1472,2023-07-12,7,Business,403,Clothing,20,425.2,0,0,3,11,11,59,84,0
1473,2023-10-15,7,Business,179,Clothing,13,173.42,1,0,28,18,9,9,64,0
1474,2023-01-13,10,Business,405,Seasonal,8,121.68,0,0,41,16,5,70,132,0
1475,2023-03-28,8,Gold Star,68,Kirkland Signature,8,288.56,0,0,21,2,10,50,83,0
1476,2023-05-22,6,Gold Star,207,Home,4,35.92,0,0,19,14,1,70,104,0
1477,2023-07-13,2,Business,196,Seasonal,7,272.44,0,0,10,23,12,24,69,0
1478,2023-06-04,2,Gold Star,314,Seasonal,5,209.5,1,0,16,23,9,19,67,0
1479,2023-11-08,7,Business,371,Grocery,17,573.07,0,0,33,20,11,22,86,0
1480,2023-07-26,6,Gold Star,249,Furniture,18,232.2,0,0,6,5,2,37,50,0
1481,2023-10-27,1,Executive,389,Clothing,16,545.6,0,0,21,4,10,50,85,0
1482,2023-08-22,1,Gold Star,166,Appliances,8,330.08,0,0,48,15,6,36,105,0
1483,2023-06-11,7,Gold Star,492,Electronics,9,282.78,1,0,23,7,1,30,61,0
1484,2023-11-08,5,Executive,187,Furniture,4,91.48,0,0,36,15,2,14,67,0
1485,2023-03-15,7,Gold Star,186,Electronics,1,40.93,0,0,37,21,8,18,84,0
1486,2023-06-07,7,Gold Star,135,Clothing,9,22.59,0,0,44,13,11,41,109,0
1487,2023-04-05,6,Gold Star,75,Appliances,16,646.08,0,0,14,16,3,28,61,0
1488,2023-12-02,9,Gold Star,477,Clothing,15,619.5,1,0,33,6,6,18,63,0
1489,2023-10-16,10,Business,115,Electronics,17,790.5,0,0,11,13,11,30,65,0
1490,2023-08-14,10,Business,66,Kirkland Signature,9,41.22,0,0,25,23,9,21,78,0
1491,2023-05-27,5,Gold Star,79,Clothing,7,68.39,1,0,15,6,9,9,39,1
1492,2023-08-19,2,Business,418,Kirkland Signature,10,468.8,1,0,20,15,4,44,83,0
1493,2023-08-11,6,Business,296,Kirkland Signature,3,129.0,0,0,14,3,3,64,84,0
1494,2023-09-09,6,Gold Star,13,Furniture,9,193.86,1,0,20,11,2,66,99,0
1495,2023-10-05,6,Executive,491,Appliances,14,187.04,0,0,13,17,8,39,77,0
1496,2023-09-05,10,Business,189,Home,19,948.86,0,0,4,16,11,5,36,1
1497,2023-06-10,8,Business,472,Clothing,15,661.8,1,0,31,11,6,60,108,0
1498,2023-12-21,9,Executive,424,Clothing,14,9.66,0,1,32,19,8,71,130,0
1499,2023-10-26,1,Gold Star,447,Clothing,3,117.99,0,0,28,3,7,38,76,0
1500,2023-02-27,4,Executive,38,Appliances,12,127.2,0,0,39,11,6,65,121,0
1501,2023-05-09,6,Gold Star,460,Electronics,2,24.6,0,0,25,23,4,5,57,0
1502,2023-06-03,5,Gold Star,93,Kirkland Signature,19,461.89,1,0,42,5,1,32,80,0
1503,2023-10-28,4,Gold Star,182,Furniture,2,25.52,1,0,1,2,3,18,24,1
1504,2023-05-14,10,Business,492,Electronics,8,251.36,1,0,24,17,10,9,60,0
1505,2023-03-18,8,Executive,446,Clothing,10,226.2,1,0,31,23,3,65,122,0
1506,2023-02-04,3,Gold Star,389,Clothing,19,647.9,1,0,41,14,10,43,108,0
1507,2023-03-28,6,Business,324,Seasonal,18,336.96,0,0,12,19,2,48,81,0
1508,2023-08-05,2,Gold Star,380,Seasonal,13,286.52,1,0,26,8,5,70,109,0
1509,2023-04-14,4,Business,492,Electronics,4,125.68,0,0,24,17,12,55,108,0
1510,2023-06-02,4,Business,353,Kirkland Signature,8,96.48,0,0,1,12,5,61,79,0
1511,2023-06-20,7,Gold Star,84,Furniture,11,225.94,0,0,42,1,9,23,75,0
1512,2023-07-11,2,Executive,55,Clothing,20,904.6,0,0,29,23,10,10,72,0
1513,2023-01-30,4,Gold Star,362,Clothing,14,462.7,0,0,31,2,8,27,68,0
1514,2023-08-28,10,Gold Star,219,Home,16,33.6,0,0,27,12,4,24,67,0
1515,2023-09-26,2,Gold Star,368,Grocery,9,148.95,0,0,28,21,6,10,65,0
1516,2023-07-31,10,Business,324,Seasonal,2,37.44,0,0,13,15,9,48,85,0
1517,2023-12-27,7,Gold Star,163,Kirkland Signature,9,10.44,0,0,21,18,12,35,86,0
1518,2023-04-07,10,Executive,422,Grocery,14,614.46,0,0,15,4,10,25,54,0
1519,2023-09-17,5,Gold Star,460,Electronics,7,86.1,1,0,26,11,9,18,64,0
1520,2023-09-09,10,Executive,459,Appliances,10,96.0,1,0,2,11,2,12,27,1
1521,2023-09-12,1,Executive,90,Seasonal,2,65.02,0,0,39,9,4,17,69,0
1522,2023-05-01,5,Executive,118,Furniture,13,172.77,0,0,42,6,5,46,99,0
1523,2023-02-12,10,Executive,338,Seasonal,2,92.28,1,0,4,23,2,71,100,0
1524,2023-07-03,2,Gold Star,412,Furniture,4,133.96,0,0,36,18,9,52,115,0
1525,2023-04-08,2,Gold Star,36,Home,2,34.12,1,0,27,13,12,30,82,0
1526,2023-11-12,6,Gold Star,113,Clothing,13,169.52,1,0,18,12,2,42,74,0
1527,2023-01-17,4,Gold Star,322,Furniture,5,131.45,0,0,5,17,8,68,98,0
1528,2023-10-05,6,Executive,202,Furniture,16,362.08,0,0,30,22,7,54,113,0
1529,2023-04-26,3,Business,54,Appliances,5,83.9,0,0,25,1,3,21,50,0
1530,2023-08-18,6,Executive,213,Grocery,1,25.56,0,0,11,22,7,11,51,0
1531,2023-05-06,7,Gold Star,181,Clothing,10,109.7,1,0,28,15,10,44,97,0
1532,2023-12-26,5,Executive,219,Home,3,6.3,0,0,1,18,2,20,41,1
1533,2023-07-04,6,Business,34,Home,6,39.18,0,0,17,22,8,10,57,0
1534,2023-10-02,8,Gold Star,85,Seasonal,17,828.41,0,0,47,3,7,39,96,0
1535,2023-08-01,1,Gold Star,377,Grocery,4,14.24,0,0,47,17,4,71,139,0
1536,2023-12-24,6,Gold Star,22,Clothing,16,392.48,1,1,35,13,7,69,124,0
1537,2023-07-20,3,Gold Star,489,Electronics,11,489.61,0,0,24,18,2,47,91,0
1538,2023-02-07,2,Gold Star,43,Seasonal,15,637.95,0,0,23,20,12,32,87,0
1539,2023-11-05,2,Executive,242,Electronics,11,357.5,1,0,37,9,10,23,79,0
1540,2023-09-30,5,Business,390,Seasonal,9,432.09,1,0,45,14,8,52,119,0
1541,2023-05-23,3,Gold Star,211,Kirkland Signature,19,374.49,0,0,38,15,7,34,94,0
1542,2023-12-17,8,Gold Star,59,Grocery,10,353.7,1,1,36,1,10,43,90,0
1543,2023-06-25,8,Executive,169,Furniture,15,413.55,1,0,32,2,8,11,53,0
1544,2023-10-24,3,Business,474,Electronics,14,333.48,0,0,39,11,12,26,88,0
1545,2023-01-26,8,Business,239,Home,18,75.42,0,0,46,23,9,59,137,0
1546,2023-09-11,10,Executive,39,Seasonal,19,916.94,0,0,35,14,11,27,87,0
1547,2023-09-10,7,Business,344,Furniture,9,60.84,1,0,12,12,8,72,104,0
1548,2023-11-07,1,Executive,348,Home,5,216.75,0,0,19,19,8,55,101,0
1549,2023-01-30,8,Gold Star,298,Appliances,5,118.0,0,0,42,18,6,22,88,0
1550,2023-10-04,8,Business,133,Clothing,11,391.05,0,0,42,20,11,12,85,0
1551,2023-06-26,5,Business,284,Furniture,8,51.44,0,0,20,6,7,3,36,1
1552,2023-04-05,4,Business,25,Kirkland Signature,5,227.8,0,0,23,14,8,6,51,0
1553,2023-10-20,7,Executive,5,Furniture,9,52.38,0,0,37,8,10,18,73,0
1554,2023-11-27,6,Business,279,Kirkland Signature,10,325.3,0,0,31,12,4,22,69,0
1555,2023-01-10,6,Executive,72,Grocery,16,613.6,0,0,6,9,3,55,73,0
1556,2023-06-14,8,Gold Star,499,Clothing,7,129.57,0,0,14,19,11,49,93,0
1557,2023-07-11,7,Gold Star,369,Clothing,3,142.65,0,0,37,8,1,59,105,0
1558,2023-11-19,5,Business,165,Appliances,10,475.3,1,0,47,16,9,32,104,0
1559,2023-04-04,6,Business,285,Appliances,6,138.06,0,0,10,2,11,60,83,0
1560,2023-11-26,8,Gold Star,293,Clothing,15,465.3,1,0,34,22,12,5,73,0
1561,2023-10-07,1,Gold Star,230,Appliances,15,348.9,1,0,48,16,12,24,100,0
1562,2023-07-22,1,Executive,60,Clothing,1,43.77,1,0,1,3,9,59,72,0
1563,2023-12-27,10,Business,453,Grocery,17,160.99,0,0,14,5,1,54,74,0
1564,2023-12-25,6,Gold Star,156,Seasonal,18,772.38,0,1,33,10,11,4,58,0
1565,2023-10-07,8,Business,374,Kirkland Signature,13,343.72,1,0,32,6,7,43,88,0
1566,2023-05-06,1,Gold Star,313,Clothing,18,318.78,1,0,42,6,1,41,90,0
1567,2023-04-26,4,Business,298,Appliances,10,236.0,0,0,39,1,5,66,111,0
1568,2023-09-01,1,Business,404,Home,19,702.24,0,0,45,2,11,48,106,0
1569,2023-06-30,6,Gold Star,420,Seasonal,16,395.52,0,0,45,22,5,64,136,0
1570,2023-08-05,6,Gold Star,225,Grocery,5,11.2,1,0,9,9,2,38,58,0
1571,2023-05-30,6,Executive,281,Kirkland Signature,8,193.04,0,0,23,13,8,53,97,0
1572,2023-02-27,4,Gold Star,131,Furniture,7,186.9,0,0,43,15,8,46,112,0
1573,2023-12-14,5,Business,307,Kirkland Signature,12,149.28,0,0,46,8,2,20,76,0
1574,2023-05-30,7,Business,54,Appliances,5,83.9,0,0,6,1,11,67,85,0
1575,2023-08-19,4,Executive,462,Kirkland Signature,3,94.41,1,0,24,23,1,32,80,0
1576,2023-09-30,6,Executive,295,Appliances,5,139.85,1,0,22,3,4,24,53,0
1577,2023-08-02,2,Business,367,Electronics,16,430.56,0,0,21,6,11,23,61,0
1578,2023-03-14,2,Business,187,Furniture,11,251.57,0,0,37,20,8,56,121,0
1579,2023-04-09,7,Executive,20,Electronics,10,91.5,1,0,20,10,1,65,96,0
1580,2023-10-01,5,Business,256,Grocery,9,40.14,1,0,43,22,8,48,121,0
1581,2023-09-10,3,Business,180,Clothing,9,134.82,1,0,32,5,12,13,62,0
1582,2023-08-26,7,Gold Star,21,Appliances,20,296.8,1,0,12,6,5,18,41,1
1583,2023-12-24,6,Business,297,Grocery,12,192.0,1,1,3,7,11,6,27,1
1584,2023-04-01,8,Gold Star,69,Kirkland Signature,3,39.54,1,0,48,16,6,53,123,0
1585,2023-07-21,4,Business,133,Clothing,16,568.8,0,0,6,23,1,66,96,0
1586,2023-11-08,7,Executive,422,Grocery,5,219.45,0,0,25,21,4,70,120,0
1587,2023-07-15,9,Business,172,Home,7,48.44,1,0,22,13,5,1,41,1
1588,2023-09-22,10,Executive,71,Seasonal,20,483.4,0,0,22,15,3,47,87,0
1589,2023-01-03,6,Executive,161,Grocery,10,440.1,0,0,40,8,7,7,62,0
1590,2023-03-07,7,Business,228,Clothing,4,153.88,0,0,46,8,6,70,130,0
1591,2023-12-19,5,Business,463,Clothing,15,287.25,0,1,7,24,4,69,104,0
1592,2023-05-26,5,Executive,9,Kirkland Signature,4,188.68,0,0,32,10,1,42,85,0
1593,2023-02-13,6,Executive,496,Electronics,9,170.19,0,0,18,20,5,7,50,0
1594,2023-11-05,3,Gold Star,395,Electronics,20,903.6,1,0,15,16,4,70,105,0
1595,2023-07-19,1,Executive,251,Kirkland Signature,16,596.16,0,0,11,2,2,22,37,1
1596,2023-10-19,5,Gold Star,345,Kirkland Signature,18,25.2,0,0,13,11,12,42,78,0
1597,2023-08-28,2,Executive,371,Grocery,15,505.65,0,0,48,19,4,27,98,0
1598,2023-01-07,7,Gold Star,240,Home,8,198.0,1,0,45,12,12,66,135,0
1599,2023-10-24,10,Executive,451,Appliances,10,116.0,0,0,19,1,11,20,51,0
1600,2023-11-06,9,Gold Star,68,Kirkland Signature,14,504.98,0,0,20,20,2,67,109,0
1601,2023-05-05,5,Gold Star,415,Electronics,13,429.52,0,0,17,10,11,33,71,0
1602,2023-08-03,5,Business,16,Kirkland Signature,12,543.36,0,0,45,8,4,51,108,0
1603,2023-09-06,4,Business,73,Home,11,378.51,0,0,32,16,7,54,109,0
1604,2023-02-18,6,Executive,161,Grocery,5,220.05,1,0,38,3,2,18,61,0
1605,2023-05-16,9,Gold Star,99,Home,9,143.28,0,0,35,4,1,26,66,0
1606,2023-09-28,1,Gold Star,459,Appliances,18,172.8,0,0,17,1,5,39,62,0
1607,2023-03-09,1,Business,89,Home,16,692.0,0,0,31,8,8,65,112,0
1608,2023-11-17,6,Business,354,Clothing,8,381.68,0,0,17,5,9,37,68,0
1609,2023-01-25,9,Business,448,Home,4,83.52,0,0,32,13,7,13,65,0
1610,2023-03-27,2,Gold Star,419,Clothing,5,125.7,0,0,1,21,7,70,99,0
1611,2023-11-19,6,Executive,164,Clothing,17,620.5,1,0,14,4,8,56,82,0
1612,2023-03-18,7,Gold Star,155,Appliances,4,72.24,1,0,10,15,9,18,52,0
1613,2023-11-19,6,Executive,265,Electronics,13,167.44,1,0,42,18,12,20,92,0
1614,2023-11-17,5,Executive,47,Home,5,110.5,0,0,24,7,9,40,80,0
1615,2023-07-11,1,Executive,71,Seasonal,14,338.38,0,0,42,16,5,28,91,0
1616,2023-03-13,9,Executive,475,Kirkland Signature,9,129.33,0,0,36,24,1,52,113,0
1617,2023-01-01,9,Business,368,Grocery,12,198.6,1,0,6,15,8,23,52,0
1618,2023-09-30,2,Business,338,Seasonal,6,276.84,1,0,26,15,8,25,74,0
1619,2023-07-05,4,Gold Star,59,Grocery,14,495.18,0,0,21,9,4,63,97,0
1620,2023-11-05,8,Executive,169,Furniture,2,55.14,1,0,35,4,11,16,66,0
1621,2023-01-31,2,Gold Star,211,Kirkland Signature,17,335.07,0,0,4,18,11,68,101,0
1622,2023-11-20,8,Executive,252,Clothing,7,164.64,0,0,17,3,1,32,53,0
1623,2023-02-22,4,Executive,160,Kirkland Signature,12,519.84,0,0,7,11,3,62,83,0
1624,2023-01-11,4,Executive,134,Appliances,18,155.34,0,0,14,12,9,37,72,0
1625,2023-09-19,3,Executive,116,Electronics,17,700.23,0,0,40,6,2,62,110,0
1626,2023-05-17,9,Business,96,Seasonal,7,163.45,0,0,16,15,3,54,88,0
1627,2023-10-17,8,Executive,316,Kirkland Signature,20,421.4,0,0,30,7,1,68,106,0
1628,2023-03-29,1,Gold Star,23,Kirkland Signature,15,124.95,0,0,5,3,6,72,86,0
1629,2023-02-26,6,Gold Star,89,Home,13,562.25,1,0,19,19,2,28,68,0
1630,2023-08-01,4,Gold Star,22,Clothing,6,147.18,0,0,19,9,9,65,102,0
1631,2023-01-20,5,Gold Star,24,Clothing,16,708.32,0,0,19,4,1,34,58,0
1632,2023-12-16,7,Business,222,Kirkland Signature,19,402.99,1,1,24,11,5,28,68,0
1633,2023-12-11,8,Gold Star,72,Grocery,3,115.05,0,0,6,21,8,66,101,0
1634,2023-03-04,6,Gold Star,384,Appliances,13,137.93,1,0,13,2,6,20,41,1
1635,2023-08-28,9,Executive,54,Appliances,16,268.48,0,0,42,10,2,44,98,0
1636,2023-09-03,7,Business,200,Appliances,13,628.81,1,0,4,9,12,2,27,1
1637,2023-10-16,3,Gold Star,63,Electronics,11,355.85,0,0,48,2,6,31,87,0
1638,2023-11-06,5,Gold Star,102,Grocery,12,80.88,0,0,13,14,6,29,62,0
1639,2023-02-08,7,Business,467,Electronics,1,2.77,0,0,16,9,1,45,71,0
1640,2023-06-25,3,Gold Star,416,Home,14,665.84,1,0,10,12,6,27,55,0
1641,2023-09-25,3,Business,338,Seasonal,11,507.54,0,0,35,12,3,66,116,0
1642,2023-05-18,8,Gold Star,47,Home,9,198.9,0,0,7,22,8,48,85,0
1643,2023-05-24,7,Business,192,Furniture,18,751.68,0,0,42,15,4,29,90,0
1644,2023-03-20,9,Gold Star,106,Furniture,3,42.87,0,0,40,7,11,69,127,0
1645,2023-06-03,8,Business,83,Kirkland Signature,11,539.11,1,0,6,3,7,43,59,0
1646,2023-06-01,7,Gold Star,19,Seasonal,4,150.32,0,0,11,9,7,56,83,0
1647,2023-04-06,9,Executive,416,Home,6,285.36,0,0,2,9,12,36,59,0
1648,2023-09-25,1,Executive,401,Kirkland Signature,15,577.65,0,0,42,19,11,1,73,0
1649,2023-06-02,1,Business,314,Seasonal,12,502.8,0,0,18,15,11,65,109,0
1650,2023-01-18,1,Business,454,Appliances,11,262.24,0,0,7,9,11,69,96,0
1651,2023-06-14,10,Executive,367,Electronics,12,322.92,0,0,1,13,12,68,94,0
1652,2023-04-08,1,Executive,267,Seasonal,10,28.1,1,0,39,19,6,69,133,0
1653,2023-03-15,2,Gold Star,50,Electronics,11,369.71,0,0,40,3,12,50,105,0
1654,2023-05-26,4,Executive,14,Home,10,332.0,0,0,21,13,8,40,82,0
1655,2023-04-09,1,Gold Star,485,Kirkland Signature,16,218.24,1,0,26,3,12,35,76,0
1656,2023-06-17,6,Executive,9,Kirkland Signature,13,613.21,1,0,14,14,7,49,84,0
1657,2023-08-10,1,Executive,26,Electronics,7,200.69,0,0,31,18,7,28,84,0
1658,2023-07-23,3,Executive,29,Clothing,13,582.92,1,0,1,8,9,30,48,1
1659,2023-10-01,1,Business,52,Electronics,16,761.44,1,0,18,12,12,31,73,0
1660,2023-08-08,9,Executive,342,Grocery,2,60.82,0,0,32,14,12,37,95,0
1661,2023-01-20,3,Business,113,Clothing,4,52.16,0,0,44,22,1,36,103,0
1662,2023-08-22,7,Executive,140,Electronics,11,499.07,0,0,30,1,12,5,48,1
1663,2023-09-08,8,Executive,398,Grocery,9,352.71,0,0,1,19,5,47,72,0
1664,2023-04-15,6,Executive,487,Home,11,396.66,1,0,27,12,5,45,89,0
1665,2023-12-18,4,Gold Star,360,Home,1,47.45,0,1,30,20,12,28,90,0
1666,2023-03-06,10,Executive,468,Grocery,20,141.6,0,0,10,16,1,9,36,1
1667,2023-05-06,7,Executive,202,Furniture,15,339.45,1,0,43,6,1,39,89,0
1668,2023-02-03,9,Executive,452,Appliances,1,24.41,0,0,22,11,7,51,91,0
1669,2023-07-08,10,Executive,324,Seasonal,20,374.4,1,0,19,15,10,57,101,0
1670,2023-02-18,4,Business,72,Grocery,10,383.5,1,0,40,16,12,9,77,0
1671,2023-02-23,10,Executive,284,Furniture,15,96.45,0,0,9,14,3,69,95,0
1672,2023-07-09,8,Business,473,Appliances,5,180.25,1,0,15,22,2,49,88,0
1673,2023-01-30,4,Gold Star,194,Furniture,3,86.19,0,0,42,11,3,7,63,0
1674,2023-06-29,4,Executive,463,Clothing,5,95.75,0,0,46,6,9,44,105,0
1675,2023-08-20,8,Gold Star,105,Furniture,9,98.1,1,0,8,17,3,63,91,0
1676,2023-01-14,10,Gold Star,307,Kirkland Signature,7,87.08,1,0,11,11,11,3,36,1
1677,2023-10-14,8,Executive,459,Appliances,18,172.8,1,0,22,6,2,20,50,0
1678,2023-07-22,1,Executive,128,Grocery,8,210.72,1,0,22,2,8,2,34,1
1679,2023-05-01,6,Executive,469,Kirkland Signature,5,130.5,0,0,16,18,2,46,82,0
1680,2023-12-23,9,Gold Star,41,Electronics,3,125.82,1,1,46,1,3,36,86,0
1681,2023-02-21,1,Gold Star,400,Grocery,14,500.78,0,0,11,4,11,3,29,1
1682,2023-06-15,7,Gold Star,391,Seasonal,14,249.76,0,0,21,22,6,53,102,0
1683,2023-01-03,5,Gold Star,215,Kirkland Signature,7,18.55,0,0,24,5,5,23,57,0
1684,2023-06-08,4,Executive,417,Clothing,17,472.09,0,0,47,10,10,12,79,0
1685,2023-02-14,7,Executive,494,Kirkland Signature,15,403.35,0,0,42,16,3,59,120,0
1686,2023-03-03,2,Business,398,Grocery,8,313.52,0,0,15,22,8,65,110,0
1687,2023-05-20,4,Business,91,Kirkland Signature,2,83.48,1,0,25,4,1,37,67,0
1688,2023-12-30,6,Business,325,Electronics,11,27.5,1,0,29,14,7,51,101,0
1689,2023-07-08,4,Business,461,Clothing,6,206.22,1,0,13,8,6,57,84,0
1690,2023-01-21,4,Executive,222,Kirkland Signature,11,233.31,1,0,29,10,12,22,73,0
1691,2023-04-17,10,Business,98,Home,11,468.05,0,0,40,10,5,59,114,0
1692,2023-03-07,6,Gold Star,39,Seasonal,15,723.9,0,0,31,16,11,46,104,0
1693,2023-06-06,7,Gold Star,179,Clothing,5,66.7,0,0,28,1,2,57,88,0
1694,2023-10-30,2,Gold Star,155,Appliances,10,180.6,0,0,30,16,11,21,78,0
1695,2023-06-06,5,Gold Star,163,Kirkland Signature,13,15.08,0,0,40,16,6,49,111,0
1696,2023-04-09,9,Business,405,Seasonal,19,288.99,1,0,19,10,10,21,60,0
1697,2023-01-07,5,Executive,367,Electronics,4,107.64,1,0,21,19,4,49,93,0
1698,2023-03-18,3,Executive,323,Electronics,5,213.85,1,0,22,1,1,72,96,0
1699,2023-09-19,2,Gold Star,450,Electronics,1,8.96,0,0,41,4,11,71,127,0
1700,2023-12-23,7,Gold Star,299,Home,10,411.5,1,1,45,3,7,48,103,0
1701,2023-08-31,5,Gold Star,489,Electronics,4,178.04,0,0,24,19,5,38,86,0
1702,2023-01-16,7,Business,193,Clothing,10,383.4,0,0,42,7,10,37,96,0
1703,2023-05-13,4,Executive,144,Home,5,107.25,1,0,7,6,12,25,50,0
1704,2023-08-15,2,Gold Star,90,Seasonal,1,32.51,0,0,35,1,7,37,80,0
1705,2023-06-27,2,Executive,322,Furniture,9,236.61,0,0,41,11,7,52,111,0
1706,2023-08-01,5,Gold Star,168,Kirkland Signature,19,748.22,0,0,25,23,9,28,85,0
1707,2023-06-21,2,Gold Star,369,Clothing,20,951.0,0,0,36,17,1,16,70,0
1708,2023-10-21,6,Executive,123,Clothing,16,255.36,1,0,47,17,7,39,110,0
1709,2023-03-31,2,Business,385,Furniture,16,10.72,0,0,42,22,8,16,88,0
1710,2023-05-07,2,Business,269,Electronics,18,56.7,1,0,22,8,4,64,98,0
1711,2023-11-26,7,Executive,372,Furniture,13,264.29,1,0,5,21,1,22,49,0
1712,2023-07-13,2,Executive,240,Home,17,420.75,0,0,25,5,2,16,48,1
1713,2023-06-08,10,Business,425,Appliances,13,343.98,0,0,24,3,1,58,86,0
1714,2023-03-01,5,Executive,191,Furniture,11,186.56,0,0,45,5,3,48,101,0
1715,2023-01-31,6,Executive,138,Furniture,16,378.08,0,0,18,23,6,66,113,0
1716,2023-12-21,1,Executive,241,Electronics,2,54.24,0,1,32,15,6,13,66,0
1717,2023-02-22,7,Gold Star,250,Home,13,461.63,0,0,31,22,9,21,83,0
1718,2023-01-09,10,Executive,332,Home,10,152.6,0,0,42,7,5,41,95,0
1719,2023-11-22,2,Executive,481,Clothing,11,203.28,0,0,39,21,4,12,76,0
1720,2023-04-14,10,Business,461,Clothing,17,584.29,0,0,45,17,12,19,93,0
1721,2023-03-16,6,Gold Star,258,Furniture,9,243.0,0,0,31,20,10,9,70,0
1722,2023-09-24,8,Executive,206,Furniture,14,632.1,1,0,19,5,9,49,82,0
1723,2023-02-24,6,Business,285,Appliances,18,414.18,0,0,35,22,3,48,108,0
1724,2023-10-18,10,Executive,209,Home,4,69.68,0,0,39,21,11,39,110,0
1725,2023-09-03,2,Executive,316,Kirkland Signature,9,189.63,1,0,37,3,4,54,98,0
1726,2023-01-16,3,Business,308,Appliances,12,96.48,0,0,43,4,12,63,122,0
1727,2023-02-08,5,Business,468,Grocery,19,134.52,0,0,24,4,11,63,102,0
1728,2023-04-08,6,Business,337,Seasonal,1,1.07,1,0,9,21,5,59,94,0
1729,2023-01-30,7,Executive,498,Kirkland Signature,20,912.6,0,0,28,7,1,22,58,0
1730,2023-02-23,5,Gold Star,333,Grocery,5,115.6,0,0,47,1,4,47,99,0
1731,2023-12-16,5,Executive,212,Electronics,9,28.17,1,1,28,10,1,13,52,0
1732,2023-09-09,10,Business,218,Seasonal,15,411.6,1,0,13,16,1,54,84,0
1733,2023-04-25,10,Business,209,Home,7,121.94,0,0,24,15,2,51,92,0
1734,2023-04-12,4,Gold Star,414,Grocery,17,662.15,0,0,23,15,6,25,69,0
1735,2023-12-16,10,Gold Star,281,Kirkland Signature,20,482.6,1,1,40,7,6,2,55,0
1736,2023-06-20,1,Gold Star,311,Kirkland Signature,20,19.2,0,0,30,9,5,11,55,0
1737,2023-04-07,7,Gold Star,258,Furniture,9,243.0,0,0,45,4,1,20,70,0
1738,2023-03-15,7,Gold Star,324,Seasonal,19,355.68,0,0,38,18,11,72,139,0
1739,2023-07-14,1,Gold Star,200,Appliances,17,822.29,0,0,7,6,4,48,65,0
1740,2023-08-17,4,Business,75,Appliances,17,686.46,0,0,20,15,12,53,100,0
1741,2023-07-07,1,Business,280,Seasonal,17,424.49,0,0,20,2,10,7,39,1
1742,2023-08-02,2,Business,133,Clothing,6,213.3,0,0,40,7,7,56,110,0
1743,2023-09-03,1,Gold Star,242,Electronics,1,32.5,1,0,46,4,7,66,123,0
1744,2023-07-16,9,Executive,161,Grocery,7,308.07,1,0,42,24,6,11,83,0
1745,2023-01-11,3,Business,138,Furniture,2,47.26,0,0,15,17,9,7,48,1
1746,2023-04-12,10,Gold Star,36,Home,6,102.36,0,0,11,14,10,63,98,0
1747,2023-02-12,4,Gold Star,325,Electronics,8,20.0,1,0,33,12,8,70,123,0
1748,2023-07-15,8,Gold Star,270,Kirkland Signature,15,626.55,1,0,26,4,4,54,88,0
1749,2023-12-06,9,Executive,365,Furniture,10,38.7,0,0,3,4,11,39,57,0
1750,2023-06-10,9,Gold Star,357,Kirkland Signature,5,171.15,1,0,1,21,7,50,79,0
1751,2023-07-30,9,Executive,100,Electronics,5,139.3,1,0,48,9,6,33,96,0
1752,2023-03-05,8,Business,458,Clothing,19,740.24,1,0,28,8,10,35,81,0
1753,2023-03-29,3,Executive,232,Furniture,18,360.9,0,0,17,21,2,27,67,0
1754,2023-10-13,8,Executive,167,Seasonal,1,7.07,0,0,39,6,3,45,93,0
1755,2023-01-25,5,Gold Star,500,Seasonal,20,259.4,0,0,1,1,11,26,39,1
1756,2023-07-11,7,Executive,41,Electronics,11,461.34,0,0,39,20,2,72,133,0
1757,2023-03-13,8,Gold Star,19,Seasonal,18,676.44,0,0,10,4,3,10,27,1
1758,2023-02-05,7,Gold Star,337,Seasonal,6,6.42,1,0,5,17,2,32,56,0
1759,2023-07-16,5,Gold Star,118,Furniture,12,159.48,1,0,10,6,12,51,79,0
1760,2023-12-27,8,Gold Star,97,Appliances,3,147.96,0,0,25,2,4,46,77,0
1761,2023-03-22,1,Executive,452,Appliances,3,73.23,0,0,25,16,7,35,83,0
1762,2023-01-15,7,Business,256,Grocery,20,89.2,1,0,4,14,3,51,72,0
1763,2023-04-23,7,Executive,46,Electronics,11,126.83,1,0,20,12,7,51,90,0
1764,2023-09-01,7,Executive,41,Electronics,20,838.8,0,0,16,13,9,56,94,0
1765,2023-11-19,5,Business,106,Furniture,20,285.8,1,0,19,5,11,15,50,0
1766,2023-03-16,9,Gold Star,164,Clothing,2,73.0,0,0,13,20,9,35,77,0
1767,2023-12-20,6,Business,390,Seasonal,16,768.16,0,1,35,19,7,34,95,0
1768,2023-01-15,5,Gold Star,448,Home,6,125.28,1,0,30,8,9,51,98,0
1769,2023-07-03,2,Gold Star,453,Grocery,17,160.99,0,0,46,9,1,12,68,0
1770,2023-10-31,9,Executive,143,Home,17,653.48,0,0,15,21,11,42,89,0
1771,2023-03-07,4,Executive,124,Electronics,14,425.32,0,0,23,4,1,52,80,0
1772,2023-08-01,2,Gold Star,258,Furniture,13,351.0,0,0,41,5,10,7,63,0
1773,2023-11-10,8,Business,358,Electronics,11,275.33,0,0,8,21,12,54,95,0
1774,2023-03-25,9,Gold Star,348,Home,3,130.05,1,0,33,10,6,38,87,0
1775,2023-09-06,6,Executive,499,Clothing,12,222.12,0,0,4,14,11,15,44,1
1776,2023-05-31,10,Executive,286,Electronics,20,779.8,0,0,20,16,5,27,68,0
1777,2023-10-21,9,Gold Star,129,Home,18,433.26,1,0,9,5,6,43,63,0
1778,2023-10-03,6,Executive,43,Seasonal,12,510.36,0,0,22,14,5,41,82,0
1779,2023-09-26,4,Gold Star,138,Furniture,17,401.71,0,0,4,22,2,27,55,0
1780,2023-10-05,9,Gold Star,226,Grocery,9,253.08,0,0,23,10,1,23,57,0
1781,2023-09-24,7,Business,57,Seasonal,10,26.2,1,0,40,19,12,11,82,0
1782,2023-08-03,5,Gold Star,407,Seasonal,1,9.23,0,0,17,10,6,67,100,0
1783,2023-09-13,9,Executive,356,Kirkland Signature,10,206.0,0,0,44,15,3,65,127,0
1784,2023-09-13,5,Gold Star,177,Grocery,8,307.6,0,0,14,17,2,48,81,0
1785,2023-02-28,7,Business,295,Appliances,10,279.7,0,0,10,13,1,24,48,1
1786,2023-06-16,4,Gold Star,153,Home,15,434.7,0,0,13,3,11,12,39,1
1787,2023-12-06,9,Executive,117,Grocery,10,330.8,0,0,18,21,1,70,110,0
1788,2023-08-17,8,Gold Star,448,Home,3,62.64,0,0,1,1,8,48,58,0
1789,2023-09-05,5,Gold Star,46,Electronics,12,138.36,0,0,7,12,9,21,49,0
1790,2023-03-16,4,Gold Star,175,Seasonal,3,95.88,0,0,28,1,10,41,80,0
1791,2023-12-26,3,Gold Star,244,Electronics,11,382.91,0,0,48,3,12,8,71,0
1792,2023-06-02,9,Business,320,Clothing,20,342.2,0,0,20,22,6,35,83,0
1793,2023-09-10,10,Executive,306,Home,16,180.16,1,0,40,3,10,60,113,0
1794,2023-05-14,8,Business,213,Grocery,8,204.48,1,0,18,17,8,40,83,0
1795,2023-09-19,6,Executive,140,Electronics,3,136.11,0,0,43,9,2,62,116,0
1796,2023-09-26,7,Business,144,Home,1,21.45,0,0,35,20,4,67,126,0
1797,2023-10-16,2,Executive,330,Furniture,19,358.91,0,0,19,22,1,63,105,0
1798,2023-11-06,10,Executive,354,Clothing,4,190.84,0,0,15,4,8,36,63,0
1799,2023-04-17,2,Executive,127,Clothing,9,294.93,0,0,39,9,5,65,118,0
1800,2023-02-20,10,Executive,275,Furniture,16,431.04,0,0,15,8,10,43,76,0
1801,2023-08-16,2,Business,125,Home,19,721.05,0,0,26,14,12,54,106,0
1802,2023-06-02,3,Business,353,Kirkland Signature,19,229.14,0,0,1,18,4,15,38,1
1803,2023-05-03,8,Gold Star,262,Grocery,5,167.95,0,0,11,13,8,35,67,0
1804,2023-10-24,4,Business,164,Clothing,19,693.5,0,0,23,19,3,65,110,0
1805,2023-06-03,4,Gold Star,167,Seasonal,11,77.77,1,0,16,7,11,44,78,0
1806,2023-03-21,5,Executive,387,Grocery,10,52.9,0,0,29,13,2,17,61,0
1807,2023-12-15,5,Business,478,Seasonal,19,430.16,0,1,28,18,9,26,81,0
1808,2023-07-17,1,Gold Star,33,Clothing,13,505.44,0,0,16,15,9,54,94,0
1809,2023-02-25,5,Business,332,Home,11,167.86,1,0,41,12,10,63,126,0
1810,2023-08-30,7,Business,399,Clothing,4,81.72,0,0,24,19,12,43,98,0
1811,2023-05-14,10,Executive,451,Appliances,18,208.8,1,0,46,13,9,71,139,0
1812,2023-06-15,10,Executive,413,Home,12,587.76,0,0,17,12,11,4,44,1
1813,2023-03-14,2,Gold Star,197,Grocery,18,856.8,0,0,46,24,6,18,94,0
1814,2023-07-26,7,Business,420,Seasonal,11,271.92,0,0,42,18,9,67,136,0
1815,2023-03-08,3,Gold Star,451,Appliances,4,46.4,0,0,36,16,5,56,113,0
1816,2023-11-22,5,Executive,221,Clothing,4,156.6,0,0,2,8,2,42,54,0
1817,2023-10-29,1,Gold Star,131,Furniture,11,293.7,1,0,12,7,9,6,34,1
1818,2023-04-02,6,Gold Star,80,Appliances,7,274.47,1,0,14,16,9,70,109,0
1819,2023-09-09,2,Executive,367,Electronics,19,511.29,1,0,37,14,12,11,74,0
1820,2023-01-05,8,Executive,438,Electronics,14,661.08,0,0,11,1,8,35,55,0
1821,2023-05-24,10,Executive,86,Kirkland Signature,2,49.32,0,0,37,4,7,31,79,0
1822,2023-05-04,1,Gold Star,4,Furniture,7,77.63,0,0,7,22,2,62,93,0
1823,2023-12-27,6,Gold Star,62,Electronics,18,419.04,0,0,47,10,6,2,65,0
1824,2023-05-11,10,Executive,306,Home,1,11.26,0,0,2,13,8,12,35,1
1825,2023-01-23,1,Gold Star,446,Clothing,18,407.16,0,0,9,17,11,54,91,0
1826,2023-03-04,6,Executive,488,Grocery,6,39.72,1,0,40,19,10,25,94,0
1827,2023-09-22,4,Business,472,Clothing,16,705.92,0,0,21,8,2,36,67,0
1828,2023-01-05,4,Business,249,Furniture,13,167.7,0,0,13,11,7,44,75,0
1829,2023-06-01,9,Gold Star,164,Clothing,6,219.0,0,0,46,7,9,63,125,0
1830,2023-07-22,6,Gold Star,470,Kirkland Signature,6,230.22,1,0,46,19,1,22,88,0
1831,2023-04-11,9,Gold Star,269,Electronics,2,6.3,0,0,37,1,3,52,93,0
1832,2023-06-26,1,Gold Star,231,Seasonal,4,19.16,0,0,37,8,2,23,70,0
1833,2023-02-15,5,Gold Star,208,Seasonal,15,238.2,0,0,20,1,4,19,44,1
1834,2023-07-04,8,Executive,94,Furniture,12,205.56,0,0,37,7,11,32,87,0
1835,2023-01-12,9,Gold Star,462,Kirkland Signature,13,409.11,0,0,47,16,1,71,135,0
1836,2023-02-11,4,Executive,441,Home,18,89.28,1,0,24,1,2,22,49,0
1837,2023-05-20,2,Executive,47,Home,18,397.8,1,0,38,21,9,67,135,0
1838,2023-02-15,5,Business,103,Furniture,10,168.7,0,0,48,13,2,34,97,0
1839,2023-12-11,9,Business,254,Seasonal,12,72.24,0,0,39,19,11,38,107,0
1840,2023-07-12,5,Gold Star,85,Seasonal,10,487.3,0,0,16,10,5,69,100,0
1841,2023-10-25,9,Executive,138,Furniture,16,378.08,0,0,5,9,10,10,34,1
1842,2023-05-05,2,Executive,348,Home,16,693.6,0,0,39,23,3,68,133,0
1843,2023-04-10,1,Business,333,Grocery,14,323.68,0,0,45,14,4,26,89,0
1844,2023-08-12,7,Executive,175,Seasonal,19,607.24,1,0,44,10,3,59,116,0
1845,2023-07-12,10,Business,336,Electronics,14,633.78,0,0,7,5,8,62,82,0
1846,2023-06-22,8,Executive,91,Kirkland Signature,12,500.88,0,0,7,12,7,48,74,0
1847,2023-07-24,7,Executive,259,Furniture,12,453.24,0,0,47,13,3,56,119,0
1848,2023-10-20,3,Gold Star,63,Electronics,18,582.3,0,0,21,22,8,8,59,0
1849,2023-02-01,7,Executive,62,Electronics,1,23.28,0,0,34,16,7,5,62,0
1850,2023-07-23,3,Business,361,Kirkland Signature,13,552.24,1,0,10,8,4,30,52,0
1851,2023-11-20,10,Business,409,Furniture,11,195.25,0,0,14,20,4,19,57,0
1852,2023-06-06,6,Gold Star,276,Kirkland Signature,18,463.32,0,0,4,10,10,52,76,0
1853,2023-07-11,5,Gold Star,397,Home,3,27.78,0,0,34,12,12,60,118,0
1854,2023-03-29,5,Business,493,Clothing,3,66.51,0,0,32,14,12,61,119,0
1855,2023-01-02,6,Business,171,Electronics,4,142.4,0,0,35,10,8,72,125,0
1856,2023-04-01,9,Executive,154,Grocery,3,146.97,1,0,27,3,2,14,46,1
1857,2023-03-26,6,Business,132,Appliances,11,22.99,1,0,13,7,1,9,30,1
1858,2023-03-21,4,Executive,276,Kirkland Signature,14,360.36,0,0,33,1,10,35,79,0
1859,2023-08-09,6,Gold Star,455,Grocery,9,300.33,0,0,36,23,5,42,106,0
1860,2023-01-22,2,Executive,61,Appliances,14,22.26,1,0,29,13,2,48,92,0
1861,2023-09-05,9,Executive,74,Appliances,19,758.86,0,0,16,10,9,31,66,0
1862,2023-02-25,4,Business,48,Seasonal,5,230.1,1,0,24,9,5,34,72,0
1863,2023-10-11,9,Executive,204,Electronics,3,31.98,0,0,20,21,5,3,49,0
1864,2023-08-13,9,Business,301,Kirkland Signature,1,49.95,1,0,15,13,2,35,65,0
1865,2023-01-09,1,Business,69,Kirkland Signature,10,131.8,0,0,17,22,1,34,74,0
1866,2023-09-10,10,Executive,236,Grocery,17,14.45,1,0,36,6,11,21,74,0
1867,2023-10-17,3,Gold Star,16,Kirkland Signature,11,498.08,0,0,34,20,6,35,95,0
1868,2023-01-09,5,Executive,55,Clothing,13,587.99,0,0,17,13,4,51,85,0
1869,2023-02-02,3,Executive,382,Home,1,39.71,0,0,46,14,12,30,102,0
1870,2023-09-11,9,Executive,225,Grocery,2,4.48,0,0,43,15,1,1,60,0
1871,2023-06-29,5,Business,82,Home,6,41.16,0,0,35,21,1,62,119,0
1872,2023-12-12,3,Executive,302,Seasonal,4,47.56,0,0,3,15,4,47,69,0
1873,2023-04-11,6,Gold Star,487,Home,3,108.18,0,0,46,20,7,24,97,0
1874,2023-05-20,9,Business,402,Furniture,11,14.41,1,0,43,17,6,39,105,0
1875,2023-10-06,6,Executive,162,Kirkland Signature,16,372.0,0,0,41,8,10,6,65,0
1876,2023-09-07,10,Executive,352,Electronics,8,364.08,0,0,22,4,3,54,83,0
1877,2023-10-03,10,Business,288,Furniture,13,118.17,0,0,9,2,10,43,64,0
1878,2023-02-03,4,Business,500,Seasonal,10,129.7,0,0,6,22,1,47,76,0
1879,2023-03-30,9,Executive,258,Furniture,2,54.0,0,0,42,10,2,27,81,0
1880,2023-03-17,6,Executive,140,Electronics,13,589.81,0,0,10,17,3,26,56,0
1881,2023-10-07,8,Executive,124,Electronics,1,30.38,1,0,3,8,8,67,86,0
1882,2023-10-23,7,Business,316,Kirkland Signature,19,400.33,0,0,46,15,2,27,90,0
1883,2023-05-12,2,Business,216,Appliances,8,144.16,0,0,17,7,4,23,51,0
1884,2023-06-01,8,Business,74,Appliances,18,718.92,0,0,32,8,7,29,76,0
1885,2023-04-07,9,Gold Star,433,Appliances,13,172.77,0,0,36,3,4,21,64,0
1886,2023-08-30,7,Executive,62,Electronics,7,162.96,0,0,15,14,3,62,94,0
1887,2023-12-30,5,Gold Star,8,Appliances,17,83.13,1,0,39,13,1,49,102,0
1888,2023-05-08,1,Executive,413,Home,20,979.6,0,0,32,7,9,16,64,0
1889,2023-12-06,5,Gold Star,410,Home,3,53.22,0,0,14,5,1,36,56,0
1890,2023-12-06,1,Gold Star,450,Electronics,10,89.6,0,0,17,13,12,49,91,0
1891,2023-11-15,8,Business,272,Grocery,8,199.92,0,0,39,15,11,4,69,0
1892,2023-05-13,9,Executive,252,Clothing,3,70.56,1,0,39,18,2,69,128,0
1893,2023-12-21,10,Gold Star,179,Clothing,1,13.34,0,1,29,19,3,41,92,0
1894,2023-02-20,5,Gold Star,390,Seasonal,11,528.11,0,0,39,20,6,54,119,0
1895,2023-05-19,1,Business,388,Kirkland Signature,19,134.33,0,0,39,18,9,26,92,0
1896,2023-08-15,7,Business,355,Grocery,16,577.76,0,0,2,3,9,44,58,0
1897,2023-05-17,1,Executive,63,Electronics,8,258.8,0,0,34,6,1,11,52,0
1898,2023-06-21,7,Business,48,Seasonal,20,920.4,0,0,44,20,2,43,109,0
1899,2023-08-16,2,Business,445,Appliances,1,45.73,0,0,48,12,7,36,103,0
1900,2023-05-09,3,Business,364,Grocery,16,418.72,0,0,27,15,8,69,119,0
1901,2023-07-08,4,Executive,445,Appliances,16,731.68,1,0,18,5,4,36,63,0
1902,2023-12-10,1,Business,150,Appliances,9,32.94,1,0,17,18,6,30,71,0
1903,2023-12-31,7,Business,143,Home,11,422.84,1,0,36,16,2,20,74,0
1904,2023-03-27,3,Executive,274,Grocery,6,294.54,0,0,15,18,9,31,73,0
1905,2023-10-18,2,Gold Star,351,Electronics,3,88.11,0,0,21,8,11,19,59,0
1906,2023-10-26,4,Executive,283,Home,20,897.2,0,0,46,14,6,28,94,0
1907,2023-01-27,1,Gold Star,336,Electronics,14,633.78,0,0,33,2,9,58,102,0
1908,2023-03-04,2,Gold Star,281,Kirkland Signature,20,482.6,1,0,6,23,11,50,90,0
1909,2023-12-25,1,Business,275,Furniture,13,350.22,0,1,34,9,10,37,90,0
1910,2023-11-01,10,Business,399,Clothing,7,143.01,0,0,40,5,2,40,87,0
1911,2023-03-25,1,Executive,151,Appliances,3,120.84,1,0,19,12,11,61,103,0
1912,2023-10-24,7,Business,309,Seasonal,16,485.12,0,0,17,12,6,37,72,0
1913,2023-06-24,5,Gold Star,74,Appliances,16,639.04,1,0,47,9,1,49,106,0
1914,2023-11-07,9,Gold Star,478,Seasonal,8,181.12,0,0,19,21,12,66,118,0
1915,2023-10-23,8,Gold Star,168,Kirkland Signature,7,275.66,0,0,32,6,11,24,73,0
1916,2023-05-15,9,Executive,253,Clothing,1,1.47,0,0,41,10,2,68,121,0
1917,2023-10-17,4,Executive,389,Clothing,20,682.0,0,0,16,14,9,63,102,0
1918,2023-07-20,1,Gold Star,249,Furniture,12,154.8,0,0,24,19,11,42,96,0
1919,2023-01-24,10,Business,117,Grocery,9,297.72,0,0,39,4,3,18,64,0
1920,2023-10-28,8,Business,414,Grocery,20,779.0,1,0,31,16,9,69,125,0
1921,2023-09-26,7,Executive,362,Clothing,5,165.25,0,0,21,24,11,2,58,0
1922,2023-02-03,8,Business,118,Furniture,16,212.64,0,0,16,10,5,26,57,0
1923,2023-12-20,7,Gold Star,385,Furniture,17,11.39,0,1,5,10,8,62,85,0
1924,2023-07-16,6,Business,425,Appliances,16,423.36,1,0,19,4,11,68,102,0
1925,2023-07-31,10,Executive,97,Appliances,12,591.84,0,0,47,16,8,64,135,0
1926,2023-01-05,1,Gold Star,96,Seasonal,19,443.65,0,0,5,4,5,48,62,0
1927,2023-12-09,3,Executive,38,Appliances,16,169.6,1,0,20,14,1,54,89,0
1928,2023-02-17,8,Gold Star,349,Home,15,519.45,0,0,18,3,10,11,42,1
1929,2023-10-12,2,Executive,326,Seasonal,3,71.22,0,0,44,17,2,32,95,0
1930,2023-10-16,1,Gold Star,233,Clothing,8,128.24,0,0,46,18,1,72,137,0
1931,2023-05-28,5,Executive,456,Grocery,4,89.36,1,0,19,14,1,19,53,0
1932,2023-09-30,10,Gold Star,320,Clothing,12,205.32,1,0,36,11,11,31,89,0
1933,2023-09-03,2,Executive,181,Clothing,11,120.67,1,0,6,4,4,41,55,0
1934,2023-10-10,9,Executive,453,Grocery,16,151.52,0,0,17,6,6,31,60,0
1935,2023-07-05,7,Business,264,Appliances,12,522.48,0,0,6,12,1,69,88,0
1936,2023-05-20,6,Gold Star,17,Kirkland Signature,5,202.9,1,0,34,20,10,36,100,0
1937,2023-05-18,1,Business,59,Grocery,15,530.55,0,0,16,19,6,71,112,0
1938,2023-05-12,7,Business,262,Grocery,9,302.31,0,0,16,22,8,13,59,0
1939,2023-08-01,7,Gold Star,425,Appliances,16,423.36,0,0,22,17,1,28,68,0
1940,2023-07-26,7,Executive,124,Electronics,20,607.6,0,0,11,20,11,13,55,0
1941,2023-08-04,9,Executive,142,Kirkland Signature,8,328.8,0,0,3,10,9,66,88,0
1942,2023-09-09,1,Business,91,Kirkland Signature,2,83.48,1,0,37,21,5,25,88,0
1943,2023-06-10,9,Executive,296,Kirkland Signature,6,258.0,1,0,40,24,1,18,83,0
1944,2023-10-22,1,Executive,228,Clothing,1,38.47,1,0,16,16,2,16,50,0
1945,2023-04-16,3,Business,42,Home,12,216.0,1,0,4,12,8,42,66,0
1946,2023-07-05,3,Gold Star,1,Clothing,3,37.89,0,0,12,5,5,60,82,0
1947,2023-11-01,10,Executive,205,Grocery,8,247.44,0,0,35,12,10,34,91,0
1948,2023-02-05,5,Gold Star,367,Electronics,14,376.74,1,0,27,20,2,27,76,0
1949,2023-08-17,6,Executive,214,Clothing,8,352.48,0,0,23,19,11,2,55,0
1950,2023-10-10,9,Gold Star,420,Seasonal,17,420.24,0,0,32,21,10,20,83,0
1951,2023-05-19,8,Executive,317,Kirkland Signature,12,441.12,0,0,26,23,2,4,55,0
1952,2023-01-01,7,Gold Star,29,Clothing,3,134.52,1,0,1,22,7,39,69,0
1953,2023-09-30,6,Business,347,Clothing,6,217.62,1,0,21,9,9,15,54,0
1954,2023-08-20,9,Gold Star,340,Furniture,8,192.8,1,0,23,4,12,3,42,1
1955,2023-08-31,8,Business,387,Grocery,20,105.8,0,0,45,19,10,15,89,0
1956,2023-04-16,9,Executive,356,Kirkland Signature,14,288.4,1,0,30,8,9,30,77,0
1957,2023-05-16,3,Business,137,Furniture,6,281.88,0,0,5,13,2,34,54,0
1958,2023-10-12,5,Executive,138,Furniture,11,259.93,0,0,48,7,4,65,124,0
1959,2023-10-06,4,Gold Star,27,Kirkland Signature,2,90.22,0,0,19,8,5,44,76,0
1960,2023-10-17,1,Executive,35,Clothing,14,397.88,0,0,47,10,4,52,113,0
1961,2023-08-19,9,Executive,419,Clothing,5,125.7,1,0,32,20,1,62,115,0
1962,2023-07-22,5,Gold Star,369,Clothing,11,523.05,1,0,7,11,12,44,74,0
1963,2023-12-06,4,Executive,482,Kirkland Signature,15,708.3,0,0,38,18,7,60,123,0
1964,2023-05-09,8,Executive,440,Furniture,15,581.4,0,0,39,23,9,4,75,0
1965,2023-10-31,2,Gold Star,146,Seasonal,8,282.64,0,0,40,24,10,71,145,0
1966,2023-03-07,10,Gold Star,54,Appliances,10,167.8,0,0,20,12,8,71,111,0
1967,2023-02-06,8,Gold Star,300,Seasonal,20,667.6,0,0,28,12,1,62,103,0
1968,2023-08-14,1,Business,325,Electronics,13,32.5,0,0,1,24,7,42,74,0
1969,2023-09-15,1,Business,409,Furniture,4,71.0,0,0,18,12,2,29,61,0
1970,2023-06-19,7,Gold Star,386,Electronics,14,123.62,0,0,7,10,3,27,47,1
1971,2023-02-21,6,Gold Star,63,Electronics,2,64.7,0,0,33,15,12,55,115,0
1972,2023-07-10,3,Gold Star,417,Clothing,4,111.08,0,0,8,17,6,67,98,0
1973,2023-09-18,9,Executive,205,Grocery,6,185.58,0,0,25,24,9,10,68,0
1974,2023-02-08,10,Gold Star,124,Electronics,9,273.42,0,0,25,24,12,46,107,0
1975,2023-11-22,5,Business,185,Kirkland Signature,8,8.08,0,0,44,20,9,5,78,0
1976,2023-11-22,7,Executive,423,Seasonal,14,19.6,0,0,15,10,2,39,66,0
1977,2023-07-22,6,Executive,263,Kirkland Signature,14,354.9,1,0,22,17,1,69,109,0
1978,2023-04-30,3,Business,183,Electronics,10,218.1,1,0,2,12,11,34,59,0
1979,2023-09-13,6,Executive,111,Appliances,19,66.31,0,0,22,24,6,48,100,0
1980,2023-07-17,2,Executive,246,Clothing,5,215.8,0,0,7,6,11,46,70,0
1981,2023-04-11,2,Business,418,Kirkland Signature,9,421.92,0,0,13,14,12,12,51,0
1982,2023-04-26,3,Executive,361,Kirkland Signature,3,127.44,0,0,30,23,8,69,130,0
1983,2023-10-19,3,Executive,455,Grocery,1,33.37,0,0,13,22,4,8,47,1
1984,2023-12-05,3,Executive,400,Grocery,3,107.31,0,0,25,17,5,46,93,0
1985,2023-06-26,5,Business,136,Kirkland Signature,20,875.0,0,0,36,19,8,62,125,0
1986,2023-12-21,5,Executive,41,Electronics,16,671.04,0,1,10,3,7,28,48,1
1987,2023-08-06,5,Business,399,Clothing,15,306.45,1,0,46,18,3,25,92,0
1988,2023-06-24,9,Gold Star,359,Home,12,77.76,1,0,7,13,8,1,29,1
1989,2023-06-29,10,Business,303,Electronics,17,348.33,0,0,40,19,4,55,118,0
1990,2023-04-05,1,Executive,417,Clothing,13,361.01,0,0,47,15,2,62,126,0
1991,2023-04-07,1,Business,104,Clothing,12,166.56,0,0,1,16,2,49,68,0
1992,2023-01-27,4,Business,62,Electronics,13,302.64,0,0,28,4,8,12,52,0
1993,2023-12-02,3,Gold Star,247,Seasonal,14,431.76,1,0,27,21,7,10,65,0
1994,2023-07-19,8,Business,225,Grocery,17,38.08,0,0,21,1,7,52,81,0
1995,2023-09-16,3,Business,160,Kirkland Signature,7,303.24,1,0,32,5,9,56,102,0
1996,2023-03-04,10,Gold Star,423,Seasonal,20,28.0,1,0,42,5,9,23,79,0
1997,2023-01-28,9,Executive,80,Appliances,7,274.47,1,0,33,1,3,47,84,0
1998,2023-11-18,8,Gold Star,86,Kirkland Signature,7,172.62,1,0,48,24,5,65,142,0
1999,2023-07-08,1,Business,192,Furniture,20,835.2,1,0,40,8,11,54,113,0
2000,2023-10-16,1,Gold Star,266,Appliances,19,880.46,0,0,4,11,11,15,41,1
2001,2023-09-09,4,Business,162,Kirkland Signature,16,372.0,1,0,25,21,11,23,80,0
2002,2023-12-13,7,Executive,398,Grocery,1,39.19,0,0,29,23,7,35,94,0
2003,2023-03-10,6,Executive,161,Grocery,17,748.17,0,0,45,6,10,16,77,0
2004,2023-09-13,2,Gold Star,119,Electronics,5,101.95,0,0,7,14,9,31,61,0
2005,2023-02-21,5,Business,403,Clothing,16,340.16,0,0,25,20,10,6,61,0
2006,2023-02-14,10,Gold Star,349,Home,6,207.78,0,0,19,17,10,24,70,0
2007,2023-07-21,5,Gold Star,321,Appliances,14,303.94,0,0,24,23,2,31,80,0
2008,2023-06-18,3,Executive,290,Furniture,14,14.14,1,0,23,2,6,26,57,0
2009,2023-10-20,5,Executive,11,Clothing,11,74.36,0,0,40,15,5,56,116,0
2010,2023-03-13,3,Executive,329,Electronics,10,162.3,0,0,3,19,7,27,56,0
2011,2023-05-16,2,Business,284,Furniture,9,57.87,0,0,10,3,5,43,61,0
2012,2023-07-09,1,Business,87,Clothing,6,61.38,1,0,17,18,7,59,101,0
2013,2023-06-18,10,Business,353,Kirkland Signature,17,205.02,1,0,8,21,3,17,49,0
2014,2023-12-26,2,Business,310,Furniture,5,6.9,0,0,20,10,3,11,44,1
2015,2023-02-09,8,Gold Star,272,Grocery,2,49.98,0,0,47,12,11,5,75,0
2016,2023-09-17,4,Executive,353,Kirkland Signature,8,96.48,1,0,33,17,10,32,92,0
2017,2023-02-17,1,Executive,136,Kirkland Signature,12,525.0,0,0,25,2,1,34,62,0
2018,2023-08-01,7,Executive,247,Seasonal,11,339.24,0,0,5,24,2,19,50,0
2019,2023-07-07,10,Business,112,Clothing,9,401.13,0,0,29,7,2,70,108,0
2020,2023-09-24,10,Business,474,Electronics,1,23.82,1,0,41,24,3,31,99,0
2021,2023-03-30,7,Executive,15,Seasonal,2,98.88,0,0,7,13,7,48,75,0
2022,2023-02-05,9,Gold Star,333,Grocery,8,184.96,1,0,43,22,10,41,116,0
2023,2023-08-19,7,Executive,440,Furniture,19,736.44,1,0,39,10,8,8,65,0
2024,2023-08-09,10,Executive,305,Electronics,12,590.64,0,0,14,15,3,61,93,0
2025,2023-04-22,3,Business,5,Furniture,2,11.64,1,0,14,20,8,56,98,0
2026,2023-08-12,7,Executive,328,Clothing,4,190.04,1,0,22,17,4,30,73,0
2027,2023-05-31,1,Gold Star,106,Furniture,9,128.61,0,0,16,19,2,69,106,0
2028,2023-07-14,9,Gold Star,57,Seasonal,1,2.62,0,0,6,17,10,33,66,0
2029,2023-07-10,3,Executive,130,Electronics,8,190.32,0,0,17,19,5,14,55,0
2030,2023-01-15,7,Business,106,Furniture,4,57.16,1,0,17,20,1,60,98,0
2031,2023-10-05,7,Business,330,Furniture,10,188.9,0,0,26,13,3,36,78,0
2032,2023-01-13,4,Gold Star,215,Kirkland Signature,4,10.6,0,0,32,4,3,62,101,0
2033,2023-04-08,8,Gold Star,473,Appliances,17,612.85,1,0,42,23,10,71,146,0
2034,2023-12-07,8,Executive,86,Kirkland Signature,18,443.88,0,0,37,22,7,41,107,0
2035,2023-03-01,6,Executive,316,Kirkland Signature,4,84.28,0,0,21,24,10,15,70,0
2036,2023-07-24,4,Executive,212,Electronics,10,31.3,0,0,19,23,6,70,118,0
2037,2023-09-26,10,Executive,279,Kirkland Signature,14,455.42,0,0,12,1,4,68,85,0
2038,2023-09-22,8,Business,195,Furniture,4,188.64,0,0,9,24,8,68,109,0
2039,2023-02-14,9,Business,478,Seasonal,8,181.12,0,0,33,11,10,42,96,0
2040,2023-06-23,4,Business,48,Seasonal,5,230.1,0,0,35,21,8,59,123,0
2041,2023-05-13,5,Gold Star,206,Furniture,6,270.9,1,0,13,8,5,35,61,0
2042,2023-12-24,7,Gold Star,411,Kirkland Signature,8,275.84,1,1,6,23,9,65,103,0
2043,2023-03-25,4,Business,253,Clothing,12,17.64,1,0,21,14,11,32,78,0
2044,2023-06-22,9,Business,440,Furniture,6,232.56,0,0,19,5,6,54,84,0
2045,2023-10-26,1,Executive,259,Furniture,18,679.86,0,0,48,4,6,44,102,0
2046,2023-09-23,1,Gold Star,300,Seasonal,15,500.7,1,0,45,17,3,42,107,0
2047,2023-05-17,5,Executive,230,Appliances,16,372.16,0,0,41,9,3,14,67,0
2048,2023-02-27,3,Business,438,Electronics,10,472.2,0,0,32,5,4,27,68,0
2049,2023-11-11,5,Business,36,Home,12,204.72,1,0,35,10,2,66,113,0
2050,2023-09-08,3,Executive,137,Furniture,7,328.86,0,0,6,6,7,34,53,0
2051,2023-02-19,8,Gold Star,362,Clothing,15,495.75,1,0,34,18,5,63,120,0
2052,2023-01-10,10,Gold Star,424,Clothing,5,3.45,0,0,24,20,12,25,81,0
2053,2023-12-18,3,Executive,257,Grocery,5,190.55,0,1,21,16,7,23,67,0
2054,2023-05-15,8,Business,489,Electronics,12,534.12,0,0,36,17,4,67,124,0
2055,2023-08-08,1,Executive,218,Seasonal,4,109.76,0,0,33,17,1,51,102,0
2056,2023-10-16,10,Executive,306,Home,8,90.08,0,0,30,6,8,20,64,0
2057,2023-07-13,3,Business,99,Home,19,302.48,0,0,7,13,3,69,92,0
2058,2023-09-28,9,Executive,264,Appliances,1,43.54,0,0,47,4,7,38,96,0
2059,2023-02-18,9,Executive,279,Kirkland Signature,9,292.77,1,0,25,3,1,57,86,0
2060,2023-08-15,2,Gold Star,498,Kirkland Signature,17,775.71,0,0,35,22,2,11,70,0
2061,2023-02-27,7,Executive,416,Home,4,190.24,0,0,39,12,4,37,92,0
2062,2023-01-19,2,Gold Star,44,Appliances,10,213.3,0,0,11,20,2,29,62,0
2063,2023-06-26,3,Executive,266,Appliances,16,741.44,0,0,35,1,10,22,68,0
2064,2023-02-12,9,Executive,13,Furniture,20,430.8,1,0,18,5,8,18,49,0
2065,2023-12-27,9,Business,28,Electronics,20,17.2,0,0,1,1,10,65,77,0
2066,2023-02-13,8,Executive,98,Home,3,127.65,0,0,41,4,12,62,119,0
2067,2023-09-28,4,Gold Star,409,Furniture,11,195.25,0,0,22,19,6,71,118,0
2068,2023-04-20,6,Gold Star,19,Seasonal,5,187.9,0,0,1,23,10,48,82,0
2069,2023-12-28,9,Gold Star,469,Kirkland Signature,5,130.5,0,0,37,23,5,71,136,0
2070,2023-04-11,7,Business,72,Grocery,19,728.65,0,0,29,3,12,23,67,0
2071,2023-02-13,1,Gold Star,187,Furniture,11,251.57,0,0,47,8,7,33,95,0
2072,2023-12-28,5,Gold Star,72,Grocery,6,230.1,0,0,48,16,10,18,92,0
2073,2023-06-05,1,Executive,149,Kirkland Signature,17,281.01,0,0,8,14,12,29,63,0
2074,2023-07-28,3,Gold Star,485,Kirkland Signature,8,109.12,0,0,40,9,3,1,53,0
2075,2023-11-25,9,Executive,431,Appliances,1,3.35,1,0,32,16,6,22,76,0
2076,2023-03-29,6,Business,172,Home,16,110.72,0,0,4,16,5,60,85,0
2077,2023-04-12,4,Gold Star,125,Home,19,721.05,0,0,47,23,8,36,114,0
2078,2023-10-03,2,Gold Star,484,Kirkland Signature,16,163.36,0,0,43,10,7,49,109,0
2079,2023-11-26,10,Gold Star,315,Home,4,20.64,1,0,27,1,6,29,63,0
2080,2023-03-28,2,Executive,108,Furniture,12,438.12,0,0,7,22,11,3,43,1
2081,2023-12-20,9,Business,380,Seasonal,4,88.16,0,1,38,18,12,57,125,0
2082,2023-09-06,4,Business,35,Clothing,19,539.98,0,0,38,11,9,30,88,0
2083,2023-10-25,3,Business,467,Electronics,7,19.39,0,0,21,14,12,57,104,0
2084,2023-08-07,5,Executive,402,Furniture,19,24.89,0,0,33,7,7,44,91,0
2085,2023-06-14,8,Business,355,Grocery,15,541.65,0,0,2,19,5,43,69,0
2086,2023-07-29,10,Gold Star,335,Home,15,304.95,1,0,48,13,2,53,116,0
2087,2023-04-03,6,Gold Star,377,Grocery,14,49.84,0,0,28,11,7,31,77,0
2088,2023-04-20,5,Gold Star,439,Grocery,5,207.0,0,0,2,18,4,34,58,0
2089,2023-06-10,9,Executive,292,Electronics,17,97.75,1,0,2,20,12,42,76,0
2090,2023-11-25,4,Business,445,Appliances,17,777.41,1,0,27,19,8,29,83,0
2091,2023-08-02,10,Executive,179,Clothing,18,240.12,0,0,48,13,6,18,85,0
2092,2023-03-11,7,Business,76,Kirkland Signature,16,629.44,1,0,26,13,5,67,111,0
2093,2023-10-22,2,Business,326,Seasonal,19,451.06,1,0,48,23,8,2,81,0
2094,2023-09-14,4,Business,69,Kirkland Signature,3,39.54,0,0,31,17,6,12,66,0
2095,2023-09-23,7,Gold Star,154,Grocery,5,244.95,1,0,4,24,9,15,52,0
2096,2023-02-14,1,Business,70,Clothing,10,460.0,0,0,46,6,12,61,125,0
2097,2023-09-12,2,Business,39,Seasonal,10,482.6,0,0,39,24,8,14,85,0
2098,2023-07-10,5,Executive,487,Home,10,360.6,0,0,34,17,7,36,94,0
2099,2023-07-17,7,Executive,404,Home,10,369.6,0,0,32,7,6,21,66,0
2100,2023-05-17,8,Business,179,Clothing,15,200.1,0,0,27,11,7,16,61,0
2101,2023-04-02,2,Gold Star,447,Clothing,5,196.65,1,0,15,15,1,65,96,0
2102,2023-07-12,5,Executive,419,Clothing,16,402.24,0,0,4,23,4,7,38,1
2103,2023-09-29,6,Executive,363,Grocery,4,14.8,0,0,16,15,1,25,57,0
2104,2023-04-09,5,Business,61,Appliances,10,15.9,1,0,38,22,7,51,118,0
2105,2023-04-06,10,Gold Star,175,Seasonal,2,63.92,0,0,19,6,11,33,69,0
2106,2023-06-08,1,Executive,189,Home,6,299.64,0,0,29,15,6,49,99,0
2107,2023-09-21,10,Business,401,Kirkland Signature,6,231.06,0,0,4,16,5,27,52,0
2108,2023-06-10,7,Executive,213,Grocery,17,434.52,1,0,24,10,4,19,57,0
2109,2023-12-10,6,Executive,79,Clothing,19,185.63,1,0,36,9,4,14,63,0
2110,2023-12-21,10,Gold Star,273,Home,15,104.55,0,1,24,15,3,25,67,0
2111,2023-03-21,2,Gold Star,465,Seasonal,1,9.81,0,0,41,10,8,16,75,0
2112,2023-03-16,8,Gold Star,271,Appliances,11,390.94,0,0,34,12,3,13,62,0
2113,2023-02-25,1,Gold Star,376,Kirkland Signature,8,174.24,1,0,27,10,9,55,101,0
2114,2023-12-02,1,Gold Star,206,Furniture,1,45.15,1,0,12,5,10,32,59,0
2115,2023-11-17,5,Gold Star,484,Kirkland Signature,13,132.73,0,0,30,23,1,44,98,0
2116,2023-12-16,6,Business,221,Clothing,9,352.35,1,1,12,9,11,47,79,0
2117,2023-03-11,7,Gold Star,458,Clothing,7,272.72,1,0,39,2,5,24,70,0
2118,2023-10-06,3,Gold Star,443,Kirkland Signature,5,18.8,0,0,12,22,12,1,47,1
2119,2023-04-19,3,Executive,341,Furniture,3,140.76,0,0,32,10,1,1,44,1
2120,2023-01-23,4,Gold Star,34,Home,19,124.07,0,0,26,5,2,28,61,0
2121,2023-02-18,9,Business,300,Seasonal,20,667.6,1,0,19,23,10,62,114,0
2122,2023-02-20,8,Business,163,Kirkland Signature,10,11.6,0,0,46,2,8,71,127,0
2123,2023-02-18,10,Business,55,Clothing,12,542.76,1,0,35,18,11,71,135,0
2124,2023-10-01,1,Executive,144,Home,5,107.25,1,0,37,1,12,5,55,0
2125,2023-10-05,8,Executive,396,Electronics,20,934.6,0,0,20,2,7,58,87,0
2126,2023-12-11,2,Business,232,Furniture,14,280.7,0,0,27,11,2,19,59,0
2127,2023-03-17,3,Executive,102,Grocery,15,101.1,0,0,12,21,2,72,107,0
2128,2023-12-03,5,Executive,34,Home,7,45.71,1,0,14,14,6,47,81,0
2129,2023-05-10,8,Business,14,Home,16,531.2,0,0,5,15,2,71,93,0
2130,2023-01-23,4,Executive,223,Electronics,2,14.74,0,0,35,24,10,42,111,0
2131,2023-12-04,5,Business,111,Appliances,10,34.9,0,0,3,9,6,26,44,1
2132,2023-11-10,10,Executive,28,Electronics,9,7.74,0,0,3,19,10,4,36,1
2133,2023-08-28,5,Business,350,Seasonal,12,148.56,0,0,46,15,12,2,75,0
2134,2023-07-05,3,Executive,96,Seasonal,9,210.15,0,0,45,3,6,22,76,0
2135,2023-03-10,10,Gold Star,269,Electronics,5,15.75,0,0,1,2,11,38,52,0
2136,2023-08-21,10,Gold Star,193,Clothing,8,306.72,0,0,18,6,6,21,51,0
2137,2023-04-08,3,Executive,446,Clothing,15,339.3,1,0,41,15,7,29,92,0
2138,2023-03-28,9,Executive,301,Kirkland Signature,12,599.4,0,0,46,15,5,18,84,0
2139,2023-05-23,2,Business,57,Seasonal,3,7.86,0,0,6,13,10,22,51,0
2140,2023-08-14,3,Gold Star,490,Furniture,12,413.52,0,0,37,19,9,24,89,0
2141,2023-07-26,2,Business,485,Kirkland Signature,6,81.84,0,0,6,8,3,19,36,1
2142,2023-07-11,3,Gold Star,321,Appliances,6,130.26,0,0,43,19,5,16,83,0
2143,2023-10-31,7,Gold Star,366,Kirkland Signature,18,87.3,0,0,45,15,10,2,72,0
2144,2023-05-07,7,Executive,487,Home,14,504.84,1,0,13,20,10,52,95,0
2145,2023-10-24,9,Executive,98,Home,16,680.8,0,0,8,20,12,62,102,0
2146,2023-03-28,1,Gold Star,90,Seasonal,16,520.16,0,0,5,17,7,28,57,0
2147,2023-04-29,10,Executive,418,Kirkland Signature,7,328.16,1,0,40,6,6,49,101,0
2148,2023-05-19,5,Executive,1,Clothing,17,214.71,0,0,22,23,2,41,88,0
2149,2023-12-08,10,Gold Star,413,Home,3,146.94,0,0,34,24,1,70,129,0
2150,2023-07-20,2,Executive,308,Appliances,6,48.24,0,0,13,1,8,60,82,0
2151,2023-12-08,1,Business,106,Furniture,18,257.22,0,0,20,7,2,37,66,0
2152,2023-10-19,1,Business,218,Seasonal,14,384.16,0,0,5,21,1,6,33,1
2153,2023-09-07,7,Gold Star,45,Clothing,4,22.88,0,0,45,2,3,69,119,0
2154,2023-12-18,10,Gold Star,491,Appliances,18,240.48,0,1,38,6,2,64,110,0
2155,2023-02-11,1,Executive,195,Furniture,14,660.24,1,0,27,20,9,2,58,0
2156,2023-07-23,4,Executive,423,Seasonal,10,14.0,1,0,4,5,6,23,38,1
2157,2023-05-04,8,Business,15,Seasonal,2,98.88,0,0,8,11,4,19,42,1
2158,2023-02-03,7,Business,252,Clothing,14,329.28,0,0,12,9,11,49,81,0
2159,2023-06-11,10,Business,252,Clothing,3,70.56,1,0,6,6,6,61,79,0
2160,2023-07-21,6,Executive,206,Furniture,8,361.2,0,0,30,16,5,36,87,0
2161,2023-04-05,4,Business,316,Kirkland Signature,1,21.07,0,0,39,24,7,6,76,0
2162,2023-10-30,10,Business,380,Seasonal,13,286.52,0,0,45,10,8,44,107,0
2163,2023-09-11,7,Executive,200,Appliances,18,870.66,0,0,27,1,9,53,90,0
2164,2023-10-07,4,Business,496,Electronics,4,75.64,1,0,5,17,3,63,88,0
2165,2023-11-09,8,Business,433,Appliances,10,132.9,0,0,45,9,3,5,62,0
2166,2023-12-31,1,Business,93,Kirkland Signature,11,267.41,1,0,18,5,8,71,102,0
2167,2023-12-09,4,Executive,344,Furniture,16,108.16,1,0,37,22,11,47,117,0
2168,2023-01-12,3,Business,55,Clothing,3,135.69,0,0,12,1,5,14,32,1
2169,2023-03-16,9,Business,184,Seasonal,2,31.02,0,0,19,24,4,52,99,0
2170,2023-12-05,5,Business,330,Furniture,11,207.79,0,0,2,9,12,47,70,0
2171,2023-09-21,2,Gold Star,155,Appliances,12,216.72,0,0,1,24,4,41,70,0
2172,2023-02-25,1,Executive,412,Furniture,9,301.41,1,0,21,22,7,67,117,0
2173,2023-06-05,7,Executive,303,Electronics,16,327.84,0,0,39,15,4,20,78,0
2174,2023-06-27,3,Business,188,Electronics,19,709.27,0,0,23,21,2,45,91,0
2175,2023-07-13,1,Executive,267,Seasonal,20,56.2,0,0,9,8,11,62,90,0
2176,2023-03-02,4,Business,384,Appliances,10,106.1,0,0,48,8,11,32,99,0
2177,2023-05-05,1,Business,226,Grocery,14,393.68,0,0,3,17,6,36,62,0
2178,2023-01-04,6,Gold Star,318,Home,12,453.0,0,0,40,21,4,44,109,0
2179,2023-12-20,4,Gold Star,150,Appliances,14,51.24,0,1,17,14,4,2,37,1
2180,2023-02-27,8,Business,202,Furniture,17,384.71,0,0,27,14,3,62,106,0
2181,2023-05-24,8,Business,401,Kirkland Signature,17,654.67,0,0,42,9,4,25,80,0
2182,2023-09-29,5,Business,295,Appliances,11,307.67,0,0,33,2,9,61,105,0
2183,2023-05-19,5,Business,448,Home,12,250.56,0,0,37,24,4,27,92,0
2184,2023-09-03,8,Business,102,Grocery,13,87.62,1,0,42,12,11,21,86,0
2185,2023-09-25,4,Business,44,Appliances,10,213.3,0,0,9,10,1,71,91,0
2186,2023-09-01,6,Executive,164,Clothing,14,511.0,0,0,25,16,12,14,67,0
2187,2023-01-26,1,Business,285,Appliances,17,391.17,0,0,13,22,7,65,107,0
2188,2023-12-18,10,Gold Star,412,Furniture,9,301.41,0,1,13,8,10,41,72,0
2189,2023-06-02,1,Executive,58,Kirkland Signature,8,193.36,0,0,35,8,10,40,93,0
2190,2023-05-15,4,Business,480,Grocery,20,283.6,0,0,15,19,7,36,77,0
2191,2023-06-17,8,Executive,262,Grocery,12,403.08,1,0,24,12,8,54,98,0
2192,2023-03-05,4,Executive,94,Furniture,5,85.65,1,0,33,15,7,1,56,0
2193,2023-07-13,5,Executive,135,Clothing,7,17.57,0,0,17,4,1,17,39,1
2194,2023-10-11,4,Gold Star,65,Seasonal,2,23.84,0,0,35,20,9,27,91,0
2195,2023-08-09,7,Business,475,Kirkland Signature,6,86.22,0,0,32,15,7,44,98,0
2196,2023-07-01,4,Business,347,Clothing,4,145.08,1,0,9,4,4,35,52,0
2197,2023-04-24,2,Executive,478,Seasonal,7,158.48,0,0,40,5,3,26,74,0
2198,2023-08-17,8,Gold Star,374,Kirkland Signature,7,185.08,0,0,28,6,8,9,51,0
2199,2023-10-26,8,Gold Star,407,Seasonal,19,175.37,0,0,21,10,8,67,106,0
2200,2023-09-05,4,Gold Star,358,Electronics,5,125.15,0,0,26,9,5,16,56,0
2201,2023-08-19,2,Business,440,Furniture,5,193.8,1,0,36,2,7,38,83,0
2202,2023-03-22,10,Executive,119,Electronics,20,407.8,0,0,22,11,12,48,93,0
2203,2023-09-26,3,Business,16,Kirkland Signature,11,498.08,0,0,35,20,6,48,109,0
2204,2023-10-28,3,Executive,205,Grocery,16,494.88,1,0,19,10,9,42,80,0
2205,2023-11-24,3,Gold Star,108,Furniture,2,73.02,0,0,13,15,12,25,65,0
2206,2023-12-31,8,Executive,249,Furniture,18,232.2,1,0,31,22,3,64,120,0
2207,2023-12-17,2,Executive,391,Seasonal,3,53.52,1,1,35,12,12,70,129,0
2208,2023-10-09,6,Business,268,Seasonal,16,356.8,0,0,21,7,11,68,107,0
2209,2023-09-08,1,Business,254,Seasonal,20,120.4,0,0,15,11,5,69,100,0
2210,2023-01-17,7,Executive,24,Clothing,12,531.24,0,0,12,19,10,54,95,0
2211,2023-05-30,6,Gold Star,275,Furniture,8,215.52,0,0,28,23,1,28,80,0
2212,2023-08-11,10,Gold Star,255,Seasonal,4,166.0,0,0,32,19,6,20,77,0
2213,2023-01-11,9,Business,155,Appliances,9,162.54,0,0,33,22,8,68,131,0
2214,2023-01-18,5,Gold Star,146,Seasonal,12,423.96,0,0,16,10,9,46,81,0
2215,2023-05-25,10,Gold Star,442,Appliances,5,64.05,0,0,25,18,4,33,80,0
2216,2023-02-24,5,Gold Star,374,Kirkland Signature,8,211.52,0,0,12,19,10,43,84,0
2217,2023-08-20,1,Business,223,Electronics,18,132.66,1,0,43,6,11,8,68,0
2218,2023-07-06,9,Executive,27,Kirkland Signature,11,496.21,0,0,16,2,12,67,97,0
2219,2023-04-05,4,Business,328,Clothing,2,95.02,0,0,46,22,10,32,110,0
2220,2023-10-01,1,Business,363,Grocery,2,7.4,1,0,4,11,10,55,80,0
2221,2023-04-22,3,Executive,14,Home,12,398.4,1,0,15,20,10,6,51,0
2222,2023-01-10,1,Executive,318,Home,14,528.5,0,0,1,14,5,58,78,0
2223,2023-03-12,8,Gold Star,321,Appliances,15,325.65,1,0,25,6,4,28,63,0
2224,2023-06-10,5,Gold Star,73,Home,1,34.41,1,0,4,11,4,14,33,1
2225,2023-05-08,10,Gold Star,390,Seasonal,6,288.06,0,0,15,14,10,35,74,0
2226,2023-09-23,3,Business,303,Electronics,3,61.47,1,0,4,19,5,9,37,1
2227,2023-02-06,5,Gold Star,406,Seasonal,14,278.74,0,0,6,7,11,18,42,1
2228,2023-06-07,1,Executive,320,Clothing,7,119.77,0,0,40,10,1,52,103,0
2229,2023-06-23,2,Gold Star,218,Seasonal,4,109.76,0,0,5,23,11,72,111,0
2230,2023-11-29,4,Gold Star,498,Kirkland Signature,19,866.97,0,0,15,10,5,56,86,0
2231,2023-11-23,4,Gold Star,34,Home,4,26.12,0,0,42,21,3,65,131,0
2232,2023-12-06,4,Executive,378,Kirkland Signature,12,292.8,0,0,44,17,10,39,110,0
2233,2023-02-09,8,Business,278,Home,17,721.31,0,0,29,15,9,46,99,0
2234,2023-12-13,8,Business,5,Furniture,9,52.38,0,0,21,6,10,51,88,0
2235,2023-06-25,5,Gold Star,334,Clothing,19,516.61,1,0,22,17,11,10,60,0
2236,2023-09-20,10,Business,337,Seasonal,10,10.7,0,0,46,1,8,19,74,0
2237,2023-01-18,6,Business,37,Electronics,10,76.6,0,0,24,11,7,44,86,0
2238,2023-02-13,2,Business,331,Home,9,21.78,0,0,27,23,6,26,82,0
2239,2023-01-26,4,Business,458,Clothing,9,350.64,0,0,12,17,12,4,45,1
2240,2023-01-01,4,Business,457,Clothing,20,949.6,1,0,28,22,10,5,65,0
2241,2023-06-30,2,Executive,234,Electronics,4,170.52,0,0,4,1,10,36,51,0
2242,2023-09-05,10,Business,26,Electronics,18,516.06,0,0,44,9,12,51,116,0
2243,2023-02-09,10,Executive,69,Kirkland Signature,4,52.72,0,0,3,17,10,50,80,0
2244,2023-08-05,7,Gold Star,248,Seasonal,19,603.06,1,0,18,9,10,8,45,1
2245,2023-11-23,4,Executive,489,Electronics,5,222.55,0,0,24,11,5,6,46,1
2246,2023-10-31,8,Business,370,Electronics,20,763.2,0,0,28,23,7,51,109,0
2247,2023-09-13,10,Business,17,Kirkland Signature,18,730.44,0,0,6,6,10,50,72,0
2248,2023-09-22,9,Gold Star,235,Clothing,14,337.96,0,0,26,22,6,26,80,0
2249,2023-02-23,10,Gold Star,345,Kirkland Signature,17,23.8,0,0,7,24,4,7,42,1
2250,2023-11-05,2,Business,434,Kirkland Signature,1,26.99,1,0,46,21,1,38,106,0
2251,2023-03-29,4,Executive,421,Grocery,2,56.5,0,0,5,12,12,12,41,1
2252,2023-05-29,8,Gold Star,388,Kirkland Signature,4,28.28,0,0,15,9,7,43,74,0
2253,2023-11-27,4,Executive,465,Seasonal,6,58.86,0,0,42,10,8,52,112,0
2254,2023-12-20,7,Gold Star,291,Kirkland Signature,14,25.62,0,1,25,15,10,38,88,0
2255,2023-10-06,2,Gold Star,181,Clothing,12,131.64,0,0,36,22,12,42,112,0
2256,2023-06-01,6,Gold Star,233,Clothing,8,128.24,0,0,14,15,5,57,91,0
2257,2023-09-14,1,Business,267,Seasonal,14,39.34,0,0,7,23,2,31,63,0
2258,2023-02-19,9,Executive,409,Furniture,18,319.5,1,0,27,15,7,58,107,0
2259,2023-06-11,3,Gold Star,455,Grocery,3,100.11,1,0,40,8,8,27,83,0
2260,2023-09-23,2,Business,403,Clothing,17,361.42,1,0,27,23,6,50,106,0
2261,2023-07-02,10,Gold Star,252,Clothing,1,23.52,1,0,48,24,5,17,94,0
2262,2023-08-31,5,Business,488,Grocery,12,79.44,0,0,22,21,11,1,55,0
2263,2023-06-01,10,Gold Star,388,Kirkland Signature,3,21.21,0,0,32,6,9,4,51,0
2264,2023-12-10,7,Gold Star,173,Seasonal,11,225.61,1,0,7,15,7,59,88,0
2265,2023-11-12,6,Executive,282,Seasonal,6,279.6,1,0,25,16,12,44,97,0
2266,2023-04-21,7,Gold Star,458,Clothing,1,38.96,0,0,36,20,1,7,64,0
2267,2023-04-21,8,Gold Star,8,Appliances,10,48.9,0,0,12,9,1,28,50,0
2268,2023-03-06,3,Gold Star,111,Appliances,19,66.31,0,0,17,2,5,23,47,1
2269,2023-09-05,1,Executive,343,Home,4,116.84,0,0,46,6,9,16,77,0
2270,2023-06-28,4,Executive,494,Kirkland Signature,19,510.91,0,0,37,1,11,50,99,0
2271,2023-05-11,5,Business,491,Appliances,19,253.84,0,0,46,21,5,62,134,0
2272,2023-09-27,9,Executive,358,Electronics,13,325.39,0,0,10,14,10,72,106,0
2273,2023-08-25,1,Gold Star,214,Clothing,16,704.96,0,0,37,12,6,15,70,0
2274,2023-01-23,10,Business,306,Home,20,225.2,0,0,5,22,3,69,99,0
2275,2023-10-15,10,Executive,486,Clothing,6,210.72,1,0,36,16,5,51,108,0
2276,2023-02-16,4,Gold Star,371,Grocery,15,505.65,0,0,42,14,4,32,92,0
2277,2023-04-15,9,Gold Star,475,Kirkland Signature,8,114.96,1,0,2,20,9,50,81,0
2278,2023-12-13,9,Business,398,Grocery,3,117.57,0,0,9,13,7,2,31,1
2279,2023-10-13,1,Gold Star,381,Grocery,17,649.57,0,0,19,2,10,21,52,0
2280,2023-11-02,2,Executive,54,Appliances,19,318.82,0,0,8,14,11,68,101,0
2281,2023-04-01,9,Gold Star,8,Appliances,5,24.45,1,0,33,5,12,54,104,0
2282,2023-06-04,8,Gold Star,40,Home,7,202.09,1,0,41,24,4,66,135,0
2283,2023-08-24,2,Gold Star,193,Clothing,6,230.04,0,0,48,3,3,54,108,0
2284,2023-12-09,9,Business,290,Furniture,1,1.01,1,0,9,21,6,35,71,0
2285,2023-12-14,6,Executive,500,Seasonal,20,259.4,0,0,27,21,10,35,93,0
2286,2023-01-21,4,Executive,351,Electronics,4,117.48,1,0,14,3,10,51,78,0
2287,2023-06-11,9,Executive,155,Appliances,4,72.24,1,0,42,14,2,33,91,0
2288,2023-02-20,6,Business,243,Kirkland Signature,4,16.48,0,0,31,21,6,45,103,0
2289,2023-10-12,1,Gold Star,264,Appliances,1,43.54,0,0,11,8,5,54,78,0
2290,2023-10-12,7,Business,25,Kirkland Signature,9,410.04,0,0,17,18,10,15,60,0
2291,2023-01-18,6,Gold Star,72,Grocery,7,268.45,0,0,24,20,4,53,101,0
2292,2023-10-01,5,Gold Star,434,Kirkland Signature,9,242.91,1,0,48,6,2,39,95,0
2293,2023-12-28,3,Executive,348,Home,2,86.7,0,0,41,13,5,4,63,0
2294,2023-07-06,9,Business,367,Electronics,2,53.82,0,0,39,2,11,64,116,0
2295,2023-12-23,1,Executive,379,Clothing,3,58.29,1,1,3,22,4,55,84,0
2296,2023-03-06,1,Business,169,Furniture,6,165.42,0,0,19,18,7,66,110,0
2297,2023-10-21,4,Executive,332,Home,15,228.9,1,0,30,17,6,38,91,0
2298,2023-01-06,3,Executive,289,Clothing,5,77.75,0,0,4,7,5,25,41,1
2299,2023-05-29,4,Gold Star,442,Appliances,20,256.2,0,0,47,21,7,34,109,0
2300,2023-08-13,6,Gold Star,83,Kirkland Signature,6,294.06,1,0,4,18,3,41,66,0
2301,2023-09-22,4,Executive,177,Grocery,10,384.5,0,0,44,5,6,17,72,0
2302,2023-12-24,4,Business,221,Clothing,9,352.35,1,1,31,13,8,70,122,0
2303,2023-01-18,1,Executive,102,Grocery,20,134.8,0,0,35,3,7,45,90,0
2304,2023-12-22,5,Executive,131,Furniture,8,213.6,0,1,44,5,3,19,71,0
2305,2023-06-15,6,Business,295,Appliances,13,363.61,0,0,24,3,6,17,50,0
2306,2023-03-23,10,Business,276,Kirkland Signature,20,514.8,0,0,44,10,8,56,118,0
2307,2023-06-04,7,Executive,273,Home,12,83.64,1,0,8,10,4,65,87,0
2308,2023-12-08,4,Gold Star,446,Clothing,15,339.3,0,0,21,1,10,51,83,0
2309,2023-09-19,4,Gold Star,464,Clothing,5,176.5,0,0,39,13,11,31,94,0
2310,2023-01-31,9,Business,469,Kirkland Signature,7,182.7,0,0,43,14,5,45,107,0
2311,2023-01-01,9,Business,355,Grocery,5,180.55,1,0,38,8,12,38,96,0
2312,2023-11-23,2,Gold Star,482,Kirkland Signature,12,566.64,0,0,23,3,9,20,55,0
2313,2023-12-10,5,Executive,223,Electronics,11,81.07,1,0,48,20,7,7,82,0
2314,2023-07-16,5,Gold Star,299,Home,10,411.5,1,0,8,14,4,58,84,0
2315,2023-01-18,9,Executive,156,Seasonal,7,300.37,0,0,22,14,7,13,56,0
2316,2023-08-31,5,Business,71,Seasonal,2,48.34,0,0,38,1,10,60,109,0
2317,2023-02-02,7,Business,14,Home,4,132.8,0,0,6,10,1,56,73,0
2318,2023-10-18,10,Business,195,Furniture,10,471.6,0,0,26,11,2,30,69,0
2319,2023-05-22,2,Executive,379,Clothing,1,19.43,0,0,15,21,11,2,49,0
2320,2023-09-03,10,Business,462,Kirkland Signature,18,566.46,1,0,45,11,9,45,110,0
2321,2023-06-08,3,Gold Star,15,Seasonal,6,296.64,0,0,16,9,11,40,76,0
2322,2023-08-07,7,Executive,447,Clothing,10,393.3,0,0,2,1,7,47,57,0
2323,2023-02-11,7,Business,133,Clothing,19,675.45,1,0,26,7,12,70,115,0
2324,2023-06-27,10,Business,307,Kirkland Signature,14,174.16,0,0,26,20,3,38,87,0
2325,2023-07-07,6,Business,229,Seasonal,1,42.84,0,0,5,9,8,15,37,1
2326,2023-05-02,1,Executive,345,Kirkland Signature,13,18.2,0,0,5,22,11,39,77,0
2327,2023-05-01,4,Gold Star,476,Seasonal,20,656.4,0,0,21,2,6,58,87,0
2328,2023-10-08,1,Gold Star,452,Appliances,3,73.23,1,0,37,23,7,56,123,0
2329,2023-01-09,3,Executive,199,Seasonal,18,765.72,0,0,11,8,7,51,77,0
2330,2023-11-25,4,Gold Star,58,Kirkland Signature,9,217.53,1,0,40,7,3,36,86,0
2331,2023-07-28,10,Gold Star,342,Grocery,19,577.79,0,0,8,17,3,14,42,1
2332,2023-03-10,2,Executive,349,Home,9,311.67,0,0,25,17,12,8,62,0
2333,2023-11-02,3,Executive,262,Grocery,9,302.31,0,0,30,12,5,72,119,0
2334,2023-01-02,10,Gold Star,249,Furniture,4,51.6,0,0,12,23,3,59,97,0
2335,2023-04-13,6,Gold Star,335,Home,17,345.61,0,0,4,19,12,53,88,0
2336,2023-02-14,1,Gold Star,490,Furniture,10,344.6,0,0,6,6,4,6,22,1
2337,2023-12-12,5,Executive,386,Electronics,20,176.6,0,0,31,13,9,59,112,0
2338,2023-11-08,9,Executive,245,Appliances,8,349.2,0,0,3,11,1,21,36,1
2339,2023-07-23,2,Executive,190,Appliances,9,385.92,1,0,34,20,2,56,112,0
2340,2023-03-02,10,Business,368,Grocery,9,148.95,0,0,35,15,2,44,96,0
2341,2023-07-30,3,Business,486,Clothing,5,175.6,1,0,45,21,7,11,84,0
2342,2023-02-10,7,Executive,101,Appliances,6,227.46,0,0,4,8,1,22,35,1
2343,2023-02-12,7,Business,143,Home,17,653.48,1,0,35,19,5,57,116,0
2344,2023-08-09,10,Business,358,Electronics,19,475.57,0,0,15,6,6,35,62,0
2345,2023-02-14,2,Gold Star,218,Seasonal,10,274.4,0,0,7,4,4,41,56,0
2346,2023-06-13,7,Executive,431,Appliances,2,6.7,0,0,32,12,11,38,93,0
2347,2023-06-17,3,Gold Star,107,Seasonal,14,200.62,1,0,31,8,4,11,54,0
2348,2023-04-24,2,Business,352,Electronics,5,227.55,0,0,2,5,10,18,35,1
2349,2023-12-16,1,Executive,124,Electronics,19,577.22,1,1,40,3,9,31,83,0
2350,2023-10-02,1,Gold Star,213,Grocery,9,230.04,0,0,23,3,3,11,40,1
2351,2023-12-30,2,Business,121,Electronics,14,578.48,1,0,42,7,8,39,96,0
2352,2023-06-22,1,Gold Star,167,Seasonal,12,84.84,0,0,36,3,8,6,53,0
2353,2023-11-02,10,Business,245,Appliances,10,436.5,0,0,9,14,10,60,93,0
2354,2023-12-26,3,Business,3,Seasonal,2,75.46,0,0,39,21,6,33,99,0
2355,2023-04-08,8,Executive,253,Clothing,16,23.52,1,0,3,1,5,40,49,0
2356,2023-01-27,9,Executive,410,Home,9,159.66,0,0,47,15,5,34,101,0
2357,2023-03-20,2,Gold Star,451,Appliances,5,58.0,0,0,27,3,10,53,93,0
2358,2023-01-04,7,Gold Star,271,Appliances,20,710.8,0,0,42,19,5,66,132,0
2359,2023-10-07,8,Executive,13,Furniture,11,236.94,1,0,1,15,8,28,52,0
2360,2023-09-06,10,Business,473,Appliances,1,36.05,0,0,4,16,8,41,69,0
2361,2023-11-16,3,Gold Star,475,Kirkland Signature,11,158.07,0,0,45,2,2,49,98,0
2362,2023-09-06,7,Gold Star,276,Kirkland Signature,13,334.62,0,0,44,13,2,37,96,0
2363,2023-11-27,1,Business,471,Clothing,11,413.93,0,0,47,2,3,22,74,0
2364,2023-10-06,8,Gold Star,80,Appliances,4,156.84,0,0,2,7,7,24,40,1
2365,2023-06-03,5,Gold Star,415,Electronics,5,165.2,1,0,38,16,7,17,78,0
2366,2023-01-06,9,Executive,175,Seasonal,4,127.84,0,0,29,20,2,40,91,0
2367,2023-11-23,1,Gold Star,324,Seasonal,15,280.8,0,0,36,7,6,66,115,0
2368,2023-02-04,2,Gold Star,47,Home,11,243.1,1,0,33,16,1,33,83,0
2369,2023-06-08,7,Business,83,Kirkland Signature,13,637.13,0,0,22,24,5,24,75,0
2370,2023-04-29,1,Business,168,Kirkland Signature,13,511.94,1,0,47,7,9,25,88,0
2371,2023-02-05,10,Gold Star,189,Home,7,349.58,1,0,48,19,7,49,123,0
2372,2023-10-19,10,Business,387,Grocery,18,95.22,0,0,47,24,7,52,130,0
2373,2023-04-28,2,Executive,418,Kirkland Signature,12,562.56,0,0,28,11,11,39,89,0
2374,2023-09-23,10,Business,5,Furniture,7,40.74,1,0,13,13,11,41,78,0
2375,2023-05-01,10,Gold Star,228,Clothing,9,346.23,0,0,40,21,8,41,110,0
2376,2023-06-21,9,Gold Star,82,Home,20,137.2,0,0,8,23,9,41,81,0
2377,2023-01-08,2,Business,361,Kirkland Signature,7,297.36,1,0,31,16,5,20,72,0
2378,2023-04-30,10,Executive,311,Kirkland Signature,9,8.64,1,0,44,22,10,38,114,0
2379,2023-09-30,4,Executive,12,Kirkland Signature,12,189.84,1,0,7,6,12,51,76,0
2380,2023-04-26,8,Gold Star,85,Seasonal,8,389.84,0,0,3,8,2,5,18,1
2381,2023-03-27,4,Executive,146,Seasonal,18,635.94,0,0,31,13,7,11,62,0
2382,2023-01-16,10,Gold Star,142,Kirkland Signature,6,246.6,0,0,15,24,5,36,80,0
2383,2023-09-01,7,Gold Star,115,Electronics,7,325.5,0,0,20,18,8,57,103,0
2384,2023-12-15,3,Business,27,Kirkland Signature,1,45.11,0,1,44,3,4,13,64,0
2385,2023-06-23,8,Business,329,Electronics,4,64.92,0,0,37,23,1,72,133,0
2386,2023-10-26,8,Business,104,Clothing,14,194.32,0,0,6,22,11,37,76,0
2387,2023-05-25,1,Executive,129,Home,3,72.21,0,0,8,7,12,13,40,1
2388,2023-09-04,10,Gold Star,329,Electronics,4,64.92,0,0,7,1,7,26,41,1
2389,2023-04-02,10,Gold Star,221,Clothing,6,234.9,1,0,24,3,10,31,68,0
2390,2023-08-30,5,Gold Star,109,Grocery,3,103.77,0,0,42,6,3,11,62,0
2391,2023-07-14,3,Gold Star,353,Kirkland Signature,9,108.54,0,0,19,15,6,27,67,0
2392,2023-02-27,6,Business,203,Appliances,12,243.12,0,0,38,20,8,60,126,0
2393,2023-07-31,5,Executive,243,Kirkland Signature,5,20.6,0,0,43,12,4,5,64,0
2394,2023-04-26,9,Gold Star,312,Kirkland Signature,2,15.74,0,0,35,21,11,16,83,0
2395,2023-03-05,7,Gold Star,106,Furniture,14,200.06,1,0,3,18,10,20,51,0
2396,2023-01-25,7,Gold Star,113,Clothing,19,247.76,0,0,47,15,9,7,78,0
2397,2023-07-09,7,Gold Star,6,Appliances,14,387.8,1,0,30,8,4,32,74,0
2398,2023-12-27,6,Business,286,Electronics,12,467.88,0,0,5,14,11,26,56,0
2399,2023-04-28,10,Executive,343,Home,12,350.52,0,0,6,3,10,22,41,1
2400,2023-10-24,4,Business,124,Electronics,5,151.9,0,0,18,10,11,16,55,0
2401,2023-09-04,5,Gold Star,236,Grocery,16,13.6,0,0,5,20,10,35,70,0
2402,2023-09-19,6,Gold Star,120,Kirkland Signature,8,284.88,0,0,40,5,9,62,116,0
2403,2023-04-30,2,Executive,112,Clothing,12,534.84,1,0,42,1,5,46,94,0
2404,2023-12-31,6,Executive,379,Clothing,2,38.86,1,0,38,10,5,6,59,0
2405,2023-07-20,7,Gold Star,315,Home,3,15.48,0,0,47,5,5,56,113,0
2406,2023-04-22,10,Business,9,Kirkland Signature,16,754.72,1,0,18,7,3,45,73,0
2407,2023-07-04,4,Executive,398,Grocery,1,39.19,0,0,42,21,1,47,111,0
2408,2023-09-21,3,Gold Star,385,Furniture,10,6.7,0,0,31,19,1,50,101,0
2409,2023-07-07,5,Business,19,Seasonal,20,751.6,0,0,44,15,9,5,73,0
2410,2023-10-11,7,Business,471,Clothing,18,677.34,0,0,20,20,6,37,83,0
2411,2023-07-11,9,Business,334,Clothing,1,27.19,0,0,21,24,3,59,107,0
2412,2023-12-28,7,Gold Star,458,Clothing,8,311.68,0,0,2,22,9,40,73,0
2413,2023-01-25,8,Gold Star,440,Furniture,7,271.32,0,0,43,9,3,58,113,0
2414,2023-01-15,4,Executive,98,Home,8,340.4,1,0,28,4,10,38,80,0
2415,2023-12-09,3,Executive,33,Clothing,15,583.2,1,0,3,22,7,37,69,0
2416,2023-09-01,7,Business,396,Electronics,5,233.65,0,0,22,19,6,10,57,0
2417,2023-05-10,3,Gold Star,364,Grocery,18,471.06,0,0,35,12,9,41,97,0
2418,2023-01-17,10,Gold Star,73,Home,18,619.38,0,0,3,9,11,42,65,0
2419,2023-11-13,4,Business,319,Seasonal,20,531.6,0,0,4,6,8,50,68,0
2420,2023-11-15,4,Business,342,Grocery,7,212.87,0,0,24,20,10,30,84,0
2421,2023-01-05,2,Executive,382,Home,12,476.52,0,0,9,20,11,22,62,0
2422,2023-08-01,4,Executive,326,Seasonal,10,237.4,0,0,15,20,4,42,81,0
2423,2023-03-01,9,Gold Star,66,Kirkland Signature,12,54.96,0,0,13,11,2,28,54,0
2424,2023-05-09,9,Business,301,Kirkland Signature,11,549.45,0,0,22,24,5,31,82,0
2425,2023-07-31,6,Executive,296,Kirkland Signature,4,172.0,0,0,33,4,3,54,94,0
2426,2023-03-14,4,Business,359,Home,3,19.44,0,0,47,1,7,6,61,0
2427,2023-03-19,9,Business,326,Seasonal,16,379.84,1,0,3,10,9,16,38,1
2428,2023-04-20,6,Gold Star,384,Appliances,10,106.1,0,0,37,6,2,8,53,0
2429,2023-07-02,5,Business,451,Appliances,11,127.6,1,0,2,9,12,27,50,0
2430,2023-06-18,8,Business,48,Seasonal,15,690.3,1,0,34,22,7,27,90,0
2431,2023-12-17,7,Gold Star,180,Clothing,6,89.88,1,1,35,13,6,29,83,0
2432,2023-01-07,5,Gold Star,481,Clothing,1,18.48,1,0,30,15,2,39,86,0
2433,2023-06-05,8,Business,343,Home,12,350.52,0,0,35,6,7,68,116,0
2434,2023-10-01,6,Gold Star,457,Clothing,3,142.44,1,0,45,2,11,48,106,0
2435,2023-05-31,4,Gold Star,437,Seasonal,15,381.3,0,0,2,18,12,1,33,1
2436,2023-08-02,10,Executive,38,Appliances,16,169.6,0,0,13,2,3,37,55,0
2437,2023-07-14,4,Business,431,Appliances,6,20.1,0,0,3,4,2,2,11,1
2438,2023-01-06,2,Gold Star,209,Home,3,52.26,0,0,36,22,10,64,132,0
2439,2023-02-13,10,Business,266,Appliances,5,231.7,0,0,24,8,12,59,103,0
2440,2023-06-30,7,Executive,122,Kirkland Signature,16,583.68,0,0,5,2,1,8,16,1
2441,2023-08-07,1,Gold Star,118,Furniture,7,93.03,0,0,42,3,9,23,77,0
2442,2023-05-19,9,Executive,371,Grocery,12,404.52,0,0,16,4,2,37,59,0
2443,2023-09-30,9,Gold Star,286,Electronics,8,311.92,1,0,10,17,1,39,67,0
2444,2023-09-15,8,Business,393,Clothing,16,324.96,0,0,40,20,3,48,111,0
2445,2023-09-16,7,Business,263,Kirkland Signature,12,304.2,1,0,32,20,4,28,84,0
2446,2023-07-29,10,Business,355,Grocery,8,288.88,1,0,8,3,5,56,72,0
2447,2023-07-24,6,Executive,136,Kirkland Signature,5,218.75,0,0,12,9,10,41,72,0
2448,2023-03-13,4,Executive,200,Appliances,4,193.48,0,0,5,15,12,52,84,0
2449,2023-10-03,10,Executive,57,Seasonal,16,41.92,0,0,5,19,12,5,41,1
2450,2023-12-01,3,Gold Star,194,Furniture,6,172.38,0,0,5,16,2,2,25,1
2451,2023-01-22,2,Gold Star,425,Appliances,9,238.14,1,0,24,8,5,13,50,0
2452,2023-03-13,10,Business,266,Appliances,15,695.1,0,0,14,23,9,32,78,0
2453,2023-08-12,10,Gold Star,88,Grocery,13,74.36,1,0,29,22,9,58,118,0
2454,2023-06-02,9,Gold Star,74,Appliances,2,79.88,0,0,47,24,10,5,86,0
2455,2023-12-12,6,Executive,425,Appliances,2,52.92,0,0,24,7,2,9,42,1
2456,2023-07-02,3,Business,37,Electronics,5,38.3,1,0,5,6,6,9,26,1
2457,2023-02-10,9,Business,22,Clothing,5,122.65,0,0,9,2,5,69,85,0
2458,2023-09-08,10,Business,354,Clothing,4,190.84,0,0,41,3,2,33,79,0
2459,2023-10-20,9,Business,411,Kirkland Signature,9,310.32,0,0,40,5,6,15,66,0
2460,2023-01-13,9,Gold Star,38,Appliances,1,10.6,0,0,15,6,9,51,81,0
2461,2023-08-27,5,Executive,53,Seasonal,5,219.1,1,0,9,19,11,33,72,0
2462,2023-05-27,9,Executive,13,Furniture,9,193.86,1,0,21,7,6,14,48,1
2463,2023-11-03,7,Business,489,Electronics,19,845.69,0,0,38,24,8,51,121,0
2464,2023-06-26,3,Business,163,Kirkland Signature,6,6.96,0,0,8,6,10,40,64,0
2465,2023-11-13,4,Gold Star,216,Appliances,6,108.12,0,0,14,2,11,57,84,0
2466,2023-11-16,9,Executive,33,Clothing,9,349.92,0,0,13,24,7,63,107,0
2467,2023-08-23,10,Business,283,Home,12,538.32,0,0,22,11,1,26,60,0
2468,2023-09-18,6,Gold Star,282,Seasonal,11,512.6,0,0,16,2,8,2,28,1
2469,2023-04-02,1,Business,408,Appliances,2,40.48,1,0,14,6,1,63,84,0
2470,2023-04-19,2,Business,166,Appliances,13,536.38,0,0,41,21,8,54,124,0
2471,2023-07-17,3,Business,210,Appliances,11,480.15,0,0,24,10,1,26,61,0
2472,2023-01-21,10,Gold Star,392,Seasonal,12,79.08,1,0,23,20,10,4,57,0
2473,2023-03-29,7,Business,7,Grocery,18,242.1,0,0,43,13,3,36,95,0
2474,2023-06-13,8,Executive,7,Grocery,1,13.45,0,0,15,6,11,37,69,0
2475,2023-07-21,3,Executive,309,Seasonal,18,545.76,0,0,45,4,7,42,98,0
2476,2023-03-03,5,Executive,217,Furniture,14,245.28,0,0,1,17,6,70,94,0
2477,2023-01-04,10,Executive,138,Furniture,1,23.63,0,0,32,5,12,68,117,0
2478,2023-07-03,10,Gold Star,436,Seasonal,9,331.92,0,0,5,13,8,69,95,0
2479,2023-01-05,9,Gold Star,251,Kirkland Signature,15,558.9,0,0,38,18,10,1,67,0
2480,2023-07-30,2,Business,443,Kirkland Signature,6,22.56,1,0,23,3,5,16,47,1
2481,2023-02-13,9,Executive,348,Home,19,823.65,0,0,23,10,6,70,109,0
2482,2023-10-14,9,Executive,484,Kirkland Signature,19,193.99,1,0,25,14,8,39,86,0
2483,2023-01-31,1,Business,248,Seasonal,3,95.22,0,0,46,24,10,57,137,0
2484,2023-12-02,7,Gold Star,363,Grocery,15,55.5,1,0,10,16,8,25,59,0
2485,2023-05-19,7,Business,423,Seasonal,1,1.4,0,0,8,21,3,43,75,0
2486,2023-02-07,9,Executive,5,Furniture,2,11.64,0,0,13,8,6,50,77,0
2487,2023-07-05,3,Executive,320,Clothing,3,51.33,0,0,33,11,1,4,49,0
2488,2023-11-19,10,Business,468,Grocery,4,28.32,1,0,4,8,11,31,54,0
2489,2023-09-13,4,Gold Star,424,Clothing,10,6.9,0,0,15,5,2,68,90,0
2490,2023-05-17,6,Gold Star,137,Furniture,15,704.7,0,0,22,9,9,64,104,0
2491,2023-03-28,6,Business,257,Grocery,8,304.88,0,0,15,13,7,49,84,0
2492,2023-08-24,1,Business,463,Clothing,19,363.85,0,0,16,22,3,70,111,0
2493,2023-09-22,10,Executive,371,Grocery,10,337.1,0,0,10,16,6,39,71,0
2494,2023-02-06,8,Gold Star,499,Clothing,12,222.12,0,0,43,5,4,56,108,0
2495,2023-02-03,8,Gold Star,489,Electronics,17,756.67,0,0,36,1,10,11,58,0
2496,2023-03-28,1,Executive,140,Electronics,17,771.29,0,0,25,15,4,21,65,0
2497,2023-03-20,9,Gold Star,398,Grocery,4,156.76,0,0,35,1,3,53,92,0
2498,2023-04-28,8,Executive,264,Appliances,14,609.56,0,0,19,10,6,28,63,0
2499,2023-02-25,9,Gold Star,386,Electronics,12,105.96,1,0,36,10,11,46,103,0
2500,2023-07-09,3,Gold Star,461,Clothing,4,137.48,1,0,1,4,6,14,25,1
2501,2023-08-02,9,Gold Star,484,Kirkland Signature,8,81.68,0,0,2,10,4,33,49,0
2502,2023-02-25,5,Gold Star,125,Home,11,417.45,1,0,36,18,11,15,80,0
2503,2023-11-04,4,Gold Star,139,Electronics,3,137.55,1,0,6,17,11,44,78,0
2504,2023-08-14,5,Business,315,Home,6,30.96,0,0,28,7,11,36,82,0
2505,2023-09-22,7,Gold Star,18,Appliances,12,37.56,0,0,39,1,7,35,82,0
2506,2023-07-11,1,Executive,202,Furniture,14,316.82,0,0,43,16,9,30,98,0
2507,2023-09-22,9,Business,306,Home,4,45.04,0,0,16,24,4,38,82,0
2508,2023-02-05,7,Executive,234,Electronics,14,596.82,1,0,8,21,6,30,65,0
2509,2023-08-24,3,Business,47,Home,12,265.2,0,0,43,9,5,19,76,0
2510,2023-06-30,10,Executive,29,Clothing,9,403.56,0,0,1,19,1,64,85,0
2511,2023-11-14,8,Gold Star,445,Appliances,9,411.57,0,0,5,11,3,37,56,0
2512,2023-07-13,3,Executive,242,Electronics,3,97.5,0,0,47,15,7,36,105,0
2513,2023-12-23,1,Gold Star,256,Grocery,15,66.9,1,1,31,7,9,50,97,0
2514,2023-05-30,9,Gold Star,220,Grocery,9,35.19,0,0,20,7,12,71,110,0
2515,2023-07-31,3,Business,41,Electronics,18,754.92,0,0,6,10,7,54,77,0
2516,2023-11-03,5,Executive,158,Furniture,7,257.6,0,0,20,9,3,35,67,0
2517,2023-05-25,8,Gold Star,385,Furniture,15,10.05,0,0,15,23,5,17,60,0
2518,2023-07-31,3,Executive,432,Electronics,11,477.84,0,0,22,24,7,20,73,0
2519,2023-08-17,6,Business,428,Grocery,11,382.8,0,0,20,19,11,52,102,0
2520,2023-03-21,9,Gold Star,440,Furniture,6,232.56,0,0,1,10,6,60,77,0
2521,2023-09-03,2,Gold Star,116,Electronics,13,535.47,1,0,39,16,9,68,132,0
2522,2023-11-15,3,Business,61,Appliances,1,1.59,0,0,4,2,8,18,32,1
2523,2023-09-10,2,Executive,450,Electronics,20,179.2,1,0,48,9,5,38,100,0
2524,2023-11-26,6,Gold Star,75,Appliances,14,565.32,1,0,47,24,11,44,126,0
2525,2023-06-27,5,Executive,228,Clothing,14,538.58,0,0,36,11,7,14,68,0
2526,2023-01-07,2,Gold Star,243,Kirkland Signature,20,82.4,1,0,48,12,8,62,130,0
2527,2023-12-06,5,Business,155,Appliances,5,90.3,0,0,15,22,2,10,49,0
2528,2023-05-18,6,Gold Star,52,Electronics,8,380.72,0,0,32,8,9,52,101,0
2529,2023-04-10,10,Executive,17,Kirkland Signature,19,771.02,0,0,21,8,2,36,67,0
2530,2023-12-14,9,Gold Star,424,Clothing,1,0.69,0,0,37,17,11,9,74,0
2531,2023-10-06,6,Business,445,Appliances,19,868.87,0,0,9,5,8,53,75,0
2532,2023-09-09,7,Business,490,Furniture,6,206.76,1,0,29,1,3,51,84,0
2533,2023-10-11,10,Business,263,Kirkland Signature,10,253.5,0,0,14,18,4,16,52,0
2534,2023-05-10,1,Executive,326,Seasonal,15,356.1,0,0,2,19,2,22,45,1
2535,2023-01-13,3,Executive,193,Clothing,19,728.46,0,0,12,11,6,21,50,0
2536,2023-02-18,3,Gold Star,455,Grocery,10,333.7,1,0,34,3,6,70,113,0
2537,2023-02-08,5,Gold Star,69,Kirkland Signature,19,250.42,0,0,44,2,6,47,99,0
2538,2023-03-02,3,Gold Star,411,Kirkland Signature,12,413.76,0,0,1,15,9,32,57,0
2539,2023-04-02,4,Executive,32,Kirkland Signature,11,310.64,1,0,16,19,4,33,72,0
2540,2023-10-26,3,Executive,277,Furniture,20,775.4,0,0,30,17,7,44,98,0
2541,2023-07-21,7,Executive,484,Kirkland Signature,5,51.05,0,0,33,19,3,30,85,0
2542,2023-04-20,2,Executive,93,Kirkland Signature,16,388.96,0,0,24,3,10,37,74,0
2543,2023-12-27,7,Business,74,Appliances,9,359.46,0,0,22,5,7,27,61,0
2544,2023-10-23,9,Business,100,Electronics,8,222.88,0,0,33,2,1,39,75,0
2545,2023-06-12,10,Business,456,Grocery,8,178.72,0,0,13,15,10,58,96,0
2546,2023-10-06,10,Gold Star,318,Home,20,755.0,0,0,2,11,7,26,46,1
2547,2023-05-02,8,Gold Star,68,Kirkland Signature,15,541.05,0,0,14,5,5,6,30,1
2548,2023-01-24,4,Gold Star,450,Electronics,11,98.56,0,0,23,9,2,65,99,0
2549,2023-02-12,6,Gold Star,241,Electronics,3,81.36,1,0,26,8,3,36,73,0
2550,2023-02-02,7,Gold Star,245,Appliances,15,654.75,0,0,9,7,3,30,49,0
2551,2023-12-28,6,Executive,493,Clothing,15,332.55,0,0,11,22,12,43,88,0
2552,2023-08-02,4,Business,45,Clothing,3,17.16,0,0,21,5,4,25,55,0
2553,2023-07-27,5,Business,208,Seasonal,17,269.96,0,0,8,11,3,26,48,1
2554,2023-03-02,10,Executive,378,Kirkland Signature,6,146.4,0,0,21,21,9,48,99,0
2555,2023-06-26,4,Gold Star,142,Kirkland Signature,7,287.7,0,0,14,19,2,21,56,0
2556,2023-05-12,10,Gold Star,36,Home,16,272.96,0,0,18,3,12,9,42,1
2557,2023-08-24,8,Business,255,Seasonal,6,249.0,0,0,30,23,5,3,61,0
2558,2023-11-10,7,Executive,373,Seasonal,16,487.68,0,0,30,24,11,54,119,0
2559,2023-04-26,10,Business,329,Electronics,6,97.38,0,0,36,24,9,44,113,0
2560,2023-07-23,6,Business,179,Clothing,6,80.04,1,0,39,10,12,12,73,0
2561,2023-08-19,6,Gold Star,150,Appliances,18,65.88,1,0,32,3,2,34,71,0
2562,2023-04-21,10,Business,73,Home,3,103.23,0,0,25,6,2,11,44,1
2563,2023-11-25,4,Executive,120,Kirkland Signature,17,605.37,1,0,9,10,6,33,58,0
2564,2023-10-28,2,Business,62,Electronics,13,302.64,1,0,21,20,2,59,102,0
2565,2023-10-27,7,Gold Star,200,Appliances,9,435.33,0,0,29,17,9,30,85,0
2566,2023-04-30,2,Executive,284,Furniture,9,57.87,1,0,34,6,9,58,107,0
2567,2023-06-16,6,Executive,206,Furniture,19,857.85,0,0,34,14,2,4,54,0
2568,2023-01-20,7,Business,381,Grocery,4,152.84,0,0,20,13,8,13,54,0
2569,2023-04-15,9,Business,230,Appliances,12,279.12,1,0,28,2,4,13,47,1
2570,2023-05-19,10,Gold Star,3,Seasonal,10,377.3,0,0,22,2,5,50,79,0
2571,2023-05-01,1,Gold Star,194,Furniture,20,574.6,0,0,35,10,12,15,72,0
2572,2023-02-23,9,Executive,116,Electronics,17,700.23,0,0,18,20,7,11,56,0
2573,2023-05-03,2,Gold Star,254,Seasonal,5,30.1,0,0,12,3,1,45,61,0
2574,2023-04-11,1,Executive,71,Seasonal,7,169.19,0,0,14,21,6,67,108,0
2575,2023-01-02,3,Gold Star,101,Appliances,17,644.47,0,0,25,9,12,19,65,0
2576,2023-04-10,7,Executive,235,Clothing,20,482.8,0,0,26,8,9,61,104,0
2577,2023-09-07,2,Business,85,Seasonal,9,438.57,0,0,36,9,8,23,76,0
2578,2023-05-08,3,Gold Star,275,Furniture,13,350.22,0,0,4,23,7,57,91,0
2579,2023-08-18,5,Executive,47,Home,18,397.8,0,0,46,8,12,41,107,0
2580,2023-01-01,1,Gold Star,39,Seasonal,17,820.42,1,0,44,1,8,12,65,0
2581,2023-08-27,2,Executive,291,Kirkland Signature,9,16.47,1,0,48,16,10,8,82,0
2582,2023-10-24,4,Executive,433,Appliances,16,212.64,0,0,6,16,12,3,37,1
2583,2023-03-23,4,Business,83,Kirkland Signature,6,294.06,0,0,19,8,1,19,47,1
2584,2023-10-05,2,Business,154,Grocery,14,685.86,0,0,10,19,3,58,90,0
2585,2023-09-13,6,Executive,251,Kirkland Signature,11,409.86,0,0,17,17,5,24,63,0
2586,2023-12-29,3,Gold Star,177,Grocery,1,38.45,0,0,24,7,2,57,90,0
2587,2023-11-05,9,Gold Star,73,Home,4,137.64,1,0,12,2,9,42,65,0
2588,2023-10-21,3,Gold Star,287,Grocery,6,144.18,1,0,31,5,4,42,82,0
2589,2023-06-08,8,Gold Star,323,Electronics,3,128.31,0,0,37,10,7,19,73,0
2590,2023-02-03,6,Gold Star,199,Seasonal,5,212.7,0,0,29,14,2,21,66,0
2591,2023-01-15,1,Business,294,Grocery,15,706.95,1,0,40,10,8,3,61,0
2592,2023-10-15,7,Business,424,Clothing,7,4.83,1,0,5,4,10,33,52,0
2593,2023-12-18,8,Gold Star,352,Electronics,3,136.53,0,1,19,10,6,50,85,0
2594,2023-01-12,7,Business,298,Appliances,11,259.6,0,0,27,12,8,22,69,0
2595,2023-10-10,9,Business,443,Kirkland Signature,9,33.84,0,0,46,7,1,36,90,0
2596,2023-01-09,1,Business,5,Furniture,16,93.12,0,0,12,14,7,48,81,0
2597,2023-07-14,10,Business,459,Appliances,8,76.8,0,0,19,1,6,67,93,0
2598,2023-07-09,8,Gold Star,154,Grocery,18,881.82,1,0,48,8,8,58,122,0
2599,2023-01-12,10,Business,61,Appliances,8,12.72,0,0,35,4,6,6,51,0
2600,2023-02-17,1,Executive,88,Grocery,8,45.76,0,0,3,7,1,68,79,0
2601,2023-10-12,3,Executive,83,Kirkland Signature,6,294.06,0,0,31,3,12,24,70,0
2602,2023-12-04,2,Executive,77,Home,19,395.96,0,0,21,16,5,11,53,0
2603,2023-10-27,1,Executive,262,Grocery,3,100.77,0,0,8,9,10,44,71,0
2604,2023-02-28,2,Gold Star,476,Seasonal,14,459.48,0,0,27,20,2,5,54,0
2605,2023-05-25,10,Business,309,Seasonal,2,60.64,0,0,44,6,12,23,85,0
2606,2023-08-21,7,Business,6,Appliances,1,27.7,0,0,2,6,3,65,76,0
2607,2023-09-17,4,Business,209,Home,10,174.2,1,0,12,1,5,51,69,0
2608,2023-05-24,1,Executive,464,Clothing,17,600.1,0,0,46,20,2,13,81,0
2609,2023-12-29,8,Business,176,Clothing,7,128.8,0,0,11,15,6,57,89,0
2610,2023-09-06,10,Executive,371,Grocery,1,33.71,0,0,9,22,1,17,49,0
2611,2023-02-03,3,Executive,128,Grocery,13,342.42,0,0,22,5,5,10,42,1
2612,2023-06-01,4,Business,181,Clothing,7,76.79,0,0,38,22,9,62,131,0
2613,2023-06-21,9,Business,478,Seasonal,20,452.8,0,0,17,6,1,32,56,0
2614,2023-04-26,2,Executive,400,Grocery,5,178.85,0,0,39,24,3,21,87,0
2615,2023-03-19,1,Gold Star,28,Electronics,19,16.34,1,0,29,9,4,3,45,1
2616,2023-11-08,1,Gold Star,59,Grocery,20,707.4,0,0,20,8,5,67,100,0
2617,2023-10-09,8,Gold Star,88,Grocery,10,57.2,0,0,45,7,10,12,74,0
2618,2023-09-27,1,Gold Star,402,Furniture,9,11.79,0,0,25,23,1,60,109,0
2619,2023-03-21,6,Business,203,Appliances,5,101.3,0,0,27,4,10,47,88,0
2620,2023-08-08,1,Executive,116,Electronics,15,617.85,0,0,11,2,3,50,66,0
2621,2023-01-15,8,Business,487,Home,17,613.02,1,0,12,7,8,67,94,0
2622,2023-03-04,4,Gold Star,216,Appliances,19,342.38,1,0,22,17,6,48,93,0
2623,2023-08-05,9,Gold Star,489,Electronics,3,133.53,1,0,15,21,9,46,91,0
2624,2023-10-04,9,Gold Star,34,Home,13,84.89,0,0,8,17,10,71,106,0
2625,2023-07-10,6,Gold Star,450,Electronics,12,107.52,0,0,4,8,11,69,92,0
2626,2023-06-04,1,Business,61,Appliances,9,14.31,1,0,9,5,11,19,44,1
2627,2023-05-04,7,Executive,96,Seasonal,6,140.1,0,0,40,12,10,44,106,0
2628,2023-05-06,2,Business,283,Home,17,762.62,1,0,20,8,10,39,77,0
2629,2023-07-21,7,Gold Star,445,Appliances,19,868.87,0,0,38,15,1,61,115,0
2630,2023-06-15,9,Business,20,Electronics,4,36.6,0,0,18,16,8,7,49,0
2631,2023-08-09,1,Executive,139,Electronics,6,275.1,0,0,32,17,6,36,91,0
2632,2023-07-30,7,Executive,40,Home,17,490.79,1,0,9,7,12,59,87,0
2633,2023-05-03,6,Business,242,Electronics,10,325.0,0,0,23,11,9,60,103,0
2634,2023-09-10,6,Gold Star,135,Clothing,19,47.69,1,0,41,20,1,30,92,0
2635,2023-01-08,4,Executive,17,Kirkland Signature,5,202.9,1,0,34,8,3,32,77,0
2636,2023-07-14,1,Business,275,Furniture,15,404.1,0,0,16,13,10,58,97,0
2637,2023-02-22,6,Executive,169,Furniture,14,385.98,0,0,44,7,2,57,110,0
2638,2023-10-20,1,Business,236,Grocery,20,17.0,0,0,28,15,11,11,65,0
2639,2023-10-18,10,Executive,407,Seasonal,12,110.76,0,0,16,11,9,68,104,0
2640,2023-05-05,4,Business,92,Kirkland Signature,19,205.96,0,0,43,1,4,35,83,0
2641,2023-04-02,8,Gold Star,4,Furniture,19,210.71,1,0,1,8,6,46,61,0
2642,2023-09-25,7,Gold Star,428,Grocery,20,696.0,0,0,40,17,1,60,118,0
2643,2023-08-15,8,Gold Star,22,Clothing,15,367.95,0,0,1,22,9,46,78,0
2644,2023-08-26,7,Gold Star,322,Furniture,5,131.45,1,0,12,11,12,67,102,0
2645,2023-06-18,10,Business,370,Electronics,14,534.24,1,0,10,18,9,49,86,0
2646,2023-10-04,8,Business,68,Kirkland Signature,3,108.21,0,0,43,14,9,18,84,0
2647,2023-11-28,1,Gold Star,166,Appliances,15,618.9,0,0,19,9,12,39,79,0
2648,2023-08-26,5,Gold Star,489,Electronics,19,845.69,1,0,42,10,9,72,133,0
2649,2023-07-26,6,Executive,216,Appliances,1,18.02,0,0,22,2,2,52,78,0
2650,2023-04-29,3,Business,22,Clothing,14,343.42,1,0,15,6,2,21,44,1
2651,2023-10-16,4,Business,120,Kirkland Signature,16,569.76,0,0,2,10,5,27,44,1
2652,2023-07-24,4,Executive,218,Seasonal,7,192.08,0,0,1,3,5,45,54,0
2653,2023-10-09,2,Business,269,Electronics,2,6.3,0,0,18,15,7,19,59,0
2654,2023-05-02,7,Gold Star,469,Kirkland Signature,6,156.6,0,0,24,5,12,65,106,0
2655,2023-08-29,1,Business,478,Seasonal,15,339.6,0,0,9,2,11,67,89,0
2656,2023-12-11,10,Executive,178,Home,5,171.8,0,0,44,19,3,12,78,0
2657,2023-01-31,9,Gold Star,463,Clothing,5,95.75,0,0,44,2,7,10,63,0
2658,2023-01-30,7,Business,175,Seasonal,5,159.8,0,0,29,20,12,28,89,0
2659,2023-06-19,9,Gold Star,310,Furniture,17,23.46,0,0,18,11,3,67,99,0
2660,2023-04-18,9,Business,137,Furniture,2,93.96,0,0,26,24,4,48,102,0
2661,2023-06-24,5,Executive,382,Home,20,794.2,1,0,3,11,4,17,35,1
2662,2023-11-06,10,Executive,73,Home,8,275.28,0,0,23,16,10,62,111,0
2663,2023-03-20,2,Executive,353,Kirkland Signature,8,96.48,0,0,10,9,2,43,64,0
2664,2023-07-22,4,Gold Star,316,Kirkland Signature,2,42.14,1,0,20,23,3,52,98,0
2665,2023-08-17,5,Gold Star,81,Electronics,7,244.72,0,0,10,18,12,40,80,0
2666,2023-08-03,4,Business,157,Clothing,16,623.2,0,0,37,22,7,6,72,0
2667,2023-11-04,7,Gold Star,351,Electronics,18,528.66,1,0,46,3,8,65,122,0
2668,2023-06-03,4,Business,153,Home,7,202.86,1,0,39,20,3,70,132,0
2669,2023-07-18,2,Business,160,Kirkland Signature,20,866.4,0,0,21,23,7,13,64,0
2670,2023-03-25,5,Executive,171,Electronics,18,640.8,1,0,34,21,9,23,87,0
2671,2023-07-23,6,Business,173,Seasonal,7,143.57,1,0,16,8,1,18,43,1
2672,2023-09-01,9,Gold Star,258,Furniture,17,459.0,0,0,9,6,3,61,79,0
2673,2023-06-28,5,Executive,252,Clothing,7,164.64,0,0,1,18,9,8,36,1
2674,2023-02-09,3,Gold Star,281,Kirkland Signature,14,337.82,0,0,4,8,8,54,74,0
2675,2023-01-15,10,Executive,332,Home,18,274.68,1,0,42,21,1,40,104,0
2676,2023-12-28,4,Business,186,Electronics,7,286.51,0,0,40,17,11,49,117,0
2677,2023-07-07,4,Business,84,Furniture,11,225.94,0,0,33,6,10,13,62,0
2678,2023-04-13,7,Business,298,Appliances,15,354.0,0,0,11,23,1,49,84,0
2679,2023-02-08,5,Executive,303,Electronics,11,225.39,0,0,16,19,6,61,102,0
2680,2023-04-10,8,Gold Star,130,Electronics,8,190.32,0,0,18,21,12,60,111,0
2681,2023-11-22,3,Executive,274,Grocery,18,883.62,0,0,34,4,11,66,115,0
2682,2023-10-23,5,Business,461,Clothing,11,378.07,0,0,47,1,1,33,82,0
2683,2023-10-04,2,Executive,382,Home,20,794.2,0,0,26,21,4,13,64,0
2684,2023-07-03,9,Gold Star,118,Furniture,16,212.64,0,0,14,11,11,60,96,0
2685,2023-05-14,5,Executive,255,Seasonal,12,498.0,1,0,45,21,3,40,109,0
2686,2023-05-20,4,Business,487,Home,3,108.18,1,0,14,19,1,41,75,0
2687,2023-08-16,8,Business,383,Seasonal,8,273.2,0,0,30,20,10,14,74,0
2688,2023-06-14,6,Gold Star,79,Clothing,10,97.7,0,0,18,23,8,49,98,0
2689,2023-07-01,4,Executive,473,Appliances,4,144.2,1,0,22,10,5,4,41,1
2690,2023-06-25,7,Gold Star,148,Kirkland Signature,10,53.0,1,0,30,5,1,21,57,0
2691,2023-06-01,4,Executive,324,Seasonal,15,280.8,0,0,2,24,12,26,64,0
2692,2023-03-29,3,Business,23,Kirkland Signature,3,24.99,0,0,26,10,8,60,104,0
2693,2023-08-17,3,Executive,43,Seasonal,10,425.3,0,0,29,13,8,6,56,0
2694,2023-06-26,9,Business,301,Kirkland Signature,1,49.95,0,0,7,13,4,2,26,1
2695,2023-08-29,5,Executive,499,Clothing,17,314.67,0,0,37,23,1,61,122,0
2696,2023-09-17,6,Gold Star,497,Grocery,17,228.99,1,0,6,17,8,32,63,0
2697,2023-04-07,7,Gold Star,371,Grocery,18,606.78,0,0,7,19,7,45,78,0
2698,2023-01-01,3,Business,64,Electronics,18,104.94,1,0,3,8,12,29,52,0
2699,2023-10-12,3,Gold Star,432,Electronics,18,781.92,0,0,1,2,9,61,73,0
2700,2023-03-07,10,Business,134,Appliances,1,8.63,0,0,10,4,1,30,45,1
2701,2023-01-23,9,Gold Star,116,Electronics,4,164.76,0,0,16,11,10,31,68,0
2702,2023-02-04,3,Business,32,Kirkland Signature,8,225.92,1,0,7,6,5,50,68,0
2703,2023-07-28,7,Business,271,Appliances,2,71.08,0,0,25,22,9,70,126,0
2704,2023-10-13,8,Gold Star,442,Appliances,4,51.24,0,0,10,16,9,67,102,0
2705,2023-06-13,9,Business,382,Home,10,397.1,0,0,37,4,7,17,65,0
2706,2023-11-06,9,Gold Star,96,Seasonal,14,326.9,0,0,48,1,4,30,83,0
2707,2023-07-06,7,Executive,85,Seasonal,11,536.03,0,0,4,15,1,71,91,0
2708,2023-05-05,8,Gold Star,247,Seasonal,11,339.24,0,0,1,12,10,65,88,0
2709,2023-12-02,8,Business,358,Electronics,18,450.54,1,0,1,13,3,58,75,0
2710,2023-07-24,4,Gold Star,376,Kirkland Signature,14,304.92,0,0,39,3,4,38,84,0
2711,2023-09-01,9,Gold Star,380,Seasonal,15,330.6,0,0,35,14,7,32,88,0
2712,2023-06-01,6,Gold Star,348,Home,12,520.2,0,0,8,7,2,28,45,1
2713,2023-07-30,3,Gold Star,226,Grocery,5,140.6,1,0,21,16,11,61,109,0
2714,2023-01-05,4,Executive,453,Grocery,15,142.05,0,0,32,16,11,65,124,0
2715,2023-11-13,2,Executive,476,Seasonal,11,361.02,0,0,31,20,12,42,105,0
2716,2023-05-20,7,Gold Star,387,Grocery,13,68.77,1,0,41,8,2,6,57,0
2717,2023-07-09,5,Executive,368,Grocery,19,314.45,1,0,15,6,11,42,74,0
2718,2023-11-04,9,Business,423,Seasonal,5,7.0,1,0,30,17,8,48,103,0
2719,2023-10-14,4,Gold Star,233,Clothing,9,144.27,1,0,29,23,2,37,91,0
2720,2023-04-01,5,Business,321,Appliances,2,43.42,1,0,37,12,6,44,99,0
2721,2023-07-09,4,Business,40,Home,11,317.57,1,0,28,14,11,62,115,0
2722,2023-01-01,7,Gold Star,50,Electronics,16,537.76,1,0,4,9,6,18,37,1
2723,2023-08-27,7,Business,282,Seasonal,12,559.2,1,0,39,5,9,20,73,0
2724,2023-05-05,4,Business,479,Appliances,1,22.7,0,0,27,11,5,57,100,0
2725,2023-01-11,4,Executive,41,Electronics,15,629.1,0,0,4,15,9,38,66,0
2726,2023-01-27,10,Executive,242,Electronics,5,162.5,0,0,24,22,2,9,57,0
2727,2023-06-25,8,Gold Star,434,Kirkland Signature,18,485.82,1,0,20,13,2,19,54,0
2728,2023-01-23,6,Gold Star,384,Appliances,17,180.37,0,0,43,2,6,38,89,0
2729,2023-01-05,6,Business,125,Home,6,227.7,0,0,33,17,3,69,122,0
2730,2023-06-01,8,Business,171,Electronics,9,320.4,0,0,5,3,12,64,84,0
2731,2023-12-07,9,Gold Star,295,Appliances,7,195.79,0,0,5,20,12,59,96,0
2732,2023-03-21,7,Executive,458,Clothing,12,467.52,0,0,25,10,11,64,110,0
2733,2023-12-06,10,Business,157,Clothing,1,38.95,0,0,45,14,2,64,125,0
2734,2023-12-28,4,Business,185,Kirkland Signature,4,4.04,0,0,4,10,1,48,63,0
2735,2023-07-22,4,Executive,236,Grocery,1,0.85,1,0,25,5,10,56,96,0
2736,2023-07-05,3,Gold Star,69,Kirkland Signature,14,184.52,0,0,42,11,12,60,125,0
2737,2023-02-05,8,Gold Star,86,Kirkland Signature,11,271.26,1,0,27,11,2,6,46,1
2738,2023-03-09,9,Gold Star,69,Kirkland Signature,6,79.08,0,0,21,23,8,21,73,0
2739,2023-12-09,2,Gold Star,29,Clothing,16,717.44,1,0,38,11,2,27,78,0
2740,2023-03-11,10,Executive,326,Seasonal,18,427.32,1,0,17,23,9,28,77,0
2741,2023-02-20,10,Gold Star,364,Grocery,8,209.36,0,0,13,4,9,34,60,0
2742,2023-06-24,6,Gold Star,482,Kirkland Signature,6,283.32,1,0,43,12,10,19,84,0
2743,2023-12-25,9,Executive,29,Clothing,5,224.2,0,1,1,11,3,55,70,0
2744,2023-01-11,4,Gold Star,57,Seasonal,11,28.82,0,0,5,6,9,18,38,1
2745,2023-10-04,5,Executive,244,Electronics,14,487.34,0,0,45,2,6,24,77,0
2746,2023-10-21,10,Executive,225,Grocery,7,15.68,1,0,16,10,3,68,97,0
2747,2023-01-23,2,Gold Star,264,Appliances,20,870.8,0,0,32,8,4,43,87,0
2748,2023-07-20,2,Executive,398,Grocery,8,313.52,0,0,22,19,6,39,86,0
2749,2023-12-18,6,Executive,353,Kirkland Signature,15,180.9,0,1,24,24,10,45,103,0
2750,2023-03-14,5,Business,194,Furniture,8,229.84,0,0,2,10,12,57,81,0
2751,2023-08-25,10,Gold Star,413,Home,15,734.7,0,0,24,3,8,37,72,0
2752,2023-03-15,9,Business,363,Grocery,9,33.3,0,0,32,15,4,18,69,0
2753,2023-04-15,3,Business,356,Kirkland Signature,20,412.0,1,0,6,1,7,31,45,1
2754,2023-05-18,6,Executive,314,Seasonal,6,251.4,0,0,10,15,11,34,70,0
2755,2023-07-11,3,Gold Star,253,Clothing,8,11.76,0,0,42,22,3,26,93,0
2756,2023-11-14,9,Business,419,Clothing,14,351.96,0,0,11,9,10,72,102,0
2757,2023-03-30,8,Gold Star,145,Grocery,8,76.0,0,0,19,1,7,44,71,0
2758,2023-07-18,4,Business,17,Kirkland Signature,1,40.58,0,0,39,10,7,37,93,0
2759,2023-12-05,2,Business,383,Seasonal,14,478.1,0,0,41,19,8,23,91,0
2760,2023-05-03,1,Business,143,Home,10,384.4,0,0,20,18,2,32,72,0
2761,2023-02-24,5,Business,401,Kirkland Signature,7,269.57,0,0,29,5,2,56,92,0
2762,2023-06-21,10,Executive,155,Appliances,19,343.14,0,0,11,10,2,65,88,0
2763,2023-06-09,1,Business,452,Appliances,17,414.97,0,0,28,23,1,25,77,0
2764,2023-03-30,10,Business,89,Home,2,86.5,0,0,35,1,10,2,48,1
2765,2023-07-06,3,Business,462,Kirkland Signature,2,62.94,0,0,24,11,6,69,110,0
2766,2023-07-12,1,Gold Star,107,Seasonal,15,214.95,0,0,43,8,6,8,65,0
2767,2023-10-12,4,Business,262,Grocery,10,335.9,0,0,11,10,4,14,39,1
2768,2023-09-03,5,Business,407,Seasonal,10,92.3,1,0,11,1,5,52,69,0
2769,2023-07-30,8,Gold Star,440,Furniture,2,77.52,1,0,34,10,12,11,67,0
2770,2023-02-09,7,Gold Star,315,Home,12,61.92,0,0,3,17,1,21,42,1
2771,2023-12-27,9,Gold Star,222,Kirkland Signature,3,63.63,0,0,47,17,12,60,136,0
2772,2023-01-24,3,Business,432,Electronics,17,738.48,0,0,42,13,8,1,64,0
2773,2023-05-25,5,Executive,165,Appliances,6,285.18,0,0,16,3,5,20,44,1
2774,2023-03-07,1,Business,454,Appliances,14,333.76,0,0,12,12,8,64,96,0
2775,2023-01-06,10,Business,462,Kirkland Signature,4,125.88,0,0,16,10,5,10,41,1
2776,2023-06-08,3,Business,152,Grocery,1,1.55,0,0,28,13,9,41,91,0
2777,2023-06-01,3,Business,340,Furniture,1,24.1,0,0,31,23,12,63,129,0
2778,2023-09-20,10,Executive,302,Seasonal,7,83.23,0,0,21,7,10,28,66,0
2779,2023-06-26,10,Executive,325,Electronics,2,5.0,0,0,12,19,5,10,46,1
2780,2023-11-08,4,Executive,284,Furniture,17,109.31,0,0,32,21,6,54,113,0
2781,2023-07-30,7,Business,62,Electronics,14,325.92,1,0,13,2,4,46,65,0
2782,2023-02-17,7,Gold Star,412,Furniture,2,66.98,0,0,12,2,6,18,38,1
2783,2023-01-27,2,Business,303,Electronics,14,286.86,0,0,3,15,4,63,85,0
2784,2023-03-04,5,Executive,452,Appliances,5,122.05,1,0,6,18,3,2,29,1
2785,2023-05-13,9,Business,59,Grocery,16,565.92,1,0,38,20,1,62,121,0
2786,2023-09-06,10,Gold Star,25,Kirkland Signature,4,182.24,0,0,37,6,9,39,91,0
2787,2023-05-07,1,Gold Star,284,Furniture,7,45.01,1,0,12,17,2,54,85,0
2788,2023-01-14,7,Gold Star,312,Kirkland Signature,19,149.53,1,0,43,24,10,12,89,0
2789,2023-01-17,3,Gold Star,408,Appliances,20,404.8,0,0,40,22,3,30,95,0
2790,2023-08-28,2,Business,14,Home,8,265.6,0,0,26,23,11,15,75,0
2791,2023-10-10,1,Business,160,Kirkland Signature,20,866.4,0,0,10,24,12,55,101,0
2792,2023-12-15,7,Gold Star,390,Seasonal,8,384.08,0,1,11,17,1,5,34,1
2793,2023-02-17,10,Executive,441,Home,2,9.92,0,0,47,2,10,50,109,0
2794,2023-07-02,1,Business,484,Kirkland Signature,9,91.89,1,0,14,20,12,22,68,0
2795,2023-01-19,10,Executive,441,Home,5,24.8,0,0,39,10,8,9,66,0
2796,2023-05-14,5,Business,392,Seasonal,17,112.03,1,0,44,8,10,72,134,0
2797,2023-08-18,8,Business,244,Electronics,8,278.48,0,0,27,19,5,38,89,0
2798,2023-07-03,3,Gold Star,211,Kirkland Signature,19,374.49,0,0,37,22,4,11,74,0
2799,2023-03-07,7,Business,195,Furniture,20,943.2,0,0,31,4,3,23,61,0
2800,2023-05-19,6,Executive,288,Furniture,9,81.81,0,0,16,6,8,2,32,1
2801,2023-01-30,5,Business,1,Clothing,12,151.56,0,0,44,13,9,52,118,0
2802,2023-05-15,7,Executive,360,Home,10,474.5,0,0,9,4,10,2,25,1
2803,2023-06-26,5,Business,399,Clothing,19,388.17,0,0,47,6,9,10,72,0
2804,2023-04-14,2,Business,99,Home,14,222.88,0,0,35,6,4,20,65,0
2805,2023-10-23,8,Gold Star,453,Grocery,9,85.23,0,0,48,22,11,67,148,0
2806,2023-11-14,6,Business,87,Clothing,6,61.38,0,0,47,9,7,11,74,0
2807,2023-08-12,2,Gold Star,474,Electronics,10,238.2,1,0,37,12,8,68,125,0
2808,2023-01-22,9,Business,63,Electronics,1,32.35,1,0,12,3,7,32,54,0
2809,2023-01-01,8,Gold Star,392,Seasonal,10,65.9,1,0,5,11,7,17,40,1
2810,2023-10-12,5,Gold Star,462,Kirkland Signature,16,503.52,0,0,10,16,2,17,45,1
2811,2023-07-25,2,Executive,247,Seasonal,5,154.2,0,0,1,4,5,63,73,0
2812,2023-04-20,9,Executive,419,Clothing,12,301.68,0,0,29,6,6,13,54,0
2813,2023-08-22,4,Business,108,Furniture,1,36.51,0,0,3,2,7,15,27,1
2814,2023-10-21,9,Executive,346,Clothing,9,49.95,1,0,35,8,3,61,107,0
2815,2023-12-12,4,Executive,102,Grocery,6,40.44,0,0,22,23,9,16,70,0
2816,2023-08-23,3,Business,197,Grocery,3,142.8,0,0,37,1,5,60,103,0
2817,2023-10-07,6,Executive,396,Electronics,12,560.76,1,0,8,17,7,4,36,1
2818,2023-10-03,9,Business,389,Clothing,5,170.5,0,0,23,7,11,58,99,0
2819,2023-06-25,5,Gold Star,111,Appliances,9,31.41,1,0,13,7,4,7,31,1
2820,2023-12-01,7,Gold Star,157,Clothing,17,662.15,0,0,36,24,8,63,131,0
2821,2023-09-14,9,Executive,247,Seasonal,8,246.72,0,0,27,12,2,70,111,0
2822,2023-03-25,2,Gold Star,430,Kirkland Signature,19,772.16,1,0,33,17,11,28,89,0
2823,2023-05-26,7,Gold Star,368,Grocery,3,49.65,0,0,22,13,9,60,104,0
2824,2023-12-03,6,Executive,143,Home,6,230.64,1,0,12,13,2,24,51,0
2825,2023-03-16,7,Executive,265,Electronics,4,51.52,0,0,1,4,10,16,31,1
2826,2023-07-27,9,Executive,279,Kirkland Signature,5,162.65,0,0,31,15,8,14,68,0
2827,2023-05-28,1,Gold Star,166,Appliances,15,618.9,1,0,33,21,7,69,130,0
2828,2023-02-11,6,Executive,323,Electronics,8,342.16,1,0,35,7,9,28,79,0
2829,2023-09-15,1,Executive,170,Kirkland Signature,20,681.4,0,0,12,16,11,4,43,1
2830,2023-02-19,9,Business,251,Kirkland Signature,17,633.42,1,0,45,19,8,5,77,0
2831,2023-07-07,4,Gold Star,172,Home,17,117.64,0,0,28,18,10,21,77,0
2832,2023-01-20,9,Executive,334,Clothing,5,135.95,0,0,2,23,1,61,87,0
2833,2023-01-14,3,Business,100,Electronics,18,501.48,1,0,30,21,9,31,91,0
2834,2023-03-26,7,Gold Star,67,Clothing,6,86.22,1,0,13,20,9,60,102,0
2835,2023-12-26,7,Business,242,Electronics,8,260.0,0,0,10,21,3,42,76,0
2836,2023-04-15,1,Business,475,Kirkland Signature,6,86.22,1,0,6,9,8,12,35,1
2837,2023-06-05,9,Executive,6,Appliances,19,526.3,0,0,41,11,5,28,85,0
2838,2023-10-12,10,Gold Star,20,Electronics,7,64.05,0,0,29,13,3,47,92,0
2839,2023-09-26,4,Business,367,Electronics,15,403.65,0,0,5,22,6,15,48,1
2840,2023-07-13,7,Business,238,Kirkland Signature,1,11.21,0,0,3,12,2,23,40,1
2841,2023-05-01,4,Business,165,Appliances,14,665.42,0,0,8,22,4,62,96,0
2842,2023-01-14,1,Business,240,Home,5,123.75,1,0,5,3,9,27,44,1
2843,2023-03-25,5,Executive,482,Kirkland Signature,9,424.98,1,0,33,5,8,36,82,0
2844,2023-05-28,9,Gold Star,216,Appliances,11,198.22,1,0,28,14,3,70,115,0
2845,2023-01-04,10,Business,23,Kirkland Signature,18,149.94,0,0,7,17,1,8,33,1
2846,2023-05-08,7,Gold Star,32,Kirkland Signature,20,564.8,0,0,41,10,8,34,93,0
2847,2023-02-28,5,Gold Star,22,Clothing,5,122.65,0,0,15,12,8,32,67,0
2848,2023-05-17,1,Business,219,Home,1,2.1,0,0,37,22,12,10,81,0
2849,2023-10-17,5,Executive,89,Home,18,778.5,0,0,48,5,7,58,118,0
2850,2023-11-21,8,Business,476,Seasonal,13,426.66,0,0,47,7,11,34,99,0
2851,2023-11-17,9,Executive,409,Furniture,1,17.75,0,0,31,7,12,31,81,0
2852,2023-02-19,4,Business,25,Kirkland Signature,11,501.16,1,0,17,19,1,56,93,0
2853,2023-02-18,9,Gold Star,6,Appliances,18,498.6,1,0,21,10,8,38,77,0
2854,2023-12-04,10,Executive,112,Clothing,15,668.55,0,0,27,14,3,60,104,0
2855,2023-07-01,10,Executive,181,Clothing,15,164.55,1,0,40,20,10,50,120,0
2856,2023-07-18,7,Gold Star,271,Appliances,3,106.62,0,0,37,4,8,66,115,0
2857,2023-09-09,6,Business,247,Seasonal,13,400.92,1,0,43,2,3,66,114,0
2858,2023-07-24,5,Business,489,Electronics,8,356.08,0,0,33,21,9,34,97,0
2859,2023-09-25,2,Gold Star,38,Appliances,2,21.2,0,0,35,17,9,54,115,0
2860,2023-11-27,2,Gold Star,210,Appliances,7,305.55,0,0,18,9,5,18,50,0
2861,2023-09-08,4,Business,273,Home,11,76.67,0,0,10,22,10,29,71,0
2862,2023-04-23,3,Gold Star,426,Home,16,514.4,1,0,12,24,9,39,84,0
2863,2023-02-19,6,Business,87,Clothing,16,163.68,1,0,10,9,4,12,35,1
2864,2023-08-14,8,Gold Star,175,Seasonal,10,319.6,0,0,1,24,8,4,37,1
2865,2023-02-22,2,Business,249,Furniture,3,38.7,0,0,3,3,11,67,84,0
2866,2023-12-12,5,Executive,27,Kirkland Signature,4,180.44,0,0,14,10,2,2,28,1
2867,2023-03-27,7,Business,232,Furniture,11,220.55,0,0,36,17,9,36,98,0
2868,2023-05-19,8,Gold Star,295,Appliances,16,447.52,0,0,17,1,5,46,69,0
2869,2023-02-28,8,Business,75,Appliances,11,444.18,0,0,7,10,4,19,40,1
2870,2023-11-07,10,Executive,110,Kirkland Signature,12,363.48,0,0,43,4,9,31,87,0
2871,2023-01-02,6,Gold Star,225,Grocery,5,11.2,0,0,18,6,3,51,78,0
2872,2023-04-12,4,Gold Star,498,Kirkland Signature,16,730.08,0,0,46,4,7,39,96,0
2873,2023-11-07,8,Business,53,Seasonal,15,657.3,0,0,16,8,6,66,96,0
2874,2023-03-20,7,Business,134,Appliances,14,120.82,0,0,6,19,8,39,72,0
2875,2023-06-03,6,Gold Star,199,Seasonal,17,723.18,1,0,32,20,6,38,96,0
2876,2023-08-25,8,Business,474,Electronics,13,309.66,0,0,13,13,7,54,87,0
2877,2023-12-20,7,Gold Star,53,Seasonal,5,219.1,0,1,17,3,4,50,74,0
2878,2023-06-10,9,Business,129,Home,4,96.28,1,0,31,18,6,58,113,0
2879,2023-02-11,10,Gold Star,485,Kirkland Signature,4,54.56,1,0,32,3,9,40,84,0
2880,2023-10-16,3,Executive,56,Seasonal,2,22.74,0,0,34,9,6,17,66,0
2881,2023-11-24,5,Executive,368,Grocery,5,82.75,0,0,13,17,10,45,85,0
2882,2023-08-18,3,Executive,140,Electronics,12,544.44,0,0,30,18,7,27,82,0
2883,2023-04-10,8,Gold Star,355,Grocery,2,72.22,0,0,47,6,2,46,101,0
2884,2023-09-10,4,Executive,439,Grocery,14,579.6,1,0,29,5,9,57,100,0
2885,2023-10-12,8,Executive,244,Electronics,14,487.34,0,0,14,15,5,67,101,0
2886,2023-11-11,3,Gold Star,237,Grocery,11,311.74,1,0,40,23,6,1,70,0
2887,2023-02-02,8,Gold Star,31,Seasonal,11,463.76,0,0,18,21,12,34,85,0
2888,2023-02-23,10,Gold Star,409,Furniture,2,35.5,0,0,20,16,8,3,47,1
2889,2023-10-22,6,Business,167,Seasonal,7,49.49,1,0,47,24,8,47,126,0
2890,2023-01-30,3,Executive,35,Clothing,13,369.46,0,0,4,17,7,59,87,0
2891,2023-04-21,6,Business,423,Seasonal,9,12.6,0,0,33,10,12,23,78,0
2892,2023-11-11,3,Gold Star,397,Home,18,166.68,1,0,28,3,12,71,114,0
2893,2023-01-19,1,Business,275,Furniture,19,511.86,0,0,13,17,2,3,35,1
2894,2023-12-22,2,Business,468,Grocery,19,134.52,0,1,29,9,2,54,94,0
2895,2023-02-11,9,Gold Star,268,Seasonal,19,423.7,1,0,39,1,8,8,56,0
2896,2023-07-18,9,Gold Star,478,Seasonal,20,452.8,0,0,11,8,5,49,73,0
2897,2023-12-02,3,Gold Star,209,Home,15,261.3,1,0,45,7,11,56,119,0
2898,2023-03-27,2,Gold Star,30,Electronics,1,9.82,0,0,19,17,3,19,58,0
2899,2023-01-31,1,Executive,320,Clothing,14,239.54,0,0,17,7,1,37,62,0
2900,2023-03-14,6,Executive,468,Grocery,8,56.64,0,0,38,8,3,10,59,0
2901,2023-08-24,3,Gold Star,37,Electronics,12,91.92,0,0,19,17,5,66,107,0
2902,2023-12-22,9,Executive,197,Grocery,20,952.0,0,1,28,15,5,51,99,0
2903,2023-05-20,3,Business,105,Furniture,17,185.3,1,0,23,18,10,49,100,0
2904,2023-05-26,7,Executive,447,Clothing,14,550.62,0,0,32,5,11,8,56,0
2905,2023-09-04,6,Executive,434,Kirkland Signature,3,80.97,0,0,18,4,4,27,53,0
2906,2023-06-14,5,Gold Star,286,Electronics,3,116.97,0,0,10,8,12,70,100,0
2907,2023-03-12,7,Business,372,Furniture,9,182.97,1,0,24,1,3,10,38,1
2908,2023-10-05,4,Executive,164,Clothing,13,474.5,0,0,3,10,5,7,25,1
2909,2023-02-07,10,Gold Star,297,Grocery,7,112.0,0,0,9,23,2,24,58,0
2910,2023-02-18,4,Executive,114,Appliances,11,513.15,1,0,27,24,6,18,75,0
2911,2023-04-17,4,Executive,125,Home,18,683.1,0,0,45,18,1,58,122,0
2912,2023-08-02,10,Business,471,Clothing,4,150.52,0,0,11,24,12,1,48,1
2913,2023-01-29,6,Executive,496,Electronics,3,56.73,1,0,7,2,12,57,78,0
2914,2023-10-20,10,Business,450,Electronics,17,152.32,0,0,23,23,7,2,55,0
2915,2023-01-16,6,Business,54,Appliances,9,151.02,0,0,41,10,1,72,124,0
2916,2023-10-29,6,Executive,177,Grocery,2,76.9,1,0,46,22,7,59,134,0
2917,2023-06-10,8,Gold Star,11,Clothing,1,6.76,1,0,37,19,10,27,93,0
2918,2023-10-14,7,Gold Star,149,Kirkland Signature,15,247.95,1,0,12,6,1,53,72,0
2919,2023-11-06,1,Business,208,Seasonal,10,158.8,0,0,23,16,3,34,76,0
2920,2023-08-08,8,Gold Star,494,Kirkland Signature,13,349.57,0,0,22,18,11,48,99,0
2921,2023-04-07,3,Business,301,Kirkland Signature,10,499.5,0,0,24,15,11,26,76,0
2922,2023-11-30,9,Gold Star,203,Appliances,3,60.78,0,0,10,19,3,5,37,1
2923,2023-07-05,2,Executive,28,Electronics,7,6.02,0,0,33,6,6,64,109,0
2924,2023-04-13,5,Business,255,Seasonal,12,498.0,0,0,43,1,3,16,63,0
2925,2023-01-06,3,Executive,427,Electronics,11,531.85,0,0,10,1,3,48,62,0
2926,2023-03-23,9,Executive,174,Grocery,9,438.93,0,0,35,22,12,44,113,0
2927,2023-10-27,10,Business,86,Kirkland Signature,3,73.98,0,0,30,12,4,40,86,0
2928,2023-12-12,10,Business,205,Grocery,2,61.86,0,0,26,20,8,10,64,0
2929,2023-05-04,6,Executive,123,Clothing,19,303.24,0,0,37,9,8,48,102,0
2930,2023-05-11,7,Gold Star,311,Kirkland Signature,19,18.24,0,0,25,23,4,61,113,0
2931,2023-03-10,2,Gold Star,142,Kirkland Signature,5,205.5,0,0,40,20,12,71,143,0
2932,2023-12-20,3,Gold Star,422,Grocery,18,790.02,0,1,27,11,4,54,96,0
2933,2023-03-01,6,Business,239,Home,17,71.23,0,0,47,5,7,20,79,0
2934,2023-04-12,7,Gold Star,60,Clothing,14,612.78,0,0,34,21,6,27,88,0
2935,2023-07-10,6,Business,214,Clothing,5,220.3,0,0,27,3,11,41,82,0
2936,2023-11-17,6,Executive,393,Clothing,17,345.27,0,0,25,14,6,50,95,0
2937,2023-12-21,2,Executive,306,Home,15,168.9,0,1,2,22,8,27,59,0
2938,2023-07-16,7,Business,439,Grocery,16,662.4,1,0,7,19,2,51,79,0
2939,2023-08-30,5,Executive,459,Appliances,19,182.4,0,0,44,22,2,17,85,0
2940,2023-05-25,8,Business,278,Home,17,721.31,0,0,23,14,2,62,101,0
2941,2023-04-06,9,Gold Star,455,Grocery,9,300.33,0,0,21,13,9,24,67,0
2942,2023-10-02,5,Gold Star,137,Furniture,18,845.64,0,0,20,18,2,13,53,0
2943,2023-01-17,2,Business,407,Seasonal,8,73.84,0,0,33,8,9,59,109,0
2944,2023-08-06,6,Executive,216,Appliances,1,18.02,1,0,25,16,11,2,54,0
2945,2023-12-05,5,Executive,379,Clothing,7,136.01,0,0,28,7,9,19,63,0
2946,2023-11-19,2,Business,230,Appliances,20,465.2,1,0,15,24,1,10,50,0
2947,2023-01-14,10,Executive,4,Furniture,1,11.09,1,0,33,2,4,4,43,1
2948,2023-07-14,4,Gold Star,205,Grocery,13,402.09,0,0,7,4,4,63,78,0
2949,2023-02-03,9,Gold Star,146,Seasonal,11,388.63,0,0,40,24,11,28,103,0
2950,2023-01-25,1,Business,113,Clothing,2,26.08,0,0,45,20,7,7,79,0
2951,2023-03-03,1,Gold Star,260,Home,2,93.28,0,0,4,14,9,59,86,0
2952,2023-03-12,6,Executive,478,Seasonal,10,226.4,1,0,22,4,7,70,103,0
2953,2023-11-23,4,Gold Star,123,Clothing,20,319.2,0,0,35,8,11,3,57,0
2954,2023-10-17,4,Executive,233,Clothing,6,96.18,0,0,48,5,10,51,114,0
2955,2023-05-16,10,Executive,104,Clothing,7,97.16,0,0,13,20,10,67,110,0
2956,2023-09-26,10,Executive,318,Home,7,264.25,0,0,9,18,9,70,106,0
2957,2023-04-08,9,Gold Star,10,Furniture,10,171.9,1,0,44,2,5,45,96,0
2958,2023-09-05,10,Gold Star,497,Grocery,15,202.05,0,0,16,18,10,11,55,0
2959,2023-10-05,4,Executive,8,Appliances,12,58.68,0,0,6,24,3,59,92,0
2960,2023-04-30,6,Executive,397,Home,10,92.6,1,0,22,22,6,37,87,0
2961,2023-05-21,6,Executive,132,Appliances,12,25.08,1,0,29,14,6,19,68,0
2962,2023-10-20,8,Executive,482,Kirkland Signature,3,141.66,0,0,8,4,12,26,50,0
2963,2023-09-26,5,Gold Star,322,Furniture,5,131.45,0,0,14,22,1,4,41,1
2964,2023-01-03,6,Gold Star,81,Electronics,11,384.56,0,0,24,23,11,67,125,0
2965,2023-04-29,1,Executive,353,Kirkland Signature,19,229.14,1,0,31,20,5,14,70,0
2966,2023-02-27,5,Business,339,Appliances,10,445.3,0,0,35,1,12,57,105,0
2967,2023-07-16,9,Executive,131,Furniture,7,186.9,1,0,30,5,6,56,97,0
2968,2023-08-13,1,Executive,154,Grocery,1,48.99,1,0,28,2,10,44,84,0
2969,2023-09-17,2,Executive,114,Appliances,12,559.8,1,0,47,21,8,32,108,0
2970,2023-02-03,7,Executive,312,Kirkland Signature,11,86.57,0,0,30,17,5,16,68,0
2971,2023-02-03,3,Business,379,Clothing,7,136.01,0,0,16,21,4,66,107,0
2972,2023-12-24,5,Gold Star,460,Electronics,7,86.1,1,1,39,18,1,42,100,0
2973,2023-04-01,10,Business,397,Home,6,55.56,1,0,33,7,2,40,82,0
2974,2023-09-04,5,Gold Star,281,Kirkland Signature,11,265.43,0,0,35,22,8,62,127,0
2975,2023-04-15,4,Executive,24,Clothing,3,132.81,1,0,21,18,7,70,116,0
2976,2023-06-11,1,Gold Star,493,Clothing,8,177.36,1,0,12,3,10,35,60,0
2977,2023-08-13,1,Executive,430,Kirkland Signature,15,609.6,1,0,29,7,2,27,65,0
2978,2023-08-07,8,Business,440,Furniture,7,271.32,0,0,6,8,2,20,36,1
2979,2023-06-01,3,Gold Star,258,Furniture,2,54.0,0,0,44,6,2,18,70,0
2980,2023-10-03,10,Business,68,Kirkland Signature,13,468.91,0,0,28,2,5,8,43,1
2981,2023-11-24,10,Business,128,Grocery,16,421.44,0,0,3,8,4,11,26,1
2982,2023-09-30,6,Gold Star,246,Clothing,7,302.12,1,0,11,23,3,69,106,0
2983,2023-12-24,2,Gold Star,320,Clothing,2,34.22,1,1,36,6,10,13,65,0
2984,2023-09-19,8,Executive,202,Furniture,17,384.71,0,0,22,17,3,54,96,0
2985,2023-05-14,1,Business,97,Appliances,6,295.92,1,0,43,1,1,43,88,0
2986,2023-01-11,8,Business,264,Appliances,20,870.8,0,0,32,13,2,42,89,0
2987,2023-05-23,7,Business,412,Furniture,13,435.37,0,0,44,4,7,40,95,0
2988,2023-04-11,8,Gold Star,196,Seasonal,2,77.84,0,0,28,12,2,14,56,0
2989,2023-11-16,1,Gold Star,471,Clothing,15,564.45,0,0,14,16,4,70,104,0
2990,2023-09-13,4,Business,353,Kirkland Signature,18,217.08,0,0,45,8,5,36,94,0
2991,2023-11-15,8,Executive,266,Appliances,15,695.1,0,0,28,18,4,1,51,0
2992,2023-05-10,5,Gold Star,387,Grocery,19,100.51,0,0,48,16,8,70,142,0
2993,2023-06-21,6,Gold Star,356,Kirkland Signature,14,288.4,0,0,37,24,1,19,81,0
2994,2023-11-01,5,Business,223,Electronics,7,51.59,0,0,39,10,4,24,77,0
2995,2023-05-29,10,Gold Star,158,Furniture,16,588.8,0,0,6,1,9,56,72,0
2996,2023-06-04,6,Business,102,Grocery,3,20.22,1,0,20,9,5,21,55,0
2997,2023-09-12,5,Executive,66,Kirkland Signature,19,87.02,0,0,2,16,3,22,43,1
2998,2023-11-29,5,Gold Star,158,Furniture,6,220.8,0,0,5,24,12,65,106,0
2999,2023-05-17,3,Executive,480,Grocery,12,170.16,0,0,36,22,7,37,102,0
3000,2023-02-14,4,Gold Star,482,Kirkland Signature,9,424.98,0,0,9,6,2,9,26,1
3001,2023-02-06,5,Executive,414,Grocery,7,272.65,0,0,17,5,1,9,32,1
3002,2023-08-02,9,Executive,182,Furniture,1,12.76,0,0,15,2,5,56,78,0
3003,2023-07-10,7,Executive,84,Furniture,13,267.02,0,0,28,13,7,61,109,0
3004,2023-02-06,3,Executive,94,Furniture,9,154.17,0,0,40,7,5,47,99,0
3005,2023-02-26,4,Executive,23,Kirkland Signature,18,149.94,1,0,23,21,3,11,58,0
3006,2023-01-27,2,Business,421,Grocery,9,254.25,0,0,19,12,1,26,58,0
3007,2023-01-02,7,Gold Star,385,Furniture,11,7.37,0,0,18,1,9,9,37,1
3008,2023-09-27,10,Executive,142,Kirkland Signature,5,205.5,0,0,14,8,6,56,84,0
3009,2023-12-14,10,Executive,388,Kirkland Signature,4,28.28,0,0,29,15,6,29,79,0
3010,2023-10-11,5,Executive,147,Appliances,14,598.92,0,0,42,12,3,14,71,0
3011,2023-07-01,3,Gold Star,391,Seasonal,3,53.52,1,0,43,6,1,65,115,0
3012,2023-10-13,4,Business,345,Kirkland Signature,18,25.2,0,0,31,20,1,42,94,0
3013,2023-03-23,2,Gold Star,51,Kirkland Signature,12,569.64,0,0,39,2,6,69,116,0
3014,2023-07-15,8,Executive,118,Furniture,13,172.77,1,0,20,18,10,9,57,0
3015,2023-04-02,10,Business,155,Appliances,8,144.48,1,0,4,5,2,72,83,0
3016,2023-07-09,6,Gold Star,375,Furniture,19,662.53,1,0,23,2,7,13,45,1
3017,2023-01-21,6,Business,481,Clothing,5,92.4,1,0,24,19,2,13,58,0
3018,2023-10-15,2,Executive,178,Home,7,240.52,1,0,16,13,5,29,63,0
3019,2023-11-27,7,Executive,269,Electronics,2,6.3,0,0,15,20,6,69,110,0
3020,2023-04-07,4,Executive,280,Seasonal,15,374.55,0,0,20,17,6,45,88,0
3021,2023-04-18,5,Business,37,Electronics,2,15.32,0,0,48,18,2,3,71,0
3022,2023-09-30,1,Gold Star,189,Home,14,699.16,1,0,25,2,12,32,71,0
3023,2023-04-07,5,Executive,270,Kirkland Signature,16,668.32,0,0,38,6,12,66,122,0
3024,2023-10-14,10,Gold Star,380,Seasonal,19,418.76,1,0,11,21,3,29,64,0
3025,2023-02-10,5,Business,249,Furniture,11,141.9,0,0,3,13,2,51,69,0
3026,2023-08-29,2,Gold Star,264,Appliances,5,217.7,0,0,42,21,10,4,77,0
3027,2023-08-17,2,Gold Star,145,Grocery,10,95.0,0,0,29,3,12,54,98,0
3028,2023-12-30,7,Business,199,Seasonal,17,723.18,1,0,33,16,2,33,84,0
3029,2023-09-04,6,Gold Star,255,Seasonal,6,249.0,0,0,39,1,11,47,98,0
3030,2023-07-09,7,Executive,227,Clothing,11,357.28,1,0,24,22,6,67,119,0
3031,2023-10-27,1,Executive,343,Home,17,496.57,0,0,11,5,8,43,67,0
3032,2023-10-16,9,Business,80,Appliances,7,274.47,0,0,24,12,3,25,64,0
3033,2023-07-16,4,Business,380,Seasonal,6,132.24,1,0,35,17,3,23,78,0
3034,2023-12-04,4,Gold Star,18,Appliances,8,25.04,0,0,32,13,9,29,83,0
3035,2023-03-27,8,Executive,123,Clothing,2,31.92,0,0,18,23,7,46,94,0
3036,2023-01-11,2,Gold Star,143,Home,3,115.32,0,0,7,11,7,5,30,1
3037,2023-07-30,2,Gold Star,172,Home,15,103.8,1,0,7,19,1,62,89,0
3038,2023-09-10,2,Business,72,Grocery,17,651.95,1,0,4,23,4,5,36,1
3039,2023-06-01,1,Gold Star,208,Seasonal,17,269.96,0,0,26,3,6,9,44,1
3040,2023-04-04,10,Executive,305,Electronics,1,49.22,0,0,39,10,1,18,68,0
3041,2023-01-28,6,Gold Star,469,Kirkland Signature,1,26.1,1,0,39,9,9,14,71,0
3042,2023-10-08,5,Business,20,Electronics,6,54.9,1,0,3,16,10,56,85,0
3043,2023-04-11,7,Executive,195,Furniture,5,235.8,0,0,28,20,5,25,78,0
3044,2023-07-19,8,Executive,71,Seasonal,10,241.7,0,0,48,7,7,25,87,0
3045,2023-12-02,7,Business,415,Electronics,6,198.24,1,0,15,10,7,37,69,0
3046,2023-08-14,10,Executive,483,Appliances,1,7.57,0,0,45,8,8,3,64,0
3047,2023-11-10,9,Executive,372,Furniture,11,223.63,0,0,32,16,9,49,106,0
3048,2023-09-29,4,Business,45,Clothing,14,80.08,0,0,22,13,3,53,91,0
3049,2023-08-20,10,Gold Star,29,Clothing,16,717.44,1,0,29,11,2,69,111,0
3050,2023-04-22,4,Gold Star,92,Kirkland Signature,2,21.68,1,0,19,20,2,51,92,0
3051,2023-01-30,3,Gold Star,201,Grocery,8,33.12,0,0,13,24,9,33,79,0
3052,2023-03-23,5,Gold Star,366,Kirkland Signature,16,77.6,0,0,46,22,6,55,129,0
3053,2023-05-24,8,Business,480,Grocery,19,269.42,0,0,22,24,11,50,107,0
3054,2023-10-06,10,Executive,214,Clothing,15,660.9,0,0,31,22,8,37,98,0
3055,2023-06-29,5,Gold Star,257,Grocery,17,647.87,0,0,7,21,6,13,47,1
3056,2023-01-11,3,Executive,63,Electronics,5,161.75,0,0,43,9,2,32,86,0
3057,2023-01-23,8,Business,279,Kirkland Signature,8,260.24,0,0,48,10,10,47,115,0
3058,2023-03-21,2,Gold Star,23,Kirkland Signature,10,83.3,0,0,15,24,5,8,52,0
3059,2023-10-25,1,Gold Star,219,Home,16,33.6,0,0,8,6,11,28,53,0
3060,2023-10-25,9,Executive,94,Furniture,6,102.78,0,0,38,9,8,16,71,0
3061,2023-11-20,5,Gold Star,468,Grocery,5,35.4,0,0,17,11,10,56,94,0
3062,2023-10-30,7,Gold Star,62,Electronics,13,302.64,0,0,16,12,9,1,38,1
3063,2023-09-17,10,Executive,145,Grocery,5,47.5,1,0,45,2,4,10,61,0
3064,2023-09-21,3,Executive,12,Kirkland Signature,2,31.64,0,0,41,18,6,33,98,0
3065,2023-09-23,6,Executive,399,Clothing,11,224.73,1,0,1,17,8,44,70,0
3066,2023-02-21,7,Business,258,Furniture,6,162.0,0,0,16,5,11,55,87,0
3067,2023-09-06,8,Business,99,Home,19,302.48,0,0,8,24,12,2,46,1
3068,2023-01-14,9,Gold Star,191,Furniture,12,203.52,1,0,38,23,8,51,120,0
3069,2023-09-04,3,Executive,387,Grocery,5,26.45,0,0,46,3,5,45,99,0
3070,2023-03-15,1,Executive,441,Home,8,39.68,0,0,22,23,3,33,81,0
3071,2023-04-17,2,Business,205,Grocery,4,123.72,0,0,34,7,11,37,89,0
3072,2023-11-28,1,Gold Star,496,Electronics,17,321.47,0,0,34,22,7,1,64,0
3073,2023-02-06,2,Executive,319,Seasonal,9,239.22,0,0,25,7,4,65,101,0
3074,2023-05-25,10,Business,307,Kirkland Signature,9,111.96,0,0,47,11,1,10,69,0
3075,2023-02-27,3,Executive,139,Electronics,19,871.15,0,0,6,1,9,2,18,1
3076,2023-06-27,2,Business,400,Grocery,19,679.63,0,0,9,12,4,32,57,0
3077,2023-07-23,10,Executive,161,Grocery,14,616.14,1,0,21,15,1,36,73,0
3078,2023-02-16,8,Executive,388,Kirkland Signature,12,84.84,0,0,24,11,8,13,56,0
3079,2023-01-19,10,Business,373,Seasonal,7,213.36,0,0,7,7,8,35,57,0
3080,2023-04-02,10,Executive,50,Electronics,15,504.15,1,0,26,24,9,41,100,0
3081,2023-09-23,6,Business,355,Grocery,17,613.87,1,0,18,22,4,51,95,0
3082,2023-10-14,8,Executive,482,Kirkland Signature,19,897.18,1,0,43,12,6,28,89,0
3083,2023-12-28,10,Business,205,Grocery,19,587.67,0,0,4,17,4,31,56,0
3084,2023-09-10,10,Executive,116,Electronics,4,164.76,1,0,39,12,4,55,110,0
3085,2023-05-22,10,Gold Star,470,Kirkland Signature,8,306.96,0,0,4,20,8,50,82,0
3086,2023-05-08,2,Executive,122,Kirkland Signature,9,328.32,0,0,40,7,10,13,70,0
3087,2023-07-10,2,Gold Star,152,Grocery,11,17.05,0,0,40,15,4,16,75,0
3088,2023-01-31,7,Executive,173,Seasonal,9,184.59,0,0,2,19,7,63,91,0
3089,2023-05-17,4,Business,419,Clothing,15,377.1,0,0,48,10,6,31,95,0
3090,2023-06-27,4,Gold Star,303,Electronics,1,20.49,0,0,21,23,10,13,67,0
3091,2023-09-10,7,Executive,208,Seasonal,4,63.52,1,0,37,9,6,26,78,0
3092,2023-01-17,9,Executive,161,Grocery,13,572.13,0,0,6,5,2,51,64,0
3093,2023-06-11,7,Business,84,Furniture,13,267.02,1,0,6,3,8,39,56,0
3094,2023-04-22,3,Gold Star,274,Grocery,10,490.9,1,0,11,7,6,40,64,0
3095,2023-01-28,3,Gold Star,355,Grocery,16,577.76,1,0,30,10,9,17,66,0
3096,2023-01-23,7,Business,135,Clothing,2,5.02,0,0,10,7,11,70,98,0
3097,2023-08-29,1,Business,202,Furniture,2,45.26,0,0,8,14,1,16,39,1
3098,2023-02-10,5,Business,496,Electronics,10,189.1,0,0,16,1,9,66,92,0
3099,2023-12-24,3,Gold Star,446,Clothing,20,452.4,1,1,18,4,4,57,83,0
3100,2023-11-30,9,Gold Star,379,Clothing,8,155.44,0,0,24,23,12,37,96,0
3101,2023-06-13,4,Business,303,Electronics,7,143.43,0,0,36,15,10,68,129,0
3102,2023-12-02,2,Business,348,Home,2,86.7,1,0,22,6,1,39,68,0
3103,2023-05-30,7,Business,226,Grocery,18,506.16,0,0,26,17,9,67,119,0
3104,2023-06-01,2,Executive,280,Seasonal,13,324.61,0,0,23,1,12,1,37,1
3105,2023-03-19,2,Executive,406,Seasonal,11,219.01,1,0,30,17,10,11,68,0
3106,2023-03-03,2,Gold Star,235,Clothing,16,386.24,0,0,13,2,8,26,49,0
3107,2023-03-20,4,Gold Star,186,Electronics,8,327.44,0,0,33,5,3,29,70,0
3108,2023-05-21,4,Business,385,Furniture,1,0.67,1,0,40,20,7,27,94,0
3109,2023-02-08,7,Gold Star,374,Kirkland Signature,18,475.92,0,0,10,15,12,8,45,1
3110,2023-03-30,4,Business,83,Kirkland Signature,11,539.11,0,0,39,1,5,41,86,0
3111,2023-10-08,2,Gold Star,95,Home,18,588.6,1,0,44,10,9,29,92,0
3112,2023-04-26,2,Business,477,Clothing,20,826.0,0,0,7,10,7,39,63,0
3113,2023-07-28,6,Gold Star,37,Electronics,14,107.24,0,0,48,1,11,3,63,0
3114,2023-10-17,9,Business,120,Kirkland Signature,11,391.71,0,0,28,24,8,7,67,0
3115,2023-05-30,5,Gold Star,322,Furniture,1,26.29,0,0,11,16,1,66,94,0
3116,2023-09-28,5,Executive,161,Grocery,14,616.14,0,0,25,12,3,27,67,0
3117,2023-03-27,8,Gold Star,63,Electronics,11,355.85,0,0,14,7,4,5,30,1
3118,2023-09-24,7,Business,203,Appliances,17,344.42,1,0,35,6,10,13,64,0
3119,2023-04-30,1,Gold Star,274,Grocery,12,589.08,1,0,25,19,12,5,61,0
3120,2023-12-13,5,Executive,485,Kirkland Signature,18,245.52,0,0,44,19,11,54,128,0
3121,2023-09-22,8,Executive,361,Kirkland Signature,9,382.32,0,0,1,21,11,67,100,0
3122,2023-07-22,4,Executive,213,Grocery,13,332.28,1,0,29,4,11,64,108,0
3123,2023-10-01,7,Business,370,Electronics,15,572.4,1,0,45,8,5,30,88,0
3124,2023-05-13,7,Business,385,Furniture,14,9.38,1,0,16,21,9,35,81,0
3125,2023-10-06,3,Business,274,Grocery,10,490.9,0,0,7,7,9,41,64,0
3126,2023-09-02,6,Business,1,Clothing,5,63.15,1,0,8,17,3,55,83,0
3127,2023-07-06,3,Executive,240,Home,10,247.5,0,0,44,13,8,20,85,0
3128,2023-09-07,1,Executive,197,Grocery,7,333.2,0,0,46,20,9,21,96,0
3129,2023-11-03,10,Executive,413,Home,10,489.8,0,0,44,10,5,72,131,0
3130,2023-12-10,5,Executive,100,Electronics,8,222.88,1,0,37,4,4,9,54,0
3131,2023-06-07,7,Gold Star,74,Appliances,2,79.88,0,0,1,4,3,40,48,1
3132,2023-11-15,2,Gold Star,160,Kirkland Signature,19,823.08,0,0,4,12,9,28,53,0
3133,2023-05-27,7,Executive,263,Kirkland Signature,8,202.8,1,0,20,15,9,35,79,0
3134,2023-08-12,1,Gold Star,237,Grocery,7,198.38,1,0,1,13,9,4,27,1
3135,2023-07-17,3,Business,19,Seasonal,1,37.58,0,0,19,12,5,44,80,0
3136,2023-01-23,9,Gold Star,250,Home,6,213.06,0,0,4,8,2,43,57,0
3137,2023-04-09,8,Gold Star,24,Clothing,1,44.27,1,0,29,4,4,13,50,0
3138,2023-11-05,5,Business,188,Electronics,5,186.65,1,0,19,19,8,63,109,0
3139,2023-03-11,3,Business,497,Grocery,9,121.23,1,0,43,4,10,21,78,0
3140,2023-11-10,9,Gold Star,283,Home,1,44.86,0,0,11,23,10,68,112,0
3141,2023-06-30,8,Executive,303,Electronics,11,225.39,0,0,30,20,11,59,120,0
3142,2023-02-18,8,Executive,278,Home,18,763.74,1,0,44,2,5,36,87,0
3143,2023-08-15,2,Gold Star,58,Kirkland Signature,10,241.7,0,0,2,15,8,62,87,0
3144,2023-08-10,9,Executive,351,Electronics,5,146.85,0,0,21,20,8,44,93,0
3145,2023-09-23,4,Business,316,Kirkland Signature,6,126.42,1,0,21,12,11,10,54,0
3146,2023-12-24,7,Business,195,Furniture,14,660.24,1,1,3,9,12,22,46,1
3147,2023-01-16,7,Executive,78,Kirkland Signature,15,306.15,0,0,45,7,1,23,76,0
3148,2023-11-10,2,Gold Star,497,Grocery,16,215.52,0,0,14,5,10,29,58,0
3149,2023-03-07,5,Business,238,Kirkland Signature,20,224.2,0,0,34,4,3,52,93,0
3150,2023-11-29,2,Executive,479,Appliances,10,227.0,0,0,1,15,3,66,85,0
3151,2023-03-18,7,Executive,187,Furniture,6,137.22,1,0,7,1,3,71,82,0
3152,2023-10-20,6,Business,389,Clothing,12,409.2,0,0,29,16,9,56,110,0
3153,2023-10-04,10,Executive,139,Electronics,18,825.3,0,0,26,11,12,62,111,0
3154,2023-09-09,3,Executive,468,Grocery,9,63.72,1,0,41,17,8,63,129,0
3155,2023-02-13,10,Gold Star,285,Appliances,6,138.06,0,0,13,24,2,36,75,0
3156,2023-01-19,7,Business,274,Grocery,12,589.08,0,0,38,11,7,16,72,0
3157,2023-02-17,2,Business,185,Kirkland Signature,18,18.18,0,0,17,9,9,27,62,0
3158,2023-06-17,5,Gold Star,122,Kirkland Signature,16,583.68,1,0,15,19,2,17,53,0
3159,2023-09-23,3,Business,59,Grocery,4,141.48,1,0,24,15,6,72,117,0
3160,2023-01-02,5,Business,144,Home,12,257.4,0,0,31,22,3,58,114,0
3161,2023-07-26,6,Business,322,Furniture,19,499.51,0,0,7,23,10,66,106,0
3162,2023-03-17,4,Executive,186,Electronics,8,327.44,0,0,27,6,8,65,106,0
3163,2023-07-02,8,Business,296,Kirkland Signature,12,516.0,1,0,40,15,1,52,108,0
3164,2023-09-27,1,Gold Star,123,Clothing,18,287.28,0,0,36,21,1,72,130,0
3165,2023-04-27,9,Executive,382,Home,13,516.23,0,0,7,3,1,60,71,0
3166,2023-06-06,7,Business,283,Home,15,672.9,0,0,4,10,2,49,65,0
3167,2023-03-15,7,Business,341,Furniture,9,422.28,0,0,4,9,5,58,76,0
3168,2023-06-29,9,Executive,75,Appliances,7,282.66,0,0,30,17,2,3,52,0
3169,2023-05-08,5,Business,351,Electronics,3,88.11,0,0,20,24,4,43,91,0
3170,2023-01-21,7,Business,483,Appliances,15,113.55,1,0,29,18,6,59,112,0
3171,2023-07-28,8,Executive,360,Home,10,474.5,0,0,44,14,10,46,114,0
3172,2023-08-12,6,Business,405,Seasonal,14,212.94,1,0,18,6,10,67,101,0
3173,2023-02-02,10,Executive,253,Clothing,11,16.17,0,0,21,17,3,70,111,0
3174,2023-01-16,7,Executive,152,Grocery,14,21.7,0,0,46,3,9,68,126,0
3175,2023-07-21,3,Gold Star,363,Grocery,18,66.6,0,0,28,12,12,66,118,0
3176,2023-04-26,5,Gold Star,108,Furniture,19,693.69,0,0,42,7,10,50,109,0
3177,2023-01-20,6,Executive,179,Clothing,6,80.04,0,0,11,21,3,9,44,1
3178,2023-09-30,4,Business,462,Kirkland Signature,1,31.47,1,0,30,16,7,42,95,0
3179,2023-11-26,4,Gold Star,149,Kirkland Signature,13,214.89,1,0,36,7,10,42,95,0
3180,2023-10-02,5,Gold Star,11,Clothing,10,67.6,0,0,39,16,4,30,89,0
3181,2023-03-01,3,Gold Star,231,Seasonal,10,47.9,0,0,8,4,12,17,41,1
3182,2023-03-26,6,Executive,53,Seasonal,13,569.66,1,0,48,3,2,17,70,0
3183,2023-05-29,8,Executive,392,Seasonal,19,125.21,0,0,46,12,4,58,120,0
3184,2023-02-18,10,Business,267,Seasonal,1,2.81,1,0,28,18,11,5,62,0
3185,2023-11-24,9,Business,311,Kirkland Signature,16,15.36,0,0,4,17,7,19,47,1
3186,2023-01-28,9,Business,63,Electronics,2,64.7,1,0,14,20,12,27,73,0
3187,2023-02-21,2,Gold Star,56,Seasonal,19,216.03,0,0,41,22,7,70,140,0
3188,2023-07-08,7,Business,336,Electronics,9,407.43,1,0,8,16,11,48,83,0
3189,2023-06-17,2,Executive,479,Appliances,6,136.2,1,0,22,16,9,24,71,0
3190,2023-07-27,1,Executive,107,Seasonal,18,257.94,0,0,38,21,3,32,94,0
3191,2023-12-03,4,Executive,222,Kirkland Signature,18,381.78,1,0,2,3,1,57,63,0
3192,2023-04-01,5,Executive,464,Clothing,11,388.3,1,0,26,24,1,35,86,0
3193,2023-03-27,4,Business,101,Appliances,11,417.01,0,0,21,22,10,4,57,0
3194,2023-04-23,8,Executive,319,Seasonal,17,451.86,1,0,32,6,5,41,84,0
3195,2023-10-08,9,Gold Star,13,Furniture,18,387.72,1,0,34,5,3,26,68,0
3196,2023-02-27,8,Gold Star,95,Home,20,654.0,0,0,36,4,10,43,93,0
3197,2023-04-23,2,Gold Star,81,Electronics,19,664.24,1,0,44,4,3,7,58,0
3198,2023-11-26,1,Business,178,Home,13,446.68,1,0,40,5,2,35,82,0
3199,2023-01-17,3,Gold Star,477,Clothing,17,702.1,0,0,22,15,4,13,54,0
3200,2023-04-28,4,Executive,60,Clothing,4,175.08,0,0,22,2,2,7,33,1
3201,2023-08-16,9,Executive,463,Clothing,13,248.95,0,0,25,12,9,35,81,0
3202,2023-05-09,10,Gold Star,1,Clothing,19,239.97,0,0,47,21,5,65,138,0
3203,2023-09-13,3,Executive,233,Clothing,15,240.45,0,0,35,17,11,50,113,0
3204,2023-03-24,6,Gold Star,500,Seasonal,3,38.91,0,0,25,13,1,49,88,0
3205,2023-03-11,6,Executive,14,Home,15,498.0,1,0,9,17,7,59,92,0
3206,2023-11-05,10,Gold Star,6,Appliances,11,304.7,1,0,21,23,10,44,98,0
3207,2023-05-02,6,Business,30,Electronics,4,39.28,0,0,1,24,2,18,45,1
3208,2023-09-20,5,Business,155,Appliances,10,180.6,0,0,10,17,2,17,46,1
3209,2023-01-13,4,Business,81,Electronics,5,174.8,0,0,47,7,12,28,94,0
3210,2023-01-25,1,Executive,439,Grocery,1,41.4,0,0,21,8,5,54,88,0
3211,2023-07-12,2,Gold Star,497,Grocery,17,228.99,0,0,14,17,11,60,102,0
3212,2023-01-31,6,Business,97,Appliances,16,789.12,0,0,44,24,11,49,128,0
3213,2023-10-13,2,Business,336,Electronics,18,814.86,0,0,47,14,6,34,101,0
3214,2023-02-19,9,Executive,293,Clothing,1,31.02,1,0,10,8,11,43,72,0
3215,2023-10-01,2,Executive,106,Furniture,8,114.32,1,0,40,12,10,35,97,0
3216,2023-12-16,1,Business,97,Appliances,19,937.08,1,1,24,11,7,70,112,0
3217,2023-05-27,8,Gold Star,272,Grocery,10,249.9,1,0,29,9,3,2,43,1
3218,2023-12-02,2,Gold Star,229,Seasonal,6,257.04,1,0,26,15,4,45,90,0
3219,2023-05-29,9,Business,480,Grocery,8,113.44,0,0,20,9,4,32,65,0
3220,2023-03-19,6,Business,461,Clothing,6,206.22,1,0,9,8,11,34,62,0
3221,2023-08-11,4,Gold Star,52,Electronics,2,95.18,0,0,10,10,1,38,59,0
3222,2023-11-29,6,Business,78,Kirkland Signature,8,163.28,0,0,17,1,12,69,99,0
3223,2023-09-26,3,Business,56,Seasonal,4,45.48,0,0,23,7,1,3,34,1
3224,2023-07-01,4,Executive,39,Seasonal,1,48.26,1,0,28,14,4,65,111,0
3225,2023-02-20,1,Executive,252,Clothing,9,211.68,0,0,2,7,1,11,21,1
3226,2023-09-01,10,Executive,52,Electronics,19,904.21,0,0,14,14,5,19,52,0
3227,2023-01-10,3,Executive,113,Clothing,15,195.6,0,0,21,5,6,34,66,0
3228,2023-05-12,7,Business,476,Seasonal,15,492.3,0,0,31,1,6,20,58,0
3229,2023-05-16,1,Executive,352,Electronics,18,819.18,0,0,34,15,2,13,64,0
3230,2023-02-07,10,Gold Star,24,Clothing,2,88.54,0,0,26,2,3,31,62,0
3231,2023-06-30,4,Executive,377,Grocery,2,7.12,0,0,47,9,12,61,129,0
3232,2023-04-12,9,Gold Star,421,Grocery,11,310.75,0,0,38,3,9,57,107,0
3233,2023-08-18,2,Executive,401,Kirkland Signature,13,500.63,0,0,20,3,1,16,40,1
3234,2023-03-28,9,Gold Star,87,Clothing,1,10.23,0,0,10,12,6,34,62,0
3235,2023-09-06,9,Business,457,Clothing,4,189.92,0,0,1,21,3,35,60,0
3236,2023-07-13,3,Executive,165,Appliances,5,237.65,0,0,1,2,10,63,76,0
3237,2023-12-11,3,Gold Star,308,Appliances,8,64.32,0,0,27,19,2,28,76,0
3238,2023-08-13,9,Gold Star,380,Seasonal,17,374.68,1,0,4,1,5,6,16,1
3239,2023-06-28,7,Business,251,Kirkland Signature,7,260.82,0,0,32,17,9,27,85,0
3240,2023-09-02,4,Gold Star,69,Kirkland Signature,1,13.18,1,0,20,6,2,41,69,0
3241,2023-06-05,10,Gold Star,443,Kirkland Signature,20,75.2,0,0,41,22,6,68,137,0
3242,2023-09-27,1,Business,319,Seasonal,1,26.58,0,0,4,11,1,71,87,0
3243,2023-05-16,3,Business,76,Kirkland Signature,13,511.42,0,0,8,5,12,29,54,0
3244,2023-02-19,2,Business,72,Grocery,9,345.15,1,0,31,21,2,58,112,0
3245,2023-03-24,2,Business,368,Grocery,14,231.7,0,0,14,8,5,49,76,0
3246,2023-05-21,9,Gold Star,475,Kirkland Signature,6,86.22,1,0,36,9,4,61,110,0
3247,2023-01-30,8,Business,339,Appliances,6,267.18,0,0,33,12,10,70,125,0
3248,2023-11-20,6,Gold Star,408,Appliances,20,404.8,0,0,6,1,6,19,32,1
3249,2023-12-23,1,Executive,432,Electronics,15,651.6,1,1,16,20,9,32,77,0
3250,2023-04-29,9,Executive,272,Grocery,17,424.83,1,0,22,1,4,66,93,0
3251,2023-02-04,4,Executive,264,Appliances,15,653.1,1,0,19,10,11,30,70,0
3252,2023-02-06,4,Business,46,Electronics,1,11.53,0,0,42,23,7,40,112,0
3253,2023-08-29,8,Business,382,Home,3,119.13,0,0,31,19,3,5,58,0
3254,2023-07-30,1,Executive,440,Furniture,1,38.76,1,0,42,16,2,59,119,0
3255,2023-11-23,3,Executive,134,Appliances,20,172.6,0,0,15,6,3,54,78,0
3256,2023-02-22,8,Executive,105,Furniture,17,185.3,0,0,37,15,4,60,116,0
3257,2023-01-08,10,Executive,367,Electronics,1,26.91,1,0,37,23,8,30,98,0
3258,2023-07-27,10,Executive,66,Kirkland Signature,12,54.96,0,0,1,5,10,49,65,0
3259,2023-08-08,4,Business,451,Appliances,13,150.8,0,0,40,21,10,7,78,0
3260,2023-12-19,2,Executive,286,Electronics,7,272.93,0,1,20,5,4,34,63,0
3261,2023-09-09,3,Business,252,Clothing,12,282.24,1,0,3,1,3,10,17,1
3262,2023-11-10,3,Business,409,Furniture,12,213.0,0,0,17,12,12,69,110,0
3263,2023-03-05,3,Business,139,Electronics,17,779.45,1,0,39,18,4,17,78,0
3264,2023-03-02,3,Gold Star,325,Electronics,13,32.5,0,0,43,21,11,50,125,0
3265,2023-02-15,8,Gold Star,103,Furniture,20,337.4,0,0,1,14,9,72,96,0
3266,2023-08-12,10,Gold Star,192,Furniture,8,334.08,1,0,10,21,4,56,91,0
3267,2023-02-26,3,Executive,77,Home,18,375.12,1,0,14,21,5,30,70,0
3268,2023-10-02,6,Executive,63,Electronics,20,647.0,0,0,48,17,3,30,98,0
3269,2023-11-26,10,Gold Star,192,Furniture,18,751.68,1,0,23,4,1,71,99,0
3270,2023-09-05,5,Gold Star,203,Appliances,16,324.16,0,0,6,7,4,8,25,1
3271,2023-02-02,10,Gold Star,165,Appliances,4,190.12,0,0,17,17,2,43,79,0
3272,2023-09-24,8,Executive,56,Seasonal,11,125.07,1,0,35,14,4,16,69,0
3273,2023-10-26,5,Business,324,Seasonal,20,374.4,0,0,15,10,5,14,44,1
3274,2023-06-11,10,Business,403,Clothing,18,382.68,1,0,37,1,12,54,104,0
3275,2023-11-07,1,Executive,254,Seasonal,11,66.22,0,0,32,21,1,34,88,0
3276,2023-09-23,1,Gold Star,286,Electronics,15,584.85,1,0,3,24,6,22,55,0
3277,2023-05-02,1,Executive,335,Home,11,223.63,0,0,34,21,12,69,136,0
3278,2023-01-30,3,Gold Star,395,Electronics,17,768.06,0,0,17,2,11,65,95,0
3279,2023-05-14,2,Executive,79,Clothing,16,156.32,1,0,41,22,2,47,112,0
3280,2023-05-29,2,Gold Star,326,Seasonal,15,356.1,0,0,17,5,12,7,41,1
3281,2023-12-20,8,Business,316,Kirkland Signature,13,273.91,0,1,44,6,1,12,63,0
3282,2023-02-05,8,Gold Star,202,Furniture,14,316.82,1,0,22,5,8,56,91,0
3283,2023-10-21,8,Executive,358,Electronics,18,450.54,1,0,33,15,9,18,75,0
3284,2023-12-28,3,Gold Star,321,Appliances,4,86.84,0,0,41,16,12,30,99,0
3285,2023-03-06,7,Executive,481,Clothing,3,55.44,0,0,15,9,4,23,51,0
3286,2023-04-10,7,Business,77,Home,20,416.8,0,0,38,15,1,23,77,0
3287,2023-07-14,10,Gold Star,366,Kirkland Signature,14,67.9,0,0,42,23,10,1,76,0
3288,2023-08-10,5,Business,149,Kirkland Signature,8,132.24,0,0,19,6,6,72,103,0
3289,2023-03-13,2,Gold Star,400,Grocery,20,715.4,0,0,36,6,11,62,115,0
3290,2023-12-18,8,Business,500,Seasonal,20,259.4,0,1,18,14,2,28,62,0
3291,2023-08-03,4,Executive,14,Home,5,166.0,0,0,9,3,5,28,45,1
3292,2023-05-26,1,Executive,444,Kirkland Signature,20,326.0,0,0,33,21,5,26,85,0
3293,2023-04-02,6,Executive,464,Clothing,15,529.5,1,0,34,8,11,20,73,0
3294,2023-11-04,5,Gold Star,301,Kirkland Signature,18,899.1,1,0,14,4,4,57,79,0
3295,2023-12-27,2,Business,279,Kirkland Signature,15,487.95,0,0,12,3,11,39,65,0
3296,2023-07-03,8,Executive,179,Clothing,18,240.12,0,0,8,9,12,22,51,0
3297,2023-06-26,10,Executive,282,Seasonal,12,559.2,0,0,4,9,10,17,40,1
3298,2023-07-03,8,Gold Star,266,Appliances,16,741.44,0,0,15,11,10,63,99,0
3299,2023-05-31,3,Executive,77,Home,16,333.44,0,0,45,15,9,61,130,0
3300,2023-06-26,9,Executive,260,Home,6,279.84,0,0,13,23,5,35,76,0
3301,2023-04-10,10,Gold Star,158,Furniture,7,257.6,0,0,2,16,7,58,83,0
3302,2023-10-19,2,Gold Star,342,Grocery,18,547.38,0,0,24,8,11,67,110,0
3303,2023-12-12,2,Gold Star,224,Electronics,3,101.88,0,0,9,13,2,29,53,0
3304,2023-05-22,3,Business,338,Seasonal,4,184.56,0,0,48,4,5,24,81,0
3305,2023-12-19,4,Gold Star,5,Furniture,2,11.64,0,1,40,20,1,35,96,0
3306,2023-07-10,2,Gold Star,81,Electronics,12,419.52,0,0,44,23,12,65,144,0
3307,2023-03-17,7,Executive,320,Clothing,2,34.22,0,0,46,2,4,47,99,0
3308,2023-09-08,6,Gold Star,83,Kirkland Signature,13,637.13,0,0,43,13,8,31,95,0
3309,2023-10-28,2,Executive,189,Home,15,749.1,1,0,45,22,6,38,111,0
3310,2023-08-16,9,Gold Star,448,Home,2,41.76,0,0,37,5,1,20,63,0
3311,2023-09-15,7,Executive,313,Clothing,7,123.97,0,0,45,22,3,2,72,0
3312,2023-10-06,5,Business,96,Seasonal,12,280.2,0,0,19,17,12,9,57,0
3313,2023-03-26,1,Executive,97,Appliances,7,345.24,1,0,2,15,7,44,68,0
3314,2023-10-03,9,Business,353,Kirkland Signature,7,84.42,0,0,13,4,2,6,25,1
3315,2023-08-10,5,Gold Star,121,Electronics,17,702.44,0,0,24,8,7,7,46,1
3316,2023-10-27,10,Executive,391,Seasonal,7,124.88,0,0,28,7,5,38,78,0
3317,2023-04-25,8,Gold Star,61,Appliances,13,20.67,0,0,12,24,11,10,57,0
3318,2023-12-20,3,Gold Star,113,Clothing,20,260.8,0,1,25,9,1,66,101,0
3319,2023-09-26,6,Gold Star,240,Home,13,321.75,0,0,41,12,11,30,94,0
3320,2023-03-03,10,Executive,28,Electronics,2,1.72,0,0,18,1,11,68,98,0
3321,2023-03-23,1,Executive,206,Furniture,11,496.65,0,0,48,10,3,68,129,0
3322,2023-08-26,1,Gold Star,455,Grocery,1,33.37,1,0,15,22,3,42,82,0
3323,2023-10-23,4,Gold Star,370,Electronics,15,572.4,0,0,48,16,9,19,92,0
3324,2023-12-06,7,Executive,399,Clothing,11,224.73,0,0,22,1,6,56,85,0
3325,2023-09-25,1,Business,67,Clothing,4,57.48,0,0,20,19,12,46,97,0
3326,2023-11-10,2,Executive,297,Grocery,9,144.0,0,0,1,20,12,25,58,0
3327,2023-01-10,10,Business,3,Seasonal,9,339.57,0,0,47,2,7,15,71,0
3328,2023-04-28,7,Executive,155,Appliances,14,252.84,0,0,40,13,7,39,99,0
3329,2023-04-27,6,Gold Star,492,Electronics,13,408.46,0,0,27,13,8,7,55,0
3330,2023-12-26,9,Executive,478,Seasonal,6,135.84,0,0,23,9,6,39,77,0
3331,2023-12-05,5,Business,42,Home,3,54.0,0,0,32,3,11,33,79,0
3332,2023-06-29,5,Business,238,Kirkland Signature,3,33.63,0,0,43,17,11,60,131,0
3333,2023-06-10,8,Gold Star,8,Appliances,7,34.23,1,0,38,11,2,10,61,0
3334,2023-04-19,4,Executive,210,Appliances,2,87.3,0,0,3,21,11,19,54,0
3335,2023-09-24,7,Business,296,Kirkland Signature,13,559.0,1,0,6,10,12,60,88,0
3336,2023-06-15,6,Executive,197,Grocery,19,904.4,0,0,42,23,1,17,83,0
3337,2023-06-19,5,Gold Star,428,Grocery,10,348.0,0,0,48,4,9,48,109,0
3338,2023-10-17,9,Gold Star,173,Seasonal,10,205.1,0,0,20,18,10,12,60,0
3339,2023-10-22,7,Gold Star,341,Furniture,3,140.76,1,0,19,7,4,66,96,0
3340,2023-04-21,6,Business,325,Electronics,17,42.5,0,0,43,18,7,34,102,0
3341,2023-08-11,5,Gold Star,322,Furniture,7,184.03,0,0,20,21,1,46,88,0
3342,2023-02-06,5,Business,459,Appliances,12,115.2,0,0,14,11,12,15,52,0
3343,2023-07-22,1,Executive,263,Kirkland Signature,7,177.45,1,0,11,1,1,41,54,0
3344,2023-10-06,5,Gold Star,275,Furniture,1,26.94,0,0,31,10,4,70,115,0
3345,2023-05-29,4,Business,424,Clothing,12,8.28,0,0,27,18,6,53,104,0
3346,2023-06-30,4,Gold Star,38,Appliances,10,106.0,0,0,41,24,8,4,77,0
3347,2023-06-22,8,Business,183,Electronics,9,196.29,0,0,21,6,1,66,94,0
3348,2023-09-22,5,Executive,102,Grocery,10,67.4,0,0,27,18,9,48,102,0
3349,2023-11-15,1,Executive,495,Kirkland Signature,9,418.32,0,0,13,2,11,31,57,0
3350,2023-09-12,6,Executive,51,Kirkland Signature,14,664.58,0,0,1,4,9,31,45,1
3351,2023-09-25,4,Business,176,Clothing,18,331.2,0,0,11,6,8,7,32,1
3352,2023-04-15,8,Business,104,Clothing,11,152.68,1,0,38,13,10,19,80,0
3353,2023-05-08,10,Gold Star,32,Kirkland Signature,5,141.2,0,0,39,11,6,57,113,0
3354,2023-12-03,4,Business,500,Seasonal,7,90.79,1,0,45,3,10,47,105,0
3355,2023-11-17,8,Executive,316,Kirkland Signature,19,400.33,0,0,42,14,3,58,117,0
3356,2023-02-18,6,Executive,105,Furniture,15,163.5,1,0,40,17,8,19,84,0
3357,2023-07-20,2,Business,167,Seasonal,3,21.21,0,0,25,15,11,48,99,0
3358,2023-06-18,6,Executive,153,Home,12,347.76,1,0,24,20,1,72,117,0
3359,2023-11-27,8,Business,177,Grocery,14,538.3,0,0,5,24,11,16,56,0
3360,2023-06-01,5,Business,485,Kirkland Signature,3,40.92,0,0,16,7,4,67,94,0
3361,2023-03-01,1,Business,395,Electronics,19,858.42,0,0,13,24,12,38,87,0
3362,2023-12-27,7,Executive,450,Electronics,16,143.36,0,0,8,17,11,44,80,0
3363,2023-09-02,3,Executive,306,Home,20,225.2,1,0,38,4,12,41,95,0
3364,2023-04-17,3,Gold Star,149,Kirkland Signature,6,99.18,0,0,8,7,1,18,34,1
3365,2023-02-15,8,Business,411,Kirkland Signature,13,448.24,0,0,16,3,1,70,90,0
3366,2023-08-27,9,Gold Star,411,Kirkland Signature,7,241.36,1,0,45,5,1,42,93,0
3367,2023-09-11,4,Executive,490,Furniture,16,551.36,0,0,37,8,9,12,66,0
3368,2023-07-04,8,Executive,206,Furniture,4,180.6,0,0,21,23,6,2,52,0
3369,2023-04-19,1,Executive,482,Kirkland Signature,18,849.96,0,0,14,3,6,72,95,0
3370,2023-03-03,4,Executive,169,Furniture,12,330.84,0,0,6,22,2,30,60,0
3371,2023-11-09,2,Gold Star,447,Clothing,14,550.62,0,0,27,2,8,13,50,0
3372,2023-07-13,6,Executive,46,Electronics,19,219.07,0,0,40,23,11,57,131,0
3373,2023-10-14,3,Executive,387,Grocery,15,79.35,1,0,23,1,11,55,90,0
3374,2023-12-13,7,Executive,199,Seasonal,4,170.16,0,0,42,12,8,30,92,0
3375,2023-05-01,2,Business,488,Grocery,10,66.2,0,0,19,21,3,30,73,0
3376,2023-01-20,1,Executive,294,Grocery,5,235.65,0,0,19,10,8,10,47,1
3377,2023-12-10,7,Gold Star,202,Furniture,18,407.34,1,0,2,7,1,44,54,0
3378,2023-04-30,10,Gold Star,152,Grocery,11,17.05,1,0,39,21,9,50,119,0
3379,2023-12-17,2,Business,151,Appliances,14,563.92,1,1,42,18,2,30,92,0
3380,2023-01-18,5,Gold Star,184,Seasonal,5,77.55,0,0,37,15,12,42,106,0
3381,2023-06-23,9,Gold Star,1,Clothing,20,252.6,0,0,12,21,2,35,70,0
3382,2023-04-01,5,Business,350,Seasonal,19,235.22,1,0,14,10,2,57,83,0
3383,2023-01-15,5,Gold Star,154,Grocery,2,97.98,1,0,47,3,6,3,59,0
3384,2023-03-24,5,Gold Star,474,Electronics,10,238.2,0,0,10,21,3,32,66,0
3385,2023-10-30,4,Executive,130,Electronics,13,309.27,0,0,21,23,7,21,72,0
3386,2023-08-29,4,Business,339,Appliances,15,667.95,0,0,26,19,2,70,117,0
3387,2023-07-26,1,Executive,385,Furniture,16,10.72,0,0,7,23,5,36,71,0
3388,2023-10-22,1,Executive,485,Kirkland Signature,2,27.28,1,0,26,18,6,5,55,0
3389,2023-06-25,9,Gold Star,11,Clothing,2,13.52,1,0,48,16,10,31,105,0
3390,2023-09-26,3,Gold Star,274,Grocery,17,834.53,0,0,43,9,2,23,77,0
3391,2023-12-28,5,Gold Star,426,Home,16,514.4,0,0,8,6,10,5,29,1
3392,2023-10-18,2,Business,17,Kirkland Signature,5,202.9,0,0,21,11,4,34,70,0
3393,2023-04-12,7,Business,362,Clothing,15,495.75,0,0,38,19,8,18,83,0
3394,2023-08-06,5,Business,283,Home,5,224.3,1,0,40,9,1,45,95,0
3395,2023-09-17,8,Gold Star,425,Appliances,1,26.46,1,0,19,21,8,25,73,0
3396,2023-07-01,2,Gold Star,356,Kirkland Signature,14,288.4,1,0,22,21,2,33,78,0
3397,2023-02-02,10,Business,379,Clothing,14,272.02,0,0,33,22,10,55,120,0
3398,2023-12-02,8,Gold Star,207,Home,11,98.78,1,0,31,17,3,18,69,0
3399,2023-01-21,9,Executive,18,Appliances,9,28.17,1,0,47,3,11,58,119,0
3400,2023-10-05,5,Executive,9,Kirkland Signature,1,47.17,0,0,28,1,8,57,94,0
3401,2023-10-04,3,Executive,206,Furniture,6,270.9,0,0,30,6,11,35,82,0
3402,2023-02-02,10,Business,432,Electronics,15,651.6,0,0,4,18,12,52,86,0
3403,2023-05-09,7,Gold Star,102,Grocery,3,20.22,0,0,7,15,10,24,56,0
3404,2023-11-20,2,Business,56,Seasonal,11,125.07,0,0,22,2,5,10,39,1
3405,2023-11-21,9,Business,410,Home,6,106.44,0,0,24,21,2,55,102,0
3406,2023-08-25,1,Executive,275,Furniture,15,404.1,0,0,13,19,5,48,85,0
3407,2023-05-31,7,Executive,119,Electronics,12,244.68,0,0,29,10,12,14,65,0
3408,2023-03-26,8,Gold Star,274,Grocery,15,736.35,1,0,28,16,11,60,115,0
3409,2023-04-04,4,Gold Star,473,Appliances,20,721.0,0,0,33,17,12,52,114,0
3410,2023-01-18,7,Business,46,Electronics,4,46.12,0,0,38,3,3,15,59,0
3411,2023-06-30,4,Business,300,Seasonal,17,567.46,0,0,6,21,11,38,76,0
3412,2023-08-26,7,Gold Star,351,Electronics,9,264.33,1,0,45,19,10,29,103,0
3413,2023-05-18,3,Business,148,Kirkland Signature,2,10.6,0,0,31,4,7,30,72,0
3414,2023-03-19,3,Gold Star,420,Seasonal,18,444.96,1,0,44,19,2,64,129,0
3415,2023-07-21,1,Business,311,Kirkland Signature,13,12.48,0,0,27,2,4,37,70,0
3416,2023-11-09,2,Gold Star,137,Furniture,4,187.92,0,0,44,23,9,15,91,0
3417,2023-12-02,4,Business,212,Electronics,4,12.52,1,0,24,9,8,43,84,0
3418,2023-05-20,3,Gold Star,321,Appliances,3,65.13,1,0,35,24,12,46,117,0
3419,2023-11-12,8,Gold Star,103,Furniture,9,151.83,1,0,44,1,10,42,97,0
3420,2023-03-12,6,Business,423,Seasonal,13,18.2,1,0,29,22,8,4,63,0
3421,2023-11-07,2,Gold Star,53,Seasonal,4,175.28,0,0,12,20,1,8,41,1
3422,2023-06-11,4,Business,209,Home,11,191.62,1,0,26,20,11,6,63,0
3423,2023-08-18,4,Executive,500,Seasonal,12,155.64,0,0,22,3,5,29,59,0
3424,2023-07-15,10,Executive,190,Appliances,17,728.96,1,0,39,23,3,11,76,0
3425,2023-12-07,8,Gold Star,343,Home,12,350.52,0,0,34,4,10,12,60,0
3426,2023-07-13,2,Gold Star,353,Kirkland Signature,11,132.66,0,0,23,8,11,56,98,0
3427,2023-01-31,10,Gold Star,347,Clothing,4,145.08,0,0,15,15,3,26,59,0
3428,2023-09-22,4,Gold Star,72,Grocery,2,76.7,0,0,44,5,4,31,84,0
3429,2023-06-23,1,Business,40,Home,6,173.22,0,0,17,19,7,10,53,0
3430,2023-04-02,1,Business,416,Home,2,95.12,1,0,21,14,3,71,109,0
3431,2023-02-07,10,Gold Star,118,Furniture,3,39.87,0,0,23,18,8,34,83,0
3432,2023-04-25,7,Business,157,Clothing,19,740.05,0,0,31,23,8,41,103,0
3433,2023-01-11,5,Executive,341,Furniture,9,422.28,0,0,24,10,7,9,50,0
3434,2023-07-31,8,Business,370,Electronics,16,610.56,0,0,28,6,5,68,107,0
3435,2023-07-14,10,Business,89,Home,6,259.5,0,0,14,10,7,35,66,0
3436,2023-07-01,9,Gold Star,242,Electronics,6,195.0,1,0,18,15,1,28,62,0
3437,2023-08-10,10,Business,391,Seasonal,14,249.76,0,0,1,18,12,10,41,1
3438,2023-03-27,1,Business,71,Seasonal,17,410.89,0,0,4,12,9,62,87,0
3439,2023-12-03,3,Business,151,Appliances,2,80.56,1,0,8,16,9,45,78,0
3440,2023-08-26,10,Gold Star,11,Clothing,19,128.44,1,0,37,7,6,13,63,0
3441,2023-02-05,3,Executive,30,Electronics,2,19.64,1,0,34,1,10,53,98,0
3442,2023-06-01,2,Executive,44,Appliances,20,426.6,0,0,39,4,3,21,67,0
3443,2023-06-30,4,Business,468,Grocery,12,84.96,0,0,8,21,9,72,110,0
3444,2023-08-06,9,Gold Star,137,Furniture,12,563.76,1,0,12,9,1,2,24,1
3445,2023-03-31,2,Gold Star,247,Seasonal,19,585.96,0,0,5,11,7,3,26,1
3446,2023-08-10,7,Gold Star,177,Grocery,10,384.5,0,0,29,8,5,44,86,0
3447,2023-10-23,3,Gold Star,441,Home,19,94.24,0,0,4,17,1,51,73,0
3448,2023-11-04,1,Gold Star,222,Kirkland Signature,17,360.57,1,0,11,6,11,3,31,1
3449,2023-11-17,9,Business,122,Kirkland Signature,10,364.8,0,0,8,8,9,19,44,1
3450,2023-08-25,3,Business,296,Kirkland Signature,18,774.0,0,0,28,10,9,12,59,0
3451,2023-08-15,5,Business,21,Appliances,6,89.04,0,0,32,8,7,67,114,0
3452,2023-01-15,3,Business,433,Appliances,14,186.06,1,0,1,23,9,26,59,0
3453,2023-02-21,2,Business,380,Seasonal,7,154.28,0,0,4,17,6,62,89,0
3454,2023-08-02,8,Gold Star,42,Home,4,72.0,0,0,48,20,4,56,128,0
3455,2023-06-29,3,Business,139,Electronics,6,275.1,0,0,45,13,5,29,92,0
3456,2023-08-27,8,Business,143,Home,5,192.2,1,0,25,16,4,57,102,0
3457,2023-02-24,9,Executive,134,Appliances,10,86.3,0,0,15,16,1,23,55,0
3458,2023-03-02,3,Business,412,Furniture,20,669.8,0,0,47,5,1,43,96,0
3459,2023-08-09,3,Gold Star,295,Appliances,14,391.58,0,0,47,16,6,31,100,0
3460,2023-12-02,3,Gold Star,21,Appliances,1,14.84,1,0,4,5,3,40,52,0
3461,2023-08-29,8,Executive,437,Seasonal,5,127.1,0,0,14,18,7,39,78,0
3462,2023-12-18,4,Executive,253,Clothing,11,16.17,0,1,15,17,6,59,97,0
3463,2023-03-27,4,Executive,336,Electronics,18,814.86,0,0,31,8,9,70,118,0
3464,2023-06-23,9,Executive,271,Appliances,10,355.4,0,0,48,20,4,2,74,0
3465,2023-07-17,9,Gold Star,401,Kirkland Signature,16,616.16,0,0,13,7,12,25,57,0
3466,2023-10-21,4,Gold Star,444,Kirkland Signature,19,309.7,1,0,22,11,11,63,107,0
3467,2023-10-05,9,Business,353,Kirkland Signature,18,217.08,0,0,24,4,1,72,101,0
3468,2023-12-16,9,Business,117,Grocery,9,297.72,1,1,18,16,8,51,93,0
3469,2023-03-18,6,Executive,136,Kirkland Signature,13,568.75,1,0,19,13,9,29,70,0
3470,2023-08-15,3,Executive,33,Clothing,17,660.96,0,0,30,2,3,72,107,0
3471,2023-05-25,7,Business,462,Kirkland Signature,5,157.35,0,0,9,19,3,59,90,0
3472,2023-06-20,5,Business,317,Kirkland Signature,20,735.2,0,0,11,7,3,53,74,0
3473,2023-10-20,6,Business,124,Electronics,16,486.08,0,0,30,7,8,32,77,0
3474,2023-06-25,9,Executive,203,Appliances,7,141.82,1,0,29,7,3,3,42,1
3475,2023-06-26,4,Business,146,Seasonal,9,317.97,0,0,38,5,8,54,105,0
3476,2023-07-10,9,Gold Star,257,Grocery,18,685.98,0,0,38,8,12,9,67,0
3477,2023-01-28,3,Gold Star,249,Furniture,12,154.8,1,0,18,2,7,20,47,1
3478,2023-07-12,6,Business,88,Grocery,17,97.24,0,0,35,5,7,24,71,0
3479,2023-07-13,9,Gold Star,387,Grocery,4,21.16,0,0,10,16,2,54,82,0
3480,2023-02-09,9,Business,210,Appliances,17,742.05,0,0,29,9,10,58,106,0
3481,2023-12-09,3,Business,79,Clothing,10,97.7,1,0,6,24,9,68,107,0
3482,2023-03-02,6,Executive,162,Kirkland Signature,17,395.25,0,0,38,17,2,40,97,0
3483,2023-03-19,8,Gold Star,54,Appliances,3,50.34,1,0,12,21,11,39,83,0
3484,2023-01-23,1,Executive,183,Electronics,1,21.81,0,0,47,15,5,18,85,0
3485,2023-01-10,8,Gold Star,237,Grocery,11,311.74,0,0,25,1,6,30,62,0
3486,2023-07-02,8,Executive,261,Seasonal,15,594.9,1,0,42,5,3,54,104,0
3487,2023-04-15,3,Gold Star,480,Grocery,9,127.62,1,0,28,7,11,25,71,0
3488,2023-08-15,5,Gold Star,189,Home,12,599.28,0,0,34,19,4,10,67,0
3489,2023-02-21,8,Business,303,Electronics,11,225.39,0,0,40,10,3,15,68,0
3490,2023-10-30,9,Gold Star,480,Grocery,9,127.62,0,0,3,21,10,6,40,1
3491,2023-05-29,10,Executive,330,Furniture,11,207.79,0,0,21,5,4,26,56,0
3492,2023-03-02,3,Business,324,Seasonal,14,262.08,0,0,3,5,9,39,56,0
3493,2023-06-20,8,Business,41,Electronics,7,293.58,0,0,29,13,9,60,111,0
3494,2023-06-23,6,Business,46,Electronics,16,184.48,0,0,12,23,8,26,69,0
3495,2023-04-27,8,Gold Star,48,Seasonal,1,46.02,0,0,31,11,6,44,92,0
3496,2023-04-04,10,Executive,99,Home,14,222.88,0,0,38,22,8,68,136,0
3497,2023-09-20,1,Gold Star,178,Home,10,343.6,0,0,37,12,1,69,119,0
3498,2023-08-13,9,Gold Star,93,Kirkland Signature,4,97.24,1,0,2,3,7,18,30,1
3499,2023-09-17,1,Executive,259,Furniture,14,528.78,1,0,25,23,8,53,109,0
3500,2023-11-04,6,Gold Star,23,Kirkland Signature,11,91.63,1,0,18,10,11,56,95,0
3501,2023-05-07,9,Gold Star,442,Appliances,4,51.24,1,0,14,24,12,21,71,0
3502,2023-02-26,9,Business,226,Grocery,2,56.24,1,0,1,3,10,61,75,0
3503,2023-09-12,7,Business,214,Clothing,20,881.2,0,0,45,21,9,51,126,0
3504,2023-04-08,2,Executive,234,Electronics,10,426.3,1,0,31,17,4,72,124,0
3505,2023-12-10,1,Gold Star,147,Appliances,1,42.78,1,0,23,15,3,64,105,0
3506,2023-06-30,4,Executive,376,Kirkland Signature,17,370.26,0,0,18,22,6,8,54,0
3507,2023-06-09,9,Gold Star,280,Seasonal,5,124.85,0,0,38,18,12,39,107,0
3508,2023-07-20,9,Gold Star,50,Electronics,16,537.76,0,0,28,20,8,11,67,0
3509,2023-06-17,2,Business,362,Clothing,17,561.85,1,0,18,11,2,41,72,0
3510,2023-10-22,1,Gold Star,18,Appliances,6,18.78,1,0,32,5,5,15,57,0
3511,2023-05-26,9,Executive,115,Electronics,16,744.0,0,0,21,9,9,64,103,0
3512,2023-08-13,2,Business,493,Clothing,16,354.72,1,0,4,12,4,54,74,0
3513,2023-09-26,3,Executive,121,Electronics,5,206.6,0,0,10,12,9,34,65,0
3514,2023-03-11,6,Executive,98,Home,7,297.85,1,0,31,6,11,8,56,0
3515,2023-01-01,9,Business,249,Furniture,2,25.8,1,0,22,10,6,63,101,0
3516,2023-04-09,10,Executive,322,Furniture,16,420.64,1,0,22,20,9,64,115,0
3517,2023-02-02,2,Gold Star,162,Kirkland Signature,17,395.25,0,0,35,24,10,57,126,0
3518,2023-02-07,5,Business,442,Appliances,9,115.29,0,0,36,10,5,63,114,0
3519,2023-07-22,2,Business,46,Electronics,20,230.6,1,0,14,5,12,52,83,0
3520,2023-08-04,6,Gold Star,377,Grocery,2,7.12,0,0,20,18,8,60,106,0
3521,2023-11-08,8,Executive,405,Seasonal,17,258.57,0,0,12,21,2,9,44,1
3522,2023-12-03,2,Executive,204,Electronics,12,127.92,1,0,29,19,6,40,94,0
3523,2023-09-29,5,Gold Star,409,Furniture,10,177.5,0,0,32,20,4,24,80,0
3524,2023-12-21,3,Business,495,Kirkland Signature,5,232.4,0,1,1,7,2,12,22,1
3525,2023-04-30,6,Gold Star,57,Seasonal,17,44.54,1,0,33,8,11,37,89,0
3526,2023-08-20,10,Business,161,Grocery,6,264.06,1,0,25,19,4,39,87,0
3527,2023-12-20,7,Executive,474,Electronics,5,119.1,0,1,7,19,7,13,46,1
3528,2023-10-11,5,Business,240,Home,11,272.25,0,0,41,1,5,5,52,0
3529,2023-07-14,5,Executive,453,Grocery,14,132.58,0,0,34,5,4,54,97,0
3530,2023-03-20,5,Executive,156,Seasonal,7,300.37,0,0,37,10,12,40,99,0
3531,2023-06-12,4,Gold Star,120,Kirkland Signature,18,640.98,0,0,23,20,7,42,92,0
3532,2023-06-21,7,Executive,176,Clothing,17,312.8,0,0,22,2,6,68,98,0
3533,2023-09-20,8,Gold Star,213,Grocery,16,408.96,0,0,25,17,11,46,99,0
3534,2023-05-21,8,Executive,455,Grocery,20,667.4,1,0,3,9,7,14,33,1
3535,2023-11-25,5,Gold Star,110,Kirkland Signature,5,151.45,1,0,21,5,7,42,75,0
3536,2023-01-19,8,Business,373,Seasonal,18,548.64,0,0,10,21,11,3,45,1
3537,2023-06-12,4,Executive,405,Seasonal,5,76.05,0,0,43,6,5,50,104,0
3538,2023-01-07,6,Gold Star,285,Appliances,20,460.2,1,0,20,15,12,37,84,0
3539,2023-07-02,3,Executive,345,Kirkland Signature,2,2.8,1,0,3,17,8,34,62,0
3540,2023-11-16,5,Business,70,Clothing,11,506.0,0,0,16,7,4,51,78,0
3541,2023-12-09,5,Executive,466,Home,19,58.52,1,0,7,10,10,63,90,0
3542,2023-01-11,4,Business,48,Seasonal,2,92.04,0,0,18,24,9,10,61,0
3543,2023-01-25,3,Gold Star,245,Appliances,10,436.5,0,0,17,7,1,5,30,1
3544,2023-05-20,3,Executive,463,Clothing,10,191.5,1,0,15,17,2,27,61,0
3545,2023-09-08,1,Business,238,Kirkland Signature,6,67.26,0,0,28,16,7,35,86,0
3546,2023-02-18,7,Gold Star,45,Clothing,4,22.88,1,0,33,9,4,1,47,1
3547,2023-09-22,10,Business,259,Furniture,11,415.47,0,0,37,7,7,52,103,0
3548,2023-05-18,2,Business,153,Home,20,579.6,0,0,43,23,9,50,125,0
3549,2023-05-26,10,Executive,288,Furniture,1,9.09,0,0,27,22,10,6,65,0
3550,2023-05-10,4,Business,40,Home,8,230.96,0,0,35,19,1,44,99,0
3551,2023-04-06,10,Executive,108,Furniture,12,438.12,0,0,27,18,1,12,58,0
3552,2023-02-22,9,Gold Star,36,Home,4,68.24,0,0,39,18,4,23,84,0
3553,2023-02-21,7,Business,432,Electronics,2,86.88,0,0,19,9,12,61,101,0
3554,2023-04-04,6,Business,33,Clothing,7,272.16,0,0,18,20,6,18,62,0
3555,2023-10-08,6,Business,456,Grocery,11,245.74,1,0,27,15,6,53,101,0
3556,2023-08-10,2,Business,290,Furniture,16,16.16,0,0,2,14,9,29,54,0
3557,2023-03-19,8,Gold Star,307,Kirkland Signature,10,124.4,1,0,4,1,8,34,47,1
3558,2023-10-27,9,Gold Star,112,Clothing,14,623.98,0,0,38,24,6,54,122,0
3559,2023-08-16,4,Gold Star,210,Appliances,9,392.85,0,0,19,22,10,45,96,0
3560,2023-09-14,8,Executive,57,Seasonal,4,10.48,0,0,37,9,8,3,57,0
3561,2023-07-12,5,Business,50,Electronics,20,672.2,0,0,39,23,3,59,124,0
3562,2023-06-07,9,Executive,273,Home,18,125.46,0,0,33,18,2,52,105,0
3563,2023-03-19,6,Executive,397,Home,10,92.6,1,0,20,24,8,62,114,0
3564,2023-07-07,10,Executive,178,Home,8,274.88,0,0,7,10,8,11,36,1
3565,2023-01-14,7,Gold Star,465,Seasonal,1,9.81,1,0,45,11,3,55,114,0
3566,2023-07-02,2,Executive,197,Grocery,12,571.2,1,0,25,3,7,25,60,0
3567,2023-03-21,10,Executive,266,Appliances,14,648.76,0,0,29,4,1,66,100,0
3568,2023-08-25,2,Executive,217,Furniture,17,297.84,0,0,5,19,1,13,38,1
3569,2023-04-28,4,Executive,20,Electronics,4,36.6,0,0,48,9,2,64,123,0
3570,2023-02-06,4,Gold Star,162,Kirkland Signature,1,23.25,0,0,16,2,11,19,48,1
3571,2023-08-01,3,Business,2,Appliances,5,128.25,0,0,45,7,10,63,125,0
3572,2023-06-19,7,Gold Star,170,Kirkland Signature,16,545.12,0,0,46,5,5,5,61,0
3573,2023-03-31,2,Gold Star,143,Home,20,768.8,0,0,30,11,12,36,89,0
3574,2023-11-18,7,Business,484,Kirkland Signature,14,142.94,1,0,11,2,8,12,33,1
3575,2023-07-12,2,Executive,324,Seasonal,2,37.44,0,0,15,10,11,43,79,0
3576,2023-08-21,4,Gold Star,195,Furniture,2,94.32,0,0,46,12,11,52,121,0
3577,2023-12-14,10,Executive,40,Home,5,144.35,0,0,45,10,12,49,116,0
3578,2023-02-13,4,Gold Star,250,Home,4,142.04,0,0,15,15,4,17,51,0
3579,2023-04-10,4,Executive,444,Kirkland Signature,5,81.5,0,0,41,17,12,57,127,0
3580,2023-12-26,10,Business,348,Home,4,173.4,0,0,14,18,1,60,93,0
3581,2023-05-26,6,Gold Star,354,Clothing,16,763.36,0,0,2,18,8,70,98,0
3582,2023-03-01,6,Gold Star,217,Furniture,8,140.16,0,0,26,11,3,61,101,0
3583,2023-06-04,10,Executive,195,Furniture,17,801.72,1,0,37,20,3,5,65,0
3584,2023-07-28,5,Gold Star,455,Grocery,13,433.81,0,0,23,1,4,30,58,0
3585,2023-07-08,1,Executive,39,Seasonal,5,241.3,1,0,25,23,11,23,82,0
3586,2023-10-01,5,Executive,359,Home,11,71.28,1,0,34,21,3,64,122,0
3587,2023-12-17,3,Executive,289,Clothing,4,62.2,1,1,18,5,7,72,102,0
3588,2023-03-22,7,Business,335,Home,15,304.95,0,0,48,7,3,25,83,0
3589,2023-12-29,9,Gold Star,65,Seasonal,3,35.76,0,0,33,10,2,5,50,0
3590,2023-03-17,2,Gold Star,171,Electronics,7,249.2,0,0,31,10,10,31,82,0
3591,2023-08-31,4,Business,106,Furniture,17,242.93,0,0,8,20,12,50,90,0
3592,2023-07-18,10,Business,159,Home,14,564.2,0,0,37,17,7,29,90,0
3593,2023-08-22,1,Gold Star,207,Home,17,152.66,0,0,20,8,1,50,79,0
3594,2023-05-19,1,Business,276,Kirkland Signature,9,231.66,0,0,32,7,10,13,62,0
3595,2023-02-05,5,Executive,423,Seasonal,10,14.0,1,0,36,24,9,55,124,0
3596,2023-06-06,1,Gold Star,40,Home,4,115.48,0,0,34,5,2,67,108,0
3597,2023-01-20,1,Executive,390,Seasonal,7,336.07,0,0,23,20,7,28,78,0
3598,2023-06-03,4,Gold Star,143,Home,13,499.72,1,0,48,6,10,4,68,0
3599,2023-03-15,2,Gold Star,494,Kirkland Signature,13,349.57,0,0,21,20,12,7,60,0
3600,2023-05-20,1,Gold Star,73,Home,14,481.74,1,0,8,9,10,8,35,1
3601,2023-11-15,4,Executive,304,Furniture,7,222.88,0,0,2,18,5,55,80,0
3602,2023-01-19,1,Business,214,Clothing,1,44.06,0,0,42,16,12,37,107,0
3603,2023-04-19,10,Business,227,Clothing,11,357.28,0,0,8,7,5,29,49,0
3604,2023-07-15,5,Executive,478,Seasonal,11,249.04,1,0,4,13,7,21,45,1
3605,2023-03-31,4,Business,360,Home,9,427.05,0,0,44,21,11,53,129,0
3606,2023-05-19,9,Gold Star,443,Kirkland Signature,2,7.52,0,0,48,24,4,61,137,0
3607,2023-09-08,10,Business,221,Clothing,4,156.6,0,0,10,17,7,7,41,1
3608,2023-02-01,7,Executive,146,Seasonal,8,282.64,0,0,12,23,2,50,87,0
3609,2023-12-06,2,Executive,84,Furniture,7,143.78,0,0,33,10,11,70,124,0
3610,2023-05-06,6,Business,33,Clothing,7,272.16,1,0,24,23,5,35,87,0
3611,2023-03-13,1,Business,387,Grocery,19,100.51,0,0,33,5,6,40,84,0
3612,2023-04-04,2,Executive,247,Seasonal,8,246.72,0,0,15,24,7,6,52,0
3613,2023-05-11,4,Executive,237,Grocery,13,368.42,0,0,42,11,8,50,111,0
3614,2023-11-30,3,Gold Star,487,Home,15,540.9,0,0,41,2,4,72,119,0
3615,2023-04-01,6,Executive,156,Seasonal,9,386.19,1,0,26,4,5,42,77,0
3616,2023-06-17,3,Gold Star,289,Clothing,6,93.3,1,0,20,22,6,64,112,0
3617,2023-08-24,8,Executive,486,Clothing,16,561.92,0,0,34,19,4,31,88,0
3618,2023-10-26,6,Business,187,Furniture,13,297.31,0,0,48,18,8,59,133,0
3619,2023-03-31,1,Gold Star,89,Home,2,86.5,0,0,15,19,2,66,102,0
3620,2023-12-15,5,Business,13,Furniture,8,172.32,0,1,23,14,9,63,109,0
3621,2023-12-28,4,Business,462,Kirkland Signature,6,188.82,0,0,43,2,12,49,106,0
3622,2023-03-12,9,Business,492,Electronics,7,219.94,1,0,28,19,7,11,65,0
3623,2023-02-28,4,Executive,153,Home,12,347.76,0,0,1,1,11,72,85,0
3624,2023-01-10,5,Gold Star,243,Kirkland Signature,4,16.48,0,0,11,15,10,10,46,1
3625,2023-08-20,9,Gold Star,406,Seasonal,11,219.01,1,0,36,18,7,53,114,0
3626,2023-08-09,9,Business,82,Home,8,54.88,0,0,20,17,11,72,120,0
3627,2023-03-22,10,Business,412,Furniture,4,133.96,0,0,27,3,12,2,44,1
3628,2023-12-14,10,Business,172,Home,5,34.6,0,0,4,6,7,18,35,1
3629,2023-03-15,10,Gold Star,275,Furniture,15,404.1,0,0,3,9,9,24,45,1
3630,2023-06-11,2,Business,285,Appliances,11,253.11,1,0,25,3,5,61,94,0
3631,2023-01-14,3,Executive,355,Grocery,18,649.98,1,0,9,3,4,43,59,0
3632,2023-09-30,8,Executive,394,Clothing,2,89.48,1,0,5,15,12,50,82,0
3633,2023-09-07,1,Executive,182,Furniture,12,153.12,0,0,42,11,11,67,131,0
3634,2023-05-29,4,Executive,60,Clothing,7,306.39,0,0,21,10,1,24,56,0
3635,2023-04-25,8,Executive,56,Seasonal,2,22.74,0,0,19,13,8,63,103,0
3636,2023-07-18,6,Executive,213,Grocery,20,511.2,0,0,44,23,2,70,139,0
3637,2023-01-08,10,Business,91,Kirkland Signature,6,250.44,1,0,16,19,12,20,67,0
3638,2023-12-26,4,Business,369,Clothing,14,665.7,0,0,2,6,1,8,17,1
3639,2023-05-08,3,Gold Star,33,Clothing,8,311.04,0,0,4,19,12,4,39,1
3640,2023-11-04,2,Executive,195,Furniture,15,707.4,1,0,33,23,7,5,68,0
3641,2023-09-28,6,Gold Star,183,Electronics,11,239.91,0,0,48,4,6,70,128,0
3642,2023-05-01,6,Executive,234,Electronics,10,426.3,0,0,15,16,5,2,38,1
3643,2023-05-04,7,Business,458,Clothing,13,506.48,0,0,36,4,9,71,120,0
3644,2023-05-31,1,Gold Star,298,Appliances,6,141.6,0,0,35,4,1,10,50,0
3645,2023-08-11,8,Executive,50,Electronics,7,235.27,0,0,12,8,4,69,93,0
3646,2023-08-10,2,Business,243,Kirkland Signature,20,82.4,0,0,31,24,10,55,120,0
3647,2023-09-10,8,Executive,453,Grocery,5,47.35,1,0,34,11,11,22,78,0
3648,2023-10-10,4,Business,241,Electronics,16,433.92,0,0,39,10,2,21,72,0
3649,2023-12-19,6,Executive,50,Electronics,6,201.66,0,1,38,20,8,6,72,0
3650,2023-03-14,2,Gold Star,315,Home,6,30.96,0,0,38,23,10,29,100,0
3651,2023-05-02,1,Gold Star,214,Clothing,9,396.54,0,0,12,1,7,33,53,0
3652,2023-04-22,4,Business,51,Kirkland Signature,8,379.76,1,0,13,23,9,69,114,0
3653,2023-09-08,6,Business,48,Seasonal,20,920.4,0,0,7,24,5,65,101,0
3654,2023-10-15,9,Gold Star,110,Kirkland Signature,2,60.58,1,0,12,11,6,61,90,0
3655,2023-01-08,3,Gold Star,263,Kirkland Signature,11,278.85,1,0,32,8,9,39,88,0
3656,2023-06-15,7,Business,357,Kirkland Signature,14,479.22,0,0,30,7,3,70,110,0
3657,2023-04-28,6,Gold Star,266,Appliances,10,463.4,0,0,8,21,1,3,33,1
3658,2023-02-11,5,Executive,112,Clothing,15,668.55,1,0,27,16,10,43,96,0
3659,2023-01-27,9,Business,234,Electronics,9,383.67,0,0,1,22,2,2,27,1
3660,2023-03-10,9,Gold Star,470,Kirkland Signature,14,537.18,0,0,15,11,10,25,61,0
3661,2023-12-12,4,Executive,224,Electronics,9,305.64,0,0,24,16,7,9,56,0
3662,2023-12-21,5,Gold Star,348,Home,9,390.15,0,1,5,11,1,65,82,0
3663,2023-09-28,8,Executive,452,Appliances,5,122.05,0,0,31,18,3,8,60,0
3664,2023-03-29,1,Executive,147,Appliances,12,513.36,0,0,35,17,8,9,69,0
3665,2023-01-06,2,Gold Star,96,Seasonal,14,326.9,0,0,12,11,8,39,70,0
3666,2023-03-09,8,Business,33,Clothing,1,38.88,0,0,39,11,1,30,81,0
3667,2023-12-14,10,Gold Star,12,Kirkland Signature,11,174.02,0,0,26,24,2,50,102,0
3668,2023-07-18,2,Executive,29,Clothing,4,179.36,0,0,12,9,7,38,66,0
3669,2023-08-25,1,Business,79,Clothing,2,19.54,0,0,26,21,8,20,75,0
3670,2023-02-14,9,Executive,129,Home,5,120.35,0,0,31,16,3,48,98,0
3671,2023-06-05,8,Gold Star,455,Grocery,18,600.66,0,0,35,21,7,19,82,0
3672,2023-10-01,8,Executive,37,Electronics,10,76.6,1,0,36,21,7,59,123,0
3673,2023-01-29,8,Business,293,Clothing,4,124.08,1,0,36,1,11,36,84,0
3674,2023-06-24,7,Executive,43,Seasonal,2,85.06,1,0,40,4,12,12,68,0
3675,2023-04-04,2,Gold Star,66,Kirkland Signature,13,59.54,0,0,6,14,8,10,38,1
3676,2023-10-18,5,Executive,307,Kirkland Signature,6,74.64,0,0,41,22,6,18,87,0
3677,2023-04-12,5,Gold Star,60,Clothing,9,393.93,0,0,40,8,3,41,92,0
3678,2023-11-30,5,Gold Star,47,Home,11,243.1,0,0,21,8,3,20,52,0
3679,2023-09-18,5,Gold Star,167,Seasonal,14,98.98,0,0,2,21,11,70,104,0
3680,2023-01-02,6,Executive,177,Grocery,3,115.35,0,0,41,19,2,71,133,0
3681,2023-10-10,10,Executive,300,Seasonal,17,567.46,0,0,22,14,2,15,53,0
3682,2023-10-09,4,Business,229,Seasonal,3,128.52,0,0,38,6,4,26,74,0
3683,2023-11-28,7,Executive,117,Grocery,7,231.56,0,0,18,19,10,49,96,0
3684,2023-08-26,2,Business,289,Clothing,3,46.65,1,0,10,12,11,14,47,1
3685,2023-06-02,8,Business,329,Electronics,10,162.3,0,0,2,1,8,55,66,0
3686,2023-07-06,3,Executive,402,Furniture,6,7.86,0,0,14,6,10,29,59,0
3687,2023-05-23,4,Business,125,Home,15,569.25,0,0,23,1,1,27,52,0
3688,2023-04-09,7,Gold Star,477,Clothing,6,247.8,1,0,14,6,1,33,54,0
3689,2023-04-03,3,Gold Star,238,Kirkland Signature,4,44.84,0,0,42,11,2,29,84,0
3690,2023-05-09,9,Gold Star,201,Grocery,13,53.82,0,0,9,17,5,66,97,0
3691,2023-11-28,3,Executive,228,Clothing,17,653.99,0,0,12,15,9,4,40,1
3692,2023-04-02,9,Executive,407,Seasonal,14,129.22,1,0,38,14,2,27,81,0
3693,2023-04-18,7,Executive,200,Appliances,10,483.7,0,0,32,13,8,4,57,0
3694,2023-03-19,2,Gold Star,64,Electronics,2,11.66,1,0,48,19,8,4,79,0
3695,2023-01-23,6,Executive,38,Appliances,7,74.2,0,0,26,10,2,4,42,1
3696,2023-09-18,10,Gold Star,379,Clothing,3,58.29,0,0,46,4,2,43,95,0
3697,2023-03-24,2,Business,154,Grocery,11,538.89,0,0,19,21,11,7,58,0
3698,2023-03-21,10,Business,367,Electronics,18,484.38,0,0,15,15,5,62,97,0
3699,2023-03-17,3,Business,109,Grocery,8,276.72,0,0,8,5,11,72,96,0
3700,2023-06-04,9,Executive,69,Kirkland Signature,17,224.06,1,0,7,18,11,4,40,1
3701,2023-11-03,4,Executive,491,Appliances,11,146.96,0,0,15,12,5,51,83,0
3702,2023-05-04,3,Business,398,Grocery,5,195.95,0,0,22,11,8,41,82,0
3703,2023-10-27,9,Executive,308,Appliances,18,144.72,0,0,4,3,8,46,61,0
3704,2023-07-10,1,Gold Star,245,Appliances,9,392.85,0,0,19,19,3,15,56,0
3705,2023-01-30,9,Business,330,Furniture,6,113.34,0,0,8,17,1,52,78,0
3706,2023-03-07,4,Business,304,Furniture,12,382.08,0,0,24,22,4,11,61,0
3707,2023-06-02,4,Executive,204,Electronics,18,191.88,0,0,22,11,11,30,74,0
3708,2023-06-03,6,Business,334,Clothing,16,435.04,1,0,5,7,3,14,29,1
3709,2023-05-05,7,Business,36,Home,13,221.78,0,0,39,7,5,43,94,0
3710,2023-07-23,7,Gold Star,185,Kirkland Signature,13,13.13,1,0,16,24,4,30,74,0
3711,2023-09-15,2,Executive,408,Appliances,7,141.68,0,0,36,10,4,69,119,0
3712,2023-04-22,5,Business,233,Clothing,6,96.18,1,0,32,18,10,9,69,0
3713,2023-09-03,3,Gold Star,494,Kirkland Signature,7,188.23,1,0,19,22,8,43,92,0
3714,2023-06-11,9,Business,357,Kirkland Signature,7,239.61,1,0,37,3,5,41,86,0
3715,2023-10-12,6,Gold Star,478,Seasonal,2,45.28,0,0,12,7,5,50,74,0
3716,2023-09-30,6,Executive,329,Electronics,8,129.84,1,0,30,11,7,42,90,0
3717,2023-07-13,9,Gold Star,414,Grocery,17,662.15,0,0,6,6,6,36,54,0
3718,2023-09-15,9,Gold Star,331,Home,17,41.14,0,0,25,13,5,64,107,0
3719,2023-07-27,9,Gold Star,237,Grocery,1,28.34,0,0,22,9,8,29,68,0
3720,2023-12-20,8,Business,272,Grocery,9,224.91,0,1,8,24,3,38,73,0
3721,2023-07-21,1,Gold Star,340,Furniture,11,265.1,0,0,26,10,12,43,91,0
3722,2023-04-10,10,Business,63,Electronics,1,32.35,0,0,12,4,12,18,46,1
3723,2023-03-30,7,Business,455,Grocery,17,567.29,0,0,34,15,3,19,71,0
3724,2023-05-26,3,Executive,302,Seasonal,7,83.23,0,0,27,1,12,71,111,0
3725,2023-08-31,1,Business,283,Home,18,807.48,0,0,45,7,12,42,106,0
3726,2023-03-22,3,Executive,143,Home,10,384.4,0,0,37,7,11,48,103,0
3727,2023-08-27,3,Gold Star,364,Grocery,10,261.7,1,0,24,19,3,20,66,0
3728,2023-10-01,7,Business,371,Grocery,13,438.23,1,0,6,20,7,54,87,0
3729,2023-12-28,4,Executive,44,Appliances,1,21.33,0,0,20,23,5,14,62,0
3730,2023-11-25,5,Business,395,Electronics,12,542.16,1,0,42,7,1,54,104,0
3731,2023-02-01,4,Business,41,Electronics,5,209.7,0,0,19,23,9,34,85,0
3732,2023-10-07,8,Business,326,Seasonal,7,166.18,1,0,5,5,2,7,19,1
3733,2023-12-07,10,Gold Star,310,Furniture,10,13.8,0,0,28,24,5,20,77,0
3734,2023-01-30,1,Executive,94,Furniture,4,68.52,0,0,48,7,6,26,87,0
3735,2023-10-12,6,Executive,12,Kirkland Signature,5,79.1,0,0,46,2,3,3,54,0
3736,2023-10-14,4,Executive,354,Clothing,2,95.42,1,0,23,10,11,60,104,0
3737,2023-02-10,3,Business,495,Kirkland Signature,9,418.32,0,0,17,9,11,46,83,0
3738,2023-03-29,4,Executive,79,Clothing,20,195.4,0,0,12,16,9,25,62,0
3739,2023-04-26,3,Business,200,Appliances,12,580.44,0,0,39,13,11,5,68,0
3740,2023-08-11,2,Executive,149,Kirkland Signature,7,115.71,0,0,27,24,10,5,66,0
3741,2023-02-09,1,Business,81,Electronics,10,349.6,0,0,37,9,9,47,102,0
3742,2023-11-06,1,Gold Star,9,Kirkland Signature,18,849.06,0,0,27,3,7,10,47,1
3743,2023-07-15,6,Gold Star,244,Electronics,20,696.2,1,0,22,19,8,44,93,0
3744,2023-04-12,9,Gold Star,51,Kirkland Signature,20,949.4,0,0,22,1,7,8,38,1
3745,2023-11-16,3,Gold Star,392,Seasonal,18,118.62,0,0,35,23,2,4,64,0
3746,2023-09-28,7,Business,84,Furniture,17,349.18,0,0,48,23,1,46,118,0
3747,2023-06-03,2,Business,472,Clothing,15,661.8,1,0,28,6,11,41,86,0
3748,2023-06-21,6,Gold Star,256,Grocery,8,35.68,0,0,5,21,2,6,34,1
3749,2023-01-19,2,Gold Star,138,Furniture,1,23.63,0,0,11,15,1,27,54,0
3750,2023-09-08,6,Gold Star,362,Clothing,7,231.35,0,0,16,19,1,64,100,0
3751,2023-09-27,5,Executive,209,Home,6,104.52,0,0,7,4,4,15,30,1
3752,2023-03-20,6,Gold Star,489,Electronics,5,222.55,0,0,42,13,11,31,97,0
3753,2023-06-20,8,Executive,83,Kirkland Signature,11,539.11,0,0,41,21,9,14,85,0
3754,2023-06-26,5,Gold Star,354,Clothing,7,333.97,0,0,42,11,4,43,100,0
3755,2023-03-21,2,Gold Star,66,Kirkland Signature,15,68.7,0,0,41,2,4,70,117,0
3756,2023-01-29,10,Executive,257,Grocery,4,152.44,1,0,7,13,9,33,62,0
3757,2023-10-20,7,Business,404,Home,14,517.44,0,0,47,7,2,8,64,0
3758,2023-07-04,3,Executive,149,Kirkland Signature,12,198.36,0,0,14,12,3,59,88,0
3759,2023-06-22,3,Gold Star,290,Furniture,7,7.07,0,0,27,4,1,72,104,0
3760,2023-06-21,7,Business,157,Clothing,6,233.7,0,0,5,19,11,30,65,0
3761,2023-12-22,8,Business,275,Furniture,3,80.82,0,1,1,4,9,10,24,1
3762,2023-01-05,4,Business,453,Grocery,8,75.76,0,0,1,2,5,46,54,0
3763,2023-02-06,9,Gold Star,277,Furniture,4,155.08,0,0,25,1,6,22,54,0
3764,2023-10-25,8,Executive,238,Kirkland Signature,17,190.57,0,0,1,11,9,59,80,0
3765,2023-04-10,9,Gold Star,341,Furniture,19,891.48,0,0,10,15,2,47,74,0
3766,2023-06-08,3,Executive,89,Home,12,519.0,0,0,11,8,5,36,60,0
3767,2023-12-17,6,Business,290,Furniture,6,6.06,1,1,21,19,2,62,104,0
3768,2023-06-22,8,Business,105,Furniture,2,21.8,0,0,40,1,4,51,96,0
3769,2023-06-23,2,Gold Star,454,Appliances,4,95.36,0,0,37,14,7,39,97,0
3770,2023-02-03,8,Business,480,Grocery,15,212.7,0,0,43,11,12,32,98,0
3771,2023-05-04,6,Business,308,Appliances,18,144.72,0,0,4,23,7,69,103,0
3772,2023-01-26,4,Executive,73,Home,6,206.46,0,0,10,24,7,18,59,0
3773,2023-04-25,4,Executive,183,Electronics,16,348.96,0,0,4,3,6,34,47,1
3774,2023-03-13,2,Executive,418,Kirkland Signature,9,421.92,0,0,31,5,6,9,51,0
3775,2023-03-14,7,Gold Star,344,Furniture,15,101.4,0,0,31,14,5,57,107,0
3776,2023-11-03,7,Executive,68,Kirkland Signature,10,360.7,0,0,19,24,7,16,66,0
3777,2023-01-05,8,Business,223,Electronics,7,51.59,0,0,25,18,9,59,111,0
3778,2023-06-01,2,Gold Star,233,Clothing,20,320.6,0,0,41,11,8,52,112,0
3779,2023-03-03,10,Business,328,Clothing,6,285.06,0,0,12,10,1,72,95,0
3780,2023-03-31,2,Gold Star,133,Clothing,11,391.05,0,0,30,17,2,14,63,0
3781,2023-02-13,1,Executive,416,Home,5,237.8,0,0,47,12,10,53,122,0
3782,2023-10-24,9,Business,388,Kirkland Signature,5,35.35,0,0,32,2,1,11,46,1
3783,2023-09-09,3,Gold Star,48,Seasonal,16,736.32,1,0,19,18,8,27,72,0
3784,2023-02-09,6,Business,241,Electronics,12,325.44,0,0,12,6,5,19,42,1
3785,2023-05-09,1,Executive,268,Seasonal,9,200.7,0,0,35,4,10,53,102,0
3786,2023-09-06,2,Executive,140,Electronics,12,544.44,0,0,15,22,10,29,76,0
3787,2023-01-19,3,Business,74,Appliances,7,279.58,0,0,37,23,12,49,121,0
3788,2023-10-03,6,Gold Star,98,Home,17,723.35,0,0,31,7,7,19,64,0
3789,2023-06-16,7,Business,305,Electronics,3,147.66,0,0,6,21,7,13,47,1
3790,2023-03-04,4,Executive,36,Home,17,290.02,1,0,14,21,9,56,100,0
3791,2023-04-27,9,Gold Star,48,Seasonal,3,138.06,0,0,11,16,3,14,44,1
3792,2023-09-15,7,Executive,298,Appliances,13,306.8,0,0,12,17,11,10,50,0
3793,2023-04-12,4,Business,52,Electronics,8,380.72,0,0,14,5,9,11,39,1
3794,2023-03-02,5,Business,24,Clothing,16,708.32,0,0,33,18,2,55,108,0
3795,2023-02-12,9,Executive,96,Seasonal,20,467.0,1,0,21,14,8,26,69,0
3796,2023-02-05,2,Business,369,Clothing,10,475.5,1,0,34,24,3,14,75,0
3797,2023-03-28,3,Gold Star,210,Appliances,14,611.1,0,0,45,20,8,22,95,0
3798,2023-08-17,1,Business,220,Grocery,12,46.92,0,0,32,5,4,26,67,0
3799,2023-03-31,2,Executive,161,Grocery,17,748.17,0,0,33,19,1,10,63,0
3800,2023-01-23,6,Gold Star,32,Kirkland Signature,11,310.64,0,0,27,19,11,1,58,0
3801,2023-08-10,7,Business,213,Grocery,16,408.96,0,0,43,10,4,72,129,0
3802,2023-12-05,7,Business,24,Clothing,15,664.05,0,0,15,21,4,12,52,0
3803,2023-11-01,2,Executive,91,Kirkland Signature,13,542.62,0,0,4,2,5,38,49,0
3804,2023-11-11,6,Business,175,Seasonal,18,575.28,1,0,27,20,3,4,54,0
3805,2023-08-02,2,Business,12,Kirkland Signature,1,15.82,0,0,9,14,1,58,82,0
3806,2023-03-15,10,Gold Star,243,Kirkland Signature,17,70.04,0,0,31,2,11,27,71,0
3807,2023-08-25,1,Gold Star,166,Appliances,10,412.6,0,0,16,7,3,41,67,0
3808,2023-10-20,10,Business,84,Furniture,3,61.62,0,0,21,7,8,13,49,0
3809,2023-02-17,10,Executive,91,Kirkland Signature,2,83.48,0,0,47,24,8,11,90,0
3810,2023-08-26,2,Business,250,Home,20,710.2,1,0,13,2,11,61,87,0
3811,2023-11-22,7,Executive,251,Kirkland Signature,16,596.16,0,0,14,8,10,34,66,0
3812,2023-12-29,7,Executive,46,Electronics,10,115.3,0,0,36,5,4,12,57,0
3813,2023-08-22,5,Business,91,Kirkland Signature,13,542.62,0,0,21,5,5,26,57,0
3814,2023-12-06,9,Executive,307,Kirkland Signature,9,111.96,0,0,11,9,1,14,35,1
3815,2023-06-30,5,Gold Star,17,Kirkland Signature,3,121.74,0,0,1,22,11,18,52,0
3816,2023-09-13,3,Gold Star,196,Seasonal,9,350.28,0,0,33,20,12,51,116,0
3817,2023-11-16,3,Gold Star,154,Grocery,13,636.87,0,0,11,19,1,4,35,1
3818,2023-08-24,5,Gold Star,204,Electronics,4,42.64,0,0,32,15,6,44,97,0
3819,2023-01-24,4,Gold Star,203,Appliances,15,303.9,0,0,4,3,8,35,50,0
3820,2023-07-22,10,Business,398,Grocery,17,666.23,1,0,27,5,8,45,85,0
3821,2023-01-19,1,Executive,271,Appliances,7,248.78,0,0,26,4,7,63,100,0
3822,2023-03-10,9,Gold Star,407,Seasonal,2,18.46,0,0,1,17,7,48,73,0
3823,2023-03-13,7,Executive,315,Home,9,46.44,0,0,14,1,11,68,94,0
3824,2023-12-18,3,Business,96,Seasonal,7,163.45,0,1,31,18,9,12,70,0
3825,2023-05-11,10,Business,441,Home,7,34.72,0,0,15,4,11,13,43,1
3826,2023-03-13,5,Executive,485,Kirkland Signature,14,190.96,0,0,14,10,10,9,43,1
3827,2023-04-29,8,Gold Star,225,Grocery,5,11.2,1,0,22,19,4,66,111,0
3828,2023-09-06,9,Gold Star,284,Furniture,13,83.59,0,0,2,9,3,11,25,1
3829,2023-10-26,10,Business,371,Grocery,9,303.39,0,0,18,14,6,21,59,0
3830,2023-06-19,3,Gold Star,327,Grocery,4,159.52,0,0,46,21,9,57,133,0
3831,2023-09-08,2,Business,37,Electronics,18,137.88,0,0,14,5,12,56,87,0
3832,2023-04-02,5,Gold Star,146,Seasonal,2,70.66,1,0,29,11,6,30,76,0
3833,2023-08-17,7,Executive,35,Clothing,18,511.56,0,0,9,22,12,16,59,0
3834,2023-04-05,9,Business,164,Clothing,18,657.0,0,0,2,23,2,30,57,0
3835,2023-12-15,9,Business,159,Home,9,362.7,0,1,38,18,5,30,91,0
3836,2023-11-04,6,Business,309,Seasonal,3,90.96,1,0,14,5,1,34,54,0
3837,2023-01-25,5,Gold Star,357,Kirkland Signature,17,581.91,0,0,27,17,11,68,123,0
3838,2023-10-30,6,Business,148,Kirkland Signature,1,5.3,0,0,22,16,2,23,63,0
3839,2023-08-19,8,Business,224,Electronics,15,509.4,1,0,29,3,7,30,69,0
3840,2023-12-20,10,Gold Star,63,Electronics,6,194.1,0,1,5,20,11,61,97,0
3841,2023-10-19,4,Business,356,Kirkland Signature,3,61.8,0,0,19,11,10,7,47,1
3842,2023-10-17,9,Executive,307,Kirkland Signature,13,161.72,0,0,22,14,11,36,83,0
3843,2023-08-16,3,Gold Star,311,Kirkland Signature,11,10.56,0,0,45,24,11,43,123,0
3844,2023-03-05,6,Executive,467,Electronics,15,41.55,1,0,18,10,11,63,102,0
3845,2023-02-17,2,Executive,60,Clothing,3,131.31,0,0,6,13,1,43,63,0
3846,2023-03-30,8,Executive,376,Kirkland Signature,6,130.68,0,0,15,12,7,14,48,1
3847,2023-08-25,1,Business,260,Home,2,93.28,0,0,45,15,3,9,72,0
3848,2023-06-10,1,Gold Star,390,Seasonal,19,912.19,1,0,24,15,3,31,73,0
3849,2023-06-29,3,Gold Star,232,Furniture,10,200.5,0,0,24,13,9,66,112,0
3850,2023-10-11,4,Gold Star,331,Home,6,14.52,0,0,4,17,1,15,37,1
3851,2023-05-24,6,Gold Star,280,Seasonal,7,174.79,0,0,48,1,2,57,108,0
3852,2023-01-20,9,Business,266,Appliances,16,741.44,0,0,19,14,2,53,88,0
3853,2023-11-16,8,Executive,331,Home,13,31.46,0,0,19,9,2,53,83,0
3854,2023-01-17,9,Business,421,Grocery,3,84.75,0,0,1,15,2,39,57,0
3855,2023-06-16,4,Business,496,Electronics,19,359.29,0,0,12,24,5,10,51,0
3856,2023-11-11,4,Gold Star,326,Seasonal,19,451.06,1,0,17,20,8,20,65,0
3857,2023-02-09,3,Gold Star,238,Kirkland Signature,10,112.1,0,0,25,13,10,27,75,0
3858,2023-07-31,8,Business,223,Electronics,1,7.37,0,0,6,18,8,66,98,0
3859,2023-08-24,5,Business,453,Grocery,6,56.82,0,0,27,11,3,58,99,0
3860,2023-09-20,7,Gold Star,167,Seasonal,3,21.21,0,0,34,17,11,55,117,0
3861,2023-02-08,2,Executive,66,Kirkland Signature,6,27.48,0,0,47,15,6,19,87,0
3862,2023-01-03,1,Gold Star,367,Electronics,8,215.28,0,0,21,23,3,36,83,0
3863,2023-03-03,2,Executive,331,Home,15,36.3,0,0,29,6,5,14,54,0
3864,2023-03-29,6,Business,277,Furniture,4,155.08,0,0,32,24,2,3,61,0
3865,2023-09-08,10,Gold Star,154,Grocery,6,293.94,0,0,18,5,1,1,25,1
3866,2023-06-19,7,Executive,471,Clothing,17,639.71,0,0,39,6,11,65,121,0
3867,2023-11-23,8,Business,151,Appliances,8,322.24,0,0,12,13,12,8,45,1
3868,2023-01-02,1,Executive,47,Home,16,353.6,0,0,22,20,4,70,116,0
3869,2023-03-26,9,Business,152,Grocery,18,27.9,1,0,41,17,6,11,75,0
3870,2023-10-31,10,Executive,23,Kirkland Signature,14,116.62,0,0,33,10,7,66,116,0
3871,2023-12-11,4,Executive,404,Home,12,443.52,0,0,22,1,7,13,43,1
3872,2023-12-04,1,Business,319,Seasonal,7,186.06,0,0,2,2,8,5,17,1
3873,2023-09-18,4,Business,278,Home,15,636.45,0,0,22,17,10,26,75,0
3874,2023-03-05,1,Gold Star,313,Clothing,14,247.94,1,0,45,17,5,15,82,0
3875,2023-09-14,5,Executive,272,Grocery,2,49.98,0,0,32,6,6,30,74,0
3876,2023-04-29,5,Business,479,Appliances,10,227.0,1,0,42,1,2,67,112,0
3877,2023-12-05,6,Business,114,Appliances,10,466.5,0,0,26,20,10,1,57,0
3878,2023-10-23,1,Business,437,Seasonal,10,254.2,0,0,2,9,3,58,72,0
3879,2023-04-14,3,Gold Star,465,Seasonal,3,29.43,0,0,48,2,11,7,68,0
3880,2023-02-22,5,Business,164,Clothing,7,255.5,0,0,17,14,2,31,64,0
3881,2023-11-12,2,Business,108,Furniture,20,730.2,1,0,21,10,1,42,74,0
3882,2023-07-26,3,Gold Star,9,Kirkland Signature,3,141.51,0,0,28,16,2,31,77,0
3883,2023-02-16,10,Business,258,Furniture,3,81.0,0,0,33,3,11,68,115,0
3884,2023-01-09,8,Executive,300,Seasonal,11,367.18,0,0,10,12,2,53,77,0
3885,2023-07-29,6,Executive,266,Appliances,19,880.46,1,0,15,11,5,60,91,0
3886,2023-09-16,8,Gold Star,15,Seasonal,3,148.32,1,0,4,16,12,49,81,0
3887,2023-01-24,4,Executive,406,Seasonal,9,179.19,0,0,7,3,7,36,53,0
3888,2023-06-03,10,Business,363,Grocery,11,40.7,1,0,17,6,3,25,51,0
3889,2023-06-03,10,Gold Star,479,Appliances,14,317.8,1,0,8,2,11,44,65,0
3890,2023-11-05,6,Executive,314,Seasonal,1,41.9,1,0,35,5,4,28,72,0
3891,2023-08-02,4,Executive,311,Kirkland Signature,2,1.92,0,0,25,20,4,39,88,0
3892,2023-10-21,5,Executive,197,Grocery,16,761.6,1,0,30,20,12,30,92,0
3893,2023-07-29,5,Gold Star,25,Kirkland Signature,10,455.6,1,0,1,23,2,69,95,0
3894,2023-07-15,2,Gold Star,435,Electronics,8,144.88,1,0,28,4,6,45,83,0
3895,2023-11-27,2,Gold Star,473,Appliances,3,108.15,0,0,38,3,4,41,86,0
3896,2023-01-29,3,Gold Star,27,Kirkland Signature,16,721.76,1,0,2,9,3,36,50,0
3897,2023-03-18,1,Executive,239,Home,20,83.8,1,0,47,17,6,36,106,0
3898,2023-04-29,8,Executive,34,Home,8,52.24,1,0,31,23,10,63,127,0
3899,2023-09-11,5,Business,339,Appliances,9,400.77,0,0,38,4,5,23,70,0
3900,2023-06-05,6,Business,28,Electronics,17,14.62,0,0,26,19,12,44,101,0
3901,2023-04-20,1,Gold Star,267,Seasonal,12,33.72,0,0,3,22,2,30,57,0
3902,2023-04-06,5,Gold Star,227,Clothing,11,357.28,0,0,2,15,2,48,67,0
3903,2023-11-08,5,Executive,246,Clothing,18,776.88,0,0,38,18,1,43,100,0
3904,2023-11-16,9,Gold Star,444,Kirkland Signature,15,244.5,0,0,19,14,8,65,106,0
3905,2023-10-22,5,Business,275,Furniture,10,269.4,1,0,17,8,1,66,92,0
3906,2023-06-18,1,Gold Star,371,Grocery,16,539.36,1,0,26,6,6,62,100,0
3907,2023-05-28,1,Gold Star,372,Furniture,7,142.31,1,0,18,11,1,21,51,0
3908,2023-02-14,2,Business,89,Home,12,519.0,0,0,29,4,12,27,72,0
3909,2023-09-09,8,Business,316,Kirkland Signature,4,84.28,1,0,7,13,3,6,29,1
3910,2023-02-14,1,Executive,259,Furniture,14,528.78,0,0,19,20,11,6,56,0
3911,2023-08-26,4,Gold Star,443,Kirkland Signature,14,52.64,1,0,33,5,12,46,96,0
3912,2023-04-07,4,Executive,292,Electronics,11,63.25,0,0,32,20,8,54,114,0
3913,2023-10-24,7,Gold Star,316,Kirkland Signature,16,337.12,0,0,3,11,2,4,20,1
3914,2023-11-27,8,Gold Star,261,Seasonal,11,436.26,0,0,34,18,4,17,73,0
3915,2023-02-12,7,Business,33,Clothing,18,699.84,1,0,30,16,5,29,80,0
3916,2023-03-23,4,Gold Star,316,Kirkland Signature,15,316.05,0,0,12,1,8,67,88,0
3917,2023-08-13,5,Executive,83,Kirkland Signature,7,343.07,1,0,42,11,11,4,68,0
3918,2023-11-05,5,Gold Star,364,Grocery,5,130.85,1,0,22,1,11,65,99,0
3919,2023-11-24,9,Business,113,Clothing,18,234.72,0,0,4,8,9,52,73,0
3920,2023-07-06,8,Business,175,Seasonal,1,31.96,0,0,4,6,2,46,58,0
3921,2023-07-05,1,Executive,68,Kirkland Signature,1,36.07,0,0,33,12,2,26,73,0
3922,2023-06-04,9,Executive,490,Furniture,16,551.36,1,0,43,17,12,1,73,0
3923,2023-09-20,6,Business,242,Electronics,19,617.5,0,0,21,14,4,20,59,0
3924,2023-05-16,3,Gold Star,10,Furniture,12,206.28,0,0,44,8,3,19,74,0
3925,2023-04-28,4,Executive,457,Clothing,18,854.64,0,0,3,22,7,27,59,0
3926,2023-12-16,7,Executive,284,Furniture,8,51.44,1,1,35,19,7,56,117,0
3927,2023-12-22,3,Business,332,Home,19,289.94,0,1,36,23,11,15,85,0
3928,2023-07-24,1,Executive,314,Seasonal,13,544.7,0,0,45,20,9,17,91,0
3929,2023-06-28,4,Business,419,Clothing,8,201.12,0,0,13,19,12,50,94,0
3930,2023-02-17,7,Executive,90,Seasonal,16,520.16,0,0,21,3,7,66,97,0
3931,2023-10-20,5,Business,433,Appliances,2,26.58,0,0,44,5,11,17,77,0
3932,2023-05-10,4,Business,2,Appliances,5,128.25,0,0,15,1,1,35,52,0
3933,2023-03-18,10,Business,446,Clothing,4,90.48,1,0,35,11,9,67,122,0
3934,2023-04-08,10,Gold Star,30,Electronics,11,108.02,1,0,17,9,3,64,93,0
3935,2023-01-05,2,Business,492,Electronics,7,219.94,0,0,7,24,4,70,105,0
3936,2023-01-10,3,Gold Star,49,Appliances,4,105.08,0,0,34,8,2,9,53,0
3937,2023-09-10,1,Gold Star,135,Clothing,11,27.61,1,0,24,8,9,55,96,0
3938,2023-05-27,1,Executive,167,Seasonal,5,35.35,1,0,24,7,3,69,103,0
3939,2023-10-28,6,Business,283,Home,8,358.88,1,0,6,4,5,39,54,0
3940,2023-07-06,2,Business,203,Appliances,10,202.6,0,0,19,9,8,17,53,0
3941,2023-09-01,6,Executive,88,Grocery,17,97.24,0,0,11,24,12,35,82,0
3942,2023-01-27,3,Executive,259,Furniture,20,755.4,0,0,10,14,3,21,48,1
3943,2023-03-06,5,Business,186,Electronics,19,777.67,0,0,46,7,4,50,107,0
3944,2023-12-14,2,Gold Star,339,Appliances,16,712.48,0,0,11,22,3,9,45,1
3945,2023-12-09,7,Gold Star,416,Home,14,665.84,1,0,5,15,6,55,81,0
3946,2023-01-25,5,Business,333,Grocery,17,393.04,0,0,44,24,10,31,109,0
3947,2023-01-01,3,Gold Star,182,Furniture,11,140.36,1,0,33,2,7,69,111,0
3948,2023-03-01,10,Business,12,Kirkland Signature,13,205.66,0,0,21,17,6,53,97,0
3949,2023-06-28,6,Executive,305,Electronics,16,787.52,0,0,25,19,7,16,67,0
3950,2023-09-24,6,Business,199,Seasonal,8,340.32,1,0,1,9,6,57,73,0
3951,2023-06-21,5,Gold Star,224,Electronics,5,169.8,0,0,33,3,11,58,105,0
3952,2023-10-23,1,Gold Star,141,Home,9,259.65,0,0,32,9,5,39,85,0
3953,2023-03-16,6,Executive,158,Furniture,1,36.8,0,0,32,6,12,68,118,0
3954,2023-10-13,10,Gold Star,55,Clothing,6,271.38,0,0,36,14,3,67,120,0
3955,2023-04-01,1,Executive,81,Electronics,1,34.96,1,0,24,18,1,29,72,0
3956,2023-08-27,10,Executive,355,Grocery,11,397.21,1,0,1,20,12,15,48,1
3957,2023-01-19,2,Executive,80,Appliances,18,705.78,0,0,46,4,2,28,80,0
3958,2023-10-08,4,Executive,35,Clothing,5,142.1,1,0,21,3,5,5,34,1
3959,2023-01-16,4,Executive,355,Grocery,14,505.54,0,0,1,2,2,64,69,0
3960,2023-05-31,2,Gold Star,121,Electronics,14,578.48,0,0,23,4,11,61,99,0
3961,2023-05-03,2,Business,119,Electronics,12,244.68,0,0,14,16,2,71,103,0
3962,2023-05-31,10,Business,416,Home,19,903.64,0,0,31,17,3,30,81,0
3963,2023-06-03,6,Gold Star,145,Grocery,12,114.0,1,0,48,4,6,3,61,0
3964,2023-04-11,2,Business,434,Kirkland Signature,18,485.82,0,0,8,24,4,63,99,0
3965,2023-07-16,1,Gold Star,1,Clothing,14,176.82,1,0,26,23,12,36,97,0
3966,2023-12-03,5,Executive,351,Electronics,18,528.66,1,0,6,7,10,2,25,1
3967,2023-01-19,7,Gold Star,484,Kirkland Signature,4,40.84,0,0,2,14,1,14,31,1
3968,2023-03-06,3,Gold Star,214,Clothing,15,660.9,0,0,40,23,7,9,79,0
3969,2023-05-16,7,Business,311,Kirkland Signature,8,7.68,0,0,16,22,12,14,64,0
3970,2023-03-01,7,Executive,157,Clothing,20,779.0,0,0,42,6,10,33,91,0
3971,2023-11-21,6,Gold Star,331,Home,10,24.2,0,0,20,7,1,56,84,0
3972,2023-09-28,3,Executive,23,Kirkland Signature,18,149.94,0,0,21,22,3,43,89,0
3973,2023-11-12,9,Gold Star,25,Kirkland Signature,6,273.36,1,0,42,24,11,72,149,0
3974,2023-10-14,1,Executive,203,Appliances,3,60.78,1,0,24,5,1,31,61,0
3975,2023-11-29,10,Gold Star,392,Seasonal,6,39.54,0,0,23,6,7,46,82,0
3976,2023-09-12,5,Business,486,Clothing,10,351.2,0,0,43,5,3,23,74,0
3977,2023-09-06,8,Gold Star,283,Home,1,44.86,0,0,19,11,1,9,40,1
3978,2023-06-28,6,Executive,203,Appliances,20,405.2,0,0,9,21,3,50,83,0
3979,2023-11-26,5,Executive,313,Clothing,15,265.65,1,0,14,22,12,70,118,0
3980,2023-05-26,6,Gold Star,312,Kirkland Signature,5,39.35,0,0,36,14,10,69,129,0
3981,2023-09-22,8,Business,401,Kirkland Signature,10,385.1,0,0,8,1,1,66,76,0
3982,2023-05-19,7,Gold Star,361,Kirkland Signature,3,127.44,0,0,8,1,3,47,59,0
3983,2023-01-30,7,Executive,465,Seasonal,5,49.05,0,0,4,14,3,6,27,1
3984,2023-07-30,6,Gold Star,13,Furniture,7,150.78,1,0,13,10,6,39,68,0
3985,2023-05-28,6,Executive,136,Kirkland Signature,10,437.5,1,0,40,13,3,25,81,0
3986,2023-04-23,9,Gold Star,220,Grocery,1,3.91,1,0,25,1,4,30,60,0
3987,2023-03-21,1,Executive,12,Kirkland Signature,13,205.66,0,0,47,12,7,64,130,0
3988,2023-04-30,4,Business,38,Appliances,7,74.2,1,0,12,5,11,53,81,0
3989,2023-05-09,6,Gold Star,115,Electronics,8,372.0,0,0,47,3,3,64,117,0
3990,2023-11-13,7,Executive,52,Electronics,12,571.08,0,0,43,14,8,50,115,0
3991,2023-12-11,2,Gold Star,491,Appliances,10,133.6,0,0,43,4,4,41,92,0
3992,2023-05-12,10,Executive,279,Kirkland Signature,10,325.3,0,0,16,10,3,62,91,0
3993,2023-02-06,3,Executive,468,Grocery,6,42.48,0,0,21,24,6,68,119,0
3994,2023-04-16,7,Executive,55,Clothing,7,316.61,1,0,10,19,2,16,47,1
3995,2023-07-02,10,Executive,438,Electronics,20,944.4,1,0,32,20,4,20,76,0
3996,2023-11-08,1,Executive,117,Grocery,11,363.88,0,0,48,8,3,69,128,0
3997,2023-12-09,7,Executive,70,Clothing,10,460.0,1,0,17,2,9,25,53,0
3998,2023-08-09,7,Executive,194,Furniture,7,201.11,0,0,41,15,3,44,103,0
3999,2023-11-26,7,Executive,397,Home,19,175.94,1,0,41,24,3,52,120,0
4000,2023-09-25,3,Gold Star,214,Clothing,4,176.24,0,0,36,19,3,33,91,0
4001,2023-04-26,2,Business,305,Electronics,14,689.08,0,0,12,8,11,48,79,0
4002,2023-05-11,3,Executive,212,Electronics,10,31.3,0,0,36,17,8,56,117,0
4003,2023-08-23,8,Gold Star,170,Kirkland Signature,13,442.91,0,0,22,11,7,72,112,0
4004,2023-12-29,4,Business,301,Kirkland Signature,2,99.9,0,0,22,4,3,55,84,0
4005,2023-10-29,8,Gold Star,406,Seasonal,17,338.47,1,0,31,9,12,41,93,0
4006,2023-10-01,5,Gold Star,280,Seasonal,8,199.76,1,0,7,22,5,48,82,0
4007,2023-07-24,5,Executive,86,Kirkland Signature,8,197.28,0,0,4,22,12,8,46,1
4008,2023-11-06,5,Executive,142,Kirkland Signature,20,822.0,0,0,16,19,12,58,105,0
4009,2023-01-10,3,Business,272,Grocery,13,324.87,0,0,20,12,10,12,54,0
4010,2023-01-27,5,Business,122,Kirkland Signature,8,291.84,0,0,3,13,10,70,96,0
4011,2023-03-26,6,Gold Star,194,Furniture,6,172.38,1,0,26,17,8,57,108,0
4012,2023-05-09,9,Business,15,Seasonal,19,939.36,0,0,28,3,5,32,68,0
4013,2023-11-01,2,Business,378,Kirkland Signature,19,463.6,0,0,16,19,5,33,73,0
4014,2023-05-30,9,Executive,279,Kirkland Signature,10,325.3,0,0,37,3,1,36,77,0
4015,2023-10-17,6,Business,256,Grocery,14,62.44,0,0,40,10,11,35,96,0
4016,2023-05-29,6,Business,107,Seasonal,4,57.32,0,0,40,4,9,10,63,0
4017,2023-01-16,10,Executive,192,Furniture,14,584.64,0,0,7,18,1,1,27,1
4018,2023-11-26,2,Executive,236,Grocery,2,1.7,1,0,21,12,2,59,94,0
4019,2023-11-25,10,Executive,75,Appliances,10,403.8,1,0,28,1,8,38,75,0
4020,2023-02-05,10,Business,226,Grocery,2,56.24,1,0,11,18,9,1,39,1
4021,2023-11-09,1,Gold Star,314,Seasonal,15,628.5,0,0,30,17,12,3,62,0
4022,2023-10-14,5,Gold Star,8,Appliances,19,92.91,1,0,24,15,7,18,64,0
4023,2023-08-19,4,Gold Star,365,Furniture,5,19.35,1,0,21,15,8,26,70,0
4024,2023-03-26,4,Gold Star,183,Electronics,14,305.34,1,0,23,19,8,21,71,0
4025,2023-07-16,5,Business,138,Furniture,7,165.41,1,0,16,12,7,10,45,1
4026,2023-06-12,9,Executive,3,Seasonal,15,565.95,0,0,5,22,6,22,55,0
4027,2023-08-14,2,Executive,97,Appliances,8,394.56,0,0,37,13,7,30,87,0
4028,2023-09-10,2,Executive,410,Home,2,35.48,1,0,20,14,5,13,52,0
4029,2023-07-17,6,Executive,480,Grocery,10,141.8,0,0,22,11,3,32,68,0
4030,2023-12-06,6,Business,251,Kirkland Signature,5,186.3,0,0,15,6,11,70,102,0
4031,2023-05-24,10,Gold Star,192,Furniture,13,542.88,0,0,26,24,9,58,117,0
4032,2023-01-12,1,Executive,77,Home,6,125.04,0,0,3,2,6,48,59,0
4033,2023-09-29,10,Gold Star,379,Clothing,13,252.59,0,0,12,24,2,59,97,0
4034,2023-02-11,1,Business,85,Seasonal,10,487.3,1,0,39,20,3,61,123,0
4035,2023-07-06,3,Executive,488,Grocery,18,119.16,0,0,4,23,1,28,56,0
4036,2023-10-15,6,Executive,457,Clothing,7,332.36,1,0,20,24,5,59,108,0
4037,2023-12-16,7,Gold Star,14,Home,5,166.0,1,1,37,23,3,46,109,0
4038,2023-09-05,4,Gold Star,18,Appliances,5,15.65,0,0,37,6,8,32,83,0
4039,2023-04-17,8,Gold Star,475,Kirkland Signature,6,86.22,0,0,1,19,6,14,40,1
4040,2023-01-01,8,Business,276,Kirkland Signature,18,463.32,1,0,45,11,1,31,88,0
4041,2023-05-01,8,Gold Star,22,Clothing,15,367.95,0,0,32,6,10,37,85,0
4042,2023-07-01,1,Business,327,Grocery,11,438.68,1,0,43,14,8,10,75,0
4043,2023-05-10,9,Business,238,Kirkland Signature,16,179.36,0,0,32,1,7,40,80,0
4044,2023-12-13,3,Business,362,Clothing,9,297.45,0,0,37,12,1,55,105,0
4045,2023-06-11,5,Executive,376,Kirkland Signature,15,326.7,1,0,20,12,5,61,98,0
4046,2023-01-01,10,Business,260,Home,2,93.28,1,0,5,21,6,17,49,0
4047,2023-08-20,1,Gold Star,429,Furniture,16,274.08,1,0,6,20,8,30,64,0
4048,2023-09-10,8,Executive,125,Home,7,265.65,1,0,37,10,6,40,93,0
4049,2023-10-02,1,Business,465,Seasonal,15,147.15,0,0,9,18,4,27,58,0
4050,2023-12-27,1,Executive,259,Furniture,11,415.47,0,0,20,11,10,58,99,0
4051,2023-01-07,8,Business,313,Clothing,6,106.26,1,0,19,13,11,52,95,0
4052,2023-09-13,2,Business,229,Seasonal,9,385.56,0,0,4,2,10,30,46,1
4053,2023-08-06,1,Executive,425,Appliances,11,291.06,1,0,30,15,10,25,80,0
4054,2023-06-12,8,Business,400,Grocery,6,214.62,0,0,35,11,11,45,102,0
4055,2023-10-15,1,Business,426,Home,10,321.5,1,0,38,20,4,25,87,0
4056,2023-02-11,10,Gold Star,203,Appliances,13,263.38,1,0,18,9,6,26,59,0
4057,2023-06-09,1,Executive,108,Furniture,18,657.18,0,0,1,21,7,10,39,1
4058,2023-01-28,2,Business,88,Grocery,19,108.68,1,0,6,23,3,49,81,0
4059,2023-11-19,3,Executive,443,Kirkland Signature,11,41.36,1,0,15,16,9,13,53,0
4060,2023-08-27,5,Gold Star,175,Seasonal,3,95.88,1,0,28,1,3,8,40,1
4061,2023-12-27,8,Business,242,Electronics,7,227.5,0,0,5,5,7,67,84,0
4062,2023-04-13,7,Gold Star,394,Clothing,17,760.58,0,0,28,2,8,31,69,0
4063,2023-04-23,9,Gold Star,324,Seasonal,5,93.6,1,0,10,12,3,11,36,1
4064,2023-07-10,10,Gold Star,249,Furniture,16,206.4,0,0,9,11,3,38,61,0
4065,2023-07-26,5,Business,56,Seasonal,5,56.85,0,0,16,23,5,8,52,0
4066,2023-09-02,5,Gold Star,375,Furniture,12,418.44,1,0,33,15,6,36,90,0
4067,2023-04-26,4,Executive,18,Appliances,5,15.65,0,0,4,4,6,32,46,1
4068,2023-01-06,1,Executive,27,Kirkland Signature,15,676.65,0,0,35,14,5,18,72,0
4069,2023-07-18,3,Business,241,Electronics,20,542.4,0,0,3,13,11,58,85,0
4070,2023-06-21,3,Gold Star,29,Clothing,16,717.44,0,0,2,19,12,64,97,0
4071,2023-03-26,6,Gold Star,72,Grocery,2,76.7,1,0,27,19,7,15,68,0
4072,2023-10-09,6,Business,78,Kirkland Signature,9,183.69,0,0,2,3,8,33,46,1
4073,2023-02-18,1,Gold Star,108,Furniture,8,292.08,1,0,32,11,7,43,93,0
4074,2023-04-09,1,Business,96,Seasonal,9,210.15,1,0,26,2,9,18,55,0
4075,2023-11-23,1,Business,128,Grocery,18,474.12,0,0,6,14,6,40,66,0
4076,2023-07-07,1,Executive,442,Appliances,13,166.53,0,0,41,3,12,10,66,0
4077,2023-09-19,6,Executive,318,Home,17,641.75,0,0,37,12,9,12,70,0
4078,2023-11-04,7,Business,291,Kirkland Signature,20,36.6,1,0,7,4,11,8,30,1
4079,2023-03-04,7,Executive,470,Kirkland Signature,20,767.4,1,0,39,8,2,10,59,0
4080,2023-12-18,7,Business,217,Furniture,3,52.56,0,1,10,20,1,70,101,0
4081,2023-04-29,10,Gold Star,227,Clothing,20,649.6,1,0,22,8,1,56,87,0
4082,2023-06-03,7,Executive,100,Electronics,7,195.02,1,0,21,3,3,5,32,1
4083,2023-07-26,5,Executive,462,Kirkland Signature,2,62.94,0,0,30,3,6,59,98,0
4084,2023-06-02,1,Executive,269,Electronics,19,59.85,0,0,36,15,11,23,85,0
4085,2023-01-20,5,Gold Star,254,Seasonal,8,48.16,0,0,16,5,11,25,57,0
4086,2023-12-08,8,Executive,281,Kirkland Signature,4,96.52,0,0,9,9,1,66,85,0
4087,2023-03-03,1,Gold Star,243,Kirkland Signature,4,16.48,0,0,38,8,2,16,64,0
4088,2023-07-11,9,Business,366,Kirkland Signature,5,24.25,0,0,28,10,9,47,94,0
4089,2023-09-19,7,Business,157,Clothing,12,467.4,0,0,3,20,8,62,93,0
4090,2023-09-05,7,Executive,142,Kirkland Signature,18,739.8,0,0,22,15,11,23,71,0
4091,2023-12-15,9,Gold Star,447,Clothing,2,78.66,0,1,48,7,5,38,98,0
4092,2023-12-28,7,Business,370,Electronics,8,305.28,0,0,21,4,4,56,85,0
4093,2023-02-18,3,Executive,482,Kirkland Signature,1,47.22,1,0,9,3,11,28,51,0
4094,2023-04-10,4,Business,112,Clothing,10,445.7,0,0,1,13,1,51,66,0
4095,2023-08-30,1,Gold Star,64,Electronics,2,11.66,0,0,20,2,7,25,54,0
4096,2023-06-05,10,Executive,489,Electronics,14,623.14,0,0,20,24,4,34,82,0
4097,2023-03-04,7,Executive,104,Clothing,14,194.32,1,0,22,21,2,16,61,0
4098,2023-08-24,1,Gold Star,417,Clothing,3,83.31,0,0,20,3,12,56,91,0
4099,2023-01-30,6,Gold Star,206,Furniture,19,857.85,0,0,28,24,2,41,95,0
4100,2023-03-26,9,Executive,170,Kirkland Signature,10,340.7,1,0,18,1,6,46,71,0
4101,2023-06-25,2,Gold Star,372,Furniture,19,386.27,1,0,16,11,9,54,90,0
4102,2023-08-09,5,Business,336,Electronics,6,271.62,0,0,33,12,8,34,87,0
4103,2023-12-29,6,Executive,406,Seasonal,14,278.74,0,0,6,16,11,14,47,1
4104,2023-12-01,1,Business,380,Seasonal,9,198.36,0,0,32,22,11,12,77,0
4105,2023-02-24,6,Gold Star,390,Seasonal,20,960.2,0,0,14,10,3,57,84,0
4106,2023-06-23,8,Executive,371,Grocery,8,269.68,0,0,24,21,3,66,114,0
4107,2023-10-22,6,Business,147,Appliances,8,342.24,1,0,8,12,12,60,92,0
4108,2023-07-12,10,Gold Star,260,Home,13,606.32,0,0,45,15,8,36,104,0
4109,2023-11-09,6,Gold Star,89,Home,19,821.75,0,0,11,10,10,12,43,1
4110,2023-06-29,10,Business,29,Clothing,18,807.12,0,0,17,5,5,30,57,0
4111,2023-06-04,10,Business,394,Clothing,9,402.66,1,0,26,14,4,25,69,0
4112,2023-06-02,4,Gold Star,230,Appliances,7,162.82,0,0,15,13,5,30,63,0
4113,2023-01-18,4,Business,221,Clothing,7,274.05,0,0,33,1,6,69,109,0
4114,2023-06-15,9,Gold Star,98,Home,20,851.0,0,0,13,16,12,54,95,0
4115,2023-07-14,2,Gold Star,293,Clothing,1,31.02,0,0,32,15,3,25,75,0
4116,2023-11-09,6,Business,299,Home,17,699.55,0,0,14,1,7,59,81,0
4117,2023-11-18,9,Business,320,Clothing,12,205.32,1,0,24,5,7,69,105,0
4118,2023-05-04,10,Business,498,Kirkland Signature,12,547.56,0,0,5,20,11,5,41,1
4119,2023-10-18,6,Business,299,Home,4,164.6,0,0,30,23,6,47,106,0
4120,2023-05-12,8,Executive,330,Furniture,6,113.34,0,0,46,15,7,20,88,0
4121,2023-10-31,2,Business,8,Appliances,15,73.35,0,0,14,9,10,65,98,0
4122,2023-06-26,2,Executive,118,Furniture,7,93.03,0,0,2,2,6,50,60,0
4123,2023-10-25,10,Executive,213,Grocery,3,76.68,0,0,47,2,8,45,102,0
4124,2023-12-01,3,Executive,211,Kirkland Signature,1,19.71,0,0,48,23,10,23,104,0
4125,2023-06-18,8,Business,173,Seasonal,17,348.67,1,0,5,2,11,1,19,1
4126,2023-11-15,6,Executive,72,Grocery,8,306.8,0,0,3,17,3,14,37,1
4127,2023-07-22,1,Executive,225,Grocery,11,24.64,1,0,4,19,2,2,27,1
4128,2023-12-23,1,Executive,21,Appliances,17,252.28,1,1,20,6,9,33,68,0
4129,2023-12-04,1,Executive,450,Electronics,11,98.56,0,0,38,3,11,57,109,0
4130,2023-12-14,5,Executive,483,Appliances,2,15.14,0,0,1,6,12,60,79,0
4131,2023-08-18,4,Gold Star,413,Home,17,832.66,0,0,28,20,12,2,62,0
4132,2023-07-02,3,Business,255,Seasonal,5,207.5,1,0,33,14,6,17,70,0
4133,2023-08-27,10,Executive,431,Appliances,6,20.1,1,0,38,14,12,7,71,0
4134,2023-08-17,10,Gold Star,322,Furniture,8,210.32,0,0,25,17,3,8,53,0
4135,2023-11-15,8,Business,255,Seasonal,20,830.0,0,0,21,18,8,43,90,0
4136,2023-09-13,7,Business,181,Clothing,18,197.46,0,0,4,10,11,65,90,0
4137,2023-08-06,3,Business,306,Home,16,180.16,1,0,46,1,2,17,66,0
4138,2023-05-25,1,Gold Star,308,Appliances,14,112.56,0,0,45,5,6,41,97,0
4139,2023-09-26,2,Executive,190,Appliances,3,128.64,0,0,3,10,6,69,88,0
4140,2023-04-17,2,Executive,50,Electronics,13,436.93,0,0,7,6,7,32,52,0
4141,2023-05-18,4,Gold Star,75,Appliances,12,484.56,0,0,44,18,7,38,107,0
4142,2023-03-27,8,Business,240,Home,19,470.25,0,0,21,9,11,43,84,0
4143,2023-11-23,5,Business,70,Clothing,12,552.0,0,0,43,4,7,66,120,0
4144,2023-02-07,6,Business,39,Seasonal,4,193.04,0,0,35,19,1,43,98,0
4145,2023-09-03,6,Business,268,Seasonal,14,312.2,1,0,4,17,8,43,72,0
4146,2023-07-26,1,Gold Star,374,Kirkland Signature,15,396.6,0,0,9,11,9,10,39,1
4147,2023-02-23,8,Gold Star,250,Home,14,497.14,0,0,19,19,6,67,111,0
4148,2023-02-07,3,Gold Star,434,Kirkland Signature,14,377.86,0,0,17,1,12,3,33,1
4149,2023-02-01,6,Gold Star,109,Grocery,4,138.36,0,0,42,18,10,60,130,0
4150,2023-05-16,9,Business,352,Electronics,7,318.57,0,0,31,9,5,50,95,0
4151,2023-01-16,5,Business,129,Home,4,96.28,0,0,31,9,9,13,62,0
4152,2023-12-09,9,Executive,125,Home,11,417.45,1,0,5,4,10,64,83,0
4153,2023-03-13,1,Business,43,Seasonal,12,510.36,0,0,38,3,4,61,106,0
4154,2023-02-01,9,Business,234,Electronics,7,298.41,0,0,33,21,2,3,59,0
4155,2023-04-10,7,Business,411,Kirkland Signature,15,517.2,0,0,3,16,9,67,95,0
4156,2023-07-03,4,Gold Star,39,Seasonal,12,579.12,0,0,12,11,8,66,97,0
4157,2023-06-17,6,Executive,413,Home,7,342.86,1,0,3,5,10,48,66,0
4158,2023-03-29,2,Gold Star,255,Seasonal,15,622.5,0,0,8,18,3,3,32,1
4159,2023-01-08,4,Executive,394,Clothing,11,492.14,1,0,4,15,3,36,58,0
4160,2023-02-23,7,Executive,15,Seasonal,14,692.16,0,0,21,24,10,13,68,0
4161,2023-12-10,4,Executive,297,Grocery,12,192.0,1,0,27,3,10,63,103,0
4162,2023-01-14,10,Gold Star,444,Kirkland Signature,11,179.3,1,0,5,22,5,39,71,0
4163,2023-06-20,7,Business,487,Home,2,72.12,0,0,11,22,11,44,88,0
4164,2023-01-08,8,Gold Star,458,Clothing,17,662.32,1,0,36,19,2,60,117,0
4165,2023-05-13,1,Executive,59,Grocery,2,70.74,1,0,19,22,12,62,115,0
4166,2023-07-18,10,Executive,191,Furniture,9,152.64,0,0,33,15,11,44,103,0
4167,2023-09-12,9,Gold Star,405,Seasonal,12,182.52,0,0,31,9,7,41,88,0
4168,2023-09-03,3,Executive,336,Electronics,10,452.7,1,0,13,8,6,56,83,0
4169,2023-07-04,3,Executive,397,Home,6,55.56,0,0,39,22,1,26,88,0
4170,2023-02-27,5,Gold Star,255,Seasonal,10,415.0,0,0,22,9,9,17,57,0
4171,2023-12-05,1,Executive,265,Electronics,7,90.16,0,0,43,22,8,48,121,0
4172,2023-10-29,2,Gold Star,412,Furniture,7,234.43,1,0,1,2,7,47,57,0
4173,2023-04-11,4,Business,342,Grocery,13,395.33,0,0,39,12,5,38,94,0
4174,2023-08-23,7,Gold Star,13,Furniture,12,258.48,0,0,25,7,4,59,95,0
4175,2023-07-17,8,Executive,211,Kirkland Signature,10,197.1,0,0,16,8,7,59,90,0
4176,2023-07-09,1,Business,99,Home,3,47.76,1,0,11,12,6,63,92,0
4177,2023-01-26,2,Executive,391,Seasonal,12,214.08,0,0,32,17,11,71,131,0
4178,2023-04-13,6,Gold Star,273,Home,4,27.88,0,0,3,5,1,9,18,1
4179,2023-03-28,1,Business,111,Appliances,20,69.8,0,0,9,4,11,6,30,1
4180,2023-08-08,7,Gold Star,255,Seasonal,20,830.0,0,0,5,5,11,56,77,0
4181,2023-09-19,4,Executive,372,Furniture,7,142.31,0,0,19,17,3,51,90,0
4182,2023-11-11,4,Executive,300,Seasonal,10,333.8,1,0,31,21,1,34,87,0
4183,2023-09-12,1,Business,394,Clothing,10,447.4,0,0,20,6,5,2,33,1
4184,2023-04-30,4,Gold Star,416,Home,17,808.52,1,0,45,17,6,42,110,0
4185,2023-05-25,5,Gold Star,423,Seasonal,15,21.0,0,0,37,22,4,35,98,0
4186,2023-02-09,1,Executive,244,Electronics,18,626.58,0,0,32,19,11,35,97,0
4187,2023-03-17,9,Gold Star,453,Grocery,11,104.17,0,0,10,24,5,49,88,0
4188,2023-03-05,2,Business,329,Electronics,13,210.99,1,0,12,8,6,63,89,0
4189,2023-05-21,8,Executive,21,Appliances,4,59.36,1,0,23,10,8,28,69,0
4190,2023-03-12,5,Executive,348,Home,18,780.3,1,0,29,5,11,6,51,0
4191,2023-12-30,4,Gold Star,490,Furniture,1,34.46,1,0,20,16,6,60,102,0
4192,2023-08-20,4,Executive,308,Appliances,8,64.32,1,0,29,10,5,54,98,0
4193,2023-07-14,5,Business,167,Seasonal,10,70.7,0,0,30,11,12,31,84,0
4194,2023-09-15,3,Gold Star,338,Seasonal,2,92.28,0,0,7,1,3,38,49,0
4195,2023-02-03,6,Business,450,Electronics,5,44.8,0,0,27,11,3,65,106,0
4196,2023-03-28,4,Business,108,Furniture,20,730.2,0,0,30,23,12,12,77,0
4197,2023-04-12,8,Gold Star,399,Clothing,14,286.02,0,0,39,21,9,7,76,0
4198,2023-09-14,8,Gold Star,173,Seasonal,17,348.67,0,0,43,15,3,10,71,0
4199,2023-07-22,2,Business,492,Electronics,18,565.56,1,0,42,6,7,21,76,0
4200,2023-12-12,4,Business,207,Home,13,116.74,0,0,32,11,9,26,78,0
4201,2023-09-26,2,Business,119,Electronics,5,101.95,0,0,30,24,2,6,62,0
4202,2023-03-12,7,Gold Star,18,Appliances,10,31.3,1,0,46,6,8,29,89,0
4203,2023-06-25,8,Business,197,Grocery,12,571.2,1,0,45,2,8,6,61,0
4204,2023-06-07,3,Gold Star,153,Home,2,57.96,0,0,26,13,6,62,107,0
4205,2023-07-07,4,Business,278,Home,12,509.16,0,0,35,7,11,3,56,0
4206,2023-06-29,3,Gold Star,43,Seasonal,2,85.06,0,0,14,16,5,28,63,0
4207,2023-04-20,4,Gold Star,283,Home,12,538.32,0,0,43,9,12,11,75,0
4208,2023-06-07,3,Business,456,Grocery,10,223.4,0,0,46,12,2,65,125,0
4209,2023-08-31,7,Business,134,Appliances,16,138.08,0,0,29,14,11,24,78,0
4210,2023-10-16,2,Gold Star,74,Appliances,8,319.52,0,0,20,10,7,23,60,0
4211,2023-02-11,5,Business,220,Grocery,2,7.82,1,0,1,10,12,16,39,1
4212,2023-11-25,7,Gold Star,472,Clothing,1,44.12,1,0,48,17,8,63,136,0
4213,2023-07-18,3,Executive,318,Home,4,151.0,0,0,5,11,11,6,33,1
4214,2023-02-26,5,Executive,183,Electronics,7,152.67,1,0,36,19,7,67,129,0
4215,2023-09-15,8,Gold Star,139,Electronics,14,641.9,0,0,16,13,4,46,79,0
4216,2023-07-08,6,Business,375,Furniture,7,244.09,1,0,20,22,4,5,51,0
4217,2023-08-28,9,Executive,5,Furniture,17,98.94,0,0,43,7,11,50,111,0
4218,2023-05-22,9,Gold Star,446,Clothing,19,429.78,0,0,43,6,11,38,98,0
4219,2023-06-29,6,Business,261,Seasonal,3,118.98,0,0,32,10,2,38,82,0
4220,2023-03-04,5,Business,74,Appliances,19,758.86,1,0,1,19,10,24,54,0
4221,2023-05-08,2,Business,5,Furniture,4,23.28,0,0,2,5,5,23,35,1
4222,2023-04-06,7,Gold Star,185,Kirkland Signature,7,7.07,0,0,29,22,1,63,115,0
4223,2023-05-29,2,Business,25,Kirkland Signature,8,364.48,0,0,41,3,4,29,77,0
4224,2023-11-05,9,Executive,80,Appliances,16,627.36,1,0,20,7,6,2,35,1
4225,2023-06-19,10,Gold Star,226,Grocery,17,478.04,0,0,35,2,5,59,101,0
4226,2023-02-28,5,Executive,142,Kirkland Signature,14,575.4,0,0,21,16,11,7,55,0
4227,2023-10-17,1,Gold Star,390,Seasonal,1,48.01,0,0,1,9,9,2,21,1
4228,2023-05-27,4,Business,170,Kirkland Signature,15,511.05,1,0,24,17,7,9,57,0
4229,2023-04-04,10,Business,274,Grocery,5,245.45,0,0,18,11,2,44,75,0
4230,2023-09-01,7,Gold Star,395,Electronics,11,496.98,0,0,27,14,4,9,54,0
4231,2023-08-21,6,Gold Star,274,Grocery,18,883.62,0,0,16,17,11,51,95,0
4232,2023-06-13,9,Executive,396,Electronics,9,420.57,0,0,31,8,1,1,41,1
4233,2023-01-30,3,Business,40,Home,18,519.66,0,0,15,14,5,18,52,0
4234,2023-09-29,6,Business,102,Grocery,20,134.8,0,0,2,1,7,55,65,0
4235,2023-09-08,7,Gold Star,479,Appliances,6,136.2,0,0,45,10,6,3,64,0
4236,2023-09-28,8,Executive,148,Kirkland Signature,14,74.2,0,0,37,20,8,44,109,0
4237,2023-11-07,10,Business,346,Clothing,2,11.1,0,0,45,2,8,49,104,0
4238,2023-05-29,6,Business,497,Grocery,20,269.4,0,0,21,4,11,61,97,0
4239,2023-02-10,5,Gold Star,19,Seasonal,14,526.12,0,0,45,16,10,29,100,0
4240,2023-03-30,5,Business,74,Appliances,3,119.82,0,0,46,3,7,53,109,0
4241,2023-08-01,8,Executive,342,Grocery,17,516.97,0,0,12,17,4,67,100,0
4242,2023-07-13,10,Gold Star,124,Electronics,14,425.32,0,0,34,5,4,52,95,0
4243,2023-10-20,8,Executive,334,Clothing,5,135.95,0,0,10,23,10,5,48,1
4244,2023-11-04,8,Gold Star,380,Seasonal,10,220.4,1,0,9,5,8,11,33,1
4245,2023-04-08,9,Business,321,Appliances,10,217.1,1,0,17,20,12,52,101,0
4246,2023-02-11,4,Executive,68,Kirkland Signature,10,360.7,1,0,9,18,8,15,50,0
4247,2023-06-07,9,Business,121,Electronics,13,537.16,0,0,10,15,11,65,101,0
4248,2023-12-22,4,Business,108,Furniture,10,365.1,0,1,2,1,4,40,47,1
4249,2023-03-25,3,Business,295,Appliances,13,363.61,1,0,11,3,4,12,30,1
4250,2023-11-27,9,Gold Star,6,Appliances,4,110.8,0,0,22,9,3,37,71,0
4251,2023-12-18,3,Gold Star,66,Kirkland Signature,8,36.64,0,1,37,16,5,51,109,0
4252,2023-07-31,2,Gold Star,14,Home,10,332.0,0,0,39,1,4,71,115,0
4253,2023-07-28,8,Business,345,Kirkland Signature,6,8.4,0,0,3,23,6,36,68,0
4254,2023-03-20,10,Business,351,Electronics,15,440.55,0,0,31,19,10,64,124,0
4255,2023-10-16,6,Business,193,Clothing,13,498.42,0,0,35,23,7,71,136,0
4256,2023-05-08,3,Gold Star,233,Clothing,9,144.27,0,0,25,19,7,29,80,0
4257,2023-12-27,10,Gold Star,450,Electronics,1,8.96,0,0,47,7,2,7,63,0
4258,2023-06-03,7,Gold Star,108,Furniture,9,328.59,1,0,38,4,12,16,70,0
4259,2023-07-18,3,Business,127,Clothing,6,196.62,0,0,40,18,2,6,66,0
4260,2023-03-11,4,Executive,132,Appliances,6,12.54,1,0,40,12,10,6,68,0
4261,2023-07-17,10,Gold Star,364,Grocery,5,130.85,0,0,39,11,2,10,62,0
4262,2023-12-14,5,Gold Star,407,Seasonal,4,36.92,0,0,37,5,2,31,75,0
4263,2023-06-30,3,Executive,326,Seasonal,10,237.4,0,0,5,11,1,25,42,1
4264,2023-05-10,10,Executive,166,Appliances,16,660.16,0,0,35,5,3,16,59,0
4265,2023-05-07,3,Executive,309,Seasonal,16,485.12,1,0,16,23,3,10,52,0
4266,2023-06-01,8,Gold Star,59,Grocery,8,282.96,0,0,17,8,2,12,39,1
4267,2023-12-02,1,Executive,176,Clothing,9,165.6,1,0,37,2,8,56,103,0
4268,2023-01-09,7,Business,375,Furniture,20,697.4,0,0,42,20,2,40,104,0
4269,2023-12-11,8,Business,225,Grocery,3,6.72,0,0,23,6,1,70,100,0
4270,2023-12-21,3,Executive,75,Appliances,10,403.8,0,1,32,22,7,38,99,0
4271,2023-12-01,3,Business,40,Home,10,288.7,0,0,40,11,10,9,70,0
4272,2023-12-05,8,Executive,54,Appliances,16,268.48,0,0,21,16,2,56,95,0
4273,2023-06-24,5,Business,205,Grocery,16,494.88,1,0,10,19,8,24,61,0
4274,2023-08-13,1,Executive,397,Home,5,46.3,1,0,26,14,6,24,70,0
4275,2023-08-04,9,Gold Star,305,Electronics,10,492.2,0,0,48,21,11,25,105,0
4276,2023-02-23,8,Executive,408,Appliances,13,263.12,0,0,45,4,7,26,82,0
4277,2023-11-27,8,Business,456,Grocery,18,402.12,0,0,1,23,1,32,57,0
4278,2023-10-14,5,Business,281,Kirkland Signature,16,386.08,1,0,13,10,4,64,91,0
4279,2023-01-29,4,Business,296,Kirkland Signature,8,344.0,1,0,21,14,12,1,48,1
4280,2023-09-14,7,Business,126,Furniture,9,294.39,0,0,33,11,1,8,53,0
4281,2023-05-29,4,Business,76,Kirkland Signature,1,39.34,0,0,47,3,7,62,119,0
4282,2023-02-26,9,Business,245,Appliances,10,436.5,1,0,8,7,1,60,76,0
4283,2023-06-13,4,Gold Star,139,Electronics,12,550.2,0,0,16,13,11,48,88,0
4284,2023-11-11,5,Executive,161,Grocery,1,44.01,1,0,25,10,10,53,98,0
4285,2023-01-05,7,Business,167,Seasonal,8,56.56,0,0,35,8,2,27,72,0
4286,2023-06-20,1,Executive,369,Clothing,12,570.6,0,0,13,6,9,63,91,0
4287,2023-01-05,1,Gold Star,393,Clothing,12,243.72,0,0,12,6,2,55,75,0
4288,2023-08-02,2,Executive,366,Kirkland Signature,3,14.55,0,0,45,17,8,26,96,0
4289,2023-10-07,7,Business,155,Appliances,19,343.14,1,0,37,7,5,27,76,0
4290,2023-03-15,3,Executive,231,Seasonal,1,4.79,0,0,6,24,5,24,59,0
4291,2023-10-05,6,Gold Star,14,Home,16,531.2,0,0,28,21,2,62,113,0
4292,2023-10-27,8,Business,241,Electronics,12,325.44,0,0,40,5,5,58,108,0
4293,2023-02-09,3,Gold Star,89,Home,18,778.5,0,0,37,17,10,48,112,0
4294,2023-04-29,3,Gold Star,159,Home,16,644.8,1,0,38,15,6,38,97,0
4295,2023-09-06,10,Executive,433,Appliances,16,212.64,0,0,46,19,5,4,74,0
4296,2023-09-28,2,Executive,377,Grocery,5,17.8,0,0,48,3,6,59,116,0
4297,2023-05-07,5,Executive,143,Home,14,538.16,1,0,31,21,12,60,124,0
4298,2023-10-17,1,Gold Star,123,Clothing,18,287.28,0,0,5,23,8,65,101,0
4299,2023-11-19,4,Gold Star,5,Furniture,2,11.64,1,0,12,19,2,47,80,0
4300,2023-01-31,7,Business,20,Electronics,14,128.1,0,0,20,19,3,55,97,0
4301,2023-05-10,4,Gold Star,76,Kirkland Signature,5,196.7,0,0,26,6,5,71,108,0
4302,2023-09-05,8,Business,455,Grocery,14,467.18,0,0,28,7,2,46,83,0
4303,2023-03-26,10,Business,48,Seasonal,7,322.14,1,0,7,9,11,55,82,0
4304,2023-04-08,5,Executive,447,Clothing,7,275.31,1,0,8,6,11,63,88,0
4305,2023-05-04,7,Gold Star,30,Electronics,7,68.74,0,0,27,13,8,29,77,0
4306,2023-05-26,5,Gold Star,259,Furniture,2,75.54,0,0,15,11,6,9,41,1
4307,2023-08-14,9,Gold Star,473,Appliances,14,504.7,0,0,48,20,3,63,134,0
4308,2023-04-27,6,Executive,196,Seasonal,6,233.52,0,0,22,23,4,54,103,0
4309,2023-04-13,4,Gold Star,328,Clothing,12,570.12,0,0,5,12,3,65,85,0
4310,2023-03-29,8,Business,338,Seasonal,11,507.54,0,0,36,3,2,14,55,0
4311,2023-09-06,4,Gold Star,395,Electronics,17,768.06,0,0,26,22,9,13,70,0
4312,2023-09-02,10,Gold Star,312,Kirkland Signature,2,15.74,1,0,32,24,9,66,131,0
4313,2023-10-26,8,Business,362,Clothing,19,627.95,0,0,20,10,3,72,105,0
4314,2023-11-11,10,Executive,113,Clothing,12,156.48,1,0,31,5,10,9,55,0
4315,2023-09-12,5,Gold Star,54,Appliances,10,167.8,0,0,25,13,4,59,101,0
4316,2023-01-18,8,Business,189,Home,12,599.28,0,0,36,7,2,2,47,1
4317,2023-10-20,1,Executive,42,Home,4,72.0,0,0,15,24,12,46,97,0
4318,2023-12-09,8,Executive,497,Grocery,1,13.47,1,0,14,2,12,57,85,0
4319,2023-02-12,8,Business,325,Electronics,20,50.0,1,0,15,21,12,4,52,0
4320,2023-08-29,6,Business,114,Appliances,2,93.3,0,0,26,20,3,1,50,0
4321,2023-11-30,3,Executive,363,Grocery,10,37.0,0,0,19,6,1,25,51,0
4322,2023-02-10,2,Business,276,Kirkland Signature,3,77.22,0,0,29,9,2,59,99,0
4323,2023-04-24,1,Executive,315,Home,13,67.08,0,0,32,20,7,71,130,0
4324,2023-04-10,7,Business,309,Seasonal,20,606.4,0,0,43,18,7,51,119,0
4325,2023-11-21,5,Business,375,Furniture,8,278.96,0,0,17,14,3,40,74,0
4326,2023-07-21,4,Business,481,Clothing,19,351.12,0,0,4,14,4,5,27,1
4327,2023-08-28,5,Gold Star,352,Electronics,7,318.57,0,0,28,5,7,66,106,0
4328,2023-04-27,9,Gold Star,44,Appliances,12,255.96,0,0,2,19,8,15,44,1
4329,2023-10-23,8,Business,101,Appliances,5,189.55,0,0,8,5,7,49,69,0
4330,2023-08-12,6,Executive,437,Seasonal,17,432.14,1,0,7,8,11,63,89,0
4331,2023-10-02,10,Executive,131,Furniture,3,80.1,0,0,30,19,4,42,95,0
4332,2023-12-17,5,Gold Star,262,Grocery,19,638.21,1,1,12,22,6,23,63,0
4333,2023-09-09,5,Gold Star,92,Kirkland Signature,7,75.88,1,0,31,13,7,25,76,0
4334,2023-09-01,9,Business,267,Seasonal,18,50.58,0,0,26,22,4,6,58,0
4335,2023-08-09,1,Gold Star,381,Grocery,18,687.78,0,0,21,6,9,54,90,0
4336,2023-08-18,10,Gold Star,385,Furniture,6,4.02,0,0,45,13,10,37,105,0
4337,2023-09-29,6,Executive,20,Electronics,13,118.95,0,0,21,2,10,40,73,0
4338,2023-09-07,2,Executive,464,Clothing,20,706.0,0,0,15,5,5,46,71,0
4339,2023-06-24,5,Gold Star,319,Seasonal,3,79.74,1,0,34,6,8,68,116,0
4340,2023-06-26,3,Executive,20,Electronics,3,27.45,0,0,48,6,9,5,68,0
4341,2023-10-27,5,Business,330,Furniture,3,56.67,0,0,15,12,9,34,70,0
4342,2023-04-07,6,Business,14,Home,1,33.2,0,0,17,10,7,6,40,1
4343,2023-09-02,9,Executive,247,Seasonal,6,185.04,1,0,43,4,12,61,120,0
4344,2023-09-06,10,Gold Star,457,Clothing,18,854.64,0,0,4,15,8,46,73,0
4345,2023-02-20,10,Business,314,Seasonal,19,796.1,0,0,13,10,3,1,27,1
4346,2023-09-25,2,Business,263,Kirkland Signature,6,152.1,0,0,21,14,11,25,71,0
4347,2023-11-15,8,Business,351,Electronics,6,176.22,0,0,2,1,2,26,31,1
4348,2023-09-22,9,Business,396,Electronics,5,233.65,0,0,8,24,7,60,99,0
4349,2023-08-07,9,Executive,116,Electronics,20,823.8,0,0,42,19,5,54,120,0
4350,2023-11-07,10,Business,130,Electronics,4,95.16,0,0,2,14,9,41,66,0
4351,2023-07-12,5,Gold Star,390,Seasonal,6,288.06,0,0,2,14,9,69,94,0
4352,2023-06-20,3,Gold Star,48,Seasonal,13,598.26,0,0,7,12,1,27,47,1
4353,2023-10-05,2,Gold Star,436,Seasonal,4,147.52,0,0,22,8,8,49,87,0
4354,2023-06-21,3,Gold Star,379,Clothing,16,310.88,0,0,7,20,11,1,39,1
4355,2023-04-05,1,Executive,463,Clothing,6,114.9,0,0,5,11,2,50,68,0
4356,2023-08-24,4,Executive,431,Appliances,15,50.25,0,0,24,19,5,6,54,0
4357,2023-07-20,8,Business,452,Appliances,7,170.87,0,0,10,12,8,35,65,0
4358,2023-02-20,8,Gold Star,485,Kirkland Signature,17,231.88,0,0,40,11,6,26,83,0
4359,2023-12-21,5,Business,148,Kirkland Signature,10,53.0,0,1,28,13,10,57,108,0
4360,2023-11-19,8,Executive,451,Appliances,6,69.6,1,0,11,7,7,25,50,0
4361,2023-10-31,2,Business,129,Home,9,216.63,0,0,14,9,8,59,90,0
4362,2023-05-03,6,Business,54,Appliances,1,16.78,0,0,41,15,3,26,85,0
4363,2023-12-12,9,Business,128,Grocery,14,368.76,0,0,29,11,3,21,64,0
4364,2023-01-07,9,Business,7,Grocery,5,67.25,1,0,20,15,3,8,46,1
4365,2023-01-02,3,Gold Star,448,Home,13,271.44,0,0,46,20,10,13,89,0
4366,2023-01-10,6,Executive,261,Seasonal,8,317.28,0,0,15,22,9,37,83,0
4367,2023-11-18,1,Executive,394,Clothing,7,313.18,1,0,2,10,8,51,71,0
4368,2023-03-06,7,Business,146,Seasonal,14,494.62,0,0,32,19,3,24,78,0
4369,2023-07-06,8,Executive,354,Clothing,12,572.52,0,0,39,10,3,58,110,0
4370,2023-11-25,1,Business,202,Furniture,16,362.08,1,0,46,1,7,59,113,0
4371,2023-01-09,4,Business,324,Seasonal,20,374.4,0,0,36,2,11,38,87,0
4372,2023-03-25,6,Executive,71,Seasonal,12,290.04,1,0,15,4,2,11,32,1
4373,2023-08-18,8,Executive,213,Grocery,6,153.36,0,0,11,17,10,17,55,0
4374,2023-05-17,3,Business,181,Clothing,10,109.7,0,0,18,2,8,38,66,0
4375,2023-11-23,2,Executive,138,Furniture,1,23.63,0,0,39,19,1,12,71,0
4376,2023-10-19,1,Business,119,Electronics,18,367.02,0,0,28,10,3,44,85,0
4377,2023-10-22,8,Executive,422,Grocery,4,175.56,1,0,42,20,3,29,94,0
4378,2023-11-15,6,Gold Star,216,Appliances,17,306.34,0,0,5,10,7,35,57,0
4379,2023-11-20,6,Executive,206,Furniture,6,270.9,0,0,34,4,7,52,97,0
4380,2023-12-29,2,Gold Star,412,Furniture,11,368.39,0,0,20,10,7,72,109,0
4381,2023-12-23,5,Executive,435,Electronics,4,72.44,1,1,3,18,4,30,55,0
4382,2023-11-28,5,Executive,159,Home,18,725.4,0,0,16,17,12,28,73,0
4383,2023-08-26,4,Business,94,Furniture,7,119.91,1,0,22,24,8,3,57,0
4384,2023-06-02,9,Executive,294,Grocery,19,895.47,0,0,10,9,7,47,73,0
4385,2023-12-08,8,Executive,141,Home,4,115.4,0,0,34,7,9,66,116,0
4386,2023-11-11,10,Gold Star,487,Home,3,108.18,1,0,32,8,6,65,111,0
4387,2023-07-23,7,Executive,356,Kirkland Signature,7,144.2,1,0,5,15,3,22,45,1
4388,2023-09-18,1,Business,362,Clothing,11,363.55,0,0,10,1,7,62,80,0
4389,2023-05-21,10,Executive,410,Home,9,159.66,1,0,39,13,8,70,130,0
4390,2023-10-26,2,Gold Star,92,Kirkland Signature,15,162.6,0,0,37,14,8,36,95,0
4391,2023-07-04,9,Executive,44,Appliances,5,106.65,0,0,21,2,6,45,74,0
4392,2023-12-07,5,Business,57,Seasonal,14,36.68,0,0,29,16,1,58,104,0
4393,2023-03-24,6,Gold Star,196,Seasonal,16,622.72,0,0,5,2,8,51,66,0
4394,2023-09-09,3,Business,492,Electronics,19,596.98,1,0,1,11,7,2,21,1
4395,2023-09-28,4,Executive,272,Grocery,12,299.88,0,0,8,17,2,30,57,0
4396,2023-07-23,3,Executive,229,Seasonal,1,42.84,1,0,28,21,6,67,122,0
4397,2023-11-18,6,Business,23,Kirkland Signature,6,49.98,1,0,37,11,4,65,117,0
4398,2023-06-15,9,Business,34,Home,1,6.53,0,0,23,12,5,18,58,0
4399,2023-06-10,2,Business,112,Clothing,16,713.12,1,0,14,8,6,38,66,0
4400,2023-10-19,9,Executive,32,Kirkland Signature,14,395.36,0,0,7,8,1,21,37,1
4401,2023-08-26,7,Gold Star,80,Appliances,18,705.78,1,0,36,22,3,66,127,0
4402,2023-04-14,3,Gold Star,196,Seasonal,4,155.68,0,0,8,14,3,67,92,0
4403,2023-12-09,2,Executive,256,Grocery,13,57.98,1,0,15,2,5,33,55,0
4404,2023-11-01,2,Business,433,Appliances,4,53.16,0,0,23,21,5,8,57,0
4405,2023-08-17,4,Executive,296,Kirkland Signature,20,860.0,0,0,38,17,10,18,83,0
4406,2023-04-11,6,Business,145,Grocery,17,161.5,0,0,26,5,6,56,93,0
4407,2023-08-13,1,Executive,146,Seasonal,19,671.27,1,0,34,3,3,4,44,1
4408,2023-01-01,1,Business,245,Appliances,18,785.7,1,0,24,4,5,18,51,0
4409,2023-09-11,6,Gold Star,113,Clothing,8,104.32,0,0,28,1,12,6,47,1
4410,2023-02-20,10,Executive,442,Appliances,10,128.1,0,0,36,1,3,25,65,0
4411,2023-05-18,6,Executive,290,Furniture,3,3.03,0,0,14,24,11,5,54,0
4412,2023-01-18,10,Executive,187,Furniture,17,388.79,0,0,17,8,4,19,48,1
4413,2023-03-16,10,Gold Star,259,Furniture,9,339.93,0,0,14,1,8,39,62,0
4414,2023-11-07,1,Gold Star,236,Grocery,14,11.9,0,0,39,23,1,41,104,0
4415,2023-09-11,7,Executive,403,Clothing,11,233.86,0,0,24,10,5,15,54,0
4416,2023-12-16,1,Executive,173,Seasonal,19,389.69,1,1,32,16,11,58,117,0
4417,2023-09-28,8,Gold Star,9,Kirkland Signature,16,754.72,0,0,40,17,7,5,69,0
4418,2023-11-29,8,Business,378,Kirkland Signature,19,463.6,0,0,43,15,5,21,84,0
4419,2023-12-19,5,Executive,197,Grocery,10,476.0,0,1,35,3,1,44,83,0
4420,2023-04-10,3,Executive,420,Seasonal,1,24.72,0,0,1,7,5,35,48,1
4421,2023-07-15,9,Executive,24,Clothing,16,708.32,1,0,10,18,7,70,105,0
4422,2023-06-22,4,Executive,119,Electronics,13,265.07,0,0,7,22,1,22,52,0
4423,2023-03-28,2,Gold Star,131,Furniture,7,186.9,0,0,24,15,6,4,49,0
4424,2023-08-26,6,Executive,299,Home,1,41.15,1,0,25,3,4,55,87,0
4425,2023-03-19,9,Business,419,Clothing,15,377.1,1,0,25,21,1,53,100,0
4426,2023-10-13,1,Gold Star,152,Grocery,8,12.4,0,0,17,6,8,29,60,0
4427,2023-04-25,2,Executive,215,Kirkland Signature,16,42.4,0,0,37,13,10,62,122,0
4428,2023-11-10,1,Executive,424,Clothing,14,9.66,0,0,25,7,3,60,95,0
4429,2023-12-03,3,Executive,243,Kirkland Signature,4,16.48,1,0,20,1,12,10,43,1
4430,2023-05-21,7,Gold Star,397,Home,14,129.64,1,0,41,7,9,36,93,0
4431,2023-07-09,1,Business,347,Clothing,20,725.4,1,0,3,11,5,13,32,1
4432,2023-10-11,7,Gold Star,293,Clothing,20,620.4,0,0,3,19,2,42,66,0
4433,2023-07-14,7,Gold Star,270,Kirkland Signature,17,710.09,0,0,48,21,11,69,149,0
4434,2023-10-22,6,Executive,121,Electronics,7,289.24,1,0,13,1,8,4,26,1
4435,2023-07-21,2,Executive,356,Kirkland Signature,12,247.2,0,0,6,10,9,62,87,0
4436,2023-04-16,10,Business,370,Electronics,2,76.32,1,0,1,1,12,52,66,0
4437,2023-09-11,6,Business,199,Seasonal,15,638.1,0,0,12,7,10,11,40,1
4438,2023-04-15,7,Executive,410,Home,11,195.14,1,0,32,16,6,44,98,0
4439,2023-10-26,5,Gold Star,343,Home,20,584.2,0,0,33,13,7,67,120,0
4440,2023-07-04,10,Gold Star,495,Kirkland Signature,1,46.48,0,0,46,8,12,17,83,0
4441,2023-10-05,5,Gold Star,93,Kirkland Signature,11,267.41,0,0,14,13,5,72,104,0
4442,2023-02-08,2,Gold Star,3,Seasonal,12,452.76,0,0,38,21,5,37,101,0
4443,2023-09-22,3,Business,74,Appliances,4,159.76,0,0,26,4,8,29,67,0
4444,2023-02-06,3,Executive,68,Kirkland Signature,17,613.19,0,0,40,5,4,4,53,0
4445,2023-10-14,3,Gold Star,211,Kirkland Signature,1,19.71,1,0,42,18,12,65,137,0
4446,2023-04-29,8,Business,439,Grocery,7,289.8,1,0,27,23,8,38,96,0
4447,2023-01-07,7,Executive,53,Seasonal,11,482.02,1,0,37,2,5,57,101,0
4448,2023-04-03,6,Gold Star,358,Electronics,13,325.39,0,0,34,5,7,56,102,0
4449,2023-10-24,5,Executive,122,Kirkland Signature,3,109.44,0,0,2,19,11,56,88,0
4450,2023-03-16,8,Business,483,Appliances,15,113.55,0,0,17,2,1,72,92,0
4451,2023-08-16,10,Business,106,Furniture,1,14.29,0,0,3,4,10,45,62,0
4452,2023-07-15,10,Gold Star,299,Home,18,740.7,1,0,24,18,8,36,86,0
4453,2023-04-22,6,Business,384,Appliances,9,95.49,1,0,4,21,10,33,68,0
4454,2023-05-19,8,Gold Star,279,Kirkland Signature,7,227.71,0,0,7,12,9,8,36,1
4455,2023-05-11,7,Gold Star,136,Kirkland Signature,17,743.75,0,0,48,11,3,65,127,0
4456,2023-09-14,4,Business,280,Seasonal,14,349.58,0,0,4,24,11,44,83,0
4457,2023-11-13,8,Gold Star,99,Home,1,15.92,0,0,45,8,11,69,133,0
4458,2023-05-30,5,Business,485,Kirkland Signature,18,245.52,0,0,31,10,1,39,81,0
4459,2023-10-09,6,Gold Star,261,Seasonal,16,634.56,0,0,42,4,12,7,65,0
4460,2023-03-06,5,Business,150,Appliances,14,51.24,0,0,41,23,6,34,104,0
4461,2023-11-25,5,Gold Star,246,Clothing,10,431.6,1,0,20,4,7,21,52,0
4462,2023-12-25,7,Business,308,Appliances,13,104.52,0,1,43,18,7,48,116,0
4463,2023-04-29,7,Business,441,Home,5,24.8,1,0,24,13,8,61,106,0
4464,2023-01-09,3,Executive,344,Furniture,6,40.56,0,0,2,11,8,54,75,0
4465,2023-12-03,10,Executive,374,Kirkland Signature,16,423.04,1,0,26,7,7,36,76,0
4466,2023-01-14,3,Executive,253,Clothing,14,20.58,1,0,48,7,3,6,64,0
4467,2023-09-07,2,Executive,83,Kirkland Signature,6,294.06,0,0,22,9,7,65,103,0
4468,2023-05-24,10,Gold Star,343,Home,10,292.1,0,0,33,13,5,15,66,0
4469,2023-07-02,6,Executive,353,Kirkland Signature,8,96.48,1,0,31,19,1,66,117,0
4470,2023-03-25,8,Executive,261,Seasonal,3,118.98,1,0,45,4,3,29,81,0
4471,2023-07-06,9,Business,229,Seasonal,12,514.08,0,0,16,10,4,67,97,0
4472,2023-04-06,7,Executive,466,Home,1,3.08,0,0,19,16,11,17,63,0
4473,2023-03-19,7,Executive,185,Kirkland Signature,18,18.18,1,0,20,19,1,6,46,1
4474,2023-11-30,3,Executive,178,Home,11,377.96,0,0,32,13,5,63,113,0
4475,2023-01-05,5,Business,182,Furniture,18,229.68,0,0,39,22,1,58,120,0
4476,2023-02-28,7,Business,174,Grocery,9,438.93,0,0,27,4,10,36,77,0
4477,2023-06-21,7,Business,452,Appliances,14,341.74,0,0,34,22,12,45,113,0
4478,2023-01-03,6,Gold Star,166,Appliances,10,412.6,0,0,9,16,12,18,55,0
4479,2023-07-28,1,Business,459,Appliances,6,57.6,0,0,40,15,5,25,85,0
4480,2023-10-01,10,Executive,479,Appliances,6,136.2,1,0,47,14,12,40,113,0
4481,2023-01-16,2,Gold Star,185,Kirkland Signature,12,12.12,0,0,45,2,3,9,59,0
4482,2023-05-17,5,Business,297,Grocery,2,32.0,0,0,43,15,1,56,115,0
4483,2023-03-02,2,Executive,368,Grocery,6,99.3,0,0,42,15,2,13,72,0
4484,2023-12-15,8,Executive,106,Furniture,11,157.19,0,1,42,7,1,44,94,0
4485,2023-06-22,1,Executive,216,Appliances,15,270.3,0,0,30,23,1,54,108,0
4486,2023-03-10,2,Executive,263,Kirkland Signature,13,329.55,0,0,5,10,8,21,44,1
4487,2023-02-20,9,Business,222,Kirkland Signature,11,233.31,0,0,17,3,9,25,54,0
4488,2023-05-04,1,Executive,430,Kirkland Signature,5,203.2,0,0,15,24,8,36,83,0
4489,2023-03-01,2,Executive,161,Grocery,3,132.03,0,0,9,6,11,31,57,0
4490,2023-04-06,3,Executive,240,Home,16,396.0,0,0,26,12,2,16,56,0
4491,2023-04-30,8,Executive,248,Seasonal,17,539.58,1,0,12,19,6,62,99,0
4492,2023-09-19,2,Executive,288,Furniture,20,181.8,0,0,31,14,7,27,79,0
4493,2023-10-23,3,Executive,227,Clothing,4,129.92,0,0,37,16,2,72,127,0
4494,2023-01-04,10,Executive,19,Seasonal,3,112.74,0,0,7,9,1,5,22,1
4495,2023-07-20,7,Business,460,Electronics,13,159.9,0,0,4,5,6,46,61,0
4496,2023-07-10,9,Business,306,Home,13,146.38,0,0,2,21,2,16,41,1
4497,2023-12-18,10,Executive,311,Kirkland Signature,13,12.48,0,1,7,20,1,45,73,0
4498,2023-11-26,6,Gold Star,60,Clothing,10,437.7,1,0,37,20,3,40,100,0
4499,2023-07-06,5,Gold Star,125,Home,6,227.7,0,0,1,5,3,11,20,1
4500,2023-11-24,2,Executive,372,Furniture,3,60.99,0,0,1,10,8,30,49,0
4501,2023-09-10,1,Executive,381,Grocery,4,152.84,1,0,4,20,9,16,49,0
4502,2023-05-08,4,Gold Star,145,Grocery,11,104.5,0,0,46,16,7,44,113,0
4503,2023-05-23,5,Gold Star,149,Kirkland Signature,19,314.07,0,0,46,17,1,4,68,0
4504,2023-01-19,5,Executive,134,Appliances,16,138.08,0,0,47,24,8,21,100,0
4505,2023-08-18,4,Gold Star,5,Furniture,15,87.3,0,0,32,20,1,5,58,0
4506,2023-12-13,1,Executive,361,Kirkland Signature,2,84.96,0,0,38,24,5,54,121,0
4507,2023-10-15,8,Executive,415,Electronics,19,627.76,1,0,47,11,9,8,75,0
4508,2023-10-13,5,Gold Star,161,Grocery,1,44.01,0,0,8,5,11,9,33,1
4509,2023-02-08,8,Executive,381,Grocery,10,382.1,0,0,2,7,5,21,35,1
4510,2023-12-12,2,Business,400,Grocery,11,393.47,0,0,18,24,4,2,48,1
4511,2023-11-25,8,Executive,290,Furniture,7,7.07,1,0,35,1,8,15,59,0
4512,2023-06-19,10,Gold Star,483,Appliances,12,90.84,0,0,41,9,2,54,106,0
4513,2023-06-21,9,Business,152,Grocery,9,13.95,0,0,24,19,1,26,70,0
4514,2023-02-09,10,Gold Star,306,Home,12,135.12,0,0,2,1,5,26,34,1
4515,2023-12-27,3,Gold Star,82,Home,2,13.72,0,0,4,19,6,35,64,0
4516,2023-10-12,7,Executive,302,Seasonal,10,118.9,0,0,14,8,6,1,29,1
4517,2023-11-15,1,Gold Star,61,Appliances,12,19.08,0,0,34,11,6,61,112,0
4518,2023-10-04,4,Business,211,Kirkland Signature,19,374.49,0,0,12,18,11,71,112,0
4519,2023-06-20,1,Gold Star,210,Appliances,15,654.75,0,0,39,15,5,61,120,0
4520,2023-03-09,5,Business,215,Kirkland Signature,7,18.55,0,0,28,19,6,14,67,0
4521,2023-07-10,10,Gold Star,357,Kirkland Signature,8,273.84,0,0,11,4,6,4,25,1
4522,2023-03-14,4,Business,276,Kirkland Signature,6,154.44,0,0,33,19,1,46,99,0
4523,2023-09-01,1,Executive,145,Grocery,7,66.5,0,0,4,18,5,46,73,0
4524,2023-02-19,4,Gold Star,460,Electronics,4,49.2,1,0,38,5,6,65,114,0
4525,2023-07-09,5,Gold Star,209,Home,19,330.98,1,0,35,23,2,47,107,0
4526,2023-12-14,7,Gold Star,317,Kirkland Signature,3,110.28,0,0,37,16,4,63,120,0
4527,2023-07-21,1,Executive,300,Seasonal,1,33.38,0,0,9,17,5,11,42,1
4528,2023-05-25,8,Executive,349,Home,8,277.04,0,0,38,14,6,56,114,0
4529,2023-10-13,2,Business,153,Home,10,289.8,0,0,43,13,10,54,120,0
4530,2023-01-12,3,Gold Star,259,Furniture,4,151.08,0,0,37,24,8,72,141,0
4531,2023-10-11,5,Gold Star,495,Kirkland Signature,3,139.44,0,0,33,3,1,42,79,0
4532,2023-04-19,8,Business,88,Grocery,7,40.04,0,0,6,21,10,13,50,0
4533,2023-02-07,6,Business,312,Kirkland Signature,20,157.4,0,0,29,12,7,22,70,0
4534,2023-11-22,5,Executive,303,Electronics,19,389.31,0,0,2,19,3,27,51,0
4535,2023-06-24,6,Business,434,Kirkland Signature,2,53.98,1,0,5,9,8,60,82,0
4536,2023-08-19,6,Gold Star,451,Appliances,19,220.4,1,0,24,4,3,9,40,1
4537,2023-11-09,3,Executive,321,Appliances,12,260.52,0,0,30,24,6,29,89,0
4538,2023-09-16,3,Executive,51,Kirkland Signature,11,522.17,1,0,26,5,9,21,61,0
4539,2023-09-21,9,Executive,255,Seasonal,4,166.0,0,0,26,9,10,28,73,0
4540,2023-09-25,10,Gold Star,30,Electronics,11,108.02,0,0,36,17,6,71,130,0
4541,2023-03-05,6,Executive,51,Kirkland Signature,9,427.23,1,0,20,20,7,19,66,0
4542,2023-09-09,5,Executive,40,Home,14,404.18,1,0,46,5,8,30,89,0
4543,2023-11-12,10,Business,337,Seasonal,15,16.05,1,0,22,15,7,64,108,0
4544,2023-06-21,8,Executive,290,Furniture,18,18.18,0,0,35,17,10,18,80,0
4545,2023-07-17,9,Executive,35,Clothing,19,539.98,0,0,33,15,9,71,128,0
4546,2023-06-30,4,Executive,126,Furniture,5,163.55,0,0,29,16,7,17,69,0
4547,2023-12-21,1,Executive,390,Seasonal,5,240.05,0,1,24,4,9,31,68,0
4548,2023-02-24,5,Gold Star,266,Appliances,19,880.46,0,0,35,1,4,41,81,0
4549,2023-03-28,4,Gold Star,328,Clothing,13,617.63,0,0,21,19,1,32,73,0
4550,2023-07-14,2,Business,377,Grocery,5,17.8,0,0,31,8,1,12,52,0
4551,2023-10-29,8,Executive,256,Grocery,10,44.6,1,0,4,17,10,63,94,0
4552,2023-12-05,10,Gold Star,254,Seasonal,14,84.28,0,0,4,6,1,72,83,0
4553,2023-07-17,5,Executive,109,Grocery,16,553.44,0,0,16,14,2,12,44,1
4554,2023-06-16,10,Executive,24,Clothing,9,398.43,0,0,35,12,4,61,112,0
4555,2023-02-21,3,Gold Star,16,Kirkland Signature,9,407.52,0,0,8,13,6,23,50,0
4556,2023-11-16,6,Gold Star,337,Seasonal,15,16.05,0,0,36,18,9,4,67,0
4557,2023-05-19,10,Gold Star,352,Electronics,10,455.1,0,0,19,16,9,34,78,0
4558,2023-10-06,6,Business,315,Home,5,25.8,0,0,27,3,5,18,53,0
4559,2023-11-05,4,Business,78,Kirkland Signature,3,61.23,1,0,27,15,3,13,58,0
4560,2023-06-28,5,Business,20,Electronics,20,183.0,0,0,3,24,7,51,85,0
4561,2023-05-11,8,Gold Star,52,Electronics,18,856.62,0,0,45,13,7,4,69,0
4562,2023-07-03,4,Business,438,Electronics,16,755.52,0,0,32,22,10,66,130,0
4563,2023-02-23,8,Business,341,Furniture,19,891.48,0,0,47,22,9,2,80,0
4564,2023-08-04,7,Business,486,Clothing,5,175.6,0,0,29,18,7,3,57,0
4565,2023-05-05,4,Executive,171,Electronics,4,142.4,0,0,12,10,6,20,48,1
4566,2023-04-13,5,Business,35,Clothing,13,369.46,0,0,9,18,12,46,85,0
4567,2023-10-14,8,Executive,342,Grocery,3,91.23,1,0,16,16,9,61,102,0
4568,2023-07-26,3,Gold Star,477,Clothing,3,123.9,0,0,6,15,2,45,68,0
4569,2023-08-25,5,Gold Star,460,Electronics,8,98.4,0,0,29,21,7,20,77,0
4570,2023-10-13,2,Gold Star,277,Furniture,18,697.86,0,0,32,2,5,3,42,1
4571,2023-08-13,2,Business,134,Appliances,17,146.71,1,0,39,13,2,58,112,0
4572,2023-10-13,4,Gold Star,309,Seasonal,19,576.08,0,0,6,19,6,63,94,0
4573,2023-08-29,2,Gold Star,201,Grocery,9,37.26,0,0,20,21,9,68,118,0
4574,2023-01-12,4,Gold Star,148,Kirkland Signature,2,10.6,0,0,34,14,5,50,103,0
4575,2023-02-19,3,Business,175,Seasonal,15,479.4,1,0,44,11,6,55,116,0
4576,2023-01-06,10,Gold Star,78,Kirkland Signature,17,346.97,0,0,27,10,9,57,103,0
4577,2023-08-01,10,Gold Star,206,Furniture,8,361.2,0,0,24,6,8,59,97,0
4578,2023-05-20,3,Business,91,Kirkland Signature,8,333.92,1,0,23,17,12,4,56,0
4579,2023-08-29,6,Executive,427,Electronics,15,725.25,0,0,3,3,9,39,54,0
4580,2023-09-30,4,Executive,291,Kirkland Signature,6,10.98,1,0,31,4,4,2,41,1
4581,2023-06-29,4,Business,219,Home,6,12.6,0,0,22,23,3,29,77,0
4582,2023-09-20,5,Executive,114,Appliances,15,699.75,0,0,2,17,5,23,47,1
4583,2023-05-19,8,Executive,369,Clothing,10,475.5,0,0,30,17,1,6,54,0
4584,2023-05-27,3,Business,481,Clothing,12,221.76,1,0,1,18,9,64,92,0
4585,2023-08-25,1,Executive,238,Kirkland Signature,12,134.52,0,0,28,20,11,20,79,0
4586,2023-05-15,3,Gold Star,184,Seasonal,12,186.12,0,0,40,9,4,25,78,0
4587,2023-05-16,5,Business,377,Grocery,8,28.48,0,0,25,3,2,40,70,0
4588,2023-09-28,3,Gold Star,456,Grocery,10,223.4,0,0,40,17,12,9,78,0
4589,2023-02-03,3,Business,147,Appliances,11,470.58,0,0,1,5,11,65,82,0
4590,2023-11-14,1,Executive,266,Appliances,17,787.78,0,0,38,7,6,49,100,0
4591,2023-01-19,5,Business,212,Electronics,8,25.04,0,0,10,22,9,32,73,0
4592,2023-05-17,1,Gold Star,162,Kirkland Signature,15,348.75,0,0,4,24,12,68,108,0
4593,2023-04-06,6,Business,45,Clothing,6,34.32,0,0,44,11,3,49,107,0
4594,2023-09-10,6,Executive,421,Grocery,14,395.5,1,0,19,19,4,20,62,0
4595,2023-12-22,7,Executive,87,Clothing,7,71.61,0,1,22,16,12,29,79,0
4596,2023-09-04,5,Executive,415,Electronics,11,363.44,0,0,11,6,5,24,46,1
4597,2023-12-18,8,Gold Star,275,Furniture,1,26.94,0,1,11,23,12,53,99,0
4598,2023-03-30,10,Executive,49,Appliances,11,288.97,0,0,38,19,4,47,108,0
4599,2023-07-23,2,Gold Star,364,Grocery,20,523.4,1,0,34,19,8,49,110,0
4600,2023-08-11,5,Gold Star,103,Furniture,14,236.18,0,0,31,14,8,20,73,0
4601,2023-01-29,7,Gold Star,495,Kirkland Signature,20,929.6,1,0,21,19,4,65,109,0
4602,2023-07-16,2,Business,112,Clothing,16,713.12,1,0,37,10,4,54,105,0
4603,2023-11-10,4,Business,404,Home,17,628.32,0,0,13,21,11,15,60,0
4604,2023-09-17,3,Business,442,Appliances,19,243.39,1,0,37,21,3,18,79,0
4605,2023-09-10,3,Executive,402,Furniture,4,5.24,1,0,7,16,11,20,54,0
4606,2023-04-05,8,Business,62,Electronics,14,325.92,0,0,32,13,2,13,60,0
4607,2023-01-11,8,Gold Star,473,Appliances,6,216.3,0,0,14,24,5,22,65,0
4608,2023-05-12,5,Gold Star,351,Electronics,5,146.85,0,0,21,4,8,47,80,0
4609,2023-11-11,3,Gold Star,470,Kirkland Signature,12,460.44,1,0,15,9,8,41,73,0
4610,2023-05-06,10,Gold Star,254,Seasonal,9,54.18,1,0,32,24,8,40,104,0
4611,2023-05-29,7,Executive,196,Seasonal,7,272.44,0,0,11,21,4,59,95,0
4612,2023-10-06,1,Gold Star,361,Kirkland Signature,2,84.96,0,0,28,1,3,40,72,0
4613,2023-06-03,5,Business,415,Electronics,19,627.76,1,0,33,8,6,64,111,0
4614,2023-10-02,2,Gold Star,167,Seasonal,4,28.28,0,0,5,12,2,10,29,1
4615,2023-10-17,5,Gold Star,142,Kirkland Signature,5,205.5,0,0,34,12,10,59,115,0
4616,2023-10-01,7,Business,145,Grocery,15,142.5,1,0,16,23,2,18,59,0
4617,2023-02-05,7,Business,333,Grocery,3,69.36,1,0,14,17,11,29,71,0
4618,2023-11-25,4,Gold Star,189,Home,9,449.46,1,0,15,17,3,4,39,1
4619,2023-05-29,8,Business,46,Electronics,20,230.6,0,0,47,21,5,43,116,0
4620,2023-06-05,8,Gold Star,91,Kirkland Signature,14,584.36,0,0,36,9,4,14,63,0
4621,2023-10-18,1,Gold Star,274,Grocery,17,834.53,0,0,33,8,4,22,67,0
4622,2023-09-22,1,Executive,458,Clothing,20,779.2,0,0,9,8,6,17,40,1
4623,2023-06-18,2,Executive,44,Appliances,6,127.98,1,0,13,10,10,64,97,0
4624,2023-12-07,7,Gold Star,293,Clothing,6,186.12,0,0,28,5,10,11,54,0
4625,2023-05-04,6,Gold Star,154,Grocery,2,97.98,0,0,34,18,9,36,97,0
4626,2023-03-25,2,Gold Star,9,Kirkland Signature,12,566.04,1,0,8,10,7,42,67,0
4627,2023-01-11,2,Business,445,Appliances,11,503.03,0,0,7,16,6,37,66,0
4628,2023-11-05,1,Business,282,Seasonal,16,745.6,1,0,27,21,4,55,107,0
4629,2023-08-10,7,Gold Star,286,Electronics,6,233.94,0,0,33,13,11,71,128,0
4630,2023-04-02,4,Executive,122,Kirkland Signature,6,218.88,1,0,23,23,12,14,72,0
4631,2023-04-16,8,Gold Star,485,Kirkland Signature,17,231.88,1,0,24,4,10,17,55,0
4632,2023-12-15,2,Executive,348,Home,15,650.25,0,1,9,1,1,59,70,0
4633,2023-03-10,4,Business,272,Grocery,20,499.8,0,0,25,11,7,49,92,0
4634,2023-02-16,3,Gold Star,279,Kirkland Signature,20,650.6,0,0,38,19,6,24,87,0
4635,2023-10-10,10,Business,101,Appliances,6,227.46,0,0,25,5,5,26,61,0
4636,2023-06-06,6,Gold Star,138,Furniture,7,165.41,0,0,3,7,4,21,35,1
4637,2023-01-04,6,Gold Star,387,Grocery,11,58.19,0,0,31,19,7,20,77,0
4638,2023-04-29,7,Executive,470,Kirkland Signature,14,537.18,1,0,43,16,9,42,110,0
4639,2023-02-22,8,Business,322,Furniture,9,236.61,0,0,19,22,2,56,99,0
4640,2023-05-13,6,Business,434,Kirkland Signature,13,350.87,1,0,2,8,4,22,36,1
4641,2023-09-26,2,Gold Star,105,Furniture,8,87.2,0,0,31,9,6,2,48,1
4642,2023-08-07,2,Gold Star,383,Seasonal,2,68.3,0,0,3,7,8,56,74,0
4643,2023-06-16,1,Gold Star,71,Seasonal,18,435.06,0,0,35,3,2,15,55,0
4644,2023-10-01,2,Executive,24,Clothing,15,664.05,1,0,16,1,9,37,63,0
4645,2023-05-10,2,Gold Star,212,Electronics,14,43.82,0,0,42,20,9,43,114,0
4646,2023-01-11,6,Executive,164,Clothing,6,219.0,0,0,39,2,2,7,50,0
4647,2023-07-30,5,Executive,104,Clothing,7,97.16,1,0,30,9,6,53,98,0
4648,2023-02-01,1,Gold Star,322,Furniture,13,341.77,0,0,10,11,6,36,63,0
4649,2023-12-16,5,Executive,314,Seasonal,14,586.6,1,1,39,10,9,44,102,0
4650,2023-10-20,10,Gold Star,267,Seasonal,11,30.91,0,0,30,22,11,34,97,0
4651,2023-11-03,5,Gold Star,319,Seasonal,20,531.6,0,0,39,16,4,27,86,0
4652,2023-03-18,2,Gold Star,337,Seasonal,17,18.19,1,0,3,12,11,4,30,1
4653,2023-05-26,6,Gold Star,301,Kirkland Signature,18,899.1,0,0,12,6,2,41,61,0
4654,2023-10-10,8,Gold Star,163,Kirkland Signature,10,11.6,0,0,28,23,10,53,114,0
4655,2023-12-21,2,Business,429,Furniture,9,154.17,0,1,32,5,9,1,47,1
4656,2023-02-01,10,Gold Star,229,Seasonal,5,214.2,0,0,47,16,3,45,111,0
4657,2023-12-05,10,Gold Star,361,Kirkland Signature,2,84.96,0,0,23,20,1,60,104,0
4658,2023-08-20,1,Business,89,Home,9,389.25,1,0,9,1,4,30,44,1
4659,2023-04-27,3,Gold Star,182,Furniture,11,140.36,0,0,36,16,2,52,106,0
4660,2023-05-03,8,Gold Star,489,Electronics,4,178.04,0,0,6,1,2,49,58,0
4661,2023-11-17,9,Business,50,Electronics,14,470.54,0,0,10,19,12,55,96,0
4662,2023-11-12,2,Executive,366,Kirkland Signature,7,33.95,1,0,20,4,6,45,75,0
4663,2023-01-01,2,Business,234,Electronics,4,170.52,1,0,27,18,7,46,98,0
4664,2023-02-10,5,Gold Star,286,Electronics,14,545.86,0,0,34,10,12,15,71,0
4665,2023-04-29,2,Gold Star,434,Kirkland Signature,4,107.96,1,0,15,23,7,60,105,0
4666,2023-05-27,7,Executive,140,Electronics,11,499.07,1,0,35,21,11,20,87,0
4667,2023-02-05,3,Executive,51,Kirkland Signature,20,949.4,1,0,16,19,5,2,42,1
4668,2023-04-02,6,Business,134,Appliances,2,17.26,1,0,42,13,10,56,121,0
4669,2023-08-31,4,Gold Star,425,Appliances,3,79.38,0,0,39,6,10,52,107,0
4670,2023-11-06,1,Executive,326,Seasonal,2,47.48,0,0,3,2,3,14,22,1
4671,2023-05-28,8,Gold Star,129,Home,1,24.07,1,0,4,2,10,46,62,0
4672,2023-07-17,2,Business,499,Clothing,18,333.18,0,0,11,9,2,30,52,0
4673,2023-06-29,6,Executive,83,Kirkland Signature,9,441.09,0,0,24,5,3,72,104,0
4674,2023-03-13,4,Executive,145,Grocery,7,66.5,0,0,32,5,4,37,78,0
4675,2023-08-13,4,Executive,281,Kirkland Signature,3,72.39,1,0,38,10,9,12,69,0
4676,2023-10-14,3,Business,242,Electronics,6,195.0,1,0,39,12,11,39,101,0
4677,2023-11-27,6,Gold Star,55,Clothing,17,768.91,0,0,27,5,7,57,96,0
4678,2023-11-04,10,Business,69,Kirkland Signature,18,237.24,1,0,45,6,5,16,72,0
4679,2023-02-12,8,Executive,349,Home,16,554.08,1,0,19,23,1,54,97,0
4680,2023-04-27,9,Gold Star,163,Kirkland Signature,16,18.56,0,0,28,13,4,47,92,0
4681,2023-06-19,8,Gold Star,423,Seasonal,4,5.6,0,0,34,16,12,71,133,0
4682,2023-07-22,10,Gold Star,29,Clothing,18,807.12,1,0,32,15,3,69,119,0
4683,2023-09-23,5,Gold Star,394,Clothing,5,223.7,1,0,9,18,3,21,51,0
4684,2023-08-17,9,Gold Star,273,Home,9,62.73,0,0,35,8,2,1,46,1
4685,2023-12-13,1,Executive,368,Grocery,17,281.35,0,0,38,16,5,57,116,0
4686,2023-08-24,7,Executive,388,Kirkland Signature,12,84.84,0,0,35,13,7,15,70,0
4687,2023-04-14,1,Executive,291,Kirkland Signature,19,34.77,0,0,23,22,8,33,86,0
4688,2023-03-27,3,Business,351,Electronics,9,264.33,0,0,46,2,8,1,57,0
4689,2023-12-13,10,Executive,344,Furniture,19,128.44,0,0,36,12,5,48,101,0
4690,2023-11-07,9,Business,358,Electronics,7,175.21,0,0,35,13,6,48,102,0
4691,2023-12-30,8,Executive,313,Clothing,4,70.84,1,0,1,4,5,21,31,1
4692,2023-07-27,6,Business,187,Furniture,10,228.7,0,0,36,17,4,58,115,0
4693,2023-02-04,1,Business,54,Appliances,15,251.7,1,0,32,22,8,24,86,0
4694,2023-05-28,7,Business,133,Clothing,2,71.1,1,0,39,12,3,18,72,0
4695,2023-07-23,3,Business,210,Appliances,7,305.55,1,0,41,23,2,6,72,0
4696,2023-10-10,3,Gold Star,457,Clothing,5,237.4,0,0,7,22,10,14,53,0
4697,2023-07-24,7,Business,339,Appliances,16,712.48,0,0,32,10,9,44,95,0
4698,2023-06-28,8,Executive,134,Appliances,18,155.34,0,0,29,1,5,55,90,0
4699,2023-03-16,1,Business,374,Kirkland Signature,11,290.84,0,0,37,12,12,7,68,0
4700,2023-09-11,5,Executive,302,Seasonal,13,154.57,0,0,42,21,2,6,71,0
4701,2023-11-05,6,Gold Star,256,Grocery,20,89.2,1,0,22,15,12,34,83,0
4702,2023-06-02,1,Gold Star,234,Electronics,11,468.93,0,0,32,11,12,34,89,0
4703,2023-12-08,8,Gold Star,28,Electronics,11,9.46,0,0,45,6,10,64,125,0
4704,2023-08-07,1,Gold Star,461,Clothing,2,68.74,0,0,11,20,5,7,43,1
4705,2023-07-26,5,Gold Star,85,Seasonal,8,389.84,0,0,12,15,8,4,39,1
4706,2023-05-15,7,Business,208,Seasonal,6,95.28,0,0,45,21,10,59,135,0
4707,2023-11-22,3,Executive,329,Electronics,14,227.22,0,0,46,5,3,18,72,0
4708,2023-03-10,7,Executive,204,Electronics,5,53.3,0,0,9,22,11,23,65,0
4709,2023-11-05,9,Business,434,Kirkland Signature,17,458.83,1,0,32,22,11,3,68,0
4710,2023-01-28,5,Executive,182,Furniture,19,242.44,1,0,31,23,12,72,138,0
4711,2023-08-05,8,Business,292,Electronics,19,109.25,1,0,10,23,12,57,102,0
4712,2023-02-17,8,Business,29,Clothing,18,807.12,0,0,24,5,2,28,59,0
4713,2023-03-12,2,Business,304,Furniture,19,604.96,1,0,34,19,8,12,73,0
4714,2023-08-05,6,Gold Star,260,Home,7,326.48,1,0,40,5,10,59,114,0
4715,2023-10-15,1,Business,488,Grocery,2,13.24,1,0,10,22,3,54,89,0
4716,2023-03-09,2,Executive,328,Clothing,14,665.14,0,0,42,11,6,3,62,0
4717,2023-07-08,8,Business,124,Electronics,2,60.76,1,0,48,15,9,57,129,0
4718,2023-02-15,2,Gold Star,499,Clothing,20,370.2,0,0,7,12,6,25,50,0
4719,2023-01-11,7,Gold Star,331,Home,7,16.94,0,0,14,7,7,36,64,0
4720,2023-06-17,5,Gold Star,175,Seasonal,3,95.88,1,0,11,21,12,52,96,0
4721,2023-05-31,6,Gold Star,330,Furniture,19,358.91,0,0,41,22,7,72,142,0
4722,2023-09-20,7,Business,252,Clothing,8,188.16,0,0,22,15,4,15,56,0
4723,2023-03-03,9,Executive,413,Home,14,685.72,0,0,23,4,9,40,76,0
4724,2023-06-04,10,Executive,396,Electronics,7,327.11,1,0,30,6,10,15,61,0
4725,2023-08-30,6,Business,488,Grocery,20,132.4,0,0,36,2,9,18,65,0
4726,2023-03-19,8,Gold Star,365,Furniture,18,69.66,1,0,15,7,7,68,97,0
4727,2023-02-04,6,Executive,106,Furniture,16,228.64,1,0,16,3,1,69,89,0
4728,2023-08-09,4,Business,14,Home,4,132.8,0,0,18,7,11,65,101,0
4729,2023-04-04,2,Gold Star,446,Clothing,12,271.44,0,0,7,7,11,9,34,1
4730,2023-05-26,5,Executive,158,Furniture,8,294.4,0,0,6,12,8,47,73,0
4731,2023-09-19,5,Executive,86,Kirkland Signature,18,443.88,0,0,35,13,4,51,103,0
4732,2023-07-28,9,Business,157,Clothing,5,194.75,0,0,10,21,8,13,52,0
4733,2023-12-23,4,Executive,111,Appliances,6,20.94,1,1,24,7,5,12,48,1
4734,2023-11-28,5,Business,182,Furniture,20,255.2,0,0,42,7,1,39,89,0
4735,2023-03-11,8,Executive,498,Kirkland Signature,8,365.04,1,0,10,20,10,32,72,0
4736,2023-03-22,2,Business,196,Seasonal,12,467.04,0,0,34,15,11,8,68,0
4737,2023-08-02,8,Executive,52,Electronics,16,761.44,0,0,21,8,3,1,33,1
4738,2023-05-01,10,Business,43,Seasonal,20,850.6,0,0,46,9,1,57,113,0
4739,2023-07-17,5,Gold Star,128,Grocery,19,500.46,0,0,31,4,12,72,119,0
4740,2023-05-05,6,Business,318,Home,3,113.25,0,0,40,9,12,70,131,0
4741,2023-08-31,1,Gold Star,186,Electronics,7,286.51,0,0,13,18,4,30,65,0
4742,2023-05-11,6,Executive,382,Home,9,357.39,0,0,47,19,7,35,108,0
4743,2023-12-24,4,Gold Star,499,Clothing,12,222.12,1,1,8,23,7,22,60,0
4744,2023-11-07,2,Executive,351,Electronics,15,440.55,0,0,22,6,9,50,87,0
4745,2023-10-21,3,Business,308,Appliances,11,88.44,1,0,18,21,12,58,109,0
4746,2023-02-06,4,Gold Star,140,Electronics,16,725.92,0,0,46,13,3,30,92,0
4747,2023-04-06,7,Business,336,Electronics,8,362.16,0,0,41,12,11,34,98,0
4748,2023-07-06,4,Business,484,Kirkland Signature,1,10.21,0,0,47,8,1,47,103,0
4749,2023-03-19,7,Business,32,Kirkland Signature,19,536.56,1,0,25,7,12,37,81,0
4750,2023-09-06,9,Business,134,Appliances,15,129.45,0,0,13,15,9,37,74,0
4751,2023-03-03,5,Gold Star,125,Home,10,379.5,0,0,28,16,4,3,51,0
4752,2023-08-16,5,Business,410,Home,19,337.06,0,0,14,9,12,50,85,0
4753,2023-10-31,2,Gold Star,274,Grocery,1,49.09,0,0,21,24,1,46,92,0
4754,2023-09-21,5,Executive,461,Clothing,14,481.18,0,0,32,20,7,70,129,0
4755,2023-06-22,10,Executive,271,Appliances,1,35.54,0,0,41,15,7,42,105,0
4756,2023-02-09,5,Business,284,Furniture,17,109.31,0,0,13,22,8,6,49,0
4757,2023-07-10,8,Business,146,Seasonal,18,635.94,0,0,40,7,9,8,64,0
4758,2023-01-02,1,Executive,242,Electronics,1,32.5,0,0,32,12,10,21,75,0
4759,2023-10-17,5,Gold Star,90,Seasonal,11,357.61,0,0,26,20,1,2,49,0
4760,2023-05-15,9,Gold Star,421,Grocery,17,480.25,0,0,44,13,3,51,111,0
4761,2023-02-05,4,Gold Star,399,Clothing,4,81.72,1,0,48,12,4,20,84,0
4762,2023-02-18,1,Gold Star,329,Electronics,17,275.91,1,0,34,12,8,70,124,0
4763,2023-08-30,7,Executive,464,Clothing,9,317.7,0,0,6,14,8,24,52,0
4764,2023-08-06,9,Gold Star,494,Kirkland Signature,2,53.78,1,0,48,12,10,29,99,0
4765,2023-02-23,6,Executive,200,Appliances,4,193.48,0,0,17,17,2,14,50,0
4766,2023-10-20,7,Business,377,Grocery,12,42.72,0,0,27,3,6,69,105,0
4767,2023-10-19,3,Business,160,Kirkland Signature,12,519.84,0,0,3,17,3,33,56,0
4768,2023-10-28,5,Executive,266,Appliances,15,695.1,1,0,46,6,8,19,79,0
4769,2023-07-06,9,Executive,189,Home,19,948.86,0,0,14,13,10,16,53,0
4770,2023-05-28,9,Executive,133,Clothing,12,426.6,1,0,48,16,1,66,131,0
4771,2023-09-17,1,Executive,384,Appliances,1,10.61,1,0,8,17,5,12,42,1
4772,2023-12-18,8,Gold Star,352,Electronics,2,91.02,0,1,9,22,11,72,114,0
4773,2023-06-07,3,Business,211,Kirkland Signature,12,236.52,0,0,5,4,1,46,56,0
4774,2023-03-31,8,Executive,442,Appliances,14,179.34,0,0,22,6,1,53,82,0
4775,2023-10-06,5,Gold Star,426,Home,4,128.6,0,0,2,24,3,51,80,0
4776,2023-10-01,8,Business,166,Appliances,16,660.16,1,0,44,2,12,53,111,0
4777,2023-03-09,9,Gold Star,287,Grocery,18,432.54,0,0,5,3,10,41,59,0
4778,2023-07-25,4,Executive,256,Grocery,18,80.28,0,0,33,24,7,19,83,0
4779,2023-07-22,4,Business,329,Electronics,1,16.23,1,0,26,12,5,13,56,0
4780,2023-03-11,6,Gold Star,440,Furniture,1,38.76,1,0,13,14,1,22,50,0
4781,2023-01-14,1,Business,119,Electronics,19,387.41,1,0,11,18,1,1,31,1
4782,2023-07-22,7,Gold Star,256,Grocery,5,22.3,1,0,37,22,11,16,86,0
4783,2023-01-09,9,Gold Star,175,Seasonal,5,159.8,0,0,7,13,9,51,80,0
4784,2023-01-18,1,Gold Star,213,Grocery,14,357.84,0,0,24,24,5,7,60,0
4785,2023-10-18,2,Business,130,Electronics,16,380.64,0,0,25,5,11,28,69,0
4786,2023-01-25,7,Gold Star,289,Clothing,20,311.0,0,0,48,13,1,63,125,0
4787,2023-11-12,2,Gold Star,360,Home,17,806.65,1,0,1,1,1,33,36,1
4788,2023-09-20,10,Gold Star,69,Kirkland Signature,15,197.7,0,0,34,9,3,61,107,0
4789,2023-06-25,8,Gold Star,499,Clothing,5,92.55,1,0,19,5,5,24,53,0
4790,2023-04-18,4,Executive,405,Seasonal,20,304.2,0,0,37,17,1,35,90,0
4791,2023-06-23,6,Business,315,Home,3,15.48,0,0,30,4,8,40,82,0
4792,2023-01-26,4,Gold Star,281,Kirkland Signature,11,265.43,0,0,36,17,5,30,88,0
4793,2023-07-24,6,Executive,466,Home,11,33.88,0,0,2,20,4,44,70,0
4794,2023-10-19,7,Business,473,Appliances,1,36.05,0,0,1,17,10,45,73,0
4795,2023-01-23,3,Business,340,Furniture,3,72.3,0,0,48,1,12,49,110,0
4796,2023-07-27,3,Executive,214,Clothing,16,704.96,0,0,15,14,11,32,72,0
4797,2023-07-26,2,Executive,6,Appliances,1,27.7,0,0,40,19,1,48,108,0
4798,2023-12-28,1,Executive,491,Appliances,4,53.44,0,0,12,22,10,48,92,0
4799,2023-12-06,8,Business,2,Appliances,19,487.35,0,0,11,5,10,13,39,1
4800,2023-01-27,5,Executive,151,Appliances,20,805.6,0,0,36,24,9,3,72,0
4801,2023-02-28,1,Business,175,Seasonal,20,639.2,0,0,48,9,11,68,136,0
4802,2023-09-27,7,Gold Star,170,Kirkland Signature,15,511.05,0,0,36,18,7,8,69,0
4803,2023-02-20,6,Executive,412,Furniture,16,535.84,0,0,34,16,4,24,78,0
4804,2023-03-20,5,Gold Star,257,Grocery,20,762.2,0,0,34,14,1,10,59,0
4805,2023-06-19,5,Business,433,Appliances,14,186.06,0,0,45,7,9,7,68,0
4806,2023-06-30,6,Gold Star,155,Appliances,14,252.84,0,0,24,20,8,30,82,0
4807,2023-06-14,1,Executive,251,Kirkland Signature,3,111.78,0,0,31,11,8,17,67,0
4808,2023-01-21,5,Gold Star,366,Kirkland Signature,2,9.7,1,0,9,16,3,31,59,0
4809,2023-02-25,8,Business,91,Kirkland Signature,2,83.48,1,0,27,18,8,27,80,0
4810,2023-05-24,4,Business,185,Kirkland Signature,15,15.15,0,0,8,14,9,65,96,0
4811,2023-12-11,5,Gold Star,122,Kirkland Signature,3,109.44,0,0,25,6,3,65,99,0
4812,2023-12-06,2,Gold Star,310,Furniture,4,5.52,0,0,21,15,1,49,86,0
4813,2023-04-14,2,Gold Star,327,Grocery,12,478.56,0,0,47,22,10,26,105,0
4814,2023-06-23,10,Executive,482,Kirkland Signature,3,141.66,0,0,11,21,7,45,84,0
4815,2023-10-04,1,Business,458,Clothing,15,584.4,0,0,25,20,11,6,62,0
4816,2023-03-22,1,Gold Star,8,Appliances,2,9.78,0,0,44,23,4,69,140,0
4817,2023-07-21,2,Executive,75,Appliances,1,40.38,0,0,43,7,3,58,111,0
4818,2023-10-12,1,Gold Star,9,Kirkland Signature,6,283.02,0,0,46,23,11,56,136,0
4819,2023-04-17,4,Executive,494,Kirkland Signature,9,242.01,0,0,16,4,9,68,97,0
4820,2023-06-28,5,Gold Star,463,Clothing,15,287.25,0,0,2,2,7,39,50,0
4821,2023-02-01,8,Business,234,Electronics,4,170.52,0,0,37,20,10,49,116,0
4822,2023-09-01,7,Executive,149,Kirkland Signature,19,314.07,0,0,37,2,10,72,121,0
4823,2023-06-23,2,Executive,115,Electronics,8,372.0,0,0,13,24,5,44,86,0
4824,2023-10-13,7,Executive,48,Seasonal,20,920.4,0,0,16,3,9,45,73,0
4825,2023-05-14,10,Gold Star,263,Kirkland Signature,15,380.25,1,0,12,11,6,26,55,0
4826,2023-03-15,9,Gold Star,482,Kirkland Signature,2,94.44,0,0,23,11,4,35,73,0
4827,2023-07-22,2,Business,126,Furniture,8,261.68,1,0,18,2,6,21,47,1
4828,2023-02-27,10,Executive,219,Home,19,39.9,0,0,18,5,1,3,27,1
4829,2023-11-17,7,Gold Star,248,Seasonal,9,285.66,0,0,10,1,10,25,46,1
4830,2023-08-14,1,Gold Star,290,Furniture,9,9.09,0,0,23,13,10,67,113,0
4831,2023-09-24,4,Business,209,Home,14,243.88,1,0,24,13,2,35,74,0
4832,2023-11-02,8,Executive,295,Appliances,11,307.67,0,0,33,15,2,53,103,0
4833,2023-03-30,8,Business,125,Home,2,75.9,0,0,4,15,3,34,56,0
4834,2023-06-04,9,Executive,120,Kirkland Signature,3,106.83,1,0,15,15,3,19,52,0
4835,2023-09-09,1,Executive,321,Appliances,20,434.2,1,0,37,16,3,40,96,0
4836,2023-10-11,1,Executive,124,Electronics,4,121.52,0,0,12,15,1,44,72,0
4837,2023-05-25,4,Executive,345,Kirkland Signature,18,25.2,0,0,27,1,5,39,72,0
4838,2023-10-12,7,Executive,500,Seasonal,4,51.88,0,0,19,22,2,71,114,0
4839,2023-09-09,9,Gold Star,323,Electronics,4,171.08,1,0,4,15,4,17,40,1
4840,2023-10-01,2,Executive,172,Home,20,138.4,1,0,44,8,11,27,90,0
4841,2023-11-24,7,Executive,347,Clothing,12,435.24,0,0,10,1,3,47,61,0
4842,2023-02-07,4,Business,5,Furniture,9,52.38,0,0,17,10,1,65,93,0
4843,2023-04-20,8,Gold Star,314,Seasonal,9,377.1,0,0,11,23,6,38,78,0
4844,2023-09-01,7,Gold Star,289,Clothing,18,279.9,0,0,10,4,7,60,81,0
4845,2023-08-04,7,Executive,119,Electronics,14,285.46,0,0,39,11,9,37,96,0
4846,2023-02-28,2,Business,388,Kirkland Signature,16,113.12,0,0,3,23,9,43,78,0
4847,2023-08-21,7,Gold Star,199,Seasonal,12,510.48,0,0,6,7,7,26,46,1
4848,2023-06-26,4,Gold Star,152,Grocery,1,1.55,0,0,35,8,3,30,76,0
4849,2023-03-26,9,Gold Star,449,Appliances,16,525.12,1,0,20,22,9,63,114,0
4850,2023-06-05,9,Business,402,Furniture,10,13.1,0,0,15,17,5,64,101,0
4851,2023-12-26,1,Business,429,Furniture,10,171.3,0,0,24,16,9,23,72,0
4852,2023-08-20,5,Executive,83,Kirkland Signature,3,147.03,1,0,26,20,3,20,69,0
4853,2023-07-08,10,Business,470,Kirkland Signature,9,345.33,1,0,44,3,6,23,76,0
4854,2023-04-19,6,Executive,476,Seasonal,15,492.3,0,0,13,5,10,29,57,0
4855,2023-09-26,9,Gold Star,108,Furniture,14,511.14,0,0,34,7,3,38,82,0
4856,2023-03-09,6,Gold Star,121,Electronics,8,330.56,0,0,38,16,5,71,130,0
4857,2023-09-06,9,Executive,433,Appliances,9,119.61,0,0,18,19,5,20,62,0
4858,2023-06-03,10,Business,40,Home,8,230.96,1,0,40,15,11,69,135,0
4859,2023-08-20,7,Executive,305,Electronics,5,246.1,1,0,4,22,4,42,72,0
4860,2023-11-18,6,Business,258,Furniture,3,81.0,1,0,7,12,3,43,65,0
4861,2023-10-20,10,Executive,232,Furniture,11,220.55,0,0,5,20,10,57,92,0
4862,2023-05-16,1,Business,272,Grocery,3,74.97,0,0,37,7,3,70,117,0
4863,2023-03-22,9,Executive,426,Home,5,160.75,0,0,9,9,11,71,100,0
4864,2023-12-02,5,Gold Star,462,Kirkland Signature,6,188.82,1,0,20,1,8,62,91,0
4865,2023-09-05,1,Business,103,Furniture,17,286.79,0,0,25,8,8,72,113,0
4866,2023-11-23,9,Business,278,Home,1,42.43,0,0,31,17,10,40,98,0
4867,2023-10-18,1,Business,83,Kirkland Signature,3,147.03,0,0,33,17,10,47,107,0
4868,2023-10-21,5,Executive,142,Kirkland Signature,1,41.1,1,0,9,19,5,43,76,0
4869,2023-05-04,4,Gold Star,248,Seasonal,18,571.32,0,0,36,9,4,2,51,0
4870,2023-10-03,1,Gold Star,246,Clothing,17,733.72,0,0,1,19,3,31,54,0
4871,2023-07-07,3,Business,420,Seasonal,8,197.76,0,0,17,15,10,67,109,0
4872,2023-05-18,6,Business,18,Appliances,12,37.56,0,0,46,6,5,29,86,0
4873,2023-10-23,9,Gold Star,141,Home,12,346.2,0,0,38,4,7,19,68,0
4874,2023-07-11,9,Gold Star,340,Furniture,12,289.2,0,0,24,12,5,44,85,0
4875,2023-09-24,10,Business,75,Appliances,17,686.46,1,0,36,3,6,48,93,0
4876,2023-10-07,5,Gold Star,431,Appliances,6,20.1,1,0,9,13,1,2,25,1
4877,2023-01-05,8,Business,130,Electronics,15,356.85,0,0,33,3,3,37,76,0
4878,2023-12-25,2,Gold Star,195,Furniture,19,896.04,0,1,43,11,3,30,87,0
4879,2023-08-13,2,Gold Star,211,Kirkland Signature,13,256.23,1,0,24,2,12,71,109,0
4880,2023-07-20,4,Business,145,Grocery,18,171.0,0,0,41,17,7,69,134,0
4881,2023-03-31,3,Business,330,Furniture,13,245.57,0,0,39,7,10,49,105,0
4882,2023-09-15,4,Executive,391,Seasonal,6,107.04,0,0,15,17,11,22,65,0
4883,2023-10-23,4,Executive,404,Home,11,406.56,0,0,46,18,3,42,109,0
4884,2023-12-22,6,Executive,330,Furniture,2,37.78,0,1,18,5,6,16,45,1
4885,2023-01-16,1,Business,210,Appliances,14,611.1,0,0,23,16,8,14,61,0
4886,2023-07-08,2,Business,194,Furniture,9,258.57,1,0,45,21,3,52,121,0
4887,2023-09-06,10,Business,493,Clothing,19,421.23,0,0,47,11,11,8,77,0
4888,2023-08-15,3,Business,483,Appliances,19,143.83,0,0,28,16,1,56,101,0
4889,2023-07-27,2,Executive,120,Kirkland Signature,14,498.54,0,0,14,6,7,50,77,0
4890,2023-07-27,2,Gold Star,404,Home,9,332.64,0,0,38,14,3,13,68,0
4891,2023-02-06,9,Executive,122,Kirkland Signature,18,656.64,0,0,46,3,7,26,82,0
4892,2023-08-07,6,Executive,429,Furniture,9,154.17,0,0,23,9,12,56,100,0
4893,2023-03-26,2,Business,69,Kirkland Signature,9,118.62,1,0,37,9,12,21,79,0
4894,2023-02-01,8,Business,485,Kirkland Signature,9,122.76,0,0,7,8,12,55,82,0
4895,2023-11-07,1,Business,1,Clothing,16,202.08,0,0,9,24,2,35,70,0
4896,2023-09-24,5,Business,377,Grocery,17,60.52,1,0,29,18,5,29,81,0
4897,2023-07-09,1,Gold Star,215,Kirkland Signature,11,29.15,1,0,45,9,5,2,61,0
4898,2023-02-07,2,Business,423,Seasonal,15,21.0,0,0,44,3,11,49,107,0
4899,2023-03-01,7,Executive,303,Electronics,15,307.35,0,0,6,5,4,7,22,1
4900,2023-10-11,2,Executive,121,Electronics,5,206.6,0,0,39,5,3,32,79,0
4901,2023-04-18,7,Business,132,Appliances,20,41.8,0,0,36,12,6,52,106,0
4902,2023-03-02,4,Business,201,Grocery,17,70.38,0,0,15,14,9,23,61,0
4903,2023-04-10,8,Executive,359,Home,6,38.88,0,0,40,8,1,28,77,0
4904,2023-10-15,10,Executive,157,Clothing,6,233.7,1,0,30,11,4,8,53,0
4905,2023-08-09,3,Executive,102,Grocery,15,101.1,0,0,31,13,3,6,53,0
4906,2023-08-15,8,Executive,243,Kirkland Signature,13,53.56,0,0,33,15,3,51,102,0
4907,2023-05-05,8,Executive,96,Seasonal,15,350.25,0,0,27,17,4,38,86,0
4908,2023-04-06,8,Executive,365,Furniture,9,34.83,0,0,22,2,6,8,38,1
4909,2023-10-10,5,Gold Star,314,Seasonal,6,251.4,0,0,3,15,6,56,80,0
4910,2023-05-18,8,Gold Star,476,Seasonal,13,426.66,0,0,46,15,6,16,83,0
4911,2023-12-31,3,Executive,422,Grocery,4,175.56,1,0,34,11,1,37,83,0
4912,2023-11-02,1,Executive,331,Home,7,16.94,0,0,29,12,9,66,116,0
4913,2023-06-29,6,Gold Star,379,Clothing,18,349.74,0,0,13,1,12,27,53,0
4914,2023-12-31,8,Gold Star,47,Home,12,265.2,1,0,8,15,12,54,89,0
4915,2023-04-20,5,Business,303,Electronics,17,348.33,0,0,10,22,5,50,87,0
4916,2023-09-11,9,Business,405,Seasonal,17,258.57,0,0,4,18,8,56,86,0
4917,2023-10-30,4,Business,266,Appliances,4,185.36,0,0,28,7,7,2,44,1
4918,2023-12-09,4,Executive,95,Home,4,130.8,1,0,25,21,6,59,111,0
4919,2023-03-25,3,Business,289,Clothing,18,279.9,1,0,41,14,7,66,128,0
4920,2023-06-15,5,Gold Star,45,Clothing,13,74.36,0,0,21,16,10,72,119,0
4921,2023-01-07,2,Executive,493,Clothing,13,288.21,1,0,37,6,6,68,117,0
4922,2023-04-30,3,Business,86,Kirkland Signature,4,98.64,1,0,31,23,4,38,96,0
4923,2023-02-05,10,Business,103,Furniture,16,269.92,1,0,28,13,1,65,107,0
4924,2023-09-13,10,Gold Star,452,Appliances,19,463.79,0,0,17,8,11,47,83,0
4925,2023-10-10,4,Business,66,Kirkland Signature,13,59.54,0,0,1,3,3,9,16,1
4926,2023-04-17,8,Executive,167,Seasonal,3,21.21,0,0,37,1,7,61,106,0
4927,2023-09-15,6,Gold Star,461,Clothing,9,309.33,0,0,8,15,11,40,74,0
4928,2023-12-11,7,Executive,23,Kirkland Signature,14,116.62,0,0,1,17,6,16,40,1
4929,2023-12-06,1,Business,163,Kirkland Signature,14,16.24,0,0,16,15,10,64,105,0
4930,2023-03-24,10,Gold Star,12,Kirkland Signature,3,47.46,0,0,16,18,2,7,43,1
4931,2023-04-30,8,Business,202,Furniture,17,384.71,1,0,39,21,4,19,83,0
4932,2023-02-27,4,Business,124,Electronics,13,394.94,0,0,48,19,6,5,78,0
4933,2023-02-05,6,Executive,465,Seasonal,4,39.24,1,0,33,6,8,8,55,0
4934,2023-11-23,3,Executive,438,Electronics,19,897.18,0,0,44,7,5,9,65,0
4935,2023-02-21,5,Business,118,Furniture,17,225.93,0,0,2,22,2,6,32,1
4936,2023-03-30,2,Executive,152,Grocery,6,9.3,0,0,11,23,12,56,102,0
4937,2023-03-25,5,Business,319,Seasonal,14,372.12,1,0,2,2,3,17,24,1
4938,2023-12-03,6,Executive,207,Home,20,179.6,1,0,16,18,6,20,60,0
4939,2023-10-14,5,Executive,341,Furniture,17,797.64,1,0,5,22,11,17,55,0
4940,2023-11-03,5,Executive,9,Kirkland Signature,10,471.7,0,0,4,21,12,71,108,0
4941,2023-11-19,8,Gold Star,314,Seasonal,11,460.9,1,0,15,9,8,38,70,0
4942,2023-02-14,8,Business,363,Grocery,18,66.6,0,0,16,9,2,16,43,1
4943,2023-11-12,9,Business,369,Clothing,4,190.2,1,0,28,8,9,61,106,0
4944,2023-08-28,7,Executive,118,Furniture,10,132.9,0,0,16,21,4,47,88,0
4945,2023-05-11,4,Business,352,Electronics,16,728.16,0,0,36,3,2,61,102,0
4946,2023-02-15,9,Executive,81,Electronics,7,244.72,0,0,32,11,7,43,93,0
4947,2023-02-07,1,Executive,410,Home,6,106.44,0,0,4,8,10,11,33,1
4948,2023-11-23,3,Gold Star,344,Furniture,6,40.56,0,0,5,7,9,40,61,0
4949,2023-07-06,8,Gold Star,113,Clothing,12,156.48,0,0,9,7,6,38,60,0
4950,2023-08-04,3,Business,199,Seasonal,7,297.78,0,0,21,20,3,44,88,0
4951,2023-08-16,2,Gold Star,321,Appliances,20,434.2,0,0,10,22,5,31,68,0
4952,2023-03-15,6,Business,259,Furniture,9,339.93,0,0,5,16,10,12,43,1
4953,2023-01-01,3,Gold Star,267,Seasonal,8,22.48,1,0,4,16,9,56,85,0
4954,2023-04-30,10,Gold Star,238,Kirkland Signature,7,78.47,1,0,20,16,10,62,108,0
4955,2023-10-16,10,Business,165,Appliances,19,903.07,0,0,17,4,7,59,87,0
4956,2023-12-21,6,Executive,65,Seasonal,9,107.28,0,1,46,4,3,50,103,0
4957,2023-01-29,3,Gold Star,440,Furniture,19,736.44,1,0,44,10,7,16,77,0
4958,2023-03-03,2,Business,242,Electronics,16,520.0,0,0,6,15,5,31,57,0
4959,2023-11-01,7,Business,105,Furniture,15,163.5,0,0,42,20,5,11,78,0
4960,2023-08-12,6,Business,414,Grocery,16,623.2,1,0,29,18,2,5,54,0
4961,2023-04-29,2,Gold Star,94,Furniture,12,205.56,1,0,45,10,5,60,120,0
4962,2023-10-07,7,Executive,428,Grocery,17,591.6,1,0,28,23,11,42,104,0
4963,2023-08-29,8,Gold Star,74,Appliances,1,39.94,0,0,34,24,6,69,133,0
4964,2023-12-09,8,Executive,237,Grocery,1,28.34,1,0,43,20,6,30,99,0
4965,2023-03-12,5,Gold Star,154,Grocery,19,930.81,1,0,37,11,3,51,102,0
4966,2023-10-20,4,Executive,404,Home,4,147.84,0,0,25,6,1,37,69,0
4967,2023-04-10,8,Gold Star,106,Furniture,4,57.16,0,0,45,11,11,45,112,0
4968,2023-12-06,7,Executive,224,Electronics,13,441.48,0,0,16,20,10,18,64,0
4969,2023-09-22,4,Executive,431,Appliances,1,3.35,0,0,9,17,4,59,89,0
4970,2023-12-23,9,Business,441,Home,9,44.64,1,1,16,5,1,63,85,0
4971,2023-10-04,10,Business,178,Home,8,274.88,0,0,18,19,5,20,62,0
4972,2023-01-10,6,Executive,199,Seasonal,11,467.94,0,0,43,15,4,51,113,0
4973,2023-09-09,3,Gold Star,64,Electronics,17,99.11,1,0,19,18,8,61,106,0
4974,2023-04-11,10,Business,300,Seasonal,15,500.7,0,0,38,11,8,35,92,0
4975,2023-02-14,5,Gold Star,227,Clothing,18,584.64,0,0,44,22,3,24,93,0
4976,2023-12-02,7,Executive,302,Seasonal,8,95.12,1,0,32,7,3,34,76,0
4977,2023-06-22,7,Business,194,Furniture,1,28.73,0,0,30,21,1,40,92,0
4978,2023-03-13,7,Gold Star,102,Grocery,7,47.18,0,0,5,21,1,8,35,1
4979,2023-03-19,9,Business,436,Seasonal,20,737.6,1,0,47,14,2,62,125,0
4980,2023-12-24,8,Business,20,Electronics,15,137.25,1,1,3,1,12,71,87,0
4981,2023-10-28,9,Executive,224,Electronics,17,577.32,1,0,36,12,12,35,95,0
4982,2023-05-08,1,Gold Star,363,Grocery,18,66.6,0,0,40,20,3,46,109,0
4983,2023-12-23,8,Gold Star,397,Home,20,185.2,1,1,32,18,11,61,122,0
4984,2023-12-17,10,Gold Star,229,Seasonal,8,342.72,1,1,40,2,9,22,73,0
4985,2023-06-28,9,Executive,432,Electronics,15,651.6,0,0,11,13,12,21,57,0
4986,2023-08-04,3,Business,485,Kirkland Signature,3,40.92,0,0,45,3,6,17,71,0
4987,2023-08-04,2,Business,6,Appliances,1,27.7,0,0,42,14,5,12,73,0
4988,2023-04-04,2,Executive,325,Electronics,19,47.5,0,0,2,22,5,29,58,0
4989,2023-12-04,4,Gold Star,349,Home,8,277.04,0,0,14,20,11,34,79,0
4990,2023-05-04,2,Gold Star,48,Seasonal,9,414.18,0,0,32,22,9,2,65,0
4991,2023-07-12,3,Gold Star,368,Grocery,12,198.6,0,0,8,6,11,71,96,0
4992,2023-07-23,5,Business,349,Home,11,380.93,1,0,47,8,2,39,96,0
4993,2023-05-07,1,Executive,103,Furniture,2,33.74,1,0,36,6,10,43,95,0
4994,2023-05-09,8,Gold Star,210,Appliances,2,87.3,0,0,34,19,2,59,114,0
4995,2023-05-14,6,Gold Star,257,Grocery,8,304.88,1,0,20,22,4,38,84,0
4996,2023-11-09,1,Gold Star,166,Appliances,14,577.64,0,0,43,24,3,7,77,0
4997,2023-07-03,4,Executive,91,Kirkland Signature,13,542.62,0,0,48,2,12,68,130,0
4998,2023-04-05,6,Gold Star,224,Electronics,14,475.44,0,0,3,8,2,47,60,0
4999,2023-11-11,8,Gold Star,223,Electronics,5,36.85,1,0,27,6,11,24,68,0
5000,2023-12-12,2,Executive,351,Electronics,20,587.4,0,0,29,23,10,63,125,0
5001,2023-10-12,3,Executive,307,Kirkland Signature,19,236.36,0,0,11,14,12,13,50,0
5002,2023-07-05,6,Executive,120,Kirkland Signature,6,213.66,0,0,44,22,10,31,107,0
5003,2023-11-20,9,Gold Star,279,Kirkland Signature,16,520.48,0,0,27,20,7,10,64,0
5004,2023-07-15,10,Gold Star,122,Kirkland Signature,12,437.76,1,0,2,8,6,10,26,1
5005,2023-01-30,5,Executive,422,Grocery,13,570.57,0,0,23,4,5,24,56,0
5006,2023-04-23,1,Business,328,Clothing,1,47.51,1,0,46,7,5,13,71,0
5007,2023-07-10,7,Business,355,Grocery,10,361.1,0,0,18,24,2,1,45,1
5008,2023-10-20,8,Executive,178,Home,1,34.36,0,0,33,8,2,43,86,0
5009,2023-06-01,5,Executive,277,Furniture,3,116.31,0,0,38,8,1,59,106,0
5010,2023-07-05,8,Executive,297,Grocery,13,208.0,0,0,26,10,7,48,91,0
5011,2023-09-03,1,Gold Star,58,Kirkland Signature,12,290.04,1,0,37,11,10,30,88,0
5012,2023-05-24,2,Business,191,Furniture,7,118.72,0,0,40,9,9,56,114,0
5013,2023-02-16,7,Business,349,Home,16,554.08,0,0,4,19,2,53,78,0
5014,2023-11-26,8,Executive,393,Clothing,10,203.1,1,0,35,17,9,57,118,0
5015,2023-04-04,1,Executive,270,Kirkland Signature,16,668.32,0,0,2,9,3,68,82,0
5016,2023-02-21,8,Gold Star,80,Appliances,9,352.89,0,0,35,5,6,44,90,0
5017,2023-12-24,3,Business,2,Appliances,11,282.15,1,1,40,5,8,45,98,0
5018,2023-10-13,9,Business,122,Kirkland Signature,3,109.44,0,0,40,23,6,5,74,0
5019,2023-02-17,7,Gold Star,346,Clothing,19,105.45,0,0,46,9,1,34,90,0
5020,2023-03-09,1,Executive,231,Seasonal,17,81.43,0,0,14,12,1,19,46,1
5021,2023-07-31,4,Executive,332,Home,11,167.86,0,0,40,9,12,68,129,0
5022,2023-04-17,9,Gold Star,32,Kirkland Signature,8,225.92,0,0,47,6,8,67,128,0
5023,2023-09-18,1,Executive,91,Kirkland Signature,17,709.58,0,0,2,2,1,61,66,0
5024,2023-12-12,7,Gold Star,21,Appliances,18,267.12,0,0,9,14,4,15,42,1
5025,2023-09-24,8,Gold Star,272,Grocery,15,374.85,1,0,31,7,6,38,82,0
5026,2023-09-14,3,Executive,283,Home,20,897.2,0,0,4,2,11,61,78,0
5027,2023-07-30,5,Gold Star,19,Seasonal,6,225.48,1,0,28,18,4,26,76,0
5028,2023-08-12,1,Business,391,Seasonal,16,285.44,1,0,39,20,9,16,84,0
5029,2023-12-03,5,Business,370,Electronics,8,305.28,1,0,34,14,4,25,77,0
5030,2023-02-13,4,Gold Star,19,Seasonal,9,338.22,0,0,23,1,7,18,49,0
5031,2023-09-04,4,Gold Star,487,Home,8,288.48,0,0,5,21,1,64,91,0
5032,2023-10-01,7,Gold Star,273,Home,13,90.61,1,0,22,14,11,65,112,0
5033,2023-12-12,1,Business,436,Seasonal,20,737.6,0,0,10,3,4,2,19,1
5034,2023-03-19,3,Business,131,Furniture,5,133.5,1,0,36,23,5,43,107,0
5035,2023-10-22,6,Business,323,Electronics,11,470.47,1,0,47,22,7,10,86,0
5036,2023-06-12,5,Business,120,Kirkland Signature,12,427.32,0,0,29,12,3,6,50,0
5037,2023-05-15,1,Business,367,Electronics,13,349.83,0,0,39,19,11,61,130,0
5038,2023-02-25,5,Business,404,Home,10,369.6,1,0,27,23,7,29,86,0
5039,2023-11-29,10,Business,364,Grocery,3,78.51,0,0,10,13,10,52,85,0
5040,2023-06-25,8,Business,252,Clothing,4,94.08,1,0,48,24,1,41,114,0
5041,2023-04-23,4,Gold Star,397,Home,11,101.86,1,0,17,7,2,67,93,0
5042,2023-06-11,7,Business,142,Kirkland Signature,11,452.1,1,0,33,16,7,64,120,0
5043,2023-07-21,5,Gold Star,94,Furniture,10,171.3,0,0,33,10,6,1,50,0
5044,2023-10-22,9,Business,405,Seasonal,16,243.36,1,0,20,19,6,68,113,0
5045,2023-09-24,4,Gold Star,275,Furniture,6,161.64,1,0,9,19,5,33,66,0
5046,2023-01-01,10,Business,235,Clothing,1,24.14,1,0,11,24,5,12,52,0
5047,2023-06-17,10,Business,212,Electronics,3,9.39,1,0,36,24,7,67,134,0
5048,2023-09-02,10,Business,168,Kirkland Signature,3,118.14,1,0,31,12,11,21,75,0
5049,2023-05-20,9,Gold Star,321,Appliances,15,325.65,1,0,20,12,5,51,88,0
5050,2023-06-23,9,Business,282,Seasonal,12,559.2,0,0,42,10,11,50,113,0
5051,2023-08-31,10,Executive,295,Appliances,8,223.76,0,0,21,18,10,34,83,0
5052,2023-07-08,4,Gold Star,167,Seasonal,2,14.14,1,0,23,11,5,53,92,0
5053,2023-04-26,10,Gold Star,18,Appliances,15,46.95,0,0,30,14,2,44,90,0
5054,2023-07-17,3,Business,160,Kirkland Signature,13,563.16,0,0,30,14,11,53,108,0
5055,2023-08-31,4,Executive,188,Electronics,1,37.33,0,0,24,9,11,27,71,0
5056,2023-05-18,1,Gold Star,453,Grocery,6,56.82,0,0,7,8,2,34,51,0
5057,2023-01-17,6,Gold Star,286,Electronics,4,155.96,0,0,43,12,3,37,95,0
5058,2023-06-11,3,Business,48,Seasonal,17,782.34,1,0,26,13,12,51,102,0
5059,2023-07-26,10,Business,386,Electronics,10,88.3,0,0,35,4,8,28,75,0
5060,2023-12-01,7,Gold Star,107,Seasonal,5,71.65,0,0,5,2,3,46,56,0
5061,2023-06-06,7,Executive,302,Seasonal,4,47.56,0,0,3,21,9,29,62,0
5062,2023-10-03,2,Executive,417,Clothing,9,249.93,0,0,31,14,7,7,59,0
5063,2023-01-24,1,Gold Star,143,Home,13,499.72,0,0,18,6,12,59,95,0
5064,2023-04-24,7,Gold Star,129,Home,14,336.98,0,0,11,7,1,31,50,0
5065,2023-02-03,5,Business,480,Grocery,2,28.36,0,0,13,13,8,11,45,1
5066,2023-01-30,7,Gold Star,453,Grocery,12,113.64,0,0,15,8,12,10,45,1
5067,2023-11-23,4,Gold Star,279,Kirkland Signature,18,585.54,0,0,20,16,1,2,39,1
5068,2023-08-31,8,Business,301,Kirkland Signature,20,999.0,0,0,21,10,1,69,101,0
5069,2023-01-06,1,Gold Star,121,Electronics,4,165.28,0,0,46,12,11,14,83,0
5070,2023-02-19,8,Gold Star,26,Electronics,16,458.72,1,0,17,12,3,26,58,0
5071,2023-05-10,2,Business,235,Clothing,1,24.14,0,0,2,4,9,43,58,0
5072,2023-04-24,4,Executive,191,Furniture,13,220.48,0,0,21,12,10,7,50,0
5073,2023-03-10,2,Business,287,Grocery,13,312.39,0,0,24,11,4,44,83,0
5074,2023-08-02,4,Gold Star,284,Furniture,9,57.87,0,0,13,19,11,45,88,0
5075,2023-01-03,5,Executive,268,Seasonal,1,22.3,0,0,37,11,5,3,56,0
5076,2023-09-23,5,Business,272,Grocery,19,474.81,1,0,38,1,8,65,112,0
5077,2023-09-03,2,Executive,474,Electronics,11,262.02,1,0,47,2,11,5,65,0
5078,2023-03-23,3,Gold Star,164,Clothing,15,547.5,0,0,40,7,9,46,102,0
5079,2023-03-05,1,Gold Star,165,Appliances,10,475.3,1,0,23,22,4,3,52,0
5080,2023-09-12,8,Business,384,Appliances,12,127.32,0,0,6,3,4,24,37,1
5081,2023-07-20,1,Executive,490,Furniture,17,585.82,0,0,18,15,1,1,35,1
5082,2023-03-12,5,Executive,249,Furniture,18,232.2,1,0,23,22,7,68,120,0
5083,2023-12-24,5,Executive,354,Clothing,16,763.36,1,1,41,21,10,55,127,0
5084,2023-07-18,2,Business,24,Clothing,16,708.32,0,0,34,16,4,57,111,0
5085,2023-09-23,8,Gold Star,345,Kirkland Signature,9,12.6,1,0,39,20,4,6,69,0
5086,2023-11-08,9,Executive,404,Home,8,295.68,0,0,20,21,3,36,80,0
5087,2023-05-10,4,Gold Star,114,Appliances,6,279.9,0,0,32,7,3,21,63,0
5088,2023-11-18,9,Executive,389,Clothing,19,647.9,1,0,6,7,8,68,89,0
5089,2023-01-28,9,Executive,83,Kirkland Signature,10,490.1,1,0,36,4,6,33,79,0
5090,2023-10-20,4,Gold Star,137,Furniture,3,140.94,0,0,45,20,3,34,102,0
5091,2023-08-06,6,Gold Star,86,Kirkland Signature,15,369.9,1,0,19,11,2,12,44,1
5092,2023-07-30,2,Gold Star,148,Kirkland Signature,1,5.3,1,0,32,7,3,29,71,0
5093,2023-10-21,1,Gold Star,226,Grocery,8,224.96,1,0,47,17,6,61,131,0
5094,2023-08-28,4,Executive,392,Seasonal,16,105.44,0,0,40,21,3,19,83,0
5095,2023-04-01,3,Business,54,Appliances,20,335.6,1,0,12,3,3,51,69,0
5096,2023-02-20,7,Business,209,Home,9,156.78,0,0,43,13,12,1,69,0
5097,2023-09-26,4,Business,467,Electronics,12,33.24,0,0,1,1,9,10,21,1
5098,2023-08-12,10,Gold Star,286,Electronics,16,623.84,1,0,22,12,9,71,114,0
5099,2023-02-09,2,Gold Star,180,Clothing,11,164.78,0,0,12,19,6,2,39,1
5100,2023-02-10,5,Gold Star,149,Kirkland Signature,7,115.71,0,0,45,10,3,60,118,0
5101,2023-04-10,2,Gold Star,310,Furniture,7,9.66,0,0,8,24,2,43,77,0
5102,2023-10-16,5,Business,238,Kirkland Signature,12,134.52,0,0,22,17,5,62,106,0
5103,2023-08-04,8,Business,143,Home,16,615.04,0,0,37,22,12,26,97,0
5104,2023-04-13,1,Gold Star,90,Seasonal,16,520.16,0,0,12,18,2,57,89,0
5105,2023-02-11,2,Business,469,Kirkland Signature,5,130.5,1,0,23,1,3,66,93,0
5106,2023-08-27,2,Business,434,Kirkland Signature,9,242.91,1,0,24,19,4,16,63,0
5107,2023-02-14,5,Business,324,Seasonal,9,168.48,0,0,17,14,3,51,85,0
5108,2023-06-04,10,Executive,497,Grocery,18,242.46,1,0,13,14,8,64,99,0
5109,2023-10-23,3,Business,476,Seasonal,15,492.3,0,0,10,4,11,28,53,0
5110,2023-08-08,8,Business,153,Home,3,86.94,0,0,25,6,7,1,39,1
5111,2023-09-18,9,Business,372,Furniture,5,101.65,0,0,20,19,9,54,102,0
5112,2023-01-16,5,Business,89,Home,11,475.75,0,0,40,17,7,63,127,0
5113,2023-07-12,10,Executive,170,Kirkland Signature,4,136.28,0,0,47,1,10,39,97,0
5114,2023-01-04,7,Business,404,Home,20,739.2,0,0,21,19,7,58,105,0
5115,2023-08-20,6,Gold Star,184,Seasonal,16,248.16,1,0,29,8,6,8,51,0
5116,2023-06-29,2,Executive,473,Appliances,16,576.8,0,0,32,4,1,54,91,0
5117,2023-04-27,10,Business,394,Clothing,8,357.92,0,0,45,7,6,10,68,0
5118,2023-11-10,4,Business,66,Kirkland Signature,2,9.16,0,0,1,17,4,61,83,0
5119,2023-11-29,7,Business,79,Clothing,18,175.86,0,0,9,19,12,23,63,0
5120,2023-08-31,8,Gold Star,236,Grocery,5,4.25,0,0,13,3,8,59,83,0
5121,2023-05-26,7,Gold Star,210,Appliances,9,392.85,0,0,3,1,2,71,77,0
5122,2023-12-29,6,Business,394,Clothing,15,671.1,0,0,44,4,1,17,66,0
5123,2023-06-30,2,Business,267,Seasonal,19,53.39,0,0,17,23,5,33,78,0
5124,2023-08-12,1,Gold Star,499,Clothing,18,333.18,1,0,18,16,5,1,40,1
5125,2023-01-31,1,Executive,283,Home,9,403.74,0,0,37,11,4,52,104,0
5126,2023-02-21,5,Business,377,Grocery,9,32.04,0,0,22,18,2,3,45,1
5127,2023-06-03,7,Business,160,Kirkland Signature,18,779.76,1,0,20,23,6,37,86,0
5128,2023-11-29,4,Executive,41,Electronics,7,293.58,0,0,25,14,5,50,94,0
5129,2023-07-08,2,Business,28,Electronics,8,6.88,1,0,37,11,11,36,95,0
5130,2023-05-26,5,Executive,282,Seasonal,18,838.8,0,0,5,24,8,69,106,0
5131,2023-10-25,3,Executive,488,Grocery,8,52.96,0,0,25,1,3,45,74,0
5132,2023-10-08,4,Executive,87,Clothing,15,153.45,1,0,39,18,5,66,128,0
5133,2023-02-21,10,Gold Star,80,Appliances,3,117.63,0,0,46,1,2,39,88,0
5134,2023-07-31,9,Gold Star,237,Grocery,19,538.46,0,0,13,9,7,54,83,0
5135,2023-07-06,6,Business,51,Kirkland Signature,20,949.4,0,0,35,8,1,8,52,0
5136,2023-09-15,4,Business,202,Furniture,8,181.04,0,0,4,15,6,10,35,1
5137,2023-03-30,1,Gold Star,167,Seasonal,5,35.35,0,0,43,23,4,23,93,0
5138,2023-07-05,9,Gold Star,56,Seasonal,1,11.37,0,0,38,2,12,18,70,0
5139,2023-06-07,7,Business,20,Electronics,12,109.8,0,0,33,17,3,28,81,0
5140,2023-08-14,1,Business,377,Grocery,11,39.16,0,0,21,23,6,16,66,0
5141,2023-05-09,8,Gold Star,301,Kirkland Signature,18,899.1,0,0,44,10,9,40,103,0
5142,2023-05-17,4,Executive,113,Clothing,17,221.68,0,0,28,23,2,53,106,0
5143,2023-12-11,6,Executive,114,Appliances,4,186.6,0,0,32,4,5,67,108,0
5144,2023-10-21,7,Gold Star,20,Electronics,10,91.5,1,0,41,23,4,29,97,0
5145,2023-08-08,4,Executive,248,Seasonal,9,285.66,0,0,28,7,4,69,108,0
5146,2023-09-02,9,Gold Star,270,Kirkland Signature,12,501.24,1,0,33,22,10,49,114,0
5147,2023-08-26,7,Business,98,Home,6,255.3,1,0,28,22,2,14,66,0
5148,2023-07-13,3,Gold Star,178,Home,5,171.8,0,0,46,22,7,19,94,0
5149,2023-11-06,9,Executive,288,Furniture,20,181.8,0,0,41,19,10,46,116,0
5150,2023-02-19,7,Business,323,Electronics,1,42.77,1,0,27,2,8,69,106,0
5151,2023-07-06,1,Executive,341,Furniture,3,140.76,0,0,45,22,8,60,135,0
5152,2023-05-27,10,Executive,46,Electronics,17,196.01,1,0,21,24,6,71,122,0
5153,2023-04-19,8,Business,149,Kirkland Signature,12,198.36,0,0,30,11,8,30,79,0
5154,2023-12-28,9,Gold Star,433,Appliances,19,252.51,0,0,6,8,5,17,36,1
5155,2023-12-31,8,Gold Star,79,Clothing,13,127.01,1,0,23,24,6,64,117,0
5156,2023-06-11,3,Gold Star,271,Appliances,6,213.24,1,0,33,9,10,45,97,0
5157,2023-10-10,1,Gold Star,332,Home,4,61.04,0,0,11,6,1,38,56,0
5158,2023-07-15,8,Business,14,Home,9,298.8,1,0,12,15,10,5,42,1
5159,2023-02-08,2,Gold Star,402,Furniture,19,24.89,0,0,30,9,1,43,83,0
5160,2023-02-26,4,Executive,377,Grocery,4,14.24,1,0,47,11,4,33,95,0
5161,2023-01-07,7,Executive,337,Seasonal,18,19.26,1,0,21,13,4,64,102,0
5162,2023-02-12,7,Executive,204,Electronics,6,63.96,1,0,38,5,10,54,107,0
5163,2023-09-20,3,Business,325,Electronics,13,32.5,0,0,1,7,5,34,47,1
5164,2023-01-16,6,Business,419,Clothing,15,377.1,0,0,21,2,1,49,73,0
5165,2023-03-14,10,Executive,418,Kirkland Signature,3,140.64,0,0,32,11,3,43,89,0
5166,2023-10-13,4,Business,442,Appliances,12,153.72,0,0,23,20,9,64,116,0
5167,2023-07-22,5,Gold Star,149,Kirkland Signature,12,198.36,1,0,6,22,1,66,95,0
5168,2023-08-10,1,Gold Star,249,Furniture,12,154.8,0,0,48,20,7,59,134,0
5169,2023-04-16,3,Gold Star,51,Kirkland Signature,1,47.47,1,0,47,6,7,7,67,0
5170,2023-08-23,10,Gold Star,43,Seasonal,1,42.53,0,0,46,15,10,19,90,0
5171,2023-01-22,7,Business,470,Kirkland Signature,10,383.7,1,0,5,19,10,66,100,0
5172,2023-12-23,4,Gold Star,100,Electronics,6,167.16,1,1,9,11,9,46,75,0
5173,2023-01-24,2,Executive,182,Furniture,20,255.2,0,0,12,24,11,5,52,0
5174,2023-08-07,5,Gold Star,284,Furniture,15,96.45,0,0,39,23,9,13,84,0
5175,2023-07-23,10,Business,304,Furniture,5,159.2,1,0,39,3,11,57,110,0
5176,2023-02-16,2,Executive,141,Home,8,230.8,0,0,31,18,2,61,112,0
5177,2023-12-14,9,Gold Star,5,Furniture,1,5.82,0,0,14,18,1,7,40,1
5178,2023-06-06,3,Executive,430,Kirkland Signature,1,40.64,0,0,25,11,5,62,103,0
5179,2023-07-11,4,Gold Star,168,Kirkland Signature,20,787.6,0,0,29,2,1,36,68,0
5180,2023-11-01,5,Executive,237,Grocery,2,56.68,0,0,40,3,10,67,120,0
5181,2023-07-01,8,Gold Star,49,Appliances,3,78.81,1,0,25,3,12,64,104,0
5182,2023-07-02,10,Business,495,Kirkland Signature,18,836.64,1,0,45,4,12,27,88,0
5183,2023-01-24,4,Executive,109,Grocery,6,207.54,0,0,33,10,2,5,50,0
5184,2023-12-14,7,Executive,464,Clothing,19,670.7,0,0,36,3,10,72,121,0
5185,2023-09-17,3,Gold Star,240,Home,19,470.25,1,0,43,10,3,25,81,0
5186,2023-02-05,10,Executive,333,Grocery,5,115.6,1,0,23,21,9,39,92,0
5187,2023-02-05,6,Business,313,Clothing,15,265.65,1,0,6,8,8,27,49,0
5188,2023-10-15,8,Executive,64,Electronics,14,81.62,1,0,5,4,11,27,47,1
5189,2023-09-13,7,Business,220,Grocery,18,70.38,0,0,3,2,9,70,84,0
5190,2023-03-10,2,Business,40,Home,13,375.31,0,0,29,19,4,20,72,0
5191,2023-02-07,6,Business,439,Grocery,9,372.6,0,0,14,20,11,9,54,0
5192,2023-12-08,5,Executive,85,Seasonal,3,146.19,0,0,48,23,8,7,86,0
5193,2023-08-01,8,Gold Star,71,Seasonal,15,362.55,0,0,45,10,8,20,83,0
5194,2023-09-11,3,Gold Star,437,Seasonal,18,457.56,0,0,16,11,2,71,100,0
5195,2023-06-05,8,Business,292,Electronics,6,34.5,0,0,15,13,12,70,110,0
5196,2023-11-04,8,Business,286,Electronics,17,662.83,1,0,23,5,8,50,86,0
5197,2023-05-16,6,Gold Star,424,Clothing,7,4.83,0,0,25,14,3,52,94,0
5198,2023-10-14,10,Gold Star,320,Clothing,5,85.55,1,0,7,18,4,10,39,1
5199,2023-05-26,5,Business,291,Kirkland Signature,5,9.15,0,0,47,5,10,13,75,0
5200,2023-03-06,1,Gold Star,318,Home,4,151.0,0,0,12,15,3,35,65,0
5201,2023-01-21,5,Business,132,Appliances,11,22.99,1,0,9,6,3,4,22,1
5202,2023-07-26,7,Executive,126,Furniture,15,490.65,0,0,26,10,10,6,52,0
5203,2023-03-24,3,Gold Star,314,Seasonal,9,377.1,0,0,40,20,12,39,111,0
5204,2023-10-31,4,Executive,399,Clothing,12,245.16,0,0,39,15,6,44,104,0
5205,2023-08-14,3,Business,258,Furniture,15,405.0,0,0,14,24,9,55,102,0
5206,2023-10-27,8,Executive,397,Home,4,37.04,0,0,42,23,5,31,101,0
5207,2023-10-18,1,Gold Star,392,Seasonal,1,6.59,0,0,33,16,7,47,103,0
5208,2023-05-24,7,Business,188,Electronics,8,298.64,0,0,14,6,11,9,40,1
5209,2023-10-22,2,Business,70,Clothing,6,276.0,1,0,14,20,2,43,79,0
5210,2023-10-13,5,Business,63,Electronics,11,355.85,0,0,39,16,11,70,136,0
5211,2023-09-06,1,Business,94,Furniture,2,34.26,0,0,2,22,12,66,102,0
5212,2023-04-22,6,Executive,436,Seasonal,7,258.16,1,0,46,7,11,72,136,0
5213,2023-07-08,9,Gold Star,301,Kirkland Signature,16,799.2,1,0,24,9,4,19,56,0
5214,2023-03-07,1,Executive,393,Clothing,5,101.55,0,0,12,10,11,38,71,0
5215,2023-05-28,8,Executive,472,Clothing,8,352.96,1,0,21,18,12,3,54,0
5216,2023-07-31,3,Executive,429,Furniture,8,137.04,0,0,33,1,3,44,81,0
5217,2023-10-29,2,Gold Star,495,Kirkland Signature,12,557.76,1,0,31,24,7,45,107,0
5218,2023-08-03,9,Business,297,Grocery,19,304.0,0,0,35,2,4,33,74,0
5219,2023-11-07,2,Executive,240,Home,6,148.5,0,0,5,11,2,7,25,1
5220,2023-07-28,1,Business,241,Electronics,13,352.56,0,0,36,2,12,7,57,0
5221,2023-04-26,10,Business,3,Seasonal,6,226.38,0,0,25,15,8,30,78,0
5222,2023-11-26,4,Gold Star,339,Appliances,13,578.89,1,0,21,19,8,37,85,0
5223,2023-01-09,2,Executive,461,Clothing,15,515.55,0,0,17,16,10,26,69,0
5224,2023-07-21,2,Business,132,Appliances,14,29.26,0,0,46,19,6,32,103,0
5225,2023-10-14,5,Executive,489,Electronics,11,489.61,1,0,13,10,2,16,41,1
5226,2023-01-21,3,Gold Star,272,Grocery,8,199.92,1,0,44,3,3,45,95,0
5227,2023-08-17,5,Business,150,Appliances,8,29.28,0,0,1,15,11,42,69,0
5228,2023-09-22,2,Executive,273,Home,16,111.52,0,0,36,19,6,21,82,0
5229,2023-11-18,8,Executive,316,Kirkland Signature,12,252.84,1,0,39,11,3,25,78,0
5230,2023-03-21,3,Executive,420,Seasonal,17,420.24,0,0,5,21,2,71,99,0
5231,2023-01-02,4,Executive,136,Kirkland Signature,8,350.0,0,0,11,6,3,72,92,0
5232,2023-07-01,10,Executive,340,Furniture,12,289.2,1,0,11,12,12,25,60,0
5233,2023-08-07,2,Executive,219,Home,6,12.6,0,0,8,4,2,27,41,1
5234,2023-09-11,7,Executive,73,Home,2,68.82,0,0,35,20,4,71,130,0
5235,2023-09-14,3,Executive,142,Kirkland Signature,3,123.3,0,0,48,2,2,9,61,0
5236,2023-04-24,9,Executive,274,Grocery,19,932.71,0,0,45,3,3,14,65,0
5237,2023-06-12,6,Gold Star,24,Clothing,14,619.78,0,0,13,5,4,58,80,0
5238,2023-03-21,10,Business,263,Kirkland Signature,2,50.7,0,0,7,4,1,40,52,0
5239,2023-05-17,7,Executive,151,Appliances,8,322.24,0,0,24,5,1,14,44,1
5240,2023-09-25,8,Business,161,Grocery,1,44.01,0,0,27,22,2,34,85,0
5241,2023-04-17,4,Executive,9,Kirkland Signature,15,707.55,0,0,5,6,3,44,58,0
5242,2023-10-24,5,Executive,347,Clothing,12,435.24,0,0,17,9,5,66,97,0
5243,2023-12-06,9,Executive,309,Seasonal,13,394.16,0,0,24,24,1,34,83,0
5244,2023-11-11,3,Business,382,Home,6,238.26,1,0,46,12,1,11,70,0
5245,2023-05-10,9,Business,19,Seasonal,3,112.74,0,0,20,17,3,45,85,0
5246,2023-07-23,9,Business,119,Electronics,9,183.51,1,0,31,5,7,2,45,1
5247,2023-02-04,9,Business,218,Seasonal,15,411.6,1,0,28,10,7,49,94,0
5248,2023-09-16,3,Business,387,Grocery,12,63.48,1,0,39,4,10,31,84,0
5249,2023-08-24,10,Business,231,Seasonal,5,23.95,0,0,13,17,9,35,74,0
5250,2023-06-13,4,Executive,296,Kirkland Signature,20,860.0,0,0,8,18,3,56,85,0
5251,2023-12-04,1,Executive,313,Clothing,17,301.07,0,0,38,22,5,9,74,0
5252,2023-11-03,4,Gold Star,6,Appliances,13,360.1,0,0,13,23,9,31,76,0
5253,2023-01-16,9,Gold Star,315,Home,1,5.16,0,0,12,24,12,67,115,0
5254,2023-09-29,5,Executive,191,Furniture,7,118.72,0,0,2,5,6,29,42,1
5255,2023-01-04,10,Gold Star,84,Furniture,19,390.26,0,0,9,20,2,8,39,1
5256,2023-04-16,7,Business,129,Home,9,216.63,1,0,34,22,12,68,136,0
5257,2023-08-04,8,Gold Star,42,Home,11,198.0,0,0,1,23,3,49,76,0
5258,2023-01-05,7,Executive,17,Kirkland Signature,16,649.28,0,0,35,6,8,35,84,0
5259,2023-08-31,4,Business,99,Home,13,206.96,0,0,9,13,7,54,83,0
5260,2023-04-30,1,Executive,209,Home,10,174.2,1,0,22,6,1,3,32,1
5261,2023-06-22,6,Gold Star,358,Electronics,16,400.48,0,0,28,24,12,66,130,0
5262,2023-04-16,9,Gold Star,12,Kirkland Signature,8,126.56,1,0,30,13,11,55,109,0
5263,2023-06-20,4,Executive,436,Seasonal,11,405.68,0,0,41,13,2,41,97,0
5264,2023-10-01,5,Executive,76,Kirkland Signature,20,786.8,1,0,17,10,5,23,55,0
5265,2023-02-08,10,Business,226,Grocery,8,224.96,0,0,27,17,4,24,72,0
5266,2023-10-19,6,Business,40,Home,16,461.92,0,0,9,13,8,32,62,0
5267,2023-10-18,6,Executive,173,Seasonal,8,164.08,0,0,9,16,3,47,75,0
5268,2023-04-15,4,Gold Star,108,Furniture,18,657.18,1,0,11,18,4,53,86,0
5269,2023-09-24,5,Business,377,Grocery,10,35.6,1,0,4,9,1,65,79,0
5270,2023-06-02,10,Business,168,Kirkland Signature,15,590.7,0,0,9,7,1,59,76,0
5271,2023-04-19,10,Gold Star,24,Clothing,19,841.13,0,0,16,3,11,26,56,0
5272,2023-04-25,8,Executive,17,Kirkland Signature,12,486.96,0,0,27,4,8,23,62,0
5273,2023-12-03,4,Business,307,Kirkland Signature,6,74.64,1,0,1,5,1,68,75,0
5274,2023-10-16,9,Business,114,Appliances,13,606.45,0,0,33,19,5,38,95,0
5275,2023-03-17,10,Executive,101,Appliances,12,454.92,0,0,26,14,11,28,79,0
5276,2023-03-02,8,Gold Star,90,Seasonal,10,325.1,0,0,48,15,9,18,90,0
5277,2023-08-24,3,Business,123,Clothing,2,31.92,0,0,38,16,11,65,130,0
5278,2023-05-27,6,Gold Star,161,Grocery,3,132.03,1,0,11,21,10,28,70,0
5279,2023-02-14,10,Executive,441,Home,17,84.32,0,0,12,6,10,51,79,0
5280,2023-03-01,3,Business,240,Home,11,272.25,0,0,29,9,1,14,53,0
5281,2023-06-13,5,Business,354,Clothing,5,238.55,0,0,21,3,4,36,64,0
5282,2023-03-28,2,Business,164,Clothing,6,219.0,0,0,26,11,11,54,102,0
5283,2023-10-12,5,Executive,466,Home,20,61.6,0,0,25,6,9,29,69,0
5284,2023-11-30,1,Gold Star,377,Grocery,15,53.4,0,0,34,13,3,43,93,0
5285,2023-05-07,6,Business,380,Seasonal,12,264.48,1,0,17,5,3,66,91,0
5286,2023-04-18,5,Business,64,Electronics,15,87.45,0,0,18,17,4,22,61,0
5287,2023-03-17,5,Gold Star,469,Kirkland Signature,20,522.0,0,0,36,5,2,7,50,0
5288,2023-11-18,6,Gold Star,120,Kirkland Signature,5,178.05,1,0,27,1,5,58,91,0
5289,2023-05-05,6,Gold Star,80,Appliances,16,627.36,0,0,18,8,5,45,76,0
5290,2023-10-01,4,Business,338,Seasonal,13,599.82,1,0,42,5,1,11,59,0
5291,2023-05-28,9,Executive,371,Grocery,17,573.07,1,0,23,2,11,9,45,1
5292,2023-06-29,6,Executive,399,Clothing,15,306.45,0,0,13,11,1,23,48,1
5293,2023-07-01,10,Gold Star,177,Grocery,17,653.65,1,0,42,17,7,22,88,0
5294,2023-12-22,10,Business,315,Home,18,92.88,0,1,9,15,12,15,51,0
5295,2023-01-17,4,Gold Star,279,Kirkland Signature,8,260.24,0,0,32,10,3,19,64,0
5296,2023-03-25,6,Gold Star,46,Electronics,15,172.95,1,0,24,22,1,5,52,0
5297,2023-02-07,7,Business,156,Seasonal,3,128.73,0,0,14,6,4,29,53,0
5298,2023-12-07,8,Business,273,Home,11,76.67,0,0,19,2,9,60,90,0
5299,2023-01-01,7,Gold Star,488,Grocery,11,72.82,1,0,19,1,8,7,35,1
5300,2023-09-14,6,Executive,396,Electronics,7,327.11,0,0,38,11,12,40,101,0
5301,2023-05-31,4,Gold Star,46,Electronics,3,34.59,0,0,21,5,1,41,68,0
5302,2023-02-20,2,Executive,316,Kirkland Signature,14,294.98,0,0,30,17,7,39,93,0
5303,2023-07-27,7,Executive,454,Appliances,15,357.6,0,0,22,9,3,33,67,0
5304,2023-11-29,2,Gold Star,442,Appliances,9,115.29,0,0,4,4,2,41,51,0
5305,2023-11-13,1,Gold Star,262,Grocery,2,67.18,0,0,6,9,1,55,71,0
5306,2023-06-21,1,Gold Star,187,Furniture,8,182.96,0,0,27,15,1,19,62,0
5307,2023-07-27,6,Business,352,Electronics,2,91.02,0,0,15,15,9,63,102,0
5308,2023-04-28,6,Executive,167,Seasonal,11,77.77,0,0,22,12,11,26,71,0
5309,2023-06-16,7,Business,436,Seasonal,17,626.96,0,0,29,12,9,55,105,0
5310,2023-06-17,1,Executive,186,Electronics,13,532.09,1,0,29,8,9,44,90,0
5311,2023-02-19,4,Executive,349,Home,6,207.78,1,0,29,16,12,32,89,0
5312,2023-03-16,8,Executive,407,Seasonal,3,27.69,0,0,38,4,8,44,94,0
5313,2023-05-09,8,Executive,434,Kirkland Signature,2,53.98,0,0,14,11,12,10,47,1
5314,2023-07-26,8,Business,221,Clothing,6,234.9,0,0,6,1,1,25,33,1
5315,2023-05-09,5,Gold Star,166,Appliances,5,206.3,0,0,36,5,3,49,93,0
5316,2023-10-17,6,Executive,201,Grocery,15,62.1,0,0,44,1,3,15,63,0
5317,2023-04-15,5,Gold Star,98,Home,20,851.0,1,0,10,19,1,27,57,0
5318,2023-08-26,10,Gold Star,113,Clothing,8,104.32,1,0,20,2,12,46,80,0
5319,2023-04-21,2,Executive,313,Clothing,4,70.84,0,0,31,18,10,15,74,0
5320,2023-05-10,9,Gold Star,144,Home,2,42.9,0,0,29,15,12,29,85,0
5321,2023-07-10,2,Business,476,Seasonal,11,361.02,0,0,15,12,8,16,51,0
5322,2023-07-17,9,Executive,225,Grocery,19,42.56,0,0,25,9,11,65,110,0
5323,2023-10-01,2,Business,4,Furniture,13,144.17,1,0,13,11,12,16,52,0
5324,2023-01-15,1,Gold Star,389,Clothing,8,272.8,1,0,14,6,2,37,59,0
5325,2023-03-09,6,Business,93,Kirkland Signature,11,267.41,0,0,23,3,4,65,95,0
5326,2023-08-22,10,Business,406,Seasonal,15,298.65,0,0,25,14,8,45,92,0
5327,2023-11-17,2,Executive,390,Seasonal,1,48.01,0,0,34,14,12,50,110,0
5328,2023-10-18,7,Business,292,Electronics,20,115.0,0,0,9,24,6,24,63,0
5329,2023-01-09,5,Gold Star,73,Home,7,240.87,0,0,29,12,3,66,110,0
5330,2023-08-05,5,Gold Star,121,Electronics,19,785.08,1,0,43,19,7,32,101,0
5331,2023-08-02,6,Business,108,Furniture,10,365.1,0,0,43,16,9,31,99,0
5332,2023-07-05,5,Gold Star,496,Electronics,11,208.01,0,0,4,16,2,9,31,1
5333,2023-04-10,4,Business,250,Home,13,461.63,0,0,5,16,10,62,93,0
5334,2023-04-18,8,Gold Star,165,Appliances,13,617.89,0,0,39,13,12,59,123,0
5335,2023-02-28,10,Executive,499,Clothing,14,259.14,0,0,10,14,1,45,70,0
5336,2023-11-24,2,Business,393,Clothing,7,142.17,0,0,19,16,6,47,88,0
5337,2023-11-12,3,Gold Star,139,Electronics,7,320.95,1,0,22,24,4,58,108,0
5338,2023-11-11,9,Business,477,Clothing,15,619.5,1,0,26,22,7,1,56,0
5339,2023-12-12,10,Executive,333,Grocery,13,300.56,0,0,40,2,5,54,101,0
5340,2023-09-17,8,Executive,437,Seasonal,3,76.26,1,0,38,11,5,14,68,0
5341,2023-06-09,6,Gold Star,454,Appliances,9,214.56,0,0,23,4,9,14,50,0
5342,2023-03-31,8,Gold Star,59,Grocery,14,495.18,0,0,34,19,8,66,127,0
5343,2023-04-25,8,Business,98,Home,20,851.0,0,0,42,5,2,50,99,0
5344,2023-11-23,10,Gold Star,119,Electronics,13,265.07,0,0,43,6,7,19,75,0
5345,2023-09-17,7,Gold Star,365,Furniture,3,11.61,1,0,36,9,4,44,93,0
5346,2023-07-14,8,Executive,123,Clothing,11,175.56,0,0,19,15,2,33,69,0
5347,2023-06-18,8,Business,309,Seasonal,13,394.16,1,0,47,19,7,54,127,0
5348,2023-10-28,4,Business,318,Home,19,717.25,1,0,6,18,11,63,98,0
5349,2023-10-09,10,Business,425,Appliances,20,529.2,0,0,2,6,5,17,30,1
5350,2023-01-21,4,Executive,472,Clothing,10,441.2,1,0,35,1,5,66,107,0
5351,2023-01-24,2,Business,67,Clothing,15,215.55,0,0,27,19,9,68,123,0
5352,2023-05-13,2,Gold Star,252,Clothing,12,282.24,1,0,5,21,9,29,64,0
5353,2023-11-04,1,Executive,353,Kirkland Signature,11,132.66,1,0,25,22,6,31,84,0
5354,2023-04-23,3,Gold Star,440,Furniture,4,155.04,1,0,36,22,2,69,129,0
5355,2023-07-29,5,Executive,10,Furniture,4,68.76,1,0,35,8,10,45,98,0
5356,2023-11-05,7,Gold Star,5,Furniture,3,17.46,1,0,42,4,7,28,81,0
5357,2023-02-16,6,Gold Star,233,Clothing,7,112.21,0,0,46,23,9,68,146,0
5358,2023-02-14,4,Executive,317,Kirkland Signature,15,551.4,0,0,25,19,9,58,111,0
5359,2023-08-24,5,Executive,482,Kirkland Signature,3,141.66,0,0,7,20,5,24,56,0
5360,2023-03-12,7,Executive,259,Furniture,9,339.93,1,0,20,20,1,44,85,0
5361,2023-03-15,10,Executive,84,Furniture,13,267.02,0,0,39,18,12,16,85,0
5362,2023-12-09,1,Business,80,Appliances,20,784.2,1,0,38,19,1,4,62,0
5363,2023-10-25,4,Executive,27,Kirkland Signature,19,857.09,0,0,5,9,5,56,75,0
5364,2023-06-05,10,Executive,257,Grocery,17,647.87,0,0,13,5,7,69,94,0
5365,2023-03-09,4,Gold Star,200,Appliances,3,145.11,0,0,11,11,6,25,53,0
5366,2023-08-14,3,Business,484,Kirkland Signature,13,132.73,0,0,13,2,7,62,84,0
5367,2023-06-22,6,Business,132,Appliances,3,6.27,0,0,8,9,5,71,93,0
5368,2023-02-06,1,Business,305,Electronics,8,393.76,0,0,15,22,4,10,51,0
5369,2023-04-12,3,Gold Star,274,Grocery,15,736.35,0,0,48,14,6,6,74,0
5370,2023-03-13,2,Gold Star,171,Electronics,19,676.4,0,0,36,6,8,46,96,0
5371,2023-02-10,3,Executive,224,Electronics,13,441.48,0,0,18,21,9,33,81,0
5372,2023-10-30,8,Business,205,Grocery,14,433.02,0,0,34,23,4,63,124,0
5373,2023-07-24,1,Business,327,Grocery,7,279.16,0,0,6,20,1,17,44,1
5374,2023-05-09,3,Executive,169,Furniture,8,220.56,0,0,34,21,5,49,109,0
5375,2023-02-22,6,Gold Star,13,Furniture,11,236.94,0,0,3,15,11,3,32,1
5376,2023-11-08,5,Executive,429,Furniture,18,308.34,0,0,5,3,2,26,36,1
5377,2023-03-12,2,Executive,460,Electronics,15,184.5,1,0,19,1,12,28,60,0
5378,2023-10-21,8,Executive,233,Clothing,6,96.18,1,0,28,21,12,14,75,0
5379,2023-11-02,3,Business,191,Furniture,19,322.24,0,0,21,19,5,3,48,1
5380,2023-10-07,2,Executive,402,Furniture,3,3.93,1,0,24,9,6,17,56,0
5381,2023-12-03,5,Executive,214,Clothing,3,132.18,1,0,42,8,7,23,80,0
5382,2023-12-31,9,Gold Star,348,Home,8,346.8,1,0,17,11,4,70,102,0
5383,2023-07-06,3,Business,499,Clothing,18,333.18,0,0,46,5,12,72,135,0
5384,2023-11-12,9,Executive,403,Clothing,14,297.64,1,0,1,5,5,65,76,0
5385,2023-07-06,2,Executive,295,Appliances,13,363.61,0,0,37,6,5,2,50,0
5386,2023-02-06,2,Business,58,Kirkland Signature,12,290.04,0,0,45,20,5,3,73,0
5387,2023-01-11,3,Business,167,Seasonal,18,127.26,0,0,14,24,1,32,71,0
5388,2023-07-26,6,Executive,219,Home,1,2.1,0,0,16,14,9,21,60,0
5389,2023-02-17,8,Gold Star,127,Clothing,16,524.32,0,0,8,12,12,43,75,0
5390,2023-06-28,5,Gold Star,201,Grocery,13,53.82,0,0,42,3,6,41,92,0
5391,2023-03-24,7,Gold Star,424,Clothing,13,8.97,0,0,41,22,11,3,77,0
5392,2023-11-27,7,Executive,107,Seasonal,8,114.64,0,0,15,15,12,52,94,0
5393,2023-07-20,1,Executive,316,Kirkland Signature,6,126.42,0,0,13,8,7,47,75,0
5394,2023-11-04,1,Executive,412,Furniture,5,167.45,1,0,3,5,12,70,90,0
5395,2023-11-05,8,Gold Star,477,Clothing,7,289.1,1,0,13,10,6,40,69,0
5396,2023-03-05,3,Executive,24,Clothing,5,221.35,1,0,12,13,3,8,36,1
5397,2023-06-12,10,Business,95,Home,12,392.4,0,0,30,8,6,36,80,0
5398,2023-01-19,8,Executive,198,Home,18,492.66,0,0,28,24,10,28,90,0
5399,2023-10-18,3,Gold Star,232,Furniture,11,220.55,0,0,15,9,12,11,47,1
5400,2023-03-24,10,Executive,413,Home,8,391.84,0,0,6,4,10,28,48,1
5401,2023-04-26,3,Executive,441,Home,16,79.36,0,0,26,11,12,24,73,0
5402,2023-02-08,6,Business,20,Electronics,10,91.5,0,0,44,21,11,1,77,0
5403,2023-12-28,4,Business,368,Grocery,12,198.6,0,0,15,19,3,50,87,0
5404,2023-11-29,1,Gold Star,406,Seasonal,11,219.01,0,0,9,11,6,72,98,0
5405,2023-08-04,5,Business,373,Seasonal,12,365.76,0,0,33,6,1,53,93,0
5406,2023-02-16,5,Gold Star,295,Appliances,10,279.7,0,0,39,24,9,56,128,0
5407,2023-04-29,9,Gold Star,454,Appliances,15,357.6,1,0,14,24,1,39,78,0
5408,2023-05-23,5,Business,184,Seasonal,13,201.63,0,0,31,5,10,46,92,0
5409,2023-06-18,8,Business,92,Kirkland Signature,13,140.92,1,0,20,21,11,53,105,0
5410,2023-05-13,9,Business,84,Furniture,6,123.24,1,0,23,3,5,57,88,0
5411,2023-06-27,1,Executive,98,Home,11,468.05,0,0,4,3,10,22,39,1
5412,2023-12-31,3,Business,138,Furniture,7,165.41,1,0,22,12,4,7,45,1
5413,2023-06-20,9,Gold Star,437,Seasonal,17,432.14,0,0,20,4,12,59,95,0
5414,2023-11-27,7,Executive,63,Electronics,8,258.8,0,0,21,14,6,5,46,1
5415,2023-08-15,5,Business,342,Grocery,14,425.74,0,0,43,19,2,62,126,0
5416,2023-01-25,8,Business,104,Clothing,1,13.88,0,0,2,19,12,64,97,0
5417,2023-03-01,8,Executive,295,Appliances,17,475.49,0,0,7,4,2,23,36,1
5418,2023-10-23,7,Gold Star,13,Furniture,19,409.26,0,0,14,6,3,17,40,1
5419,2023-06-11,6,Executive,335,Home,18,365.94,1,0,9,10,11,27,57,0
5420,2023-12-09,3,Gold Star,162,Kirkland Signature,9,209.25,1,0,36,23,10,57,126,0
5421,2023-05-31,10,Gold Star,27,Kirkland Signature,4,180.44,0,0,26,9,10,53,98,0
5422,2023-02-10,3,Business,121,Electronics,16,661.12,0,0,47,19,5,19,90,0
5423,2023-02-09,5,Executive,4,Furniture,20,221.8,0,0,20,24,7,64,115,0
5424,2023-03-30,9,Business,234,Electronics,12,511.56,0,0,24,4,11,58,97,0
5425,2023-12-23,2,Business,367,Electronics,18,484.38,1,1,2,21,11,42,76,0
5426,2023-07-22,10,Business,130,Electronics,17,404.43,1,0,4,22,3,11,40,1
5427,2023-05-01,6,Business,386,Electronics,13,114.79,0,0,4,20,12,72,108,0
5428,2023-06-14,4,Gold Star,256,Grocery,3,13.38,0,0,47,20,1,7,75,0
5429,2023-12-19,5,Gold Star,411,Kirkland Signature,12,413.76,0,1,38,6,4,72,120,0
5430,2023-08-17,9,Business,141,Home,14,403.9,0,0,9,1,6,72,88,0
5431,2023-08-05,5,Gold Star,225,Grocery,16,35.84,1,0,30,12,10,58,110,0
5432,2023-09-12,4,Gold Star,90,Seasonal,16,520.16,0,0,29,7,1,33,70,0
5433,2023-11-21,9,Executive,281,Kirkland Signature,19,458.47,0,0,4,11,1,39,55,0
5434,2023-11-15,3,Executive,411,Kirkland Signature,18,620.64,0,0,28,21,1,22,72,0
5435,2023-02-13,2,Executive,356,Kirkland Signature,12,247.2,0,0,40,22,9,45,116,0
5436,2023-11-25,3,Gold Star,69,Kirkland Signature,10,131.8,1,0,41,1,9,20,71,0
5437,2023-06-09,7,Business,99,Home,7,111.44,0,0,27,21,1,22,71,0
5438,2023-02-06,8,Business,53,Seasonal,10,438.2,0,0,27,1,1,4,33,1
5439,2023-02-10,3,Business,383,Seasonal,14,478.1,0,0,30,13,7,32,82,0
5440,2023-03-04,10,Business,353,Kirkland Signature,1,12.06,1,0,45,20,6,30,101,0
5441,2023-09-28,1,Business,40,Home,18,519.66,0,0,41,15,6,33,95,0
5442,2023-02-23,1,Gold Star,460,Electronics,13,159.9,0,0,48,7,9,33,97,0
5443,2023-01-11,1,Gold Star,280,Seasonal,11,274.67,0,0,11,2,9,3,25,1
5444,2023-06-05,1,Business,300,Seasonal,10,333.8,0,0,28,8,7,41,84,0
5445,2023-02-18,4,Business,299,Home,2,82.3,1,0,15,1,12,27,55,0
5446,2023-08-31,10,Executive,453,Grocery,9,85.23,0,0,18,8,2,10,38,1
5447,2023-12-20,5,Gold Star,462,Kirkland Signature,1,31.47,0,1,9,13,12,22,56,0
5448,2023-12-03,10,Business,422,Grocery,8,351.12,1,0,29,3,4,23,59,0
5449,2023-06-12,3,Gold Star,394,Clothing,2,89.48,0,0,25,17,4,35,81,0
5450,2023-08-17,10,Gold Star,149,Kirkland Signature,19,314.07,0,0,34,20,7,35,96,0
5451,2023-04-07,9,Gold Star,81,Electronics,14,489.44,0,0,24,9,8,4,45,1
5452,2023-11-19,6,Gold Star,206,Furniture,5,225.75,1,0,14,6,7,43,70,0
5453,2023-09-27,4,Gold Star,310,Furniture,7,9.66,0,0,1,11,2,38,52,0
5454,2023-04-10,4,Business,83,Kirkland Signature,7,343.07,0,0,48,18,1,51,118,0
5455,2023-01-12,9,Executive,218,Seasonal,4,109.76,0,0,41,18,9,49,117,0
5456,2023-02-20,9,Gold Star,440,Furniture,18,697.68,0,0,29,2,4,53,88,0
5457,2023-01-28,3,Business,442,Appliances,1,12.81,1,0,21,2,9,17,49,0
5458,2023-01-11,9,Business,423,Seasonal,20,28.0,0,0,8,21,6,67,102,0
5459,2023-07-14,9,Executive,497,Grocery,16,215.52,0,0,18,22,1,41,82,0
5460,2023-05-08,8,Business,218,Seasonal,11,301.84,0,0,12,9,4,15,40,1
5461,2023-08-18,6,Business,24,Clothing,12,531.24,0,0,3,11,3,6,23,1
5462,2023-12-24,1,Business,262,Grocery,14,470.26,1,1,25,16,12,52,105,0
5463,2023-12-02,4,Gold Star,472,Clothing,11,485.32,1,0,17,17,1,22,57,0
5464,2023-12-25,1,Executive,415,Electronics,12,396.48,0,1,18,14,1,13,46,1
5465,2023-10-18,3,Business,420,Seasonal,17,420.24,0,0,16,11,3,11,41,1
5466,2023-08-14,4,Gold Star,164,Clothing,8,292.0,0,0,5,24,5,5,39,1
5467,2023-01-06,5,Business,371,Grocery,1,33.71,0,0,48,11,5,65,129,0
5468,2023-08-17,10,Executive,340,Furniture,14,337.4,0,0,46,20,8,55,129,0
5469,2023-06-16,10,Gold Star,369,Clothing,7,332.85,0,0,46,12,3,59,120,0
5470,2023-12-17,5,Business,266,Appliances,13,602.42,1,1,18,6,9,56,89,0
5471,2023-11-13,6,Gold Star,500,Seasonal,18,233.46,0,0,41,12,3,45,101,0
5472,2023-07-12,4,Gold Star,165,Appliances,20,950.6,0,0,4,4,8,30,46,1
5473,2023-02-06,5,Business,356,Kirkland Signature,4,82.4,0,0,6,12,7,37,62,0
5474,2023-07-15,5,Executive,206,Furniture,4,180.6,1,0,27,14,3,29,73,0
5475,2023-07-18,8,Gold Star,253,Clothing,8,11.76,0,0,8,12,9,52,81,0
5476,2023-02-09,9,Gold Star,427,Electronics,16,773.6,0,0,24,7,9,65,105,0
5477,2023-12-26,5,Gold Star,156,Seasonal,11,472.01,0,0,22,24,4,10,60,0
5478,2023-01-07,2,Gold Star,115,Electronics,14,651.0,1,0,6,21,3,31,61,0
5479,2023-09-14,9,Business,431,Appliances,6,20.1,0,0,44,7,1,15,67,0
5480,2023-01-17,4,Gold Star,204,Electronics,15,159.9,0,0,46,4,5,49,104,0
5481,2023-12-22,6,Gold Star,490,Furniture,15,516.9,0,1,3,11,8,44,66,0
5482,2023-09-23,6,Executive,258,Furniture,16,432.0,1,0,16,3,8,26,53,0
5483,2023-09-09,1,Executive,227,Clothing,8,259.84,1,0,14,23,9,58,104,0
5484,2023-04-16,8,Executive,469,Kirkland Signature,16,417.6,1,0,10,7,11,11,39,1
5485,2023-08-29,2,Gold Star,366,Kirkland Signature,18,87.3,0,0,30,11,8,24,73,0
5486,2023-05-07,1,Gold Star,18,Appliances,4,12.52,1,0,4,2,3,36,45,1
5487,2023-09-15,3,Gold Star,136,Kirkland Signature,9,393.75,0,0,13,19,9,67,108,0
5488,2023-05-31,10,Business,413,Home,12,587.76,0,0,36,22,4,17,79,0
5489,2023-09-27,5,Business,423,Seasonal,13,18.2,0,0,23,12,2,44,81,0
5490,2023-03-30,5,Executive,399,Clothing,19,388.17,0,0,42,19,5,31,97,0
5491,2023-02-03,1,Gold Star,396,Electronics,15,700.95,0,0,16,21,9,69,115,0
5492,2023-10-06,10,Executive,1,Clothing,4,50.52,0,0,15,10,11,43,79,0
5493,2023-04-26,2,Executive,474,Electronics,1,23.82,0,0,42,8,2,11,63,0
5494,2023-09-03,5,Gold Star,238,Kirkland Signature,4,44.84,1,0,14,23,6,1,44,1
5495,2023-04-13,1,Business,469,Kirkland Signature,3,78.3,0,0,2,11,5,37,55,0
5496,2023-02-05,7,Gold Star,254,Seasonal,13,78.26,1,0,8,4,9,18,39,1
5497,2023-07-27,3,Gold Star,377,Grocery,11,39.16,0,0,42,11,6,21,80,0
5498,2023-03-05,8,Executive,216,Appliances,17,306.34,1,0,30,21,4,25,80,0
5499,2023-08-21,6,Gold Star,454,Appliances,4,95.36,0,0,46,5,9,70,130,0
5500,2023-10-06,8,Executive,320,Clothing,18,307.98,0,0,42,11,12,20,85,0
5501,2023-01-10,7,Business,313,Clothing,13,230.23,0,0,20,1,1,36,58,0
5502,2023-02-09,2,Business,195,Furniture,19,896.04,0,0,6,20,11,13,50,0
5503,2023-01-23,8,Business,12,Kirkland Signature,3,47.46,0,0,25,13,4,3,45,1
5504,2023-11-13,8,Executive,204,Electronics,19,202.54,0,0,17,13,3,50,83,0
5505,2023-12-11,2,Business,127,Clothing,16,524.32,0,0,46,22,7,67,142,0
5506,2023-03-14,4,Gold Star,207,Home,19,170.62,0,0,9,14,10,9,42,1
5507,2023-11-17,3,Business,177,Grocery,9,346.05,0,0,8,5,9,52,74,0
5508,2023-07-10,9,Business,51,Kirkland Signature,17,806.99,0,0,14,9,4,8,35,1
5509,2023-02-15,7,Executive,61,Appliances,6,9.54,0,0,7,24,11,15,57,0
5510,2023-08-12,3,Business,134,Appliances,1,8.63,1,0,1,5,9,57,72,0
5511,2023-09-07,10,Business,283,Home,6,269.16,0,0,13,17,2,25,57,0
5512,2023-12-18,9,Gold Star,220,Grocery,5,19.55,0,1,1,3,4,58,66,0
5513,2023-06-19,8,Executive,443,Kirkland Signature,9,33.84,0,0,9,10,6,40,65,0
5514,2023-07-16,3,Business,332,Home,13,198.38,1,0,34,16,4,9,63,0
5515,2023-06-23,10,Business,281,Kirkland Signature,1,24.13,0,0,22,3,1,45,71,0
5516,2023-09-11,8,Executive,338,Seasonal,17,784.38,0,0,1,3,6,21,31,1
5517,2023-11-13,8,Gold Star,412,Furniture,5,167.45,0,0,48,1,1,60,110,0
5518,2023-04-07,5,Gold Star,303,Electronics,12,245.88,0,0,33,9,8,3,53,0
5519,2023-06-25,4,Gold Star,495,Kirkland Signature,5,232.4,1,0,24,17,10,2,53,0
5520,2023-04-24,7,Gold Star,309,Seasonal,18,545.76,0,0,2,5,2,62,71,0
5521,2023-03-03,5,Gold Star,429,Furniture,4,68.52,0,0,43,18,8,11,80,0
5522,2023-12-19,6,Executive,402,Furniture,9,11.79,0,1,13,12,3,54,82,0
5523,2023-08-12,3,Business,177,Grocery,6,230.7,1,0,13,22,9,14,58,0
5524,2023-01-16,8,Business,67,Clothing,3,43.11,0,0,21,17,9,45,92,0
5525,2023-09-29,7,Executive,235,Clothing,6,144.84,0,0,26,16,2,7,51,0
5526,2023-12-16,7,Executive,432,Electronics,5,217.2,1,1,26,2,7,36,71,0
5527,2023-09-08,5,Gold Star,380,Seasonal,15,330.6,0,0,10,3,12,67,92,0
5528,2023-01-27,9,Executive,245,Appliances,13,567.45,0,0,19,21,1,39,80,0
5529,2023-01-11,7,Executive,485,Kirkland Signature,7,95.48,0,0,4,20,8,38,70,0
5530,2023-05-09,9,Gold Star,320,Clothing,20,342.2,0,0,9,11,10,53,83,0
5531,2023-10-21,8,Business,201,Grocery,15,62.1,1,0,33,24,5,1,63,0
5532,2023-03-28,3,Gold Star,180,Clothing,5,74.9,0,0,25,20,5,9,59,0
5533,2023-11-16,2,Business,319,Seasonal,9,239.22,0,0,10,8,6,67,91,0
5534,2023-05-17,7,Gold Star,224,Electronics,11,373.56,0,0,1,6,4,11,22,1
5535,2023-01-24,4,Executive,497,Grocery,14,188.58,0,0,14,13,9,30,66,0
5536,2023-12-08,10,Business,411,Kirkland Signature,14,482.72,0,0,36,1,5,38,80,0
5537,2023-04-14,4,Business,295,Appliances,18,503.46,0,0,12,16,7,23,58,0
5538,2023-05-13,5,Gold Star,82,Home,12,82.32,1,0,21,21,8,55,105,0
5539,2023-02-26,8,Gold Star,382,Home,15,595.65,1,0,32,5,2,10,49,0
5540,2023-04-29,2,Gold Star,326,Seasonal,20,474.8,1,0,39,12,7,46,104,0
5541,2023-03-07,1,Business,395,Electronics,19,858.42,0,0,7,4,6,69,86,0
5542,2023-10-18,2,Executive,76,Kirkland Signature,15,590.1,0,0,38,14,8,53,113,0
5543,2023-03-01,9,Executive,18,Appliances,11,34.43,0,0,46,5,9,63,123,0
5544,2023-06-13,3,Business,350,Seasonal,9,111.42,0,0,35,5,9,11,60,0
5545,2023-08-10,7,Executive,456,Grocery,16,357.44,0,0,17,17,12,36,82,0
5546,2023-08-13,4,Gold Star,172,Home,5,34.6,1,0,28,1,10,42,81,0
5547,2023-12-07,6,Business,106,Furniture,3,42.87,0,0,27,24,4,67,122,0
5548,2023-06-10,6,Executive,21,Appliances,3,44.52,1,0,41,24,3,8,76,0
5549,2023-07-20,9,Business,66,Kirkland Signature,12,54.96,0,0,26,4,8,6,44,1
5550,2023-07-06,2,Business,490,Furniture,20,689.2,0,0,39,23,1,37,100,0
5551,2023-11-11,4,Gold Star,203,Appliances,9,182.34,1,0,2,9,11,61,83,0
5552,2023-11-10,10,Business,157,Clothing,14,545.3,0,0,25,16,2,21,64,0
5553,2023-01-14,10,Gold Star,123,Clothing,14,223.44,1,0,21,14,3,2,40,1
5554,2023-01-04,7,Executive,186,Electronics,14,573.02,0,0,12,16,7,10,45,1
5555,2023-06-20,4,Gold Star,31,Seasonal,17,716.72,0,0,13,2,10,53,78,0
5556,2023-03-15,8,Business,290,Furniture,20,20.2,0,0,2,24,2,26,54,0
5557,2023-06-15,9,Business,264,Appliances,17,740.18,0,0,18,3,1,22,44,1
5558,2023-05-24,6,Gold Star,426,Home,19,610.85,0,0,38,7,3,38,86,0
5559,2023-07-26,2,Executive,48,Seasonal,10,460.2,0,0,30,3,3,61,97,0
5560,2023-11-17,6,Gold Star,417,Clothing,7,194.39,0,0,11,16,3,19,49,0
5561,2023-08-20,9,Business,320,Clothing,19,325.09,1,0,9,8,2,37,56,0
5562,2023-06-01,6,Gold Star,72,Grocery,9,345.15,0,0,44,10,4,22,80,0
5563,2023-10-22,10,Executive,45,Clothing,19,108.68,1,0,47,15,6,18,86,0
5564,2023-05-24,5,Executive,439,Grocery,10,414.0,0,0,45,18,11,60,134,0
5565,2023-06-20,3,Gold Star,310,Furniture,8,11.04,0,0,19,5,11,61,96,0
5566,2023-10-09,9,Executive,369,Clothing,7,332.85,0,0,29,17,7,10,63,0
5567,2023-07-06,9,Executive,9,Kirkland Signature,3,141.51,0,0,35,11,9,31,86,0
5568,2023-10-02,7,Business,85,Seasonal,6,292.38,0,0,3,2,12,5,22,1
5569,2023-08-02,5,Executive,475,Kirkland Signature,11,158.07,0,0,14,4,3,67,88,0
5570,2023-12-22,4,Gold Star,250,Home,6,213.06,0,1,5,1,10,58,74,0
5571,2023-09-26,9,Gold Star,55,Clothing,20,904.6,0,0,14,5,4,72,95,0
5572,2023-04-18,2,Executive,500,Seasonal,5,64.85,0,0,29,1,12,66,108,0
5573,2023-06-16,1,Executive,471,Clothing,18,677.34,0,0,44,10,1,15,70,0
5574,2023-01-16,7,Executive,134,Appliances,12,103.56,0,0,12,8,12,53,85,0
5575,2023-07-04,5,Business,435,Electronics,20,362.2,0,0,22,17,7,49,95,0
5576,2023-06-19,9,Gold Star,395,Electronics,17,768.06,0,0,17,13,1,71,102,0
5577,2023-01-29,8,Business,70,Clothing,8,368.0,1,0,12,10,3,55,80,0
5578,2023-04-17,8,Business,273,Home,6,41.82,0,0,24,14,3,30,71,0
5579,2023-11-28,10,Gold Star,160,Kirkland Signature,9,389.88,0,0,45,21,7,49,122,0
5580,2023-05-06,6,Executive,39,Seasonal,19,916.94,1,0,4,1,1,7,13,1
5581,2023-11-29,6,Gold Star,271,Appliances,6,213.24,0,0,34,12,10,27,83,0
5582,2023-11-24,9,Gold Star,183,Electronics,15,327.15,0,0,41,6,9,44,100,0
5583,2023-12-08,5,Business,4,Furniture,1,11.09,0,0,27,22,10,13,72,0
5584,2023-01-03,6,Business,347,Clothing,13,471.51,0,0,21,19,7,63,110,0
5585,2023-12-18,3,Executive,230,Appliances,9,209.34,0,1,1,12,4,7,24,1
5586,2023-07-09,6,Business,407,Seasonal,4,36.92,1,0,27,9,10,9,55,0
5587,2023-04-22,7,Gold Star,4,Furniture,2,22.18,1,0,2,6,12,32,52,0
5588,2023-01-07,10,Gold Star,101,Appliances,12,454.92,1,0,46,21,6,4,77,0
5589,2023-02-23,7,Business,337,Seasonal,7,7.49,0,0,34,23,3,13,73,0
5590,2023-01-10,5,Gold Star,432,Electronics,9,390.96,0,0,16,6,5,30,57,0
5591,2023-03-25,1,Executive,101,Appliances,7,265.37,1,0,33,24,7,8,72,0
5592,2023-05-19,1,Business,348,Home,20,867.0,0,0,42,2,1,9,54,0
5593,2023-11-13,1,Gold Star,353,Kirkland Signature,6,72.36,0,0,48,10,11,56,125,0
5594,2023-01-14,6,Business,159,Home,18,725.4,1,0,18,23,7,57,105,0
5595,2023-08-23,1,Gold Star,240,Home,17,420.75,0,0,48,18,12,32,110,0
5596,2023-02-28,4,Gold Star,440,Furniture,8,310.08,0,0,35,7,11,61,114,0
5597,2023-06-03,2,Gold Star,368,Grocery,17,281.35,1,0,44,3,10,71,128,0
5598,2023-08-29,2,Gold Star,341,Furniture,8,375.36,0,0,31,7,5,44,87,0
5599,2023-03-19,6,Business,23,Kirkland Signature,6,49.98,1,0,18,1,11,5,35,1
5600,2023-02-14,4,Business,105,Furniture,16,174.4,0,0,1,20,1,36,58,0
5601,2023-06-30,1,Business,350,Seasonal,3,37.14,0,0,31,8,4,22,65,0
5602,2023-02-24,7,Executive,97,Appliances,10,493.2,0,0,46,2,5,57,110,0
5603,2023-05-15,5,Executive,174,Grocery,6,292.62,0,0,4,13,6,26,49,0
5604,2023-07-20,7,Gold Star,65,Seasonal,11,131.12,0,0,3,1,2,14,20,1
5605,2023-08-23,10,Gold Star,339,Appliances,6,267.18,0,0,31,4,7,61,103,0
5606,2023-07-19,10,Gold Star,120,Kirkland Signature,19,676.59,0,0,42,15,8,26,91,0
5607,2023-08-09,6,Executive,244,Electronics,6,208.86,0,0,16,16,12,35,79,0
5608,2023-06-13,8,Business,288,Furniture,1,9.09,0,0,16,15,7,47,85,0
5609,2023-02-13,5,Executive,444,Kirkland Signature,7,114.1,0,0,17,23,3,68,111,0
5610,2023-04-11,3,Executive,168,Kirkland Signature,6,236.28,0,0,45,14,3,16,78,0
5611,2023-07-03,1,Gold Star,261,Seasonal,5,198.3,0,0,12,18,6,47,83,0
5612,2023-01-17,7,Executive,387,Grocery,12,63.48,0,0,26,13,1,62,102,0
5613,2023-04-17,1,Business,75,Appliances,15,605.7,0,0,14,13,12,21,60,0
5614,2023-08-14,6,Business,293,Clothing,4,124.08,0,0,16,16,12,14,58,0
5615,2023-09-10,10,Executive,1,Clothing,10,126.3,1,0,2,9,7,30,48,1
5616,2023-06-21,2,Gold Star,210,Appliances,1,43.65,0,0,48,17,11,63,139,0
5617,2023-03-09,4,Executive,37,Electronics,5,38.3,0,0,35,21,2,27,85,0
5618,2023-09-15,2,Executive,431,Appliances,16,53.6,0,0,19,10,7,66,102,0
5619,2023-12-18,2,Gold Star,249,Furniture,2,25.8,0,1,12,19,6,22,59,0
5620,2023-02-22,6,Business,108,Furniture,6,219.06,0,0,46,13,2,64,125,0
5621,2023-08-12,10,Gold Star,231,Seasonal,12,57.48,1,0,43,11,11,45,110,0
5622,2023-05-14,8,Business,476,Seasonal,12,393.84,1,0,7,7,10,4,28,1
5623,2023-09-25,7,Gold Star,257,Grocery,7,266.77,0,0,48,8,1,6,63,0
5624,2023-07-08,1,Executive,29,Clothing,12,538.08,1,0,23,21,12,55,111,0
5625,2023-07-22,2,Gold Star,268,Seasonal,20,446.0,1,0,3,15,3,41,62,0
5626,2023-03-17,4,Business,96,Seasonal,11,256.85,0,0,1,3,11,13,28,1
5627,2023-09-25,10,Gold Star,435,Electronics,15,271.65,0,0,6,19,6,12,43,1
5628,2023-04-20,8,Gold Star,172,Home,13,89.96,0,0,14,5,11,69,99,0
5629,2023-04-11,2,Executive,49,Appliances,15,394.05,0,0,37,12,6,72,127,0
5630,2023-08-14,3,Business,251,Kirkland Signature,19,707.94,0,0,41,10,9,5,65,0
5631,2023-08-25,10,Gold Star,94,Furniture,6,102.78,0,0,30,11,12,22,75,0
5632,2023-09-19,6,Executive,301,Kirkland Signature,12,599.4,0,0,5,8,9,65,87,0
5633,2023-06-11,10,Executive,249,Furniture,1,12.9,1,0,20,8,12,9,49,0
5634,2023-01-12,1,Gold Star,356,Kirkland Signature,5,103.0,0,0,8,6,4,44,62,0
5635,2023-10-01,4,Gold Star,254,Seasonal,16,96.32,1,0,18,24,5,61,108,0
5636,2023-05-16,1,Executive,180,Clothing,11,164.78,0,0,33,16,10,35,94,0
5637,2023-01-07,10,Gold Star,363,Grocery,16,59.2,1,0,11,3,4,50,68,0
5638,2023-01-16,9,Gold Star,78,Kirkland Signature,20,408.2,0,0,29,17,2,11,59,0
5639,2023-09-12,2,Gold Star,93,Kirkland Signature,11,267.41,0,0,47,13,5,16,81,0
5640,2023-08-12,8,Business,466,Home,20,61.6,1,0,5,6,6,25,42,1
5641,2023-11-22,2,Executive,258,Furniture,10,270.0,0,0,10,1,8,60,79,0
5642,2023-05-19,4,Executive,156,Seasonal,4,171.64,0,0,28,14,12,47,101,0
5643,2023-09-02,1,Gold Star,495,Kirkland Signature,14,650.72,1,0,14,24,11,51,100,0
5644,2023-05-05,10,Business,144,Home,16,343.2,0,0,5,11,8,23,47,1
5645,2023-12-07,8,Business,210,Appliances,14,611.1,0,0,46,12,8,22,88,0
5646,2023-11-20,5,Executive,88,Grocery,7,40.04,0,0,32,15,2,25,74,0
5647,2023-10-30,5,Business,245,Appliances,6,261.9,0,0,28,5,12,36,81,0
5648,2023-09-15,5,Gold Star,206,Furniture,4,180.6,0,0,40,4,7,33,84,0
5649,2023-11-17,10,Executive,128,Grocery,9,237.06,0,0,24,5,2,38,69,0
5650,2023-07-29,3,Business,49,Appliances,19,499.13,1,0,9,14,7,43,73,0
5651,2023-10-24,5,Gold Star,8,Appliances,5,24.45,0,0,47,18,3,22,90,0
5652,2023-09-19,7,Business,57,Seasonal,1,2.62,0,0,24,10,4,15,53,0
5653,2023-09-18,8,Executive,258,Furniture,3,81.0,0,0,13,22,2,47,84,0
5654,2023-10-01,6,Business,384,Appliances,18,190.98,1,0,42,3,1,30,76,0
5655,2023-09-03,5,Business,337,Seasonal,16,17.12,1,0,15,23,11,17,66,0
5656,2023-03-24,9,Business,182,Furniture,19,242.44,0,0,12,10,4,49,75,0
5657,2023-08-08,10,Gold Star,75,Appliances,2,80.76,0,0,34,17,4,54,109,0
5658,2023-12-06,5,Executive,297,Grocery,16,256.0,0,0,29,24,5,39,97,0
5659,2023-10-15,8,Business,256,Grocery,9,40.14,1,0,25,16,3,34,78,0
5660,2023-03-08,10,Gold Star,13,Furniture,8,172.32,0,0,17,9,2,33,61,0
5661,2023-07-15,2,Business,464,Clothing,18,635.4,1,0,36,20,8,70,134,0
5662,2023-09-27,9,Gold Star,457,Clothing,15,712.2,0,0,40,19,12,53,124,0
5663,2023-09-30,1,Business,271,Appliances,9,319.86,1,0,15,20,6,64,105,0
5664,2023-09-04,7,Business,431,Appliances,13,43.55,0,0,44,11,4,61,120,0
5665,2023-09-11,8,Executive,447,Clothing,14,550.62,0,0,34,23,11,49,117,0
5666,2023-07-22,6,Gold Star,248,Seasonal,17,539.58,1,0,42,11,7,23,83,0
5667,2023-02-10,7,Business,449,Appliances,18,590.76,0,0,20,21,6,40,87,0
5668,2023-06-10,6,Executive,153,Home,9,260.82,1,0,48,20,9,13,90,0
5669,2023-01-23,3,Gold Star,78,Kirkland Signature,11,224.51,0,0,47,18,11,54,130,0
5670,2023-04-18,2,Business,334,Clothing,4,108.76,0,0,35,21,1,48,105,0
5671,2023-08-13,1,Business,246,Clothing,2,86.32,1,0,19,4,3,16,42,1
5672,2023-10-20,3,Gold Star,46,Electronics,2,23.06,0,0,24,8,6,44,82,0
5673,2023-08-16,10,Business,409,Furniture,2,35.5,0,0,11,6,6,18,41,1
5674,2023-09-01,1,Business,306,Home,7,78.82,0,0,13,9,12,66,100,0
5675,2023-01-11,2,Executive,121,Electronics,8,330.56,0,0,4,2,5,62,73,0
5676,2023-08-26,7,Executive,396,Electronics,20,934.6,1,0,4,6,2,46,58,0
5677,2023-12-27,2,Executive,92,Kirkland Signature,1,10.84,0,0,29,2,6,45,82,0
5678,2023-06-16,7,Business,161,Grocery,6,264.06,0,0,44,9,1,55,109,0
5679,2023-05-18,3,Executive,23,Kirkland Signature,17,141.61,0,0,32,6,2,53,93,0
5680,2023-04-08,8,Gold Star,235,Clothing,2,48.28,1,0,1,4,7,11,23,1
5681,2023-01-06,5,Gold Star,295,Appliances,15,419.55,0,0,42,14,11,55,122,0
5682,2023-03-28,5,Business,417,Clothing,2,55.54,0,0,6,10,11,14,41,1
5683,2023-01-23,10,Executive,339,Appliances,14,623.42,0,0,43,21,3,56,123,0
5684,2023-11-25,1,Gold Star,466,Home,2,6.16,1,0,11,24,9,51,95,0
5685,2023-03-22,6,Business,412,Furniture,12,401.88,0,0,15,4,12,69,100,0
5686,2023-01-01,7,Executive,125,Home,19,721.05,1,0,39,1,12,24,76,0
5687,2023-09-19,5,Gold Star,349,Home,8,277.04,0,0,8,23,5,71,107,0
5688,2023-10-22,5,Business,59,Grocery,9,318.33,1,0,6,4,12,52,74,0
5689,2023-12-29,7,Business,349,Home,1,34.63,0,0,8,6,4,51,69,0
5690,2023-12-07,4,Gold Star,490,Furniture,18,620.28,0,0,37,13,2,60,112,0
5691,2023-09-30,7,Business,202,Furniture,9,203.67,1,0,42,1,12,15,70,0
5692,2023-10-10,7,Executive,417,Clothing,2,55.54,0,0,29,23,3,54,109,0
5693,2023-06-26,9,Gold Star,141,Home,16,461.6,0,0,26,6,9,43,84,0
5694,2023-08-17,2,Gold Star,474,Electronics,2,47.64,0,0,2,4,5,68,79,0
5695,2023-01-04,8,Executive,341,Furniture,8,375.36,0,0,40,11,5,52,108,0
5696,2023-01-10,9,Business,293,Clothing,2,62.04,0,0,19,6,7,33,65,0
5697,2023-02-01,9,Business,134,Appliances,19,163.97,0,0,10,4,5,25,44,1
5698,2023-09-15,4,Business,279,Kirkland Signature,16,520.48,0,0,4,10,7,28,49,0
5699,2023-05-26,5,Gold Star,72,Grocery,11,421.85,0,0,37,14,11,40,102,0
5700,2023-02-05,5,Business,436,Seasonal,15,553.2,1,0,20,15,7,49,91,0
5701,2023-09-19,10,Gold Star,485,Kirkland Signature,1,13.64,0,0,26,14,7,11,58,0
5702,2023-01-08,9,Business,363,Grocery,15,55.5,1,0,40,19,7,17,83,0
5703,2023-11-22,3,Business,44,Appliances,20,426.6,0,0,45,3,8,61,117,0
5704,2023-03-19,4,Gold Star,215,Kirkland Signature,6,15.9,1,0,11,14,7,19,51,0
5705,2023-02-24,7,Business,404,Home,12,443.52,0,0,25,23,3,2,53,0
5706,2023-04-29,4,Gold Star,282,Seasonal,4,186.4,1,0,37,4,1,19,61,0
5707,2023-03-05,6,Business,224,Electronics,18,611.28,1,0,12,5,5,28,50,0
5708,2023-10-30,3,Business,240,Home,10,247.5,0,0,37,21,2,9,69,0
5709,2023-04-06,4,Gold Star,468,Grocery,14,99.12,0,0,5,10,9,55,79,0
5710,2023-04-01,5,Business,236,Grocery,18,15.3,1,0,45,15,12,52,124,0
5711,2023-07-18,4,Business,156,Seasonal,2,85.82,0,0,36,24,9,59,128,0
5712,2023-01-04,5,Gold Star,394,Clothing,3,134.22,0,0,30,12,5,71,118,0
5713,2023-02-12,6,Executive,131,Furniture,14,373.8,1,0,46,3,7,19,75,0
5714,2023-03-24,1,Executive,479,Appliances,10,227.0,0,0,37,7,11,28,83,0
5715,2023-10-15,10,Gold Star,308,Appliances,3,24.12,1,0,41,3,1,2,47,1
5716,2023-02-03,8,Business,185,Kirkland Signature,16,16.16,0,0,48,15,8,40,111,0
5717,2023-02-07,10,Business,47,Home,5,110.5,0,0,20,23,5,35,83,0
5718,2023-04-24,9,Executive,108,Furniture,1,36.51,0,0,24,20,6,56,106,0
5719,2023-09-12,4,Executive,232,Furniture,15,300.75,0,0,23,20,1,1,45,1
5720,2023-03-15,3,Executive,395,Electronics,15,677.7,0,0,46,14,8,10,78,0
5721,2023-09-09,2,Business,132,Appliances,20,41.8,1,0,35,18,2,15,70,0
5722,2023-03-28,7,Gold Star,424,Clothing,15,10.35,0,0,8,11,4,11,34,1
5723,2023-11-07,7,Business,307,Kirkland Signature,3,37.32,0,0,31,12,11,10,64,0
5724,2023-05-16,4,Business,291,Kirkland Signature,5,9.15,0,0,42,9,2,21,74,0
5725,2023-11-13,8,Business,11,Clothing,20,135.2,0,0,44,21,4,71,140,0
5726,2023-09-21,10,Executive,176,Clothing,3,55.2,0,0,28,7,11,11,57,0
5727,2023-02-05,5,Gold Star,243,Kirkland Signature,17,70.04,1,0,16,23,12,1,52,0
5728,2023-04-02,3,Business,253,Clothing,2,2.94,1,0,45,5,12,43,105,0
5729,2023-03-31,5,Business,260,Home,18,839.52,0,0,9,9,1,29,48,1
5730,2023-06-20,9,Executive,288,Furniture,3,27.27,0,0,38,19,4,34,95,0
5731,2023-05-15,3,Gold Star,424,Clothing,4,2.76,0,0,18,14,2,42,76,0
5732,2023-05-30,4,Business,211,Kirkland Signature,16,315.36,0,0,28,23,6,29,86,0
5733,2023-12-03,5,Executive,416,Home,19,903.64,1,0,26,23,5,50,104,0
5734,2023-03-30,4,Executive,57,Seasonal,13,34.06,0,0,37,1,4,27,69,0
5735,2023-02-27,7,Gold Star,455,Grocery,5,166.85,0,0,33,7,8,72,120,0
5736,2023-07-13,2,Business,484,Kirkland Signature,8,81.68,0,0,6,12,8,71,97,0
5737,2023-03-09,2,Executive,197,Grocery,20,952.0,0,0,6,7,12,11,36,1
5738,2023-01-04,4,Gold Star,364,Grocery,7,183.19,0,0,31,12,9,54,106,0
5739,2023-05-29,4,Executive,258,Furniture,19,513.0,0,0,43,20,8,72,143,0
5740,2023-01-14,8,Executive,206,Furniture,20,903.0,1,0,19,24,12,36,91,0
5741,2023-01-21,5,Business,163,Kirkland Signature,10,11.6,1,0,28,4,4,2,38,1
5742,2023-12-27,9,Gold Star,352,Electronics,1,45.51,0,0,3,2,3,1,9,1
5743,2023-05-04,4,Executive,75,Appliances,4,161.52,0,0,14,14,8,27,63,0
5744,2023-03-21,10,Gold Star,463,Clothing,3,57.45,0,0,1,3,11,6,21,1
5745,2023-03-20,10,Executive,376,Kirkland Signature,14,304.92,0,0,14,16,1,49,80,0
5746,2023-12-16,9,Business,284,Furniture,11,70.73,1,1,4,13,4,24,45,1
5747,2023-11-22,9,Gold Star,350,Seasonal,18,222.84,0,0,43,1,12,8,64,0
5748,2023-06-14,10,Executive,357,Kirkland Signature,6,205.38,0,0,13,3,5,22,43,1
5749,2023-05-26,9,Gold Star,66,Kirkland Signature,8,36.64,0,0,43,13,10,37,103,0
5750,2023-11-23,8,Business,219,Home,18,37.8,0,0,45,18,3,34,100,0
5751,2023-05-05,1,Executive,430,Kirkland Signature,19,772.16,0,0,24,23,3,12,62,0
5752,2023-06-25,5,Business,337,Seasonal,12,12.84,1,0,8,23,3,48,82,0
5753,2023-12-08,5,Business,161,Grocery,12,528.12,0,0,16,2,3,45,66,0
5754,2023-07-24,2,Executive,234,Electronics,17,724.71,0,0,43,20,11,28,102,0
5755,2023-12-16,8,Business,23,Kirkland Signature,20,166.6,1,1,32,9,5,24,70,0
5756,2023-06-03,9,Business,443,Kirkland Signature,2,7.52,1,0,10,7,7,35,59,0
5757,2023-07-17,10,Business,140,Electronics,3,136.11,0,0,33,1,4,38,76,0
5758,2023-06-26,8,Executive,175,Seasonal,14,447.44,0,0,39,8,6,32,85,0
5759,2023-09-28,10,Gold Star,39,Seasonal,15,723.9,0,0,19,10,5,63,97,0
5760,2023-05-24,8,Business,259,Furniture,14,528.78,0,0,7,16,5,55,83,0
5761,2023-06-13,3,Business,368,Grocery,10,165.5,0,0,27,9,7,11,54,0
5762,2023-12-31,8,Business,2,Appliances,3,76.95,1,0,29,10,5,14,58,0
5763,2023-03-29,9,Gold Star,26,Electronics,15,430.05,0,0,44,12,10,43,109,0
5764,2023-02-10,10,Gold Star,202,Furniture,14,316.82,0,0,36,14,2,30,82,0
5765,2023-11-26,7,Business,139,Electronics,4,183.4,1,0,3,21,7,27,58,0
5766,2023-05-20,10,Business,312,Kirkland Signature,2,15.74,1,0,24,16,6,7,53,0
5767,2023-06-06,1,Business,130,Electronics,7,166.53,0,0,43,5,9,33,90,0
5768,2023-04-04,10,Gold Star,3,Seasonal,13,490.49,0,0,38,4,8,13,63,0
5769,2023-09-23,2,Executive,119,Electronics,3,61.17,1,0,39,9,4,46,98,0
5770,2023-05-19,9,Business,193,Clothing,1,38.34,0,0,32,4,3,43,82,0
5771,2023-04-17,6,Gold Star,356,Kirkland Signature,16,329.6,0,0,18,13,4,53,88,0
5772,2023-05-27,7,Gold Star,272,Grocery,12,299.88,1,0,31,5,4,69,109,0
5773,2023-02-01,7,Executive,301,Kirkland Signature,6,299.7,0,0,41,1,4,6,52,0
5774,2023-08-20,3,Executive,225,Grocery,3,6.72,1,0,26,15,1,23,65,0
5775,2023-12-10,2,Gold Star,80,Appliances,4,156.84,1,0,12,14,6,45,77,0
5776,2023-11-13,2,Gold Star,240,Home,11,272.25,0,0,10,24,12,25,71,0
5777,2023-12-02,6,Business,497,Grocery,1,13.47,1,0,4,17,9,25,55,0
5778,2023-06-12,3,Executive,465,Seasonal,9,88.29,0,0,33,11,8,6,58,0
5779,2023-05-07,7,Executive,411,Kirkland Signature,1,34.48,1,0,31,4,5,23,63,0
5780,2023-05-29,3,Gold Star,372,Furniture,11,223.63,0,0,24,20,6,43,93,0
5781,2023-06-24,6,Gold Star,176,Clothing,19,349.6,1,0,24,17,2,30,73,0
5782,2023-09-01,8,Executive,485,Kirkland Signature,20,272.8,0,0,12,19,3,63,97,0
5783,2023-07-12,5,Business,489,Electronics,5,222.55,0,0,30,11,10,20,71,0
5784,2023-02-08,9,Business,35,Clothing,13,369.46,0,0,37,17,1,12,67,0
5785,2023-09-12,10,Executive,129,Home,6,144.42,0,0,42,18,4,66,130,0
5786,2023-12-18,3,Executive,252,Clothing,8,188.16,0,1,3,8,1,25,37,1
5787,2023-07-05,6,Gold Star,491,Appliances,20,267.2,0,0,45,20,8,72,145,0
5788,2023-05-02,5,Executive,428,Grocery,12,417.6,0,0,26,11,1,26,64,0
5789,2023-06-03,7,Executive,219,Home,13,27.3,1,0,45,21,8,35,109,0
5790,2023-07-11,10,Gold Star,471,Clothing,4,150.52,0,0,21,2,3,72,98,0
5791,2023-09-24,7,Business,280,Seasonal,5,124.85,1,0,13,3,1,23,40,1
5792,2023-06-11,5,Gold Star,172,Home,13,89.96,1,0,27,17,3,22,69,0
5793,2023-01-14,2,Business,266,Appliances,3,139.02,1,0,2,9,10,49,70,0
5794,2023-07-23,9,Gold Star,185,Kirkland Signature,13,13.13,1,0,1,19,9,45,74,0
5795,2023-01-31,1,Business,479,Appliances,1,22.7,0,0,1,3,6,71,81,0
5796,2023-11-15,4,Executive,246,Clothing,2,86.32,0,0,3,10,4,14,31,1
5797,2023-01-11,2,Gold Star,372,Furniture,7,142.31,0,0,30,4,7,38,79,0
5798,2023-02-11,10,Business,192,Furniture,3,125.28,1,0,32,2,2,71,107,0
5799,2023-04-30,3,Business,216,Appliances,10,180.2,1,0,37,16,6,60,119,0
5800,2023-10-11,5,Executive,115,Electronics,9,418.5,0,0,15,16,9,49,89,0
5801,2023-06-02,3,Executive,231,Seasonal,2,9.58,0,0,47,14,4,16,81,0
5802,2023-08-01,10,Business,372,Furniture,2,40.66,0,0,11,2,4,5,22,1
5803,2023-02-23,2,Business,475,Kirkland Signature,7,100.59,0,0,37,23,6,46,112,0
5804,2023-06-19,4,Executive,349,Home,12,415.56,0,0,28,13,3,11,55,0
5805,2023-07-04,5,Executive,267,Seasonal,2,5.62,0,0,30,8,2,55,95,0
5806,2023-05-23,10,Business,54,Appliances,12,201.36,0,0,47,16,1,55,119,0
5807,2023-03-13,6,Gold Star,234,Electronics,18,767.34,0,0,30,24,6,33,93,0
5808,2023-07-08,2,Gold Star,381,Grocery,10,382.1,1,0,41,3,8,24,76,0
5809,2023-12-20,4,Executive,81,Electronics,10,349.6,0,1,36,4,8,68,116,0
5810,2023-04-02,8,Executive,302,Seasonal,15,178.35,1,0,36,10,11,51,108,0
5811,2023-01-14,8,Gold Star,366,Kirkland Signature,20,97.0,1,0,17,23,7,57,104,0
5812,2023-05-12,5,Business,408,Appliances,9,182.16,0,0,4,12,2,30,48,1
5813,2023-07-06,4,Gold Star,482,Kirkland Signature,1,47.22,0,0,38,13,2,8,61,0
5814,2023-12-19,7,Gold Star,246,Clothing,9,388.44,0,1,18,21,5,21,65,0
5815,2023-11-22,8,Gold Star,295,Appliances,13,363.61,0,0,5,3,7,59,74,0
5816,2023-08-03,4,Executive,213,Grocery,6,153.36,0,0,41,5,11,16,73,0
5817,2023-12-28,2,Gold Star,396,Electronics,8,373.84,0,0,7,14,1,15,37,1
5818,2023-05-05,9,Gold Star,386,Electronics,8,70.64,0,0,7,21,11,64,103,0
5819,2023-02-24,9,Business,392,Seasonal,20,131.8,0,0,24,13,4,26,67,0
5820,2023-03-20,4,Executive,463,Clothing,6,114.9,0,0,30,21,6,48,105,0
5821,2023-01-18,6,Gold Star,451,Appliances,11,127.6,0,0,16,17,9,51,93,0
5822,2023-10-31,9,Executive,111,Appliances,13,45.37,0,0,39,9,10,12,70,0
5823,2023-06-04,8,Gold Star,454,Appliances,14,333.76,1,0,7,3,8,62,80,0
5824,2023-02-27,2,Gold Star,49,Appliances,3,78.81,0,0,20,2,1,10,33,1
5825,2023-01-09,5,Executive,436,Seasonal,1,36.88,0,0,48,12,7,49,116,0
5826,2023-08-15,3,Executive,309,Seasonal,16,485.12,0,0,3,3,4,25,35,1
5827,2023-03-04,5,Executive,497,Grocery,11,148.17,1,0,1,16,8,49,74,0
5828,2023-12-15,6,Business,221,Clothing,5,195.75,0,1,25,10,12,51,98,0
5829,2023-07-17,5,Business,210,Appliances,11,480.15,0,0,3,10,11,43,67,0
5830,2023-03-28,4,Business,164,Clothing,5,182.5,0,0,19,18,4,15,56,0
5831,2023-12-24,3,Business,94,Furniture,7,119.91,1,1,44,12,4,44,104,0
5832,2023-09-25,1,Executive,376,Kirkland Signature,17,370.26,0,0,3,6,1,42,52,0
5833,2023-06-14,8,Gold Star,301,Kirkland Signature,11,549.45,0,0,35,21,11,51,118,0
5834,2023-12-15,9,Gold Star,19,Seasonal,11,413.38,0,1,23,16,1,46,86,0
5835,2023-06-12,7,Gold Star,197,Grocery,5,238.0,0,0,25,8,3,34,70,0
5836,2023-05-13,10,Gold Star,391,Seasonal,7,124.88,1,0,3,18,12,54,87,0
5837,2023-08-11,3,Executive,150,Appliances,12,43.92,0,0,21,9,9,2,41,1
5838,2023-12-27,2,Executive,351,Electronics,4,117.48,0,0,44,10,7,22,83,0
5839,2023-03-07,3,Business,400,Grocery,5,178.85,0,0,48,9,9,63,129,0
5840,2023-06-10,10,Gold Star,231,Seasonal,18,86.22,1,0,35,15,5,34,89,0
5841,2023-01-20,10,Gold Star,313,Clothing,10,177.1,0,0,17,5,11,55,88,0
5842,2023-08-04,10,Executive,13,Furniture,8,172.32,0,0,37,14,3,60,114,0
5843,2023-11-28,4,Executive,51,Kirkland Signature,5,237.35,0,0,4,8,10,43,65,0
5844,2023-01-14,6,Business,420,Seasonal,15,370.8,1,0,40,10,2,34,86,0
5845,2023-12-27,10,Gold Star,201,Grocery,10,41.4,0,0,9,19,6,55,89,0
5846,2023-01-27,1,Business,473,Appliances,4,144.2,0,0,36,9,10,33,88,0
5847,2023-05-02,4,Gold Star,301,Kirkland Signature,5,249.75,0,0,2,1,12,67,82,0
5848,2023-10-25,1,Executive,187,Furniture,3,68.61,0,0,43,17,7,56,123,0
5849,2023-02-02,4,Business,363,Grocery,2,7.4,0,0,28,7,11,39,85,0
5850,2023-08-22,8,Executive,59,Grocery,10,353.7,0,0,11,12,2,53,78,0
5851,2023-04-08,9,Executive,2,Appliances,17,436.05,1,0,4,20,8,3,35,1
5852,2023-11-01,1,Executive,56,Seasonal,18,204.66,0,0,42,7,1,65,115,0
5853,2023-05-01,2,Business,10,Furniture,10,171.9,0,0,39,19,1,13,72,0
5854,2023-06-26,10,Gold Star,55,Clothing,17,768.91,0,0,25,12,8,48,93,0
5855,2023-03-13,8,Business,277,Furniture,17,659.09,0,0,10,3,7,16,36,1
5856,2023-10-21,2,Executive,131,Furniture,9,240.3,1,0,25,6,5,55,91,0
5857,2023-12-27,1,Gold Star,7,Grocery,6,80.7,0,0,8,6,10,60,84,0
5858,2023-05-08,1,Gold Star,81,Electronics,13,454.48,0,0,16,12,4,69,101,0
5859,2023-02-21,1,Gold Star,11,Clothing,11,74.36,0,0,27,16,1,36,80,0
5860,2023-07-29,9,Executive,90,Seasonal,7,227.57,1,0,3,18,9,59,89,0
5861,2023-11-15,1,Gold Star,137,Furniture,16,751.68,0,0,11,5,5,60,81,0
5862,2023-10-21,3,Gold Star,416,Home,3,142.68,1,0,41,24,3,7,75,0
5863,2023-01-22,9,Business,328,Clothing,17,807.67,1,0,24,23,12,7,66,0
5864,2023-07-09,6,Business,54,Appliances,19,318.82,1,0,40,11,9,24,84,0
5865,2023-09-15,3,Executive,400,Grocery,2,71.54,0,0,38,15,8,47,108,0
5866,2023-11-08,6,Gold Star,105,Furniture,20,218.0,0,0,4,2,9,51,66,0
5867,2023-04-12,2,Gold Star,169,Furniture,1,27.57,0,0,7,6,7,65,85,0
5868,2023-11-26,5,Gold Star,38,Appliances,19,201.4,1,0,21,1,9,58,89,0
5869,2023-11-12,6,Executive,183,Electronics,13,283.53,1,0,42,13,5,9,69,0
5870,2023-04-26,10,Business,252,Clothing,2,47.04,0,0,25,12,12,53,102,0
5871,2023-10-29,8,Executive,114,Appliances,9,419.85,1,0,22,9,6,30,67,0
5872,2023-04-10,2,Business,467,Electronics,7,19.39,0,0,23,7,10,42,82,0
5873,2023-10-07,7,Executive,54,Appliances,8,134.24,1,0,43,18,1,32,94,0
5874,2023-02-05,4,Business,159,Home,10,403.0,1,0,31,2,3,15,51,0
5875,2023-02-22,1,Gold Star,227,Clothing,16,519.68,0,0,36,24,11,55,126,0
5876,2023-04-12,1,Business,114,Appliances,6,279.9,0,0,45,9,7,31,92,0
5877,2023-04-05,3,Gold Star,283,Home,4,179.44,0,0,23,3,6,45,77,0
5878,2023-03-24,7,Gold Star,424,Clothing,1,0.69,0,0,3,1,6,49,59,0
5879,2023-03-30,5,Executive,100,Electronics,17,473.62,0,0,16,15,3,1,35,1
5880,2023-09-28,2,Executive,101,Appliances,1,37.91,0,0,19,18,3,57,97,0
5881,2023-12-25,1,Executive,205,Grocery,13,402.09,0,1,43,16,5,61,125,0
5882,2023-10-30,1,Business,219,Home,2,4.2,0,0,47,15,3,40,105,0
5883,2023-04-28,4,Executive,450,Electronics,16,143.36,0,0,39,12,2,24,77,0
5884,2023-09-08,3,Gold Star,67,Clothing,18,258.66,0,0,41,24,11,34,110,0
5885,2023-12-22,4,Gold Star,132,Appliances,9,18.81,0,1,23,17,12,46,98,0
5886,2023-10-23,5,Business,373,Seasonal,17,518.16,0,0,40,7,3,43,93,0
5887,2023-09-07,1,Business,364,Grocery,13,340.21,0,0,15,5,12,28,60,0
5888,2023-08-30,6,Gold Star,196,Seasonal,18,700.56,0,0,31,6,7,11,55,0
5889,2023-11-29,7,Executive,21,Appliances,20,296.8,0,0,41,23,4,32,100,0
5890,2023-04-23,8,Executive,494,Kirkland Signature,20,537.8,1,0,43,22,7,31,103,0
5891,2023-12-28,10,Gold Star,437,Seasonal,17,432.14,0,0,30,19,6,20,75,0
5892,2023-03-24,1,Business,470,Kirkland Signature,13,498.81,0,0,46,12,10,72,140,0
5893,2023-10-19,2,Executive,20,Electronics,18,164.7,0,0,25,22,1,51,99,0
5894,2023-02-25,8,Gold Star,71,Seasonal,4,96.68,1,0,31,23,4,34,92,0
5895,2023-12-29,7,Executive,72,Grocery,13,498.55,0,0,35,7,4,71,117,0
5896,2023-08-24,5,Gold Star,437,Seasonal,14,355.88,0,0,28,5,2,61,96,0
5897,2023-10-28,4,Business,107,Seasonal,19,272.27,1,0,14,14,10,6,44,1
5898,2023-02-07,2,Gold Star,445,Appliances,3,137.19,0,0,41,12,12,36,101,0
5899,2023-10-16,9,Business,92,Kirkland Signature,10,108.4,0,0,17,13,4,20,54,0
5900,2023-09-17,8,Business,89,Home,14,605.5,1,0,45,22,2,17,86,0
5901,2023-05-25,5,Gold Star,54,Appliances,9,151.02,0,0,30,24,3,63,120,0
5902,2023-01-18,10,Executive,300,Seasonal,12,400.56,0,0,40,2,9,18,69,0
5903,2023-12-18,5,Gold Star,251,Kirkland Signature,5,186.3,0,1,37,8,5,5,55,0
5904,2023-08-09,5,Executive,111,Appliances,18,62.82,0,0,24,18,2,19,63,0
5905,2023-07-31,10,Executive,490,Furniture,1,34.46,0,0,24,7,10,29,70,0
5906,2023-06-18,1,Executive,306,Home,6,67.56,1,0,2,21,4,33,60,0
5907,2023-01-21,3,Business,427,Electronics,15,725.25,1,0,30,14,12,39,95,0
5908,2023-08-25,10,Gold Star,481,Clothing,5,92.4,0,0,12,11,11,5,39,1
5909,2023-09-02,3,Executive,215,Kirkland Signature,2,5.3,1,0,28,13,5,3,49,0
5910,2023-10-03,10,Gold Star,20,Electronics,1,9.15,0,0,28,10,9,61,108,0
5911,2023-05-09,6,Executive,6,Appliances,7,193.9,0,0,45,24,2,48,119,0
5912,2023-11-23,4,Executive,44,Appliances,16,341.28,0,0,47,15,5,51,118,0
5913,2023-05-06,10,Executive,270,Kirkland Signature,13,543.01,1,0,13,6,12,19,50,0
5914,2023-01-03,7,Business,151,Appliances,9,362.52,0,0,28,24,9,1,62,0
5915,2023-08-11,6,Business,117,Grocery,1,33.08,0,0,34,9,10,5,58,0
5916,2023-06-09,6,Executive,440,Furniture,4,155.04,0,0,46,11,4,21,82,0
5917,2023-05-02,10,Business,217,Furniture,8,140.16,0,0,41,20,11,2,74,0
5918,2023-01-16,5,Business,487,Home,19,685.14,0,0,45,2,10,23,80,0
5919,2023-10-19,1,Executive,430,Kirkland Signature,18,731.52,0,0,26,12,2,14,54,0
5920,2023-10-07,2,Business,121,Electronics,11,454.52,1,0,42,17,1,35,95,0
5921,2023-04-16,4,Executive,355,Grocery,6,216.66,1,0,36,17,3,21,77,0
5922,2023-02-01,5,Business,237,Grocery,11,311.74,0,0,43,11,4,42,100,0
5923,2023-03-18,7,Executive,18,Appliances,8,25.04,1,0,10,17,3,20,50,0
5924,2023-12-29,2,Executive,287,Grocery,4,96.12,0,0,3,6,5,12,26,1
5925,2023-03-14,4,Gold Star,495,Kirkland Signature,20,929.6,0,0,14,12,4,24,54,0
5926,2023-02-18,3,Business,411,Kirkland Signature,11,379.28,1,0,33,23,9,1,66,0
5927,2023-11-10,4,Executive,236,Grocery,12,10.2,0,0,46,10,1,7,64,0
5928,2023-12-15,9,Gold Star,415,Electronics,11,363.44,0,1,8,12,6,65,91,0
5929,2023-05-30,10,Business,96,Seasonal,19,443.65,0,0,38,3,9,40,90,0
5930,2023-08-21,4,Business,247,Seasonal,1,30.84,0,0,1,8,10,40,59,0
5931,2023-01-22,3,Gold Star,208,Seasonal,11,174.68,1,0,40,16,10,17,83,0
5932,2023-06-09,4,Gold Star,150,Appliances,3,10.98,0,0,28,21,11,37,97,0
5933,2023-05-26,3,Gold Star,362,Clothing,6,198.3,0,0,29,24,11,18,82,0
5934,2023-12-13,5,Executive,269,Electronics,4,12.6,0,0,23,17,10,15,65,0
5935,2023-03-21,10,Executive,198,Home,15,410.55,0,0,16,15,1,36,68,0
5936,2023-12-21,7,Executive,33,Clothing,11,427.68,0,1,20,3,11,52,86,0
5937,2023-02-04,2,Business,386,Electronics,18,158.94,1,0,48,22,3,71,144,0
5938,2023-04-23,3,Gold Star,328,Clothing,11,522.61,1,0,13,7,5,38,63,0
5939,2023-10-05,1,Executive,477,Clothing,5,206.5,0,0,42,21,11,52,126,0
5940,2023-07-18,10,Gold Star,1,Clothing,14,176.82,0,0,42,23,7,32,104,0
5941,2023-12-18,1,Executive,349,Home,16,554.08,0,1,5,20,7,72,104,0
5942,2023-04-27,10,Gold Star,485,Kirkland Signature,16,218.24,0,0,39,14,4,25,82,0
5943,2023-08-16,7,Business,211,Kirkland Signature,12,236.52,0,0,44,17,11,1,73,0
5944,2023-03-27,4,Executive,478,Seasonal,5,113.2,0,0,41,8,10,24,83,0
5945,2023-11-02,5,Gold Star,295,Appliances,19,531.43,0,0,18,7,12,11,48,1
5946,2023-09-25,2,Business,171,Electronics,19,676.4,0,0,38,23,4,13,78,0
5947,2023-08-06,2,Executive,114,Appliances,18,839.7,1,0,4,4,9,63,80,0
5948,2023-08-31,7,Gold Star,29,Clothing,5,224.2,0,0,43,5,5,38,91,0
5949,2023-01-20,2,Executive,458,Clothing,10,389.6,0,0,13,8,7,65,93,0
5950,2023-07-25,6,Gold Star,323,Electronics,19,812.63,0,0,7,21,11,38,77,0
5951,2023-08-10,1,Gold Star,127,Clothing,20,655.4,0,0,18,18,12,41,89,0
5952,2023-10-13,2,Gold Star,422,Grocery,11,482.79,0,0,6,19,11,2,38,1
5953,2023-03-11,7,Business,388,Kirkland Signature,7,49.49,1,0,34,22,2,50,108,0
5954,2023-06-03,10,Executive,368,Grocery,19,314.45,1,0,30,8,6,31,75,0
5955,2023-11-19,10,Gold Star,440,Furniture,20,775.2,1,0,19,9,1,44,73,0
5956,2023-08-18,3,Business,117,Grocery,14,463.12,0,0,46,19,4,7,76,0
5957,2023-01-05,3,Business,149,Kirkland Signature,7,115.71,0,0,18,18,7,50,93,0
5958,2023-09-20,4,Gold Star,89,Home,10,432.5,0,0,43,13,4,29,89,0
5959,2023-06-11,4,Executive,300,Seasonal,6,200.28,1,0,17,9,1,19,46,1
5960,2023-08-10,3,Gold Star,18,Appliances,7,21.91,0,0,37,19,11,20,87,0
5961,2023-06-23,4,Business,212,Electronics,20,62.6,0,0,20,3,1,44,68,0
5962,2023-01-10,2,Executive,122,Kirkland Signature,2,72.96,0,0,18,24,1,57,100,0
5963,2023-03-03,3,Business,201,Grocery,7,28.98,0,0,24,20,12,19,75,0
5964,2023-09-13,5,Gold Star,482,Kirkland Signature,5,236.1,0,0,39,16,10,16,81,0
5965,2023-05-23,4,Gold Star,237,Grocery,12,340.08,0,0,17,4,3,26,50,0
5966,2023-02-24,3,Gold Star,355,Grocery,17,613.87,0,0,47,6,9,38,100,0
5967,2023-01-30,7,Gold Star,400,Grocery,5,178.85,0,0,11,3,7,58,79,0
5968,2023-07-02,2,Gold Star,54,Appliances,18,302.04,1,0,12,18,4,15,49,0
5969,2023-03-12,2,Gold Star,361,Kirkland Signature,13,552.24,1,0,48,19,5,63,135,0
5970,2023-04-10,4,Executive,302,Seasonal,11,130.79,0,0,3,6,11,68,88,0
5971,2023-05-29,8,Executive,429,Furniture,5,85.65,0,0,35,24,12,54,125,0
5972,2023-04-25,7,Business,496,Electronics,15,283.65,0,0,23,4,10,17,54,0
5973,2023-07-13,4,Executive,3,Seasonal,13,490.49,0,0,14,4,2,60,80,0
5974,2023-03-02,5,Business,175,Seasonal,7,223.72,0,0,23,24,9,50,106,0
5975,2023-01-09,10,Executive,30,Electronics,16,157.12,0,0,24,22,9,14,69,0
5976,2023-07-31,4,Business,308,Appliances,6,48.24,0,0,28,17,8,8,61,0
5977,2023-05-01,9,Executive,445,Appliances,19,868.87,0,0,35,16,1,27,79,0
5978,2023-02-25,3,Executive,414,Grocery,13,506.35,1,0,8,5,7,41,61,0
5979,2023-03-30,3,Executive,11,Clothing,16,108.16,0,0,14,14,9,62,99,0
5980,2023-04-25,3,Gold Star,83,Kirkland Signature,11,539.11,0,0,35,11,11,17,74,0
5981,2023-06-27,9,Gold Star,399,Clothing,14,286.02,0,0,22,14,12,16,64,0
5982,2023-10-20,9,Gold Star,436,Seasonal,9,331.92,0,0,27,18,11,60,116,0
5983,2023-09-29,7,Business,20,Electronics,6,54.9,0,0,12,8,3,1,24,1
5984,2023-03-16,9,Gold Star,419,Clothing,8,201.12,0,0,21,11,1,66,99,0
5985,2023-07-01,2,Executive,185,Kirkland Signature,14,14.14,1,0,8,14,2,44,68,0
5986,2023-09-29,6,Executive,169,Furniture,16,441.12,0,0,11,4,4,63,82,0
5987,2023-10-22,5,Business,385,Furniture,6,4.02,1,0,20,16,3,58,97,0
5988,2023-10-25,10,Business,83,Kirkland Signature,7,343.07,0,0,4,19,7,35,65,0
5989,2023-09-07,5,Business,155,Appliances,12,216.72,0,0,3,4,10,10,27,1
5990,2023-02-03,7,Business,219,Home,5,10.5,0,0,31,19,12,14,76,0
5991,2023-01-11,5,Executive,67,Clothing,5,71.85,0,0,19,9,10,64,102,0
5992,2023-12-12,5,Gold Star,139,Electronics,17,779.45,0,0,5,1,9,25,40,1
5993,2023-06-29,10,Executive,256,Grocery,18,80.28,0,0,38,2,5,15,60,0
5994,2023-03-06,6,Business,283,Home,10,448.6,0,0,22,13,1,9,45,1
5995,2023-09-13,9,Business,47,Home,9,198.9,0,0,19,16,9,10,54,0
5996,2023-01-30,7,Executive,56,Seasonal,20,227.4,0,0,41,5,5,14,65,0
5997,2023-07-21,10,Business,152,Grocery,14,21.7,0,0,24,20,6,66,116,0
5998,2023-06-18,2,Business,362,Clothing,1,33.05,1,0,22,3,5,28,58,0
5999,2023-09-23,3,Gold Star,435,Electronics,19,344.09,1,0,14,18,6,57,95,0
6000,2023-04-11,7,Gold Star,35,Clothing,6,170.52,0,0,24,18,7,12,61,0
6001,2023-10-21,6,Gold Star,174,Grocery,14,682.78,1,0,44,6,12,30,92,0
6002,2023-05-11,6,Executive,347,Clothing,1,36.27,0,0,28,15,8,12,63,0
6003,2023-04-29,2,Gold Star,106,Furniture,11,157.19,1,0,40,4,5,53,102,0
6004,2023-06-18,3,Executive,301,Kirkland Signature,10,499.5,1,0,6,5,11,69,91,0
6005,2023-09-20,8,Business,304,Furniture,10,318.4,0,0,22,18,11,67,118,0
6006,2023-05-21,2,Gold Star,243,Kirkland Signature,6,24.72,1,0,36,16,2,59,113,0
6007,2023-02-22,6,Business,242,Electronics,14,455.0,0,0,9,15,10,7,41,1
6008,2023-06-27,8,Business,358,Electronics,13,325.39,0,0,12,20,6,68,106,0
6009,2023-08-01,4,Business,268,Seasonal,20,446.0,0,0,17,7,8,5,37,1
6010,2023-07-05,7,Gold Star,160,Kirkland Signature,8,346.56,0,0,25,8,1,3,37,1
6011,2023-12-07,7,Business,315,Home,2,10.32,0,0,39,2,12,7,60,0
6012,2023-05-24,1,Business,352,Electronics,11,500.61,0,0,12,4,8,16,40,1
6013,2023-10-06,6,Gold Star,27,Kirkland Signature,17,766.87,0,0,18,2,5,63,88,0
6014,2023-03-27,10,Business,288,Furniture,14,127.26,0,0,1,15,8,26,50,0
6015,2023-08-23,5,Gold Star,292,Electronics,4,23.0,0,0,32,22,8,29,91,0
6016,2023-10-27,6,Gold Star,474,Electronics,3,71.46,0,0,8,24,2,45,79,0
6017,2023-12-24,5,Business,490,Furniture,19,654.74,1,1,37,3,10,15,65,0
6018,2023-02-03,8,Business,367,Electronics,4,107.64,0,0,3,12,12,33,60,0
6019,2023-03-21,10,Gold Star,474,Electronics,9,214.38,0,0,32,21,4,49,106,0
6020,2023-10-04,7,Business,64,Electronics,17,99.11,0,0,34,5,6,28,73,0
6021,2023-04-11,1,Gold Star,446,Clothing,12,271.44,0,0,43,21,10,67,141,0
6022,2023-12-03,8,Executive,99,Home,18,286.56,1,0,48,13,11,23,95,0
6023,2023-04-25,1,Business,67,Clothing,17,244.29,0,0,21,12,4,3,40,1
6024,2023-10-19,7,Gold Star,14,Home,5,166.0,0,0,21,23,12,52,108,0
6025,2023-10-27,7,Executive,391,Seasonal,18,321.12,0,0,38,3,4,52,97,0
6026,2023-10-03,9,Gold Star,249,Furniture,6,77.4,0,0,40,2,6,38,86,0
6027,2023-07-26,4,Business,416,Home,7,332.92,0,0,41,2,2,41,86,0
6028,2023-06-30,10,Executive,229,Seasonal,14,599.76,0,0,10,14,1,56,81,0
6029,2023-03-02,9,Business,185,Kirkland Signature,18,18.18,0,0,31,24,6,43,104,0
6030,2023-12-03,8,Gold Star,104,Clothing,9,124.92,1,0,27,15,8,67,117,0
6031,2023-01-19,7,Business,137,Furniture,6,281.88,0,0,39,7,2,40,88,0
6032,2023-11-22,7,Gold Star,35,Clothing,13,369.46,0,0,29,5,4,20,58,0
6033,2023-10-18,9,Business,191,Furniture,4,67.84,0,0,23,23,6,4,56,0
6034,2023-12-18,9,Executive,442,Appliances,6,76.86,0,1,20,12,5,11,48,1
6035,2023-02-25,2,Business,157,Clothing,20,779.0,1,0,31,17,4,38,90,0
6036,2023-07-26,3,Business,137,Furniture,3,140.94,0,0,35,18,6,15,74,0
6037,2023-11-29,8,Business,118,Furniture,4,53.16,0,0,22,1,5,52,80,0
6038,2023-10-08,9,Gold Star,298,Appliances,16,377.6,1,0,28,12,4,13,57,0
6039,2023-04-24,10,Gold Star,417,Clothing,13,361.01,0,0,21,23,2,41,87,0
6040,2023-03-02,2,Business,230,Appliances,9,209.34,0,0,16,14,3,44,77,0
6041,2023-02-19,6,Business,315,Home,7,36.12,1,0,30,22,6,6,64,0
6042,2023-06-15,8,Gold Star,206,Furniture,4,180.6,0,0,12,18,12,2,44,1
6043,2023-01-15,1,Executive,153,Home,1,28.98,1,0,12,15,4,20,51,0
6044,2023-11-26,9,Gold Star,207,Home,19,170.62,1,0,22,23,7,53,105,0
6045,2023-01-08,8,Executive,192,Furniture,18,751.68,1,0,35,12,8,3,58,0
6046,2023-12-23,6,Gold Star,122,Kirkland Signature,11,401.28,1,1,48,10,6,70,134,0
6047,2023-04-17,5,Executive,388,Kirkland Signature,5,35.35,0,0,15,6,4,45,70,0
6048,2023-05-31,2,Business,174,Grocery,17,829.09,0,0,42,15,7,58,122,0
6049,2023-05-13,10,Executive,304,Furniture,1,31.84,1,0,11,16,2,38,67,0
6050,2023-01-31,7,Business,372,Furniture,3,60.99,0,0,25,22,1,47,95,0
6051,2023-12-19,8,Gold Star,59,Grocery,8,282.96,0,1,16,20,3,27,66,0
6052,2023-09-14,9,Gold Star,249,Furniture,19,245.1,0,0,20,9,4,57,90,0
6053,2023-07-19,6,Business,340,Furniture,18,433.8,0,0,42,16,7,57,122,0
6054,2023-11-08,4,Executive,143,Home,11,422.84,0,0,7,22,7,64,100,0
6055,2023-03-23,9,Business,473,Appliances,5,180.25,0,0,9,2,3,1,15,1
6056,2023-11-28,6,Executive,470,Kirkland Signature,12,460.44,0,0,34,3,10,15,62,0
6057,2023-05-30,3,Gold Star,327,Grocery,1,39.88,0,0,15,9,1,58,83,0
6058,2023-08-21,6,Business,255,Seasonal,5,207.5,0,0,26,5,6,45,82,0
6059,2023-09-11,8,Executive,169,Furniture,17,468.69,0,0,26,2,11,12,51,0
6060,2023-05-26,7,Business,288,Furniture,16,145.44,0,0,46,7,9,5,67,0
6061,2023-07-07,3,Business,221,Clothing,3,117.45,0,0,11,22,6,59,98,0
6062,2023-11-07,1,Business,125,Home,5,189.75,0,0,2,14,12,47,75,0
6063,2023-07-22,5,Business,409,Furniture,11,195.25,1,0,19,8,2,12,41,1
6064,2023-07-21,9,Executive,463,Clothing,13,248.95,0,0,46,23,3,63,135,0
6065,2023-09-04,8,Executive,26,Electronics,9,258.03,0,0,32,23,3,28,86,0
6066,2023-10-04,9,Gold Star,71,Seasonal,6,145.02,0,0,11,6,12,58,87,0
6067,2023-10-16,6,Executive,488,Grocery,2,13.24,0,0,17,11,8,25,61,0
6068,2023-10-28,6,Gold Star,464,Clothing,7,247.1,1,0,17,6,2,35,60,0
6069,2023-01-10,3,Business,145,Grocery,11,104.5,0,0,34,14,12,12,72,0
6070,2023-12-24,1,Business,284,Furniture,2,12.86,1,1,5,20,11,45,81,0
6071,2023-05-30,10,Executive,21,Appliances,8,118.72,0,0,27,1,6,16,50,0
6072,2023-05-07,3,Gold Star,210,Appliances,9,392.85,1,0,34,3,11,2,50,0
6073,2023-11-09,2,Executive,133,Clothing,2,71.1,0,0,1,2,8,40,51,0
6074,2023-12-29,2,Executive,376,Kirkland Signature,19,413.82,0,0,44,9,4,67,124,0
6075,2023-11-09,1,Executive,208,Seasonal,1,15.88,0,0,19,9,6,29,63,0
6076,2023-02-11,2,Business,313,Clothing,4,70.84,1,0,6,17,6,1,30,1
6077,2023-08-22,3,Executive,131,Furniture,7,186.9,0,0,37,11,8,18,74,0
6078,2023-01-08,5,Business,21,Appliances,18,267.12,1,0,40,19,4,42,105,0
6079,2023-04-26,1,Gold Star,189,Home,19,948.86,0,0,23,20,7,20,70,0
6080,2023-05-25,8,Gold Star,310,Furniture,10,13.8,0,0,27,22,3,25,77,0
6081,2023-08-03,10,Business,413,Home,6,293.88,0,0,42,23,3,7,75,0
6082,2023-08-10,5,Executive,303,Electronics,14,286.86,0,0,45,6,9,20,80,0
6083,2023-10-29,9,Business,271,Appliances,10,355.4,1,0,4,21,6,53,84,0
6084,2023-02-07,10,Executive,220,Grocery,6,23.46,0,0,27,11,7,38,83,0
6085,2023-05-27,6,Business,475,Kirkland Signature,7,100.59,1,0,13,21,5,41,80,0
6086,2023-01-16,8,Executive,424,Clothing,12,8.28,0,0,40,6,12,19,77,0
6087,2023-12-06,3,Business,130,Electronics,11,261.69,0,0,12,10,9,9,40,1
6088,2023-11-07,5,Gold Star,377,Grocery,6,21.36,0,0,25,13,1,61,100,0
6089,2023-09-03,5,Business,180,Clothing,17,254.66,1,0,25,1,12,35,73,0
6090,2023-08-07,2,Gold Star,76,Kirkland Signature,16,629.44,0,0,19,17,4,54,94,0
6091,2023-07-12,1,Business,375,Furniture,12,418.44,0,0,48,24,7,30,109,0
6092,2023-11-22,9,Executive,439,Grocery,13,538.2,0,0,7,24,3,69,103,0
6093,2023-10-20,5,Gold Star,419,Clothing,6,150.84,0,0,11,22,7,16,56,0
6094,2023-02-16,9,Gold Star,146,Seasonal,17,600.61,0,0,47,18,1,40,106,0
6095,2023-01-20,8,Gold Star,55,Clothing,8,361.84,0,0,36,2,10,50,98,0
6096,2023-10-18,10,Business,106,Furniture,6,85.74,0,0,25,6,10,21,62,0
6097,2023-07-28,6,Business,282,Seasonal,3,139.8,0,0,18,17,4,53,92,0
6098,2023-02-14,1,Executive,104,Clothing,15,208.2,0,0,23,20,10,23,76,0
6099,2023-05-26,9,Business,312,Kirkland Signature,15,118.05,0,0,8,10,9,39,66,0
6100,2023-05-13,7,Executive,410,Home,15,266.1,1,0,14,13,12,12,51,0
6101,2023-02-21,8,Gold Star,273,Home,18,125.46,0,0,47,17,7,5,76,0
6102,2023-10-30,9,Gold Star,152,Grocery,10,15.5,0,0,6,10,9,41,66,0
6103,2023-07-14,4,Executive,194,Furniture,12,344.76,0,0,41,9,1,3,54,0
6104,2023-11-30,3,Executive,332,Home,10,152.6,0,0,25,19,2,21,67,0
6105,2023-09-11,7,Gold Star,141,Home,14,403.9,0,0,6,7,4,11,28,1
6106,2023-04-08,5,Executive,224,Electronics,18,611.28,1,0,42,8,2,29,81,0
6107,2023-06-13,3,Gold Star,486,Clothing,8,280.96,0,0,27,21,8,31,87,0
6108,2023-04-09,8,Executive,132,Appliances,10,20.9,1,0,29,13,8,72,122,0
6109,2023-06-28,7,Gold Star,153,Home,18,521.64,0,0,30,23,8,56,117,0
6110,2023-09-27,7,Executive,132,Appliances,4,8.36,0,0,47,19,4,62,132,0
6111,2023-11-22,4,Executive,73,Home,1,34.41,0,0,15,18,5,49,87,0
6112,2023-10-04,6,Business,42,Home,19,342.0,0,0,34,8,6,26,74,0
6113,2023-10-13,8,Gold Star,166,Appliances,9,371.34,0,0,32,21,9,44,106,0
6114,2023-02-12,5,Business,332,Home,10,152.6,1,0,15,24,9,9,57,0
6115,2023-03-15,5,Gold Star,394,Clothing,17,760.58,0,0,16,16,6,64,102,0
6116,2023-04-02,9,Executive,396,Electronics,17,794.41,1,0,41,12,5,44,102,0
6117,2023-08-04,10,Executive,309,Seasonal,15,454.8,0,0,14,19,5,60,98,0
6118,2023-09-16,3,Executive,14,Home,1,33.2,1,0,41,4,9,42,96,0
6119,2023-01-20,9,Business,468,Grocery,13,92.04,0,0,24,17,10,4,55,0
6120,2023-07-04,8,Business,200,Appliances,16,773.92,0,0,6,16,10,45,77,0
6121,2023-06-10,10,Gold Star,367,Electronics,14,376.74,1,0,18,24,5,22,69,0
6122,2023-10-29,5,Gold Star,201,Grocery,20,82.8,1,0,13,9,11,47,80,0
6123,2023-01-02,5,Gold Star,90,Seasonal,4,130.04,0,0,13,3,8,58,82,0
6124,2023-01-13,9,Business,388,Kirkland Signature,3,21.21,0,0,14,5,2,45,66,0
6125,2023-06-14,3,Gold Star,70,Clothing,20,920.0,0,0,9,16,8,70,103,0
6126,2023-06-10,6,Executive,215,Kirkland Signature,16,42.4,1,0,40,9,2,47,98,0
6127,2023-01-12,2,Executive,283,Home,14,628.04,0,0,36,13,2,52,103,0
6128,2023-10-14,3,Executive,221,Clothing,19,743.85,1,0,48,2,11,49,110,0
6129,2023-05-02,10,Gold Star,36,Home,6,102.36,0,0,28,1,1,43,73,0
6130,2023-11-14,3,Business,326,Seasonal,15,356.1,0,0,14,7,2,25,48,1
6131,2023-05-07,5,Executive,44,Appliances,2,42.66,1,0,1,5,11,9,26,1
6132,2023-10-22,4,Business,311,Kirkland Signature,13,12.48,1,0,16,16,4,16,52,0
6133,2023-02-16,3,Gold Star,62,Electronics,16,372.48,0,0,2,16,7,49,74,0
6134,2023-06-30,5,Business,380,Seasonal,2,44.08,0,0,41,12,10,57,120,0
6135,2023-04-01,10,Executive,33,Clothing,12,466.56,1,0,14,22,12,41,89,0
6136,2023-02-09,6,Executive,427,Electronics,10,483.5,0,0,18,14,12,13,57,0
6137,2023-01-29,9,Business,303,Electronics,12,245.88,1,0,12,16,10,43,81,0
6138,2023-08-20,4,Gold Star,5,Furniture,11,64.02,1,0,5,10,8,61,84,0
6139,2023-08-20,1,Gold Star,115,Electronics,17,790.5,1,0,2,23,5,37,67,0
6140,2023-01-28,10,Gold Star,439,Grocery,7,289.8,1,0,4,4,7,49,64,0
6141,2023-06-27,9,Gold Star,394,Clothing,18,805.32,0,0,28,8,10,40,86,0
6142,2023-07-22,3,Business,255,Seasonal,16,664.0,1,0,33,24,5,43,105,0
6143,2023-11-25,3,Gold Star,449,Appliances,2,65.64,1,0,21,20,3,37,81,0
6144,2023-08-24,10,Executive,336,Electronics,4,181.08,0,0,34,14,5,7,60,0
6145,2023-07-24,8,Business,357,Kirkland Signature,8,273.84,0,0,43,9,11,37,100,0
6146,2023-04-01,3,Executive,61,Appliances,1,1.59,1,0,31,7,3,12,53,0
6147,2023-12-31,1,Business,250,Home,14,497.14,1,0,13,20,10,2,45,1
6148,2023-06-19,4,Executive,13,Furniture,20,430.8,0,0,8,14,12,62,96,0
6149,2023-10-06,8,Business,208,Seasonal,10,158.8,0,0,9,2,12,15,38,1
6150,2023-01-03,9,Executive,294,Grocery,7,329.91,0,0,4,16,3,51,74,0
6151,2023-11-12,10,Business,402,Furniture,2,2.62,1,0,26,20,9,47,102,0
6152,2023-05-25,6,Business,38,Appliances,6,63.6,0,0,21,5,9,17,52,0
6153,2023-07-18,8,Gold Star,415,Electronics,12,396.48,0,0,5,6,7,52,70,0
6154,2023-12-31,8,Business,213,Grocery,7,178.92,1,0,23,4,12,53,92,0
6155,2023-05-23,10,Executive,436,Seasonal,1,36.88,0,0,22,8,6,40,76,0
6156,2023-11-05,10,Business,477,Clothing,17,702.1,1,0,21,9,5,27,62,0
6157,2023-06-29,3,Gold Star,438,Electronics,2,94.44,0,0,12,22,6,48,88,0
6158,2023-01-02,6,Executive,133,Clothing,7,248.85,0,0,5,23,2,26,56,0
6159,2023-01-27,7,Executive,94,Furniture,5,85.65,0,0,47,9,6,35,97,0
6160,2023-09-29,7,Business,278,Home,6,254.58,0,0,3,20,9,28,60,0
6161,2023-11-03,9,Executive,269,Electronics,12,37.8,0,0,12,2,7,70,91,0
6162,2023-08-08,8,Gold Star,288,Furniture,18,163.62,0,0,28,14,11,28,81,0
6163,2023-08-30,5,Business,219,Home,5,10.5,0,0,8,21,6,46,81,0
6164,2023-07-06,3,Executive,209,Home,1,17.42,0,0,40,5,4,30,79,0
6165,2023-03-31,5,Gold Star,338,Seasonal,2,92.28,0,0,32,2,7,45,86,0
6166,2023-11-16,2,Gold Star,1,Clothing,9,113.67,0,0,18,10,10,26,64,0
6167,2023-12-08,1,Executive,1,Clothing,14,176.82,0,0,21,4,5,14,44,1
6168,2023-01-29,7,Gold Star,11,Clothing,9,60.84,1,0,18,11,12,8,49,0
6169,2023-03-02,8,Executive,392,Seasonal,17,112.03,0,0,33,1,7,4,45,1
6170,2023-10-22,1,Business,433,Appliances,1,13.29,1,0,7,3,11,49,70,0
6171,2023-11-26,2,Business,30,Electronics,14,137.48,1,0,26,21,3,25,75,0
6172,2023-02-21,6,Business,113,Clothing,1,13.04,0,0,31,17,6,59,113,0
6173,2023-03-23,3,Business,166,Appliances,16,660.16,0,0,6,15,3,72,96,0
6174,2023-10-26,6,Executive,57,Seasonal,15,39.3,0,0,1,2,10,9,22,1
6175,2023-11-19,4,Business,240,Home,11,272.25,1,0,3,3,8,71,85,0
6176,2023-11-29,5,Gold Star,335,Home,9,182.97,0,0,1,22,6,28,57,0
6177,2023-02-12,9,Executive,384,Appliances,6,63.66,1,0,7,5,10,31,53,0
6178,2023-09-23,8,Executive,255,Seasonal,7,290.5,1,0,20,18,9,36,83,0
6179,2023-02-09,6,Executive,163,Kirkland Signature,13,15.08,0,0,19,23,11,41,94,0
6180,2023-10-14,8,Executive,24,Clothing,18,796.86,1,0,19,22,7,41,89,0
6181,2023-06-05,2,Business,242,Electronics,20,650.0,0,0,29,9,1,72,111,0
6182,2023-02-06,4,Gold Star,191,Furniture,3,50.88,0,0,33,16,2,48,99,0
6183,2023-06-05,1,Executive,288,Furniture,16,145.44,0,0,4,6,12,20,42,1
6184,2023-08-01,1,Executive,435,Electronics,9,162.99,0,0,6,14,8,62,90,0
6185,2023-12-17,7,Gold Star,190,Appliances,1,42.88,1,1,38,11,9,37,95,0
6186,2023-09-12,8,Executive,172,Home,9,62.28,0,0,10,24,9,60,103,0
6187,2023-09-04,1,Executive,440,Furniture,9,348.84,0,0,9,11,2,18,40,1
6188,2023-05-05,2,Business,172,Home,14,96.88,0,0,37,4,1,53,95,0
6189,2023-04-24,1,Gold Star,38,Appliances,11,116.6,0,0,46,19,7,4,76,0
6190,2023-05-09,7,Gold Star,93,Kirkland Signature,11,267.41,0,0,13,2,5,16,36,1
6191,2023-09-03,9,Business,76,Kirkland Signature,15,590.1,1,0,12,5,4,33,54,0
6192,2023-04-04,2,Business,167,Seasonal,2,14.14,0,0,14,20,10,28,72,0
6193,2023-07-21,10,Business,191,Furniture,3,50.88,0,0,13,16,10,3,42,1
6194,2023-09-08,6,Executive,121,Electronics,2,82.64,0,0,37,14,1,27,79,0
6195,2023-10-21,1,Business,228,Clothing,14,538.58,1,0,33,9,7,10,59,0
6196,2023-07-10,2,Executive,476,Seasonal,9,295.38,0,0,21,15,3,6,45,1
6197,2023-06-12,10,Executive,277,Furniture,7,271.39,0,0,5,22,2,55,84,0
6198,2023-06-21,10,Executive,142,Kirkland Signature,9,369.9,0,0,13,10,11,60,94,0
6199,2023-10-23,10,Executive,362,Clothing,20,661.0,0,0,31,20,9,1,61,0
6200,2023-12-28,3,Executive,52,Electronics,6,285.54,0,0,40,1,6,12,59,0
6201,2023-03-12,3,Executive,343,Home,19,554.99,1,0,3,13,4,8,28,1
6202,2023-11-09,4,Executive,440,Furniture,4,155.04,0,0,9,10,9,63,91,0
6203,2023-08-26,10,Gold Star,236,Grocery,9,7.65,1,0,36,17,12,46,111,0
6204,2023-02-26,6,Executive,59,Grocery,7,247.59,1,0,43,24,9,15,91,0
6205,2023-06-15,8,Business,307,Kirkland Signature,14,174.16,0,0,7,2,6,19,34,1
6206,2023-09-22,5,Business,88,Grocery,9,51.48,0,0,9,16,5,29,59,0
6207,2023-12-28,6,Business,339,Appliances,13,578.89,0,0,11,10,3,50,74,0
6208,2023-08-11,4,Gold Star,201,Grocery,7,28.98,0,0,4,9,4,43,60,0
6209,2023-01-06,4,Business,462,Kirkland Signature,17,534.99,0,0,25,10,4,33,72,0
6210,2023-11-03,1,Gold Star,239,Home,18,75.42,0,0,4,21,9,37,71,0
6211,2023-04-06,6,Gold Star,403,Clothing,15,318.9,0,0,6,17,4,53,80,0
6212,2023-01-30,7,Gold Star,252,Clothing,8,188.16,0,0,20,1,10,23,54,0
6213,2023-12-31,9,Executive,397,Home,1,9.26,1,0,25,9,6,3,43,1
6214,2023-07-04,5,Gold Star,13,Furniture,16,344.64,0,0,32,13,3,41,89,0
6215,2023-05-06,6,Business,211,Kirkland Signature,10,197.1,1,0,18,13,12,17,60,0
6216,2023-03-19,9,Gold Star,282,Seasonal,17,792.2,1,0,30,22,1,57,110,0
6217,2023-02-12,3,Executive,337,Seasonal,2,2.14,1,0,16,10,5,67,98,0
6218,2023-04-04,1,Gold Star,186,Electronics,11,450.23,0,0,27,1,7,51,86,0
6219,2023-11-08,9,Executive,446,Clothing,12,271.44,0,0,38,24,1,36,99,0
6220,2023-09-11,8,Business,323,Electronics,1,42.77,0,0,37,15,7,21,80,0
6221,2023-04-20,3,Business,134,Appliances,12,103.56,0,0,29,6,8,39,82,0
6222,2023-12-05,2,Gold Star,103,Furniture,17,286.79,0,0,39,23,6,3,71,0
6223,2023-07-14,7,Executive,135,Clothing,9,22.59,0,0,1,11,11,13,36,1
6224,2023-01-25,8,Business,303,Electronics,11,225.39,0,0,40,12,4,6,62,0
6225,2023-10-08,9,Executive,39,Seasonal,1,48.26,1,0,45,22,10,56,133,0
6226,2023-09-19,6,Executive,293,Clothing,8,248.16,0,0,25,9,10,59,103,0
6227,2023-06-20,2,Gold Star,134,Appliances,11,94.93,0,0,26,22,3,68,119,0
6228,2023-04-08,2,Business,83,Kirkland Signature,15,735.15,1,0,45,23,5,38,111,0
6229,2023-09-15,7,Gold Star,233,Clothing,19,304.57,0,0,36,17,6,43,102,0
6230,2023-03-18,1,Executive,428,Grocery,4,139.2,1,0,47,17,4,37,105,0
6231,2023-01-23,9,Executive,207,Home,18,161.64,0,0,39,13,12,67,131,0
6232,2023-12-13,4,Gold Star,5,Furniture,17,98.94,0,0,4,24,10,48,86,0
6233,2023-02-26,3,Business,427,Electronics,3,145.05,1,0,30,4,4,4,42,1
6234,2023-07-27,9,Gold Star,217,Furniture,19,332.88,0,0,2,22,11,56,91,0
6235,2023-04-04,3,Executive,268,Seasonal,19,423.7,0,0,38,23,4,53,118,0
6236,2023-03-24,4,Gold Star,385,Furniture,11,7.37,0,0,20,21,2,46,89,0
6237,2023-10-09,3,Gold Star,79,Clothing,17,166.09,0,0,3,7,11,27,48,1
6238,2023-11-04,6,Business,350,Seasonal,1,12.38,1,0,15,16,1,69,101,0
6239,2023-07-19,8,Gold Star,5,Furniture,2,11.64,0,0,33,12,6,50,101,0
6240,2023-12-11,4,Business,261,Seasonal,2,79.32,0,0,46,8,7,40,101,0
6241,2023-11-09,8,Executive,190,Appliances,9,385.92,0,0,38,12,5,38,93,0
6242,2023-07-13,7,Business,458,Clothing,19,740.24,0,0,20,9,2,31,62,0
6243,2023-07-01,5,Business,458,Clothing,17,662.32,1,0,9,4,4,16,33,1
6244,2023-02-26,7,Executive,421,Grocery,9,254.25,1,0,32,11,1,22,66,0
6245,2023-02-10,7,Gold Star,11,Clothing,11,74.36,0,0,34,9,4,11,58,0
6246,2023-08-15,9,Gold Star,279,Kirkland Signature,9,292.77,0,0,39,7,10,54,110,0
6247,2023-05-15,7,Gold Star,228,Clothing,6,230.82,0,0,21,15,1,59,96,0
6248,2023-08-08,9,Business,227,Clothing,8,259.84,0,0,20,19,12,22,73,0
6249,2023-02-13,4,Executive,131,Furniture,12,320.4,0,0,41,15,9,38,103,0
6250,2023-03-16,3,Executive,435,Electronics,9,162.99,0,0,47,1,3,46,97,0
6251,2023-04-29,6,Business,225,Grocery,7,15.68,1,0,27,22,1,10,60,0
6252,2023-02-28,8,Business,389,Clothing,13,443.3,0,0,47,16,7,16,86,0
6253,2023-11-21,1,Executive,283,Home,12,538.32,0,0,29,15,9,18,71,0
6254,2023-09-25,6,Gold Star,17,Kirkland Signature,15,608.7,0,0,6,24,12,72,114,0
6255,2023-07-25,9,Gold Star,285,Appliances,8,184.08,0,0,32,11,4,64,111,0
6256,2023-01-02,8,Gold Star,53,Seasonal,9,394.38,0,0,11,3,9,39,62,0
6257,2023-12-03,7,Gold Star,60,Clothing,3,131.31,1,0,29,9,8,48,94,0
6258,2023-03-22,2,Executive,173,Seasonal,16,328.16,0,0,38,12,11,39,100,0
6259,2023-10-06,3,Business,278,Home,18,763.74,0,0,14,24,2,55,95,0
6260,2023-03-24,2,Gold Star,277,Furniture,20,775.4,0,0,22,24,8,8,62,0
6261,2023-04-25,7,Gold Star,311,Kirkland Signature,9,8.64,0,0,17,7,2,16,42,1
6262,2023-09-26,6,Executive,395,Electronics,1,45.18,0,0,4,13,2,31,50,0
6263,2023-04-07,9,Gold Star,379,Clothing,13,252.59,0,0,21,3,2,53,79,0
6264,2023-04-03,2,Business,141,Home,2,57.7,0,0,15,16,3,47,81,0
6265,2023-01-16,9,Business,219,Home,2,4.2,0,0,33,20,1,63,117,0
6266,2023-07-16,2,Executive,291,Kirkland Signature,6,10.98,1,0,36,18,7,60,121,0
6267,2023-11-02,9,Gold Star,84,Furniture,4,82.16,0,0,4,4,3,36,47,1
6268,2023-04-04,10,Gold Star,358,Electronics,18,450.54,0,0,11,17,11,64,103,0
6269,2023-10-09,7,Gold Star,483,Appliances,3,22.71,0,0,1,14,10,57,82,0
6270,2023-03-29,1,Business,363,Grocery,4,14.8,0,0,36,3,1,22,62,0
6271,2023-12-03,7,Business,278,Home,12,509.16,1,0,48,20,12,21,101,0
6272,2023-07-31,2,Business,387,Grocery,18,95.22,0,0,34,12,8,36,90,0
6273,2023-12-26,7,Business,352,Electronics,20,910.2,0,0,26,7,4,15,52,0
6274,2023-03-31,8,Gold Star,452,Appliances,16,390.56,0,0,48,23,6,41,118,0
6275,2023-06-02,8,Gold Star,459,Appliances,19,182.4,0,0,24,16,9,32,81,0
6276,2023-08-10,8,Executive,52,Electronics,16,761.44,0,0,25,6,6,43,80,0
6277,2023-07-30,7,Gold Star,16,Kirkland Signature,3,135.84,1,0,16,20,4,47,87,0
6278,2023-11-10,7,Gold Star,286,Electronics,11,428.89,0,0,22,13,1,8,44,1
6279,2023-08-27,4,Executive,366,Kirkland Signature,14,67.9,1,0,45,24,11,56,136,0
6280,2023-04-17,9,Gold Star,24,Clothing,12,531.24,0,0,21,20,6,8,55,0
6281,2023-01-01,1,Executive,242,Electronics,6,195.0,1,0,1,12,4,67,84,0
6282,2023-07-29,3,Business,410,Home,19,337.06,1,0,15,20,10,7,52,0
6283,2023-06-19,8,Business,382,Home,8,317.68,0,0,4,14,12,26,56,0
6284,2023-06-05,10,Business,4,Furniture,12,133.08,0,0,37,6,5,50,98,0
6285,2023-04-13,4,Business,413,Home,13,636.74,0,0,33,18,10,72,133,0
6286,2023-06-16,6,Executive,194,Furniture,2,57.46,0,0,16,4,4,2,26,1
6287,2023-11-15,2,Gold Star,107,Seasonal,14,200.62,0,0,13,24,10,47,94,0
6288,2023-09-28,9,Gold Star,489,Electronics,8,356.08,0,0,48,22,6,19,95,0
6289,2023-12-11,8,Business,193,Clothing,6,230.04,0,0,45,11,9,66,131,0
6290,2023-05-30,2,Gold Star,408,Appliances,16,323.84,0,0,23,6,12,5,46,1
6291,2023-11-17,9,Executive,483,Appliances,6,45.42,0,0,21,15,12,15,63,0
6292,2023-01-08,2,Business,100,Electronics,13,362.18,1,0,30,5,12,68,115,0
6293,2023-11-01,2,Executive,360,Home,20,949.0,0,0,39,18,9,66,132,0
6294,2023-04-05,8,Business,272,Grocery,10,249.9,0,0,11,14,11,8,44,1
6295,2023-01-24,10,Business,136,Kirkland Signature,11,481.25,0,0,11,15,1,35,62,0
6296,2023-01-18,1,Executive,71,Seasonal,11,265.87,0,0,41,16,6,18,81,0
6297,2023-03-15,2,Executive,54,Appliances,14,234.92,0,0,37,23,10,50,120,0
6298,2023-01-12,3,Executive,72,Grocery,18,690.3,0,0,21,9,8,37,75,0
6299,2023-06-12,5,Executive,372,Furniture,16,325.28,0,0,42,16,1,46,105,0
6300,2023-11-17,7,Executive,436,Seasonal,10,368.8,0,0,45,21,3,11,80,0
6301,2023-08-09,5,Executive,256,Grocery,17,75.82,0,0,10,17,2,35,64,0
6302,2023-10-10,4,Gold Star,326,Seasonal,17,403.58,0,0,9,15,3,62,89,0
6303,2023-01-26,7,Gold Star,245,Appliances,9,392.85,0,0,48,1,7,32,88,0
6304,2023-05-26,2,Gold Star,381,Grocery,17,649.57,0,0,37,10,6,57,110,0
6305,2023-01-09,5,Gold Star,272,Grocery,20,499.8,0,0,35,10,4,26,75,0
6306,2023-02-21,4,Business,21,Appliances,19,281.96,0,0,3,24,11,6,44,1
6307,2023-10-22,7,Executive,251,Kirkland Signature,6,223.56,1,0,17,10,6,56,89,0
6308,2023-07-04,4,Business,188,Electronics,9,335.97,0,0,31,9,11,17,68,0
6309,2023-11-15,7,Executive,419,Clothing,18,452.52,0,0,4,1,9,11,25,1
6310,2023-01-11,3,Business,112,Clothing,18,802.26,0,0,24,10,8,54,96,0
6311,2023-06-06,10,Gold Star,355,Grocery,14,505.54,0,0,6,1,8,14,29,1
6312,2023-02-25,4,Business,225,Grocery,4,8.96,1,0,46,11,5,31,93,0
6313,2023-06-16,6,Business,104,Clothing,9,124.92,0,0,48,21,9,19,97,0
6314,2023-09-08,8,Business,301,Kirkland Signature,14,699.3,0,0,14,14,10,12,50,0
6315,2023-06-17,8,Business,464,Clothing,15,529.5,1,0,9,20,2,6,37,1
6316,2023-04-13,2,Business,106,Furniture,20,285.8,0,0,20,18,4,2,44,1
6317,2023-12-04,5,Gold Star,135,Clothing,8,20.08,0,0,5,5,12,61,83,0
6318,2023-07-24,7,Executive,318,Home,14,528.5,0,0,12,7,4,2,25,1
6319,2023-01-21,7,Gold Star,475,Kirkland Signature,2,28.74,1,0,45,11,1,55,112,0
6320,2023-09-16,7,Executive,146,Seasonal,19,671.27,1,0,27,9,6,5,47,1
6321,2023-07-13,7,Gold Star,351,Electronics,18,528.66,0,0,25,6,5,10,46,1
6322,2023-04-14,7,Business,68,Kirkland Signature,1,36.07,0,0,25,4,1,55,85,0
6323,2023-04-02,3,Gold Star,147,Appliances,8,342.24,1,0,40,20,10,27,97,0
6324,2023-05-27,1,Executive,404,Home,4,147.84,1,0,31,6,2,31,70,0
6325,2023-12-15,8,Executive,66,Kirkland Signature,16,73.28,0,1,37,12,9,63,121,0
6326,2023-05-24,5,Executive,339,Appliances,1,44.53,0,0,7,7,4,61,79,0
6327,2023-11-05,4,Executive,8,Appliances,10,48.9,1,0,14,6,3,42,65,0
6328,2023-02-25,4,Executive,32,Kirkland Signature,6,169.44,1,0,1,19,9,67,96,0
6329,2023-08-09,7,Gold Star,93,Kirkland Signature,5,121.55,0,0,44,19,12,68,143,0
6330,2023-11-27,9,Business,465,Seasonal,5,49.05,0,0,22,12,2,15,51,0
6331,2023-05-21,6,Business,102,Grocery,14,94.36,1,0,8,7,5,71,91,0
6332,2023-11-15,6,Gold Star,124,Electronics,13,394.94,0,0,47,16,7,40,110,0
6333,2023-08-10,2,Gold Star,408,Appliances,2,40.48,0,0,8,19,9,9,45,1
6334,2023-11-13,7,Business,277,Furniture,19,736.63,0,0,6,13,11,54,84,0
6335,2023-09-18,9,Business,161,Grocery,2,88.02,0,0,37,21,8,71,137,0
6336,2023-09-24,8,Gold Star,141,Home,19,548.15,1,0,26,2,1,62,91,0
6337,2023-01-31,8,Gold Star,460,Electronics,15,184.5,0,0,26,16,5,4,51,0
6338,2023-08-03,5,Gold Star,69,Kirkland Signature,20,263.6,0,0,41,12,11,20,84,0
6339,2023-07-05,8,Gold Star,444,Kirkland Signature,5,81.5,0,0,28,8,5,52,93,0
6340,2023-03-24,3,Business,475,Kirkland Signature,3,43.11,0,0,10,6,9,58,83,0
6341,2023-06-18,2,Business,254,Seasonal,3,18.06,1,0,34,4,8,9,55,0
6342,2023-08-21,2,Gold Star,352,Electronics,17,773.67,0,0,11,1,11,20,43,1
6343,2023-04-28,6,Gold Star,204,Electronics,7,74.62,0,0,16,18,1,32,67,0
6344,2023-08-06,5,Gold Star,294,Grocery,15,706.95,1,0,33,11,5,11,60,0
6345,2023-07-29,1,Business,454,Appliances,20,476.8,1,0,4,9,6,45,64,0
6346,2023-01-03,1,Business,261,Seasonal,8,317.28,0,0,48,23,6,64,141,0
6347,2023-09-17,8,Gold Star,48,Seasonal,19,874.38,1,0,20,20,2,22,64,0
6348,2023-10-20,7,Business,83,Kirkland Signature,3,147.03,0,0,23,2,7,34,66,0
6349,2023-05-30,8,Executive,474,Electronics,13,309.66,0,0,22,2,6,5,35,1
6350,2023-05-02,10,Business,465,Seasonal,13,127.53,0,0,34,8,1,69,112,0
6351,2023-12-18,7,Executive,105,Furniture,15,163.5,0,1,15,13,4,56,88,0
6352,2023-04-06,1,Gold Star,23,Kirkland Signature,19,158.27,0,0,20,4,3,23,50,0
6353,2023-04-18,3,Business,398,Grocery,8,313.52,0,0,29,15,5,13,62,0
6354,2023-07-18,9,Business,93,Kirkland Signature,2,48.62,0,0,8,20,6,24,58,0
6355,2023-09-10,8,Gold Star,36,Home,18,307.08,1,0,13,13,1,39,66,0
6356,2023-07-30,7,Executive,237,Grocery,7,198.38,1,0,5,15,10,56,86,0
6357,2023-06-29,7,Executive,410,Home,6,106.44,0,0,45,16,7,25,93,0
6358,2023-04-18,1,Executive,60,Clothing,2,87.54,0,0,29,11,12,20,72,0
6359,2023-10-11,7,Gold Star,46,Electronics,19,219.07,0,0,37,23,3,57,120,0
6360,2023-03-12,9,Executive,70,Clothing,7,322.0,1,0,43,4,10,32,89,0
6361,2023-09-20,6,Executive,373,Seasonal,2,60.96,0,0,41,24,1,61,127,0
6362,2023-11-14,7,Gold Star,403,Clothing,12,255.12,0,0,8,21,7,67,103,0
6363,2023-01-15,10,Executive,396,Electronics,8,373.84,1,0,40,7,1,13,61,0
6364,2023-07-14,2,Business,467,Electronics,12,33.24,0,0,16,4,4,41,65,0
6365,2023-09-30,6,Business,368,Grocery,17,281.35,1,0,30,24,3,17,74,0
6366,2023-07-24,2,Gold Star,424,Clothing,15,10.35,0,0,18,23,12,65,118,0
6367,2023-11-22,1,Business,358,Electronics,4,100.12,0,0,40,12,2,51,105,0
6368,2023-01-08,3,Business,446,Clothing,8,180.96,1,0,41,2,4,41,88,0
6369,2023-11-07,3,Business,17,Kirkland Signature,12,486.96,0,0,36,12,7,17,72,0
6370,2023-10-16,5,Gold Star,435,Electronics,11,199.21,0,0,21,24,12,25,82,0
6371,2023-03-10,1,Gold Star,469,Kirkland Signature,1,26.1,0,0,32,14,8,40,94,0
6372,2023-08-18,8,Executive,103,Furniture,10,168.7,0,0,7,12,2,58,79,0
6373,2023-09-01,3,Business,474,Electronics,8,190.56,0,0,1,6,9,4,20,1
6374,2023-10-28,2,Gold Star,155,Appliances,1,18.06,1,0,30,21,2,35,88,0
6375,2023-04-18,9,Gold Star,427,Electronics,5,241.75,0,0,9,4,11,39,63,0
6376,2023-07-30,6,Business,427,Electronics,8,386.8,1,0,43,2,2,54,101,0
6377,2023-11-05,3,Business,310,Furniture,3,4.14,1,0,15,11,9,64,99,0
6378,2023-11-19,4,Gold Star,7,Grocery,13,174.85,1,0,47,4,5,49,105,0
6379,2023-04-07,10,Business,353,Kirkland Signature,18,217.08,0,0,4,8,1,61,74,0
6380,2023-12-04,8,Executive,406,Seasonal,19,378.29,0,0,42,10,5,66,123,0
6381,2023-01-23,4,Gold Star,39,Seasonal,14,675.64,0,0,47,10,8,69,134,0
6382,2023-04-05,6,Business,220,Grocery,19,74.29,0,0,9,12,8,4,33,1
6383,2023-02-25,1,Gold Star,441,Home,16,79.36,1,0,39,11,10,11,71,0
6384,2023-09-19,9,Gold Star,420,Seasonal,2,49.44,0,0,20,9,9,6,44,1
6385,2023-01-28,8,Business,231,Seasonal,7,33.53,1,0,31,24,3,32,90,0
6386,2023-07-13,10,Gold Star,120,Kirkland Signature,9,320.49,0,0,2,3,9,55,69,0
6387,2023-06-01,10,Executive,249,Furniture,8,103.2,0,0,34,23,5,41,103,0
6388,2023-12-20,6,Executive,303,Electronics,13,266.37,0,1,33,3,11,31,78,0
6389,2023-12-10,1,Business,146,Seasonal,7,247.31,1,0,44,12,1,70,127,0
6390,2023-04-22,5,Gold Star,195,Furniture,19,896.04,1,0,1,11,2,18,32,1
6391,2023-02-15,3,Gold Star,436,Seasonal,3,110.64,0,0,48,17,5,32,102,0
6392,2023-10-13,1,Gold Star,193,Clothing,10,383.4,0,0,35,6,9,27,77,0
6393,2023-09-10,4,Gold Star,303,Electronics,5,102.45,1,0,36,3,12,55,106,0
6394,2023-01-20,1,Executive,47,Home,4,88.4,0,0,15,17,8,63,103,0
6395,2023-11-18,4,Business,425,Appliances,1,26.46,1,0,10,2,5,68,85,0
6396,2023-02-28,10,Business,214,Clothing,17,749.02,0,0,14,16,8,11,49,0
6397,2023-06-04,8,Business,231,Seasonal,6,28.74,1,0,16,14,1,30,61,0
6398,2023-08-16,5,Executive,304,Furniture,4,127.36,0,0,25,19,3,41,88,0
6399,2023-07-10,8,Gold Star,114,Appliances,13,606.45,0,0,18,23,5,62,108,0
6400,2023-03-04,9,Gold Star,200,Appliances,10,483.7,1,0,27,22,4,40,93,0
6401,2023-03-18,4,Business,235,Clothing,10,241.4,1,0,45,8,10,41,104,0
6402,2023-04-19,3,Business,105,Furniture,7,76.3,0,0,33,21,9,6,69,0
6403,2023-08-24,10,Business,320,Clothing,19,325.09,0,0,33,11,12,54,110,0
6404,2023-04-24,8,Executive,243,Kirkland Signature,11,45.32,0,0,22,12,8,66,108,0
6405,2023-08-28,5,Executive,95,Home,4,130.8,0,0,29,23,1,68,121,0
6406,2023-02-21,8,Gold Star,373,Seasonal,7,213.36,0,0,28,19,11,18,76,0
6407,2023-06-02,1,Executive,308,Appliances,9,72.36,0,0,27,20,4,26,77,0
6408,2023-10-21,6,Executive,371,Grocery,1,33.71,1,0,25,11,7,1,44,1
6409,2023-08-08,8,Business,381,Grocery,15,573.15,0,0,13,24,11,4,52,0
6410,2023-01-30,3,Executive,495,Kirkland Signature,4,185.92,0,0,42,20,11,38,111,0
6411,2023-10-08,9,Gold Star,376,Kirkland Signature,1,21.78,1,0,27,3,5,51,86,0
6412,2023-07-09,2,Gold Star,443,Kirkland Signature,12,45.12,1,0,14,20,9,1,44,1
6413,2023-10-19,4,Executive,297,Grocery,11,176.0,0,0,41,2,1,71,115,0
6414,2023-07-16,3,Executive,118,Furniture,20,265.8,1,0,13,20,12,54,99,0
6415,2023-12-23,7,Executive,484,Kirkland Signature,20,204.2,1,1,13,11,4,2,30,1
6416,2023-01-28,7,Executive,122,Kirkland Signature,14,510.72,1,0,45,17,2,23,87,0
6417,2023-03-13,8,Business,411,Kirkland Signature,9,310.32,0,0,41,10,8,55,114,0
6418,2023-01-02,7,Gold Star,372,Furniture,3,60.99,0,0,2,17,6,6,31,1
6419,2023-07-01,6,Business,308,Appliances,5,40.2,1,0,29,12,10,70,121,0
6420,2023-02-19,6,Executive,369,Clothing,2,95.1,1,0,15,17,10,61,103,0
6421,2023-11-16,6,Gold Star,100,Electronics,19,529.34,0,0,43,8,2,8,61,0
6422,2023-07-05,10,Executive,180,Clothing,12,179.76,0,0,45,8,12,41,106,0
6423,2023-11-01,9,Gold Star,370,Electronics,15,572.4,0,0,46,13,8,63,130,0
6424,2023-02-09,3,Business,44,Appliances,12,255.96,0,0,43,14,9,37,103,0
6425,2023-10-10,5,Executive,413,Home,16,783.68,0,0,20,9,4,54,87,0
6426,2023-06-02,3,Gold Star,116,Electronics,15,617.85,0,0,33,9,3,59,104,0
6427,2023-06-08,8,Executive,25,Kirkland Signature,4,182.24,0,0,32,6,10,37,85,0
6428,2023-05-14,1,Executive,83,Kirkland Signature,5,245.05,1,0,21,20,2,37,80,0
6429,2023-09-19,5,Gold Star,435,Electronics,19,344.09,0,0,37,11,10,12,70,0
6430,2023-08-30,10,Gold Star,81,Electronics,11,384.56,0,0,5,24,4,1,34,1
6431,2023-02-15,1,Executive,70,Clothing,8,368.0,0,0,20,1,12,52,85,0
6432,2023-12-28,5,Gold Star,49,Appliances,4,105.08,0,0,18,11,10,44,83,0
6433,2023-09-29,6,Gold Star,176,Clothing,6,110.4,0,0,44,23,5,33,105,0
6434,2023-01-25,9,Gold Star,188,Electronics,18,671.94,0,0,13,13,6,29,61,0
6435,2023-11-10,7,Business,223,Electronics,3,22.11,0,0,35,22,1,32,90,0
6436,2023-04-17,4,Business,33,Clothing,20,777.6,0,0,35,16,12,40,103,0
6437,2023-01-22,4,Business,16,Kirkland Signature,8,362.24,1,0,22,5,7,47,81,0
6438,2023-02-07,6,Executive,424,Clothing,12,8.28,0,0,40,9,8,32,89,0
6439,2023-05-30,3,Executive,39,Seasonal,12,579.12,0,0,16,8,4,62,90,0
6440,2023-08-08,9,Gold Star,301,Kirkland Signature,14,699.3,0,0,26,13,3,32,74,0
6441,2023-08-03,5,Gold Star,77,Home,20,416.8,0,0,26,13,1,57,97,0
6442,2023-11-11,3,Executive,161,Grocery,11,484.11,1,0,39,24,12,22,97,0
6443,2023-04-29,4,Executive,10,Furniture,3,51.57,1,0,5,23,1,9,38,1
6444,2023-09-14,3,Business,21,Appliances,13,192.92,0,0,39,13,1,22,75,0
6445,2023-10-28,7,Executive,438,Electronics,4,188.88,1,0,9,18,3,70,100,0
6446,2023-12-09,9,Business,114,Appliances,15,699.75,1,0,28,23,11,31,93,0
6447,2023-11-27,5,Executive,328,Clothing,7,332.57,0,0,10,18,8,55,91,0
6448,2023-08-30,8,Business,284,Furniture,18,115.74,0,0,12,22,1,19,54,0
6449,2023-11-10,10,Business,358,Electronics,4,100.12,0,0,22,8,1,7,38,1
6450,2023-10-02,10,Gold Star,395,Electronics,2,90.36,0,0,4,8,5,55,72,0
6451,2023-05-26,2,Business,410,Home,18,319.32,0,0,34,21,5,29,89,0
6452,2023-11-28,8,Executive,139,Electronics,12,550.2,0,0,36,21,12,47,116,0
6453,2023-03-29,10,Business,104,Clothing,5,69.4,0,0,34,24,10,37,105,0
6454,2023-08-07,6,Business,277,Furniture,11,426.47,0,0,28,11,9,40,88,0
6455,2023-01-01,4,Executive,307,Kirkland Signature,13,161.72,1,0,39,20,7,70,136,0
6456,2023-12-21,5,Gold Star,174,Grocery,5,243.85,0,1,1,19,3,54,77,0
6457,2023-04-13,9,Business,65,Seasonal,12,143.04,0,0,39,6,6,69,120,0
6458,2023-05-16,9,Executive,342,Grocery,7,212.87,0,0,41,16,12,4,73,0
6459,2023-07-03,4,Business,487,Home,3,108.18,0,0,13,2,2,52,69,0
6460,2023-12-31,6,Business,44,Appliances,5,106.65,1,0,42,4,11,32,89,0
6461,2023-03-23,1,Gold Star,328,Clothing,7,332.57,0,0,33,8,4,18,63,0
6462,2023-04-24,9,Business,144,Home,6,128.7,0,0,19,20,4,26,69,0
6463,2023-07-29,6,Executive,295,Appliances,2,55.94,1,0,5,22,7,6,40,1
6464,2023-01-13,9,Business,19,Seasonal,16,601.28,0,0,28,3,10,7,48,1
6465,2023-11-27,7,Executive,69,Kirkland Signature,11,144.98,0,0,24,9,1,66,100,0
6466,2023-02-11,3,Gold Star,450,Electronics,18,161.28,1,0,1,19,4,39,63,0
6467,2023-07-02,9,Gold Star,62,Electronics,3,69.84,1,0,31,18,1,53,103,0
6468,2023-09-04,1,Business,34,Home,9,58.77,0,0,24,19,10,61,114,0
6469,2023-03-29,9,Gold Star,464,Clothing,11,388.3,0,0,31,15,6,54,106,0
6470,2023-05-02,8,Executive,422,Grocery,15,658.35,0,0,16,6,11,20,53,0
6471,2023-05-17,2,Executive,312,Kirkland Signature,2,15.74,0,0,29,2,5,8,44,1
6472,2023-04-01,10,Executive,11,Clothing,7,47.32,1,0,22,7,10,65,104,0
6473,2023-05-01,2,Gold Star,310,Furniture,12,16.56,0,0,13,17,9,19,58,0
6474,2023-05-24,8,Executive,30,Electronics,10,98.2,0,0,36,24,5,63,128,0
6475,2023-11-02,10,Executive,305,Electronics,12,590.64,0,0,44,10,10,15,79,0
6476,2023-06-08,7,Executive,252,Clothing,16,376.32,0,0,42,4,10,24,80,0
6477,2023-11-27,7,Business,71,Seasonal,10,241.7,0,0,14,16,9,70,109,0
6478,2023-01-31,10,Gold Star,136,Kirkland Signature,7,306.25,0,0,41,21,3,34,99,0
6479,2023-02-14,10,Business,473,Appliances,12,432.6,0,0,39,19,6,3,67,0
6480,2023-01-19,5,Business,303,Electronics,6,122.94,0,0,43,8,6,30,87,0
6481,2023-05-27,9,Gold Star,450,Electronics,1,8.96,1,0,20,10,5,1,36,1
6482,2023-06-20,6,Business,372,Furniture,13,264.29,0,0,44,8,3,12,67,0
6483,2023-05-11,3,Business,391,Seasonal,3,53.52,0,0,28,14,2,71,115,0
6484,2023-07-04,7,Gold Star,369,Clothing,12,570.6,0,0,24,22,7,19,72,0
6485,2023-12-29,2,Business,120,Kirkland Signature,9,320.49,0,0,4,16,10,40,70,0
6486,2023-01-04,10,Executive,394,Clothing,6,268.44,0,0,18,11,8,63,100,0
6487,2023-11-11,7,Business,209,Home,15,261.3,1,0,19,9,11,64,103,0
6488,2023-09-10,4,Executive,308,Appliances,15,120.6,1,0,44,8,8,54,114,0
6489,2023-10-24,8,Executive,223,Electronics,9,66.33,0,0,40,3,4,42,89,0
6490,2023-05-02,6,Business,468,Grocery,3,21.24,0,0,46,11,4,68,129,0
6491,2023-01-20,8,Business,288,Furniture,16,145.44,0,0,39,18,5,5,67,0
6492,2023-01-25,7,Business,497,Grocery,15,202.05,0,0,36,18,2,69,125,0
6493,2023-07-20,7,Executive,195,Furniture,4,188.64,0,0,27,21,7,48,103,0
6494,2023-04-06,5,Gold Star,130,Electronics,17,404.43,0,0,5,15,2,53,75,0
6495,2023-05-17,2,Executive,495,Kirkland Signature,7,325.36,0,0,20,22,7,6,55,0
6496,2023-06-10,4,Gold Star,500,Seasonal,11,142.67,1,0,18,15,1,25,59,0
6497,2023-09-13,2,Gold Star,53,Seasonal,8,350.56,0,0,7,21,2,72,102,0
6498,2023-05-26,6,Business,429,Furniture,9,154.17,0,0,7,17,7,5,36,1
6499,2023-03-21,3,Executive,459,Appliances,16,153.6,0,0,17,8,7,22,54,0
6500,2023-04-21,2,Business,366,Kirkland Signature,18,87.3,0,0,12,15,12,30,69,0
6501,2023-06-27,7,Gold Star,202,Furniture,13,294.19,0,0,28,19,2,33,82,0
6502,2023-08-15,2,Gold Star,60,Clothing,2,87.54,0,0,24,13,3,66,106,0
6503,2023-07-01,3,Gold Star,278,Home,19,806.17,1,0,9,13,4,40,66,0
6504,2023-09-18,6,Business,89,Home,18,778.5,0,0,9,11,1,19,40,1
6505,2023-04-03,3,Business,254,Seasonal,11,66.22,0,0,21,24,8,70,123,0
6506,2023-08-23,8,Business,38,Appliances,15,159.0,0,0,43,6,1,52,102,0
6507,2023-04-01,2,Executive,384,Appliances,4,42.44,1,0,40,10,9,49,108,0
6508,2023-03-19,1,Business,195,Furniture,4,188.64,1,0,6,11,5,3,25,1
6509,2023-07-06,3,Business,272,Grocery,4,99.96,0,0,8,1,4,29,42,1
6510,2023-01-20,9,Business,65,Seasonal,13,154.96,0,0,6,17,2,58,83,0
6511,2023-06-28,2,Business,101,Appliances,16,606.56,0,0,9,14,1,39,63,0
6512,2023-10-13,5,Business,151,Appliances,5,201.4,0,0,33,17,4,59,113,0
6513,2023-06-24,1,Business,209,Home,2,34.84,1,0,42,24,4,19,89,0
6514,2023-05-15,7,Gold Star,384,Appliances,20,212.2,0,0,35,8,10,3,56,0
6515,2023-01-13,10,Executive,457,Clothing,1,47.48,0,0,27,15,10,34,86,0
6516,2023-07-02,4,Executive,489,Electronics,10,445.1,1,0,17,4,5,44,70,0
6517,2023-04-20,8,Gold Star,287,Grocery,8,192.24,0,0,20,10,10,56,96,0
6518,2023-07-02,9,Gold Star,122,Kirkland Signature,12,437.76,1,0,4,15,7,53,79,0
6519,2023-02-04,4,Executive,240,Home,5,123.75,1,0,28,2,8,28,66,0
6520,2023-05-18,4,Executive,284,Furniture,20,128.6,0,0,48,4,7,9,68,0
6521,2023-12-19,7,Executive,424,Clothing,4,2.76,0,1,43,15,9,1,68,0
6522,2023-02-12,9,Gold Star,218,Seasonal,1,27.44,1,0,35,22,7,56,120,0
6523,2023-06-28,8,Executive,294,Grocery,18,848.34,0,0,28,18,4,54,104,0
6524,2023-12-09,10,Business,234,Electronics,1,42.63,1,0,11,3,3,64,81,0
6525,2023-03-27,3,Executive,73,Home,6,206.46,0,0,18,22,1,36,77,0
6526,2023-02-19,5,Business,303,Electronics,12,245.88,1,0,31,1,1,28,61,0
6527,2023-09-07,2,Business,107,Seasonal,1,14.33,0,0,20,21,7,47,95,0
6528,2023-08-29,1,Executive,428,Grocery,5,174.0,0,0,10,13,8,32,63,0
6529,2023-07-08,2,Business,494,Kirkland Signature,12,322.68,1,0,38,3,3,34,78,0
6530,2023-08-03,10,Gold Star,143,Home,19,730.36,0,0,19,16,5,29,69,0
6531,2023-04-13,2,Gold Star,35,Clothing,6,170.52,0,0,11,4,10,32,57,0
6532,2023-04-06,2,Gold Star,69,Kirkland Signature,18,237.24,0,0,45,1,9,65,120,0
6533,2023-01-25,10,Executive,311,Kirkland Signature,17,16.32,0,0,35,14,7,34,90,0
6534,2023-05-21,2,Gold Star,132,Appliances,8,16.72,1,0,45,24,3,50,122,0
6535,2023-01-02,9,Business,153,Home,16,463.68,0,0,18,1,12,25,56,0
6536,2023-06-08,10,Executive,229,Seasonal,17,728.28,0,0,9,17,10,10,46,1
6537,2023-11-14,4,Executive,406,Seasonal,13,258.83,0,0,25,17,12,56,110,0
6538,2023-07-12,8,Executive,72,Grocery,7,268.45,0,0,9,6,8,21,44,1
6539,2023-05-05,3,Executive,432,Electronics,1,43.44,0,0,11,16,3,70,100,0
6540,2023-02-11,5,Executive,215,Kirkland Signature,13,34.45,1,0,43,10,12,53,118,0
6541,2023-02-04,9,Gold Star,500,Seasonal,11,142.67,1,0,11,14,9,45,79,0
6542,2023-09-17,6,Gold Star,92,Kirkland Signature,8,86.72,1,0,4,2,8,41,55,0
6543,2023-08-24,5,Executive,299,Home,18,740.7,0,0,21,10,10,21,62,0
6544,2023-05-14,4,Business,389,Clothing,2,68.2,1,0,47,1,7,27,82,0
6545,2023-09-01,5,Business,302,Seasonal,17,202.13,0,0,24,11,2,54,91,0
6546,2023-12-12,1,Executive,468,Grocery,19,134.52,0,0,16,9,2,60,87,0
6547,2023-11-11,2,Gold Star,234,Electronics,20,852.6,1,0,25,12,6,61,104,0
6548,2023-01-24,2,Gold Star,231,Seasonal,20,95.8,0,0,12,21,6,2,41,1
6549,2023-10-11,3,Executive,121,Electronics,15,619.8,0,0,1,13,4,24,42,1
6550,2023-10-04,7,Executive,370,Electronics,3,114.48,0,0,12,10,10,10,42,1
6551,2023-03-15,8,Gold Star,384,Appliances,1,10.61,0,0,44,3,8,38,93,0
6552,2023-10-27,6,Business,55,Clothing,20,904.6,0,0,2,3,3,71,79,0
6553,2023-01-01,6,Executive,452,Appliances,18,439.38,1,0,35,18,11,40,104,0
6554,2023-10-10,2,Business,323,Electronics,15,641.55,0,0,2,13,5,62,82,0
6555,2023-05-13,8,Business,250,Home,9,319.59,1,0,46,21,7,3,77,0
6556,2023-04-09,7,Gold Star,244,Electronics,6,208.86,1,0,4,10,4,47,65,0
6557,2023-05-17,2,Executive,107,Seasonal,2,28.66,0,0,46,19,2,59,126,0
6558,2023-06-06,4,Gold Star,64,Electronics,13,75.79,0,0,10,17,2,27,56,0
6559,2023-02-08,5,Business,299,Home,10,411.5,0,0,42,15,8,52,117,0
6560,2023-07-28,9,Executive,29,Clothing,2,89.68,0,0,35,2,5,14,56,0
6561,2023-07-15,10,Executive,482,Kirkland Signature,20,944.4,1,0,8,15,7,32,62,0
6562,2023-02-16,8,Business,311,Kirkland Signature,17,16.32,0,0,12,15,7,11,45,1
6563,2023-03-22,10,Business,128,Grocery,1,26.34,0,0,7,8,3,28,46,1
6564,2023-02-23,10,Business,310,Furniture,17,23.46,0,0,15,5,1,20,41,1
6565,2023-12-22,10,Business,218,Seasonal,9,246.96,0,1,16,16,6,69,107,0
6566,2023-04-15,1,Business,452,Appliances,9,219.69,1,0,32,2,3,54,91,0
6567,2023-07-08,9,Executive,355,Grocery,19,686.09,1,0,14,17,8,38,77,0
6568,2023-02-26,3,Gold Star,234,Electronics,4,170.52,1,0,5,17,3,69,94,0
6569,2023-10-09,9,Business,476,Seasonal,1,32.82,0,0,35,13,7,13,68,0
6570,2023-12-16,1,Executive,280,Seasonal,7,174.79,1,1,33,15,12,66,126,0
6571,2023-03-04,10,Business,330,Furniture,16,302.24,1,0,46,4,8,37,95,0
6572,2023-10-08,7,Executive,137,Furniture,10,469.8,1,0,44,2,11,6,63,0
6573,2023-10-22,4,Business,101,Appliances,19,720.29,1,0,9,11,8,11,39,1
6574,2023-10-30,1,Gold Star,225,Grocery,14,31.36,0,0,45,20,4,24,93,0
6575,2023-11-04,6,Business,495,Kirkland Signature,12,557.76,1,0,9,22,1,4,36,1
6576,2023-09-09,3,Executive,140,Electronics,20,907.4,1,0,37,16,6,38,97,0
6577,2023-06-22,9,Business,411,Kirkland Signature,2,68.96,0,0,38,10,10,60,118,0
6578,2023-01-19,6,Business,72,Grocery,10,383.5,0,0,7,22,2,15,46,1
6579,2023-02-12,1,Business,484,Kirkland Signature,14,142.94,1,0,2,20,10,23,55,0
6580,2023-07-18,10,Gold Star,212,Electronics,18,56.34,0,0,44,14,7,42,107,0
6581,2023-02-08,10,Executive,220,Grocery,19,74.29,0,0,32,9,3,28,72,0
6582,2023-03-07,9,Executive,403,Clothing,4,85.04,0,0,8,8,9,18,43,1
6583,2023-07-03,7,Gold Star,410,Home,16,283.84,0,0,4,5,2,23,34,1
6584,2023-09-26,9,Executive,211,Kirkland Signature,14,275.94,0,0,41,8,2,59,110,0
6585,2023-06-21,5,Executive,64,Electronics,12,69.96,0,0,43,7,3,8,61,0
6586,2023-01-18,5,Gold Star,156,Seasonal,1,42.91,0,0,24,17,10,38,89,0
6587,2023-09-04,1,Business,40,Home,7,202.09,0,0,6,5,5,55,71,0
6588,2023-11-10,5,Business,476,Seasonal,12,393.84,0,0,43,10,2,35,90,0
6589,2023-08-31,8,Business,302,Seasonal,6,71.34,0,0,48,13,12,17,90,0
6590,2023-06-28,6,Business,5,Furniture,20,116.4,0,0,32,2,8,54,96,0
6591,2023-12-30,6,Business,348,Home,15,650.25,1,0,28,15,10,34,87,0
6592,2023-06-30,5,Business,402,Furniture,14,18.34,0,0,5,6,5,23,39,1
6593,2023-06-01,6,Business,476,Seasonal,6,196.92,0,0,38,24,2,42,106,0
6594,2023-09-21,10,Business,84,Furniture,13,267.02,0,0,3,7,8,57,75,0
6595,2023-10-17,3,Gold Star,261,Seasonal,5,198.3,0,0,35,2,8,31,76,0
6596,2023-12-05,2,Executive,264,Appliances,5,217.7,0,0,18,8,9,8,43,1
6597,2023-04-11,3,Executive,308,Appliances,13,104.52,0,0,32,12,4,49,97,0
6598,2023-11-27,4,Executive,203,Appliances,14,283.64,0,0,12,8,2,9,31,1
6599,2023-09-18,8,Executive,43,Seasonal,7,297.71,0,0,3,16,9,31,59,0
6600,2023-06-02,2,Business,140,Electronics,8,362.96,0,0,48,2,11,69,130,0
6601,2023-01-23,4,Gold Star,333,Grocery,11,254.32,0,0,32,17,2,46,97,0
6602,2023-08-25,3,Executive,308,Appliances,4,32.16,0,0,30,6,9,27,72,0
6603,2023-11-02,5,Gold Star,71,Seasonal,14,338.38,0,0,9,19,3,9,40,1
6604,2023-03-23,6,Business,100,Electronics,3,83.58,0,0,22,11,10,63,106,0
6605,2023-01-30,9,Gold Star,474,Electronics,10,238.2,0,0,17,9,6,56,88,0
6606,2023-12-06,2,Gold Star,220,Grocery,8,31.28,0,0,28,3,3,26,60,0
6607,2023-01-11,10,Executive,490,Furniture,17,585.82,0,0,31,12,11,69,123,0
6608,2023-05-18,3,Executive,101,Appliances,6,227.46,0,0,22,4,9,50,85,0
6609,2023-03-10,8,Business,420,Seasonal,9,222.48,0,0,31,7,7,72,117,0
6610,2023-11-25,4,Executive,29,Clothing,5,224.2,1,0,14,8,5,63,90,0
6611,2023-05-22,7,Business,310,Furniture,12,16.56,0,0,34,22,12,41,109,0
6612,2023-02-06,2,Executive,148,Kirkland Signature,9,47.7,0,0,18,5,4,67,94,0
6613,2023-06-29,9,Business,49,Appliances,2,52.54,0,0,26,19,11,32,88,0
6614,2023-07-25,4,Executive,441,Home,19,94.24,0,0,5,11,7,56,79,0
6615,2023-05-24,6,Gold Star,174,Grocery,19,926.63,0,0,35,19,4,1,59,0
6616,2023-07-19,8,Business,412,Furniture,8,267.92,0,0,6,16,7,4,33,1
6617,2023-02-18,6,Executive,457,Clothing,17,807.16,1,0,6,11,7,7,31,1
6618,2023-12-29,4,Business,152,Grocery,3,4.65,0,0,2,13,5,45,65,0
6619,2023-03-29,7,Executive,224,Electronics,4,135.84,0,0,2,14,1,66,83,0
6620,2023-09-07,2,Gold Star,332,Home,10,152.6,0,0,11,24,11,13,59,0
6621,2023-11-06,9,Business,274,Grocery,18,883.62,0,0,32,18,3,69,122,0
6622,2023-01-10,6,Gold Star,448,Home,14,292.32,0,0,24,11,11,6,52,0
6623,2023-01-19,3,Executive,470,Kirkland Signature,13,498.81,0,0,38,1,9,18,66,0
6624,2023-06-30,2,Executive,370,Electronics,9,343.44,0,0,27,22,12,26,87,0
6625,2023-09-01,7,Gold Star,434,Kirkland Signature,1,26.99,0,0,3,21,9,56,89,0
6626,2023-12-15,5,Gold Star,25,Kirkland Signature,6,273.36,0,1,33,19,2,55,109,0
6627,2023-04-13,2,Executive,500,Seasonal,12,155.64,0,0,40,1,9,21,71,0
6628,2023-01-01,4,Gold Star,418,Kirkland Signature,10,468.8,1,0,48,20,2,1,71,0
6629,2023-11-12,7,Gold Star,67,Clothing,12,172.44,1,0,7,22,5,66,100,0
6630,2023-04-20,1,Business,105,Furniture,14,152.6,0,0,21,2,11,36,70,0
6631,2023-06-21,10,Business,421,Grocery,9,254.25,0,0,28,24,11,46,109,0
6632,2023-03-11,1,Business,300,Seasonal,1,33.38,1,0,14,10,7,4,35,1
6633,2023-05-27,8,Executive,444,Kirkland Signature,17,277.1,1,0,4,5,10,31,50,0
6634,2023-05-25,10,Business,300,Seasonal,15,500.7,0,0,35,16,7,52,110,0
6635,2023-04-07,2,Business,67,Clothing,7,100.59,0,0,47,20,8,47,122,0
6636,2023-10-25,10,Business,411,Kirkland Signature,9,310.32,0,0,27,9,12,60,108,0
6637,2023-07-16,7,Business,271,Appliances,16,568.64,1,0,42,12,3,56,113,0
6638,2023-09-09,2,Executive,384,Appliances,18,190.98,1,0,42,3,8,49,102,0
6639,2023-11-21,7,Business,425,Appliances,17,449.82,0,0,31,3,7,56,97,0
6640,2023-09-13,7,Executive,349,Home,14,484.82,0,0,7,11,9,66,93,0
6641,2023-10-03,6,Business,416,Home,8,380.48,0,0,15,3,11,55,84,0
6642,2023-03-04,8,Business,235,Clothing,12,289.68,1,0,38,16,8,71,133,0
6643,2023-11-11,3,Business,294,Grocery,5,235.65,1,0,19,9,12,23,63,0
6644,2023-10-11,7,Business,151,Appliances,1,40.28,0,0,27,19,6,9,61,0
6645,2023-10-13,6,Gold Star,99,Home,15,238.8,0,0,46,13,6,46,111,0
6646,2023-02-04,8,Business,406,Seasonal,15,298.65,1,0,8,5,9,58,80,0
6647,2023-10-16,3,Business,480,Grocery,7,99.26,0,0,28,12,3,4,47,1
6648,2023-01-08,5,Gold Star,343,Home,2,58.42,1,0,45,2,4,64,115,0
6649,2023-04-14,1,Executive,124,Electronics,14,425.32,0,0,32,11,3,23,69,0
6650,2023-05-26,9,Executive,220,Grocery,11,43.01,0,0,29,17,9,13,68,0
6651,2023-08-24,4,Gold Star,231,Seasonal,15,71.85,0,0,1,22,7,13,43,1
6652,2023-10-23,7,Business,37,Electronics,17,130.22,0,0,33,2,7,71,113,0
6653,2023-07-07,1,Gold Star,389,Clothing,12,409.2,0,0,24,15,12,66,117,0
6654,2023-06-10,4,Gold Star,33,Clothing,9,349.92,1,0,37,4,9,8,58,0
6655,2023-07-01,4,Executive,489,Electronics,7,311.57,1,0,5,14,8,16,43,1
6656,2023-06-28,7,Gold Star,116,Electronics,12,494.28,0,0,46,14,6,68,134,0
6657,2023-02-21,4,Business,269,Electronics,9,28.35,0,0,26,9,11,65,111,0
6658,2023-01-26,7,Business,143,Home,2,76.88,0,0,2,13,1,50,66,0
6659,2023-11-20,7,Executive,194,Furniture,6,172.38,0,0,26,2,12,65,105,0
6660,2023-06-23,5,Business,451,Appliances,3,34.8,0,0,33,21,6,46,106,0
6661,2023-05-13,9,Gold Star,175,Seasonal,7,223.72,1,0,45,22,6,4,77,0
6662,2023-08-25,9,Business,69,Kirkland Signature,13,171.34,0,0,23,4,3,28,58,0
6663,2023-01-25,5,Executive,187,Furniture,14,320.18,0,0,45,17,4,29,95,0
6664,2023-09-23,5,Executive,302,Seasonal,8,95.12,1,0,39,6,4,27,76,0
6665,2023-10-08,5,Executive,354,Clothing,19,906.49,1,0,44,20,8,39,111,0
6666,2023-02-24,5,Gold Star,274,Grocery,10,490.9,0,0,13,9,8,31,61,0
6667,2023-05-28,2,Executive,198,Home,15,410.55,1,0,19,6,8,61,94,0
6668,2023-06-14,3,Gold Star,493,Clothing,7,155.19,0,0,20,24,7,39,90,0
6669,2023-03-04,8,Business,224,Electronics,8,271.68,1,0,28,17,8,66,119,0
6670,2023-03-13,9,Gold Star,463,Clothing,10,191.5,0,0,3,20,11,7,41,1
6671,2023-08-25,9,Executive,148,Kirkland Signature,17,90.1,0,0,11,24,12,39,86,0
6672,2023-06-24,1,Executive,250,Home,9,319.59,1,0,21,24,10,31,86,0
6673,2023-10-14,2,Executive,216,Appliances,7,126.14,1,0,25,15,12,54,106,0
6674,2023-06-28,10,Business,228,Clothing,12,461.64,0,0,4,19,4,10,37,1
6675,2023-12-03,2,Business,44,Appliances,2,42.66,1,0,9,18,9,15,51,0
6676,2023-07-01,9,Executive,473,Appliances,11,396.55,1,0,14,2,3,28,47,1
6677,2023-03-25,2,Business,416,Home,12,570.72,1,0,13,19,3,57,92,0
6678,2023-03-14,10,Gold Star,57,Seasonal,2,5.24,0,0,48,19,9,17,93,0
6679,2023-08-18,7,Executive,476,Seasonal,14,459.48,0,0,2,19,10,8,39,1
6680,2023-08-13,3,Business,137,Furniture,15,704.7,1,0,15,21,5,11,52,0
6681,2023-08-17,4,Gold Star,83,Kirkland Signature,15,735.15,0,0,10,11,2,45,68,0
6682,2023-04-12,3,Business,354,Clothing,11,524.81,0,0,34,23,1,29,87,0
6683,2023-09-16,3,Business,356,Kirkland Signature,17,350.2,1,0,44,1,10,20,75,0
6684,2023-07-10,10,Executive,109,Grocery,20,691.8,0,0,34,9,7,65,115,0
6685,2023-08-30,8,Executive,440,Furniture,16,620.16,0,0,7,1,9,27,44,1
6686,2023-12-03,9,Executive,456,Grocery,8,178.72,1,0,18,13,9,36,76,0
6687,2023-01-26,5,Executive,293,Clothing,7,217.14,0,0,19,18,3,5,45,1
6688,2023-04-11,7,Gold Star,381,Grocery,16,611.36,0,0,47,2,9,62,120,0
6689,2023-09-11,8,Gold Star,287,Grocery,10,240.3,0,0,41,4,6,29,80,0
6690,2023-02-07,2,Gold Star,241,Electronics,6,162.72,0,0,16,15,1,25,57,0
6691,2023-09-24,8,Gold Star,311,Kirkland Signature,10,9.6,1,0,18,22,2,6,48,1
6692,2023-03-12,5,Gold Star,52,Electronics,15,713.85,1,0,26,15,6,48,95,0
6693,2023-10-13,6,Gold Star,500,Seasonal,1,12.97,0,0,5,7,7,53,72,0
6694,2023-12-13,3,Business,172,Home,15,103.8,0,0,17,20,10,53,100,0
6695,2023-09-04,6,Executive,392,Seasonal,10,65.9,0,0,34,6,1,24,65,0
6696,2023-09-17,5,Executive,128,Grocery,6,158.04,1,0,38,11,11,19,79,0
6697,2023-06-04,10,Gold Star,84,Furniture,16,328.64,1,0,26,13,11,58,108,0
6698,2023-04-23,9,Gold Star,184,Seasonal,7,108.57,1,0,27,24,2,47,100,0
6699,2023-05-08,9,Business,490,Furniture,13,447.98,0,0,6,22,8,50,86,0
6700,2023-03-31,5,Executive,71,Seasonal,11,265.87,0,0,9,4,11,67,91,0
6701,2023-07-16,2,Gold Star,140,Electronics,1,45.37,1,0,37,19,5,27,88,0
6702,2023-10-09,5,Business,497,Grocery,8,107.76,0,0,35,19,8,72,134,0
6703,2023-02-26,6,Executive,325,Electronics,19,47.5,1,0,9,20,11,57,97,0
6704,2023-01-08,9,Executive,69,Kirkland Signature,1,13.18,1,0,1,22,3,64,90,0
6705,2023-08-18,7,Gold Star,9,Kirkland Signature,11,518.87,0,0,7,15,8,26,56,0
6706,2023-01-20,9,Gold Star,188,Electronics,5,186.65,0,0,25,9,10,41,85,0
6707,2023-06-29,4,Gold Star,447,Clothing,3,117.99,0,0,40,16,3,18,77,0
6708,2023-06-06,6,Business,176,Clothing,1,18.4,0,0,32,4,2,1,39,1
6709,2023-08-21,10,Executive,158,Furniture,9,331.2,0,0,26,16,3,18,63,0
6710,2023-08-03,9,Business,148,Kirkland Signature,11,58.3,0,0,14,5,7,66,92,0
6711,2023-06-16,5,Executive,84,Furniture,8,164.32,0,0,26,12,10,61,109,0
6712,2023-09-11,1,Business,98,Home,2,85.1,0,0,20,3,3,58,84,0
6713,2023-06-30,3,Gold Star,417,Clothing,15,416.55,0,0,46,22,10,1,79,0
6714,2023-11-25,7,Gold Star,204,Electronics,19,202.54,1,0,41,19,9,64,133,0
6715,2023-01-18,5,Executive,180,Clothing,4,59.92,0,0,37,21,11,29,98,0
6716,2023-07-07,5,Business,142,Kirkland Signature,19,780.9,0,0,29,1,6,59,95,0
6717,2023-09-23,7,Business,186,Electronics,2,81.86,1,0,11,8,1,63,83,0
6718,2023-07-12,1,Gold Star,370,Electronics,9,343.44,0,0,11,1,12,55,79,0
6719,2023-02-17,5,Gold Star,253,Clothing,12,17.64,0,0,28,24,10,34,96,0
6720,2023-03-14,5,Business,113,Clothing,3,39.12,0,0,47,9,9,52,117,0
6721,2023-05-09,4,Executive,223,Electronics,16,117.92,0,0,23,6,12,3,44,1
6722,2023-11-02,5,Business,250,Home,19,674.69,0,0,26,2,8,36,72,0
6723,2023-03-28,6,Business,1,Clothing,7,88.41,0,0,45,9,3,72,129,0
6724,2023-09-20,6,Business,118,Furniture,10,132.9,0,0,26,9,10,43,88,0
6725,2023-05-12,7,Business,231,Seasonal,12,57.48,0,0,38,10,7,30,85,0
6726,2023-08-25,1,Business,89,Home,19,821.75,0,0,1,24,5,13,43,1
6727,2023-02-17,10,Business,490,Furniture,18,620.28,0,0,34,12,2,68,116,0
6728,2023-11-04,2,Gold Star,54,Appliances,5,83.9,1,0,46,1,12,69,128,0
6729,2023-02-04,4,Business,57,Seasonal,18,47.16,1,0,15,11,8,6,40,1
6730,2023-03-26,1,Business,288,Furniture,6,54.54,1,0,43,6,2,34,85,0
6731,2023-02-07,2,Executive,203,Appliances,1,20.26,0,0,32,21,6,28,87,0
6732,2023-05-27,4,Gold Star,207,Home,3,26.94,1,0,31,15,6,41,93,0
6733,2023-09-16,5,Gold Star,141,Home,4,115.4,1,0,13,16,10,45,84,0
6734,2023-08-02,9,Executive,440,Furniture,10,387.6,0,0,43,9,7,40,99,0
6735,2023-01-12,8,Gold Star,365,Furniture,16,61.92,0,0,16,5,11,66,98,0
6736,2023-01-03,5,Gold Star,149,Kirkland Signature,10,165.3,0,0,28,12,9,44,93,0
6737,2023-06-06,5,Business,193,Clothing,1,38.34,0,0,12,18,4,6,40,1
6738,2023-11-10,10,Business,114,Appliances,17,793.05,0,0,42,17,2,30,91,0
6739,2023-01-20,3,Business,300,Seasonal,16,534.08,0,0,12,7,7,51,77,0
6740,2023-11-09,1,Gold Star,166,Appliances,10,412.6,0,0,39,22,6,10,77,0
6741,2023-04-27,3,Executive,9,Kirkland Signature,6,283.02,0,0,5,16,10,66,97,0
6742,2023-04-04,10,Business,117,Grocery,19,628.52,0,0,38,3,8,56,105,0
6743,2023-10-03,9,Business,277,Furniture,18,697.86,0,0,9,7,12,8,36,1
6744,2023-08-02,7,Gold Star,332,Home,17,259.42,0,0,24,21,12,8,65,0
6745,2023-08-27,6,Executive,311,Kirkland Signature,19,18.24,1,0,38,9,3,28,78,0
6746,2023-11-17,5,Gold Star,13,Furniture,18,387.72,0,0,14,22,5,23,64,0
6747,2023-07-21,7,Executive,266,Appliances,7,324.38,0,0,28,9,7,4,48,1
6748,2023-11-06,4,Gold Star,452,Appliances,7,170.87,0,0,7,24,10,14,55,0
6749,2023-05-20,10,Business,166,Appliances,5,206.3,1,0,46,3,5,24,78,0
6750,2023-08-04,5,Executive,128,Grocery,7,184.38,0,0,46,1,11,61,119,0
6751,2023-04-13,9,Business,376,Kirkland Signature,13,283.14,0,0,14,11,8,25,58,0
6752,2023-12-27,5,Gold Star,325,Electronics,13,32.5,0,0,31,21,10,44,106,0
6753,2023-08-23,3,Executive,265,Electronics,15,193.2,0,0,2,3,3,61,69,0
6754,2023-10-11,6,Executive,123,Clothing,5,79.8,0,0,26,3,10,37,76,0
6755,2023-06-10,10,Business,280,Seasonal,5,124.85,1,0,21,7,12,53,93,0
6756,2023-11-26,3,Business,87,Clothing,7,71.61,1,0,31,23,11,9,74,0
6757,2023-05-26,10,Executive,260,Home,18,839.52,0,0,25,11,12,70,118,0
6758,2023-06-16,10,Executive,378,Kirkland Signature,7,170.8,0,0,15,24,12,7,58,0
6759,2023-04-02,1,Gold Star,233,Clothing,1,16.03,1,0,2,3,9,51,65,0
6760,2023-06-30,1,Gold Star,190,Appliances,15,643.2,0,0,39,16,3,11,69,0
6761,2023-01-23,6,Business,381,Grocery,9,343.89,0,0,7,23,3,10,43,1
6762,2023-08-12,5,Business,281,Kirkland Signature,1,24.13,1,0,24,11,12,49,96,0
6763,2023-12-24,1,Executive,152,Grocery,6,9.3,1,1,6,21,8,32,67,0
6764,2023-02-26,10,Gold Star,34,Home,17,111.01,1,0,39,14,9,38,100,0
6765,2023-09-01,5,Gold Star,201,Grocery,8,33.12,0,0,11,16,12,9,48,1
6766,2023-06-13,4,Gold Star,331,Home,5,12.1,0,0,20,1,2,9,32,1
6767,2023-07-30,8,Gold Star,85,Seasonal,2,97.46,1,0,34,6,12,67,119,0
6768,2023-04-02,10,Business,272,Grocery,13,324.87,1,0,43,22,11,42,118,0
6769,2023-11-23,6,Business,164,Clothing,2,73.0,0,0,2,13,5,20,40,1
6770,2023-12-08,6,Executive,447,Clothing,9,353.97,0,0,34,11,11,64,120,0
6771,2023-09-12,7,Business,246,Clothing,20,863.2,0,0,21,15,9,47,92,0
6772,2023-07-03,2,Executive,459,Appliances,3,28.8,0,0,40,11,11,23,85,0
6773,2023-07-10,8,Gold Star,89,Home,3,129.75,0,0,2,16,1,31,50,0
6774,2023-08-16,5,Executive,299,Home,12,493.8,0,0,42,17,1,3,63,0
6775,2023-05-15,6,Business,62,Electronics,10,232.8,0,0,25,4,5,47,81,0
6776,2023-03-20,2,Executive,444,Kirkland Signature,11,179.3,0,0,37,20,6,67,130,0
6777,2023-08-14,10,Gold Star,433,Appliances,19,252.51,0,0,20,4,3,35,62,0
6778,2023-10-30,7,Business,267,Seasonal,8,22.48,0,0,41,7,2,30,80,0
6779,2023-11-28,8,Executive,169,Furniture,12,330.84,0,0,48,24,6,61,139,0
6780,2023-01-23,8,Gold Star,102,Grocery,5,33.7,0,0,9,6,8,45,68,0
6781,2023-08-23,7,Business,419,Clothing,16,402.24,0,0,48,4,8,7,67,0
6782,2023-02-10,5,Executive,214,Clothing,8,352.48,0,0,28,10,6,21,65,0
6783,2023-10-14,2,Executive,100,Electronics,13,362.18,1,0,47,21,4,72,144,0
6784,2023-01-07,9,Executive,354,Clothing,3,143.13,1,0,34,4,6,19,63,0
6785,2023-12-03,9,Gold Star,316,Kirkland Signature,12,252.84,1,0,23,17,10,53,103,0
6786,2023-09-29,10,Gold Star,391,Seasonal,17,303.28,0,0,35,18,11,33,97,0
6787,2023-03-19,1,Gold Star,135,Clothing,7,17.57,1,0,15,15,7,66,103,0
6788,2023-03-12,4,Gold Star,71,Seasonal,8,193.36,1,0,13,2,5,37,57,0
6789,2023-05-10,10,Business,232,Furniture,12,240.6,0,0,25,2,10,5,42,1
6790,2023-07-06,1,Executive,154,Grocery,11,538.89,0,0,9,10,5,24,48,1
6791,2023-01-11,7,Gold Star,108,Furniture,12,438.12,0,0,40,14,4,54,112,0
6792,2023-11-22,7,Gold Star,417,Clothing,15,416.55,0,0,16,20,3,36,75,0
6793,2023-04-21,6,Gold Star,266,Appliances,16,741.44,0,0,16,23,1,13,53,0
6794,2023-02-11,6,Executive,499,Clothing,12,222.12,1,0,27,13,12,42,94,0
6795,2023-12-18,10,Gold Star,220,Grocery,1,3.91,0,1,15,20,1,3,39,1
6796,2023-08-02,7,Executive,254,Seasonal,19,114.38,0,0,34,18,6,8,66,0
6797,2023-09-14,3,Gold Star,31,Seasonal,19,801.04,0,0,39,4,5,54,102,0
6798,2023-09-18,8,Executive,79,Clothing,8,78.16,0,0,43,20,3,3,69,0
6799,2023-06-22,7,Business,4,Furniture,20,221.8,0,0,23,22,4,61,110,0
6800,2023-11-16,6,Business,119,Electronics,7,142.73,0,0,20,10,4,35,69,0
6801,2023-04-21,9,Executive,233,Clothing,8,128.24,0,0,15,13,11,47,86,0
6802,2023-04-12,2,Business,161,Grocery,19,836.19,0,0,39,10,6,67,122,0
6803,2023-09-19,2,Executive,264,Appliances,14,609.56,0,0,43,22,7,61,133,0
6804,2023-02-02,3,Business,224,Electronics,6,203.76,0,0,1,11,2,6,20,1
6805,2023-07-10,4,Gold Star,191,Furniture,11,186.56,0,0,31,14,3,68,116,0
6806,2023-04-01,10,Executive,291,Kirkland Signature,8,14.64,1,0,10,21,9,50,90,0
6807,2023-03-16,9,Gold Star,461,Clothing,1,34.37,0,0,44,12,6,59,121,0
6808,2023-04-12,2,Gold Star,394,Clothing,19,850.06,0,0,42,13,2,45,102,0
6809,2023-01-28,2,Gold Star,363,Grocery,16,59.2,1,0,21,3,2,60,86,0
6810,2023-11-03,8,Gold Star,126,Furniture,9,294.39,0,0,1,11,2,47,61,0
6811,2023-06-12,10,Executive,301,Kirkland Signature,2,99.9,0,0,45,21,12,63,141,0
6812,2023-03-19,4,Business,38,Appliances,6,63.6,1,0,19,4,10,71,104,0
6813,2023-02-12,4,Business,242,Electronics,19,617.5,1,0,26,22,10,11,69,0
6814,2023-04-15,9,Gold Star,71,Seasonal,12,290.04,1,0,43,18,5,71,137,0
6815,2023-02-04,1,Business,14,Home,15,498.0,1,0,17,8,6,61,92,0
6816,2023-06-26,5,Gold Star,28,Electronics,2,1.72,0,0,37,23,7,11,78,0
6817,2023-02-03,9,Gold Star,327,Grocery,1,39.88,0,0,19,4,4,35,62,0
6818,2023-07-02,2,Executive,56,Seasonal,5,56.85,1,0,23,9,3,19,54,0
6819,2023-10-06,10,Executive,157,Clothing,13,506.35,0,0,37,24,1,22,84,0
6820,2023-01-15,8,Executive,234,Electronics,2,85.26,1,0,26,24,6,71,127,0
6821,2023-01-31,5,Business,477,Clothing,3,123.9,0,0,29,1,10,6,46,1
6822,2023-08-04,1,Executive,73,Home,9,309.69,0,0,40,12,5,28,85,0
6823,2023-01-06,3,Gold Star,361,Kirkland Signature,13,552.24,0,0,8,15,7,62,92,0
6824,2023-07-10,9,Executive,411,Kirkland Signature,4,137.92,0,0,42,18,11,49,120,0
6825,2023-11-28,2,Executive,395,Electronics,6,271.08,0,0,35,24,12,51,122,0
6826,2023-06-04,1,Executive,122,Kirkland Signature,4,145.92,1,0,17,8,3,53,81,0
6827,2023-11-12,4,Business,333,Grocery,8,184.96,1,0,48,20,7,70,145,0
6828,2023-09-05,10,Business,185,Kirkland Signature,16,16.16,0,0,33,10,10,40,93,0
6829,2023-06-06,7,Business,310,Furniture,18,24.84,0,0,20,17,3,40,80,0
6830,2023-03-03,6,Executive,186,Electronics,4,163.72,0,0,19,19,10,4,52,0
6831,2023-04-05,10,Executive,491,Appliances,12,160.32,0,0,7,12,6,12,37,1
6832,2023-11-06,3,Gold Star,367,Electronics,6,161.46,0,0,36,15,3,54,108,0
6833,2023-12-15,6,Gold Star,208,Seasonal,5,79.4,0,1,30,11,4,25,70,0
6834,2023-08-09,5,Gold Star,398,Grocery,17,666.23,0,0,7,16,4,35,62,0
6835,2023-12-07,9,Gold Star,14,Home,10,332.0,0,0,7,14,9,66,96,0
6836,2023-04-23,10,Business,318,Home,14,528.5,1,0,32,15,8,14,69,0
6837,2023-08-15,3,Gold Star,376,Kirkland Signature,14,304.92,0,0,32,11,6,34,83,0
6838,2023-12-02,7,Executive,62,Electronics,15,349.2,1,0,22,6,7,58,93,0
6839,2023-03-13,9,Business,15,Seasonal,17,840.48,0,0,7,9,11,42,69,0
6840,2023-08-05,5,Executive,405,Seasonal,7,106.47,1,0,48,15,12,72,147,0
6841,2023-07-14,1,Executive,65,Seasonal,19,226.48,0,0,5,2,10,48,65,0
6842,2023-01-18,8,Executive,191,Furniture,6,101.76,0,0,29,14,8,61,112,0
6843,2023-07-08,4,Business,480,Grocery,11,155.98,1,0,25,7,6,52,90,0
6844,2023-09-13,10,Executive,236,Grocery,5,4.25,0,0,4,24,8,23,59,0
6845,2023-04-18,5,Executive,45,Clothing,12,68.64,0,0,48,24,7,30,109,0
6846,2023-06-02,4,Business,124,Electronics,2,60.76,0,0,47,13,5,20,85,0
6847,2023-10-26,7,Executive,463,Clothing,16,306.4,0,0,38,23,4,72,137,0
6848,2023-09-11,8,Business,300,Seasonal,9,300.42,0,0,24,22,3,28,77,0
6849,2023-04-02,8,Executive,434,Kirkland Signature,19,512.81,1,0,6,20,12,56,94,0
6850,2023-05-13,8,Business,164,Clothing,6,219.0,1,0,38,8,4,23,73,0
6851,2023-10-15,7,Executive,193,Clothing,2,76.68,1,0,30,8,4,47,89,0
6852,2023-09-10,5,Gold Star,192,Furniture,16,668.16,1,0,21,13,11,20,65,0
6853,2023-02-01,3,Executive,493,Clothing,19,421.23,0,0,14,21,2,1,38,1
6854,2023-11-18,9,Gold Star,131,Furniture,4,106.8,1,0,43,19,12,30,104,0
6855,2023-01-16,10,Business,91,Kirkland Signature,10,417.4,0,0,22,13,3,60,98,0
6856,2023-12-05,5,Executive,74,Appliances,6,239.64,0,0,5,9,6,19,39,1
6857,2023-12-05,9,Business,278,Home,6,254.58,0,0,7,20,7,34,68,0
6858,2023-02-11,5,Gold Star,315,Home,9,46.44,1,0,9,23,12,58,102,0
6859,2023-06-19,7,Business,202,Furniture,4,90.52,0,0,46,12,12,17,87,0
6860,2023-08-25,6,Executive,45,Clothing,3,17.16,0,0,47,9,1,8,65,0
6861,2023-01-16,5,Business,105,Furniture,12,130.8,0,0,15,20,11,22,68,0
6862,2023-10-24,3,Executive,464,Clothing,16,564.8,0,0,10,23,3,17,53,0
6863,2023-04-27,6,Business,490,Furniture,15,516.9,0,0,24,18,10,49,101,0
6864,2023-05-11,3,Business,386,Electronics,18,158.94,0,0,35,14,6,65,120,0
6865,2023-12-23,6,Gold Star,362,Clothing,13,429.65,1,1,13,11,8,19,51,0
6866,2023-01-07,2,Gold Star,155,Appliances,1,18.06,1,0,2,20,8,2,32,1
6867,2023-05-07,3,Business,352,Electronics,14,637.14,1,0,30,8,4,33,75,0
6868,2023-07-12,10,Gold Star,382,Home,2,79.42,0,0,29,23,3,52,107,0
6869,2023-07-24,4,Executive,495,Kirkland Signature,13,604.24,0,0,42,10,4,15,71,0
6870,2023-06-06,3,Gold Star,261,Seasonal,14,555.24,0,0,8,1,9,20,38,1
6871,2023-03-22,8,Executive,95,Home,15,490.5,0,0,15,14,12,67,108,0
6872,2023-05-25,7,Gold Star,148,Kirkland Signature,20,106.0,0,0,19,10,7,67,103,0
6873,2023-09-20,5,Gold Star,393,Clothing,16,324.96,0,0,16,16,7,66,105,0
6874,2023-08-14,4,Gold Star,128,Grocery,2,52.68,0,0,14,6,12,27,59,0
6875,2023-03-23,5,Executive,24,Clothing,4,177.08,0,0,24,19,8,51,102,0
6876,2023-07-21,4,Gold Star,319,Seasonal,15,398.7,0,0,1,12,5,50,68,0
6877,2023-03-05,2,Gold Star,386,Electronics,4,35.32,1,0,23,13,11,32,79,0
6878,2023-07-01,5,Executive,165,Appliances,2,95.06,1,0,15,21,1,27,64,0
6879,2023-08-04,2,Gold Star,189,Home,15,749.1,0,0,28,16,1,67,112,0
6880,2023-07-21,6,Gold Star,360,Home,2,94.9,0,0,31,22,4,5,62,0
6881,2023-02-24,5,Executive,97,Appliances,2,98.64,0,0,22,22,11,38,93,0
6882,2023-08-14,1,Business,230,Appliances,18,418.68,0,0,46,8,12,49,115,0
6883,2023-09-20,2,Executive,292,Electronics,13,74.75,0,0,6,23,1,29,59,0
6884,2023-03-13,8,Business,134,Appliances,11,94.93,0,0,42,14,8,27,91,0
6885,2023-09-23,4,Gold Star,403,Clothing,17,361.42,1,0,4,5,3,49,61,0
6886,2023-01-12,8,Gold Star,422,Grocery,5,219.45,0,0,18,1,5,44,68,0
6887,2023-12-13,8,Executive,469,Kirkland Signature,4,104.4,0,0,47,21,5,18,91,0
6888,2023-02-19,4,Gold Star,425,Appliances,16,423.36,1,0,41,1,8,61,111,0
6889,2023-02-17,3,Business,395,Electronics,10,451.8,0,0,12,20,5,5,42,1
6890,2023-06-08,4,Business,65,Seasonal,11,131.12,0,0,44,22,8,62,136,0
6891,2023-10-15,1,Executive,363,Grocery,7,25.9,1,0,41,21,4,15,81,0
6892,2023-02-11,3,Gold Star,490,Furniture,9,310.14,1,0,16,7,10,72,105,0
6893,2023-05-16,7,Gold Star,346,Clothing,4,22.2,0,0,14,10,1,23,48,1
6894,2023-08-10,9,Business,224,Electronics,14,475.44,0,0,11,21,5,70,107,0
6895,2023-09-20,7,Business,1,Clothing,1,12.63,0,0,18,20,2,16,56,0
6896,2023-09-04,4,Gold Star,378,Kirkland Signature,17,414.8,0,0,8,6,4,35,53,0
6897,2023-12-14,3,Gold Star,93,Kirkland Signature,18,437.58,0,0,27,19,3,22,71,0
6898,2023-03-16,6,Executive,290,Furniture,4,4.04,0,0,17,17,7,11,52,0
6899,2023-03-21,6,Gold Star,320,Clothing,13,222.43,0,0,28,11,4,29,72,0
6900,2023-07-31,9,Business,247,Seasonal,19,585.96,0,0,24,21,5,30,80,0
6901,2023-12-22,2,Executive,436,Seasonal,1,36.88,0,1,13,4,10,41,68,0
6902,2023-12-05,3,Business,216,Appliances,10,180.2,0,0,13,6,8,52,79,0
6903,2023-01-21,4,Business,327,Grocery,14,558.32,1,0,1,17,2,53,73,0
6904,2023-05-20,7,Gold Star,374,Kirkland Signature,6,158.64,1,0,47,24,5,72,148,0
6905,2023-09-24,6,Executive,384,Appliances,17,180.37,1,0,43,22,11,30,106,0
6906,2023-05-01,2,Business,327,Grocery,1,39.88,0,0,42,23,11,47,123,0
6907,2023-04-11,8,Gold Star,104,Clothing,7,97.16,0,0,23,14,8,56,101,0
6908,2023-09-09,10,Business,97,Appliances,10,493.2,1,0,38,8,1,59,106,0
6909,2023-10-28,2,Gold Star,450,Electronics,11,98.56,1,0,11,23,4,57,95,0
6910,2023-09-16,9,Gold Star,293,Clothing,20,620.4,1,0,7,5,12,30,54,0
6911,2023-02-10,8,Executive,408,Appliances,4,80.96,0,0,3,22,2,56,83,0
6912,2023-02-14,2,Gold Star,365,Furniture,8,30.96,0,0,23,12,3,2,40,1
6913,2023-04-05,10,Gold Star,272,Grocery,3,74.97,0,0,40,2,2,37,81,0
6914,2023-12-21,5,Business,13,Furniture,20,430.8,0,1,17,2,8,14,41,1
6915,2023-06-18,7,Gold Star,47,Home,4,88.4,1,0,46,8,11,5,70,0
6916,2023-01-12,7,Executive,90,Seasonal,7,227.57,0,0,5,6,9,41,61,0
6917,2023-06-10,2,Gold Star,282,Seasonal,15,699.0,1,0,20,6,8,1,35,1
6918,2023-09-02,6,Gold Star,412,Furniture,5,167.45,1,0,11,12,10,18,51,0
6919,2023-05-28,4,Business,41,Electronics,1,41.94,1,0,15,5,9,56,85,0
6920,2023-11-10,8,Gold Star,200,Appliances,20,967.4,0,0,10,6,9,48,73,0
6921,2023-02-21,4,Executive,426,Home,13,417.95,0,0,46,1,1,72,120,0
6922,2023-06-27,1,Gold Star,457,Clothing,17,807.16,0,0,40,16,8,70,134,0
6923,2023-02-23,2,Gold Star,302,Seasonal,19,225.91,0,0,31,12,5,24,72,0
6924,2023-11-12,10,Gold Star,88,Grocery,14,80.08,1,0,25,15,11,50,101,0
6925,2023-08-10,10,Business,175,Seasonal,20,639.2,0,0,2,6,3,38,49,0
6926,2023-02-05,9,Business,496,Electronics,12,226.92,1,0,39,10,9,13,71,0
6927,2023-05-06,8,Gold Star,436,Seasonal,5,184.4,1,0,3,5,2,3,13,1
6928,2023-08-22,4,Gold Star,385,Furniture,20,13.4,0,0,30,14,7,63,114,0
6929,2023-06-28,7,Gold Star,497,Grocery,1,13.47,0,0,12,16,4,21,53,0
6930,2023-07-05,2,Gold Star,13,Furniture,19,409.26,0,0,20,1,11,24,56,0
6931,2023-01-03,10,Executive,64,Electronics,5,29.15,0,0,38,17,9,72,136,0
6932,2023-09-28,2,Gold Star,418,Kirkland Signature,8,375.04,0,0,19,21,12,45,97,0
6933,2023-08-02,9,Gold Star,225,Grocery,16,35.84,0,0,47,20,2,68,137,0
6934,2023-01-31,6,Gold Star,375,Furniture,8,278.96,0,0,20,1,1,7,29,1
6935,2023-08-29,10,Executive,495,Kirkland Signature,2,92.96,0,0,37,3,4,38,82,0
6936,2023-05-31,1,Business,233,Clothing,20,320.6,0,0,43,24,12,6,85,0
6937,2023-07-04,2,Business,10,Furniture,2,34.38,0,0,8,10,5,22,45,1
6938,2023-10-23,3,Business,465,Seasonal,14,137.34,0,0,19,11,11,62,103,0
6939,2023-12-22,9,Business,122,Kirkland Signature,15,547.2,0,1,38,20,6,35,99,0
6940,2023-07-08,5,Gold Star,36,Home,4,68.24,1,0,37,21,12,58,128,0
6941,2023-12-01,7,Gold Star,225,Grocery,7,15.68,0,0,6,22,7,41,76,0
6942,2023-07-31,2,Executive,274,Grocery,18,883.62,0,0,1,9,6,56,72,0
6943,2023-11-11,3,Gold Star,249,Furniture,6,77.4,1,0,19,21,8,37,85,0
6944,2023-09-11,9,Business,482,Kirkland Signature,10,472.2,0,0,4,9,5,33,51,0
6945,2023-07-16,5,Gold Star,250,Home,14,497.14,1,0,41,9,2,35,87,0
6946,2023-11-30,4,Gold Star,374,Kirkland Signature,15,396.6,0,0,42,20,9,28,99,0
6947,2023-06-08,4,Gold Star,445,Appliances,16,731.68,0,0,23,1,1,47,72,0
6948,2023-04-06,10,Gold Star,22,Clothing,15,367.95,0,0,8,14,10,60,92,0
6949,2023-11-16,6,Executive,399,Clothing,3,61.29,0,0,9,14,7,24,54,0
6950,2023-02-01,2,Gold Star,10,Furniture,1,17.19,0,0,8,7,5,51,71,0
6951,2023-09-07,7,Business,22,Clothing,13,318.89,0,0,28,13,9,27,77,0
6952,2023-02-17,1,Business,457,Clothing,17,807.16,0,0,43,18,8,25,94,0
6953,2023-08-29,9,Executive,99,Home,15,238.8,0,0,17,11,7,72,107,0
6954,2023-07-28,3,Executive,423,Seasonal,4,5.6,0,0,7,6,12,55,80,0
6955,2023-01-05,7,Executive,440,Furniture,20,775.2,0,0,3,24,12,68,107,0
6956,2023-04-17,7,Executive,201,Grocery,8,33.12,0,0,47,10,7,28,92,0
6957,2023-02-26,8,Executive,154,Grocery,10,489.9,1,0,4,11,8,55,78,0
6958,2023-07-09,4,Business,484,Kirkland Signature,20,204.2,1,0,1,22,6,66,95,0
6959,2023-11-28,8,Gold Star,152,Grocery,16,24.8,0,0,39,3,7,29,78,0
6960,2023-03-14,7,Business,336,Electronics,10,452.7,0,0,10,4,3,29,46,1
6961,2023-07-08,5,Business,2,Appliances,8,205.2,1,0,23,10,1,69,103,0
6962,2023-09-21,8,Gold Star,25,Kirkland Signature,7,318.92,0,0,10,13,8,40,71,0
6963,2023-12-19,2,Business,383,Seasonal,19,648.85,0,1,40,3,11,65,119,0
6964,2023-04-25,9,Gold Star,210,Appliances,12,523.8,0,0,20,10,11,11,52,0
6965,2023-05-31,9,Business,185,Kirkland Signature,9,9.09,0,0,25,4,7,7,43,1
6966,2023-07-04,8,Gold Star,250,Home,3,106.53,0,0,48,10,12,15,85,0
6967,2023-02-13,1,Business,226,Grocery,2,56.24,0,0,15,23,10,19,67,0
6968,2023-05-03,10,Executive,26,Electronics,1,28.67,0,0,17,12,1,32,62,0
6969,2023-08-25,10,Business,397,Home,17,157.42,0,0,33,10,2,69,114,0
6970,2023-02-25,9,Gold Star,305,Electronics,7,344.54,1,0,18,9,4,4,35,1
6971,2023-03-05,2,Business,325,Electronics,4,10.0,1,0,27,5,3,56,91,0
6972,2023-10-30,4,Executive,428,Grocery,2,69.6,0,0,35,19,8,44,106,0
6973,2023-06-27,9,Executive,1,Clothing,17,214.71,0,0,30,13,10,52,105,0
6974,2023-12-22,6,Gold Star,6,Appliances,5,138.5,0,1,36,8,10,28,82,0
6975,2023-04-30,8,Executive,70,Clothing,11,506.0,1,0,9,3,8,28,48,1
6976,2023-08-17,3,Business,309,Seasonal,8,242.56,0,0,35,2,3,55,95,0
6977,2023-03-02,5,Business,135,Clothing,7,17.57,0,0,12,20,12,68,112,0
6978,2023-06-01,4,Gold Star,392,Seasonal,15,98.85,0,0,18,3,1,62,84,0
6979,2023-10-06,1,Gold Star,141,Home,4,115.4,0,0,18,15,8,30,71,0
6980,2023-11-24,5,Business,101,Appliances,15,568.65,0,0,2,18,8,4,32,1
6981,2023-05-16,4,Business,228,Clothing,4,153.88,0,0,48,19,6,17,90,0
6982,2023-03-30,10,Executive,459,Appliances,8,76.8,0,0,39,23,2,30,94,0
6983,2023-12-19,7,Executive,485,Kirkland Signature,18,245.52,0,1,17,24,11,7,59,0
6984,2023-07-05,1,Executive,407,Seasonal,9,83.07,0,0,45,3,8,40,96,0
6985,2023-09-05,2,Business,4,Furniture,16,177.44,0,0,9,15,8,1,33,1
6986,2023-02-06,1,Business,18,Appliances,16,50.08,0,0,32,2,10,53,97,0
6987,2023-04-28,4,Executive,203,Appliances,15,303.9,0,0,16,23,11,51,101,0
6988,2023-09-02,10,Executive,97,Appliances,19,937.08,1,0,5,19,8,71,103,0
6989,2023-02-19,9,Business,178,Home,14,481.04,1,0,31,15,11,35,92,0
6990,2023-06-28,5,Executive,186,Electronics,9,368.37,0,0,12,18,11,18,59,0
6991,2023-09-28,1,Executive,309,Seasonal,7,212.24,0,0,38,3,9,6,56,0
6992,2023-09-24,4,Gold Star,124,Electronics,17,516.46,1,0,14,10,11,11,46,1
6993,2023-03-27,10,Business,264,Appliances,16,696.64,0,0,31,2,6,45,84,0
6994,2023-08-08,3,Executive,253,Clothing,15,22.05,0,0,27,16,4,47,94,0
6995,2023-03-12,10,Gold Star,115,Electronics,19,883.5,1,0,22,5,8,29,64,0
6996,2023-09-25,3,Gold Star,484,Kirkland Signature,5,51.05,0,0,48,23,12,48,131,0
6997,2023-08-13,9,Business,472,Clothing,9,397.08,1,0,25,13,8,54,100,0
6998,2023-05-27,5,Business,41,Electronics,11,461.34,1,0,34,21,6,19,80,0
6999,2023-08-12,3,Executive,33,Clothing,6,233.28,1,0,2,2,7,62,73,0
7000,2023-08-31,1,Executive,177,Grocery,18,692.1,0,0,34,1,9,5,49,0
7001,2023-05-18,4,Business,328,Clothing,1,47.51,0,0,19,21,4,72,116,0
7002,2023-02-21,9,Executive,310,Furniture,10,13.8,0,0,41,14,10,62,127,0
7003,2023-01-09,3,Executive,61,Appliances,1,1.59,0,0,5,14,1,52,72,0
7004,2023-10-12,9,Business,122,Kirkland Signature,17,620.16,0,0,9,20,7,42,78,0
7005,2023-04-12,7,Executive,150,Appliances,6,21.96,0,0,41,22,7,26,96,0
7006,2023-01-20,8,Executive,370,Electronics,19,725.04,0,0,41,6,2,56,105,0
7007,2023-04-19,10,Executive,159,Home,10,403.0,0,0,38,2,5,29,74,0
7008,2023-09-04,1,Business,136,Kirkland Signature,6,262.5,0,0,35,4,8,9,56,0
7009,2023-09-06,8,Executive,80,Appliances,17,666.57,0,0,47,17,11,25,100,0
7010,2023-10-16,10,Gold Star,329,Electronics,16,259.68,0,0,5,23,8,22,58,0
7011,2023-08-27,3,Executive,215,Kirkland Signature,18,47.7,1,0,14,1,12,68,95,0
7012,2023-11-06,10,Gold Star,435,Electronics,16,289.76,0,0,22,8,3,29,62,0
7013,2023-09-08,2,Gold Star,383,Seasonal,16,546.4,0,0,6,22,11,19,58,0
7014,2023-02-23,8,Gold Star,184,Seasonal,9,139.59,0,0,10,3,4,64,81,0
7015,2023-09-23,7,Business,372,Furniture,15,304.95,1,0,20,1,6,7,34,1
7016,2023-01-05,4,Executive,290,Furniture,18,18.18,0,0,4,8,4,44,60,0
7017,2023-01-19,5,Business,261,Seasonal,3,118.98,0,0,43,1,1,67,112,0
7018,2023-03-10,3,Executive,402,Furniture,20,26.2,0,0,31,16,11,18,76,0
7019,2023-12-14,3,Executive,189,Home,3,149.82,0,0,31,3,6,44,84,0
7020,2023-10-19,2,Business,276,Kirkland Signature,9,231.66,0,0,39,15,7,5,66,0
7021,2023-08-03,6,Executive,234,Electronics,8,341.04,0,0,42,4,12,13,71,0
7022,2023-01-02,3,Business,202,Furniture,16,362.08,0,0,2,18,1,43,64,0
7023,2023-07-18,8,Business,75,Appliances,8,323.04,0,0,16,6,12,55,89,0
7024,2023-11-05,7,Business,262,Grocery,7,235.13,1,0,9,7,9,30,55,0
7025,2023-02-14,3,Executive,257,Grocery,9,342.99,0,0,16,9,8,7,40,1
7026,2023-06-14,5,Gold Star,430,Kirkland Signature,14,568.96,0,0,22,13,1,39,75,0
7027,2023-10-26,7,Business,493,Clothing,14,310.38,0,0,13,23,12,48,96,0
7028,2023-02-24,2,Business,396,Electronics,1,46.73,0,0,7,21,5,51,84,0
7029,2023-04-03,4,Gold Star,84,Furniture,1,20.54,0,0,39,24,6,21,90,0
7030,2023-06-18,5,Business,257,Grocery,18,685.98,1,0,43,23,12,34,112,0
7031,2023-09-21,4,Executive,57,Seasonal,13,34.06,0,0,34,10,10,72,126,0
7032,2023-06-25,2,Executive,60,Clothing,10,437.7,1,0,13,18,11,12,54,0
7033,2023-09-24,3,Executive,412,Furniture,17,569.33,1,0,34,17,6,23,80,0
7034,2023-09-09,7,Business,128,Grocery,10,263.4,1,0,26,12,8,8,54,0
7035,2023-11-01,7,Executive,355,Grocery,16,577.76,0,0,43,23,7,52,125,0
7036,2023-11-13,9,Gold Star,474,Electronics,11,262.02,0,0,7,21,2,38,68,0
7037,2023-11-06,3,Business,457,Clothing,17,807.16,0,0,34,15,3,9,61,0
7038,2023-05-18,2,Executive,116,Electronics,19,782.61,0,0,8,23,8,10,49,0
7039,2023-06-17,5,Gold Star,120,Kirkland Signature,10,356.1,1,0,5,16,9,9,39,1
7040,2023-09-09,7,Executive,341,Furniture,3,140.76,1,0,9,16,11,46,82,0
7041,2023-12-21,5,Executive,195,Furniture,6,282.96,0,1,30,22,6,55,113,0
7042,2023-07-01,6,Gold Star,258,Furniture,6,162.0,1,0,24,20,3,42,89,0
7043,2023-11-24,10,Business,99,Home,12,191.04,0,0,30,15,7,53,105,0
7044,2023-01-31,2,Business,354,Clothing,2,95.42,0,0,32,18,6,34,90,0
7045,2023-03-22,10,Executive,472,Clothing,19,838.28,0,0,7,5,10,5,27,1
7046,2023-11-22,8,Gold Star,197,Grocery,15,714.0,0,0,7,22,12,22,63,0
7047,2023-10-03,5,Executive,98,Home,7,297.85,0,0,21,10,9,14,54,0
7048,2023-08-22,2,Business,68,Kirkland Signature,5,180.35,0,0,11,12,12,34,69,0
7049,2023-07-18,8,Gold Star,394,Clothing,20,894.8,0,0,30,17,9,69,125,0
7050,2023-01-24,10,Executive,442,Appliances,14,179.34,0,0,38,13,6,34,91,0
7051,2023-08-31,5,Executive,12,Kirkland Signature,19,300.58,0,0,12,11,8,10,41,1
7052,2023-10-03,5,Gold Star,129,Home,7,168.49,0,0,42,3,8,57,110,0
7053,2023-01-19,2,Business,224,Electronics,9,305.64,0,0,17,22,10,58,107,0
7054,2023-03-25,9,Business,400,Grocery,6,214.62,1,0,4,23,7,28,62,0
7055,2023-07-08,1,Executive,406,Seasonal,10,199.1,1,0,2,19,6,28,55,0
7056,2023-09-14,10,Gold Star,7,Grocery,19,255.55,0,0,5,23,9,2,39,1
7057,2023-08-22,2,Executive,124,Electronics,4,121.52,0,0,19,5,8,3,35,1
7058,2023-11-23,4,Gold Star,42,Home,17,306.0,0,0,25,2,6,37,70,0
7059,2023-10-11,3,Executive,457,Clothing,1,47.48,0,0,44,5,12,37,98,0
7060,2023-02-12,10,Executive,373,Seasonal,20,609.6,1,0,12,14,4,57,87,0
7061,2023-05-12,4,Business,470,Kirkland Signature,17,652.29,0,0,37,17,2,4,60,0
7062,2023-10-28,6,Business,23,Kirkland Signature,19,158.27,1,0,30,6,9,7,52,0
7063,2023-05-07,4,Executive,452,Appliances,10,244.1,1,0,8,8,4,61,81,0
7064,2023-02-25,1,Business,379,Clothing,16,310.88,1,0,41,10,7,66,124,0
7065,2023-06-17,1,Gold Star,477,Clothing,5,206.5,1,0,39,4,1,59,103,0
7066,2023-11-23,10,Gold Star,473,Appliances,12,432.6,0,0,6,13,3,7,29,1
7067,2023-05-13,9,Gold Star,319,Seasonal,20,531.6,1,0,26,14,1,17,58,0
7068,2023-06-04,10,Gold Star,353,Kirkland Signature,15,180.9,1,0,11,10,12,68,101,0
7069,2023-08-05,10,Business,158,Furniture,16,588.8,1,0,12,3,8,8,31,1
7070,2023-04-25,3,Executive,193,Clothing,2,76.68,0,0,2,13,2,50,67,0
7071,2023-08-04,4,Executive,207,Home,13,116.74,0,0,30,2,3,67,102,0
7072,2023-03-13,9,Business,98,Home,10,425.5,0,0,16,3,1,7,27,1
7073,2023-02-25,4,Business,429,Furniture,13,222.69,1,0,20,2,1,17,40,1
7074,2023-04-04,3,Business,246,Clothing,13,561.08,0,0,22,1,2,48,73,0
7075,2023-09-24,8,Gold Star,114,Appliances,4,186.6,1,0,20,13,12,26,71,0
7076,2023-06-13,1,Executive,141,Home,1,28.85,0,0,8,15,6,62,91,0
7077,2023-10-15,1,Gold Star,465,Seasonal,1,9.81,1,0,42,5,3,42,92,0
7078,2023-08-28,1,Business,461,Clothing,3,103.11,0,0,47,12,2,34,95,0
7079,2023-04-03,6,Business,3,Seasonal,20,754.6,0,0,30,16,4,50,100,0
7080,2023-06-25,1,Gold Star,34,Home,8,52.24,1,0,16,4,1,29,50,0
7081,2023-09-21,3,Gold Star,198,Home,17,465.29,0,0,14,1,3,5,23,1
7082,2023-11-13,4,Business,61,Appliances,7,11.13,0,0,36,11,4,45,96,0
7083,2023-05-24,2,Business,369,Clothing,3,142.65,0,0,3,16,6,30,55,0
7084,2023-07-28,4,Executive,464,Clothing,9,317.7,0,0,15,2,7,12,36,1
7085,2023-03-29,1,Executive,454,Appliances,12,286.08,0,0,7,11,5,45,68,0
7086,2023-11-01,4,Business,4,Furniture,12,133.08,0,0,38,16,3,58,115,0
7087,2023-01-09,4,Business,429,Furniture,1,17.13,0,0,36,17,8,25,86,0
7088,2023-01-19,9,Gold Star,68,Kirkland Signature,7,252.49,0,0,30,4,3,46,83,0
7089,2023-07-24,1,Gold Star,424,Clothing,14,9.66,0,0,13,18,3,28,62,0
7090,2023-04-29,2,Business,231,Seasonal,5,23.95,1,0,30,24,1,39,94,0
7091,2023-05-28,3,Gold Star,478,Seasonal,19,430.16,1,0,24,2,3,57,86,0
7092,2023-09-06,4,Gold Star,130,Electronics,15,356.85,0,0,34,15,6,19,74,0
7093,2023-10-03,7,Business,131,Furniture,17,453.9,0,0,44,21,12,30,107,0
7094,2023-05-16,5,Executive,134,Appliances,6,51.78,0,0,42,9,10,37,98,0
7095,2023-02-02,3,Business,328,Clothing,12,570.12,0,0,8,20,7,3,38,1
7096,2023-09-19,1,Executive,337,Seasonal,13,13.91,0,0,31,3,4,38,76,0
7097,2023-09-08,9,Gold Star,338,Seasonal,8,369.12,0,0,19,20,12,1,52,0
7098,2023-12-12,1,Business,105,Furniture,17,185.3,0,0,41,15,2,51,109,0
7099,2023-04-09,10,Executive,471,Clothing,3,112.89,1,0,10,24,9,71,114,0
7100,2023-10-15,10,Business,8,Appliances,7,34.23,1,0,40,15,12,46,113,0
7101,2023-09-09,1,Gold Star,76,Kirkland Signature,17,668.78,1,0,29,19,9,56,113,0
7102,2023-07-08,10,Executive,77,Home,11,229.24,1,0,29,3,9,21,62,0
7103,2023-03-17,10,Gold Star,300,Seasonal,19,634.22,0,0,19,10,3,25,57,0
7104,2023-08-19,2,Business,386,Electronics,15,132.45,1,0,20,13,10,32,75,0
7105,2023-06-17,6,Gold Star,297,Grocery,16,256.0,1,0,9,1,4,37,51,0
7106,2023-02-06,2,Executive,350,Seasonal,8,99.04,0,0,46,22,2,47,117,0
7107,2023-12-13,8,Gold Star,193,Clothing,10,383.4,0,0,9,9,12,46,76,0
7108,2023-03-05,7,Business,282,Seasonal,4,186.4,1,0,6,23,8,69,106,0
7109,2023-03-18,3,Business,251,Kirkland Signature,4,149.04,1,0,2,22,12,22,58,0
7110,2023-02-05,1,Gold Star,177,Grocery,19,730.55,1,0,1,12,10,9,32,1
7111,2023-12-11,5,Executive,45,Clothing,5,28.6,0,0,33,2,7,53,95,0
7112,2023-03-29,8,Business,95,Home,8,261.6,0,0,10,13,12,18,53,0
7113,2023-04-21,7,Executive,129,Home,7,168.49,0,0,35,4,4,54,97,0
7114,2023-02-14,2,Executive,1,Clothing,20,252.6,0,0,47,19,1,22,89,0
7115,2023-12-13,4,Executive,83,Kirkland Signature,16,784.16,0,0,43,6,12,10,71,0
7116,2023-02-27,2,Business,149,Kirkland Signature,12,198.36,0,0,45,21,9,18,93,0
7117,2023-04-19,1,Gold Star,442,Appliances,16,204.96,0,0,48,14,4,32,98,0
7118,2023-06-10,9,Business,201,Grocery,16,66.24,1,0,32,11,9,53,105,0
7119,2023-10-24,6,Executive,143,Home,10,384.4,0,0,4,22,3,67,96,0
7120,2023-10-24,5,Business,241,Electronics,14,379.68,0,0,43,14,7,69,133,0
7121,2023-05-17,8,Executive,98,Home,16,680.8,0,0,43,6,6,42,97,0
7122,2023-02-05,8,Business,132,Appliances,4,8.36,1,0,47,2,5,42,96,0
7123,2023-12-03,10,Executive,13,Furniture,13,280.02,1,0,42,3,5,17,67,0
7124,2023-03-29,9,Executive,110,Kirkland Signature,8,242.32,0,0,42,17,7,20,86,0
7125,2023-12-26,3,Business,207,Home,6,53.88,0,0,21,18,5,7,51,0
7126,2023-08-24,3,Gold Star,305,Electronics,8,393.76,0,0,42,16,10,51,119,0
7127,2023-03-10,2,Gold Star,131,Furniture,1,26.7,0,0,20,17,10,13,60,0
7128,2023-10-24,1,Business,356,Kirkland Signature,18,370.8,0,0,26,15,12,3,56,0
7129,2023-08-12,9,Executive,326,Seasonal,20,474.8,1,0,12,18,2,25,57,0
7130,2023-09-01,4,Gold Star,366,Kirkland Signature,6,29.1,0,0,2,21,2,56,81,0
7131,2023-02-02,8,Gold Star,11,Clothing,16,108.16,0,0,16,19,8,15,58,0
7132,2023-06-07,6,Gold Star,403,Clothing,9,191.34,0,0,23,5,8,65,101,0
7133,2023-12-11,1,Business,43,Seasonal,9,382.77,0,0,19,20,12,49,100,0
7134,2023-09-21,3,Business,213,Grocery,17,434.52,0,0,24,5,11,32,72,0
7135,2023-09-14,6,Executive,98,Home,18,765.9,0,0,20,1,10,14,45,1
7136,2023-03-28,8,Gold Star,129,Home,8,192.56,0,0,40,21,11,65,137,0
7137,2023-05-03,10,Gold Star,223,Electronics,6,44.22,0,0,37,1,3,55,96,0
7138,2023-09-26,4,Gold Star,433,Appliances,14,186.06,0,0,32,18,9,6,65,0
7139,2023-01-16,9,Executive,380,Seasonal,15,330.6,0,0,10,4,6,59,79,0
7140,2023-06-28,6,Business,373,Seasonal,20,609.6,0,0,28,22,10,43,103,0
7141,2023-04-17,9,Executive,95,Home,3,98.1,0,0,7,15,10,21,53,0
7142,2023-04-03,6,Executive,498,Kirkland Signature,5,228.15,0,0,5,2,11,12,30,1
7143,2023-12-21,9,Gold Star,167,Seasonal,16,113.12,0,1,24,7,8,63,102,0
7144,2023-11-16,7,Executive,409,Furniture,19,337.25,0,0,44,7,3,59,113,0
7145,2023-05-22,8,Business,184,Seasonal,13,201.63,0,0,9,15,1,3,28,1
7146,2023-02-17,2,Executive,316,Kirkland Signature,14,294.98,0,0,20,15,8,36,79,0
7147,2023-07-22,3,Executive,400,Grocery,20,715.4,1,0,16,3,7,32,58,0
7148,2023-10-14,9,Business,281,Kirkland Signature,2,48.26,1,0,2,2,1,16,21,1
7149,2023-01-08,5,Executive,349,Home,11,380.93,1,0,5,21,7,70,103,0
7150,2023-04-20,1,Executive,123,Clothing,7,111.72,0,0,44,15,10,32,101,0
7151,2023-07-10,9,Executive,456,Grocery,19,424.46,0,0,47,16,1,67,131,0
7152,2023-12-13,8,Business,274,Grocery,1,49.09,0,0,14,6,5,8,33,1
7153,2023-05-09,5,Business,489,Electronics,5,222.55,0,0,21,8,1,60,90,0
7154,2023-12-24,1,Gold Star,435,Electronics,11,199.21,1,1,38,14,10,45,107,0
7155,2023-03-20,10,Executive,443,Kirkland Signature,13,48.88,0,0,10,17,7,22,56,0
7156,2023-09-11,6,Executive,105,Furniture,1,10.9,0,0,48,22,5,72,147,0
7157,2023-08-05,3,Executive,19,Seasonal,5,187.9,1,0,44,24,8,39,115,0
7158,2023-06-17,10,Gold Star,243,Kirkland Signature,6,24.72,1,0,18,8,5,60,91,0
7159,2023-04-19,2,Business,205,Grocery,16,494.88,0,0,42,1,1,39,83,0
7160,2023-03-20,2,Business,206,Furniture,6,270.9,0,0,33,24,1,13,71,0
7161,2023-04-11,1,Executive,220,Grocery,2,7.82,0,0,44,3,11,15,73,0
7162,2023-10-17,4,Gold Star,487,Home,1,36.06,0,0,33,4,5,57,99,0
7163,2023-06-23,2,Executive,121,Electronics,13,537.16,0,0,40,21,2,72,135,0
7164,2023-01-19,2,Executive,332,Home,16,244.16,0,0,17,5,4,35,61,0
7165,2023-06-16,6,Gold Star,334,Clothing,18,489.42,0,0,11,9,2,50,72,0
7166,2023-09-20,2,Gold Star,445,Appliances,17,777.41,0,0,4,4,9,35,52,0
7167,2023-05-16,3,Executive,500,Seasonal,17,220.49,0,0,41,22,4,67,134,0
7168,2023-02-18,3,Gold Star,267,Seasonal,17,47.77,1,0,11,9,12,6,38,1
7169,2023-04-14,9,Gold Star,247,Seasonal,13,400.92,0,0,28,9,10,70,117,0
7170,2023-07-16,5,Executive,167,Seasonal,10,70.7,1,0,9,6,7,58,80,0
7171,2023-12-07,6,Executive,197,Grocery,8,380.8,0,0,37,5,2,6,50,0
7172,2023-03-20,3,Executive,454,Appliances,13,309.92,0,0,22,18,5,22,67,0
7173,2023-08-10,2,Executive,2,Appliances,4,102.6,0,0,30,11,7,3,51,0
7174,2023-12-22,9,Gold Star,136,Kirkland Signature,11,481.25,0,1,7,14,7,63,91,0
7175,2023-11-21,9,Executive,368,Grocery,4,66.2,0,0,22,18,4,34,78,0
7176,2023-07-04,9,Gold Star,59,Grocery,7,247.59,0,0,32,8,5,9,54,0
7177,2023-04-27,6,Gold Star,121,Electronics,6,247.92,0,0,47,21,5,40,113,0
7178,2023-09-29,3,Gold Star,247,Seasonal,16,493.44,0,0,25,23,7,58,113,0
7179,2023-04-25,5,Business,141,Home,16,461.6,0,0,39,9,11,41,100,0
7180,2023-04-07,4,Business,73,Home,17,584.97,0,0,45,15,4,16,80,0
7181,2023-02-24,1,Executive,405,Seasonal,11,167.31,0,0,44,13,1,11,69,0
7182,2023-12-17,6,Executive,275,Furniture,3,80.82,1,1,24,24,6,68,122,0
7183,2023-03-29,5,Executive,335,Home,5,101.65,0,0,10,15,10,29,64,0
7184,2023-09-14,9,Executive,38,Appliances,3,31.8,0,0,32,18,12,11,73,0
7185,2023-01-12,8,Business,476,Seasonal,12,393.84,0,0,10,2,12,31,55,0
7186,2023-11-02,5,Gold Star,273,Home,5,34.85,0,0,11,19,1,30,61,0
7187,2023-09-03,5,Executive,223,Electronics,14,103.18,1,0,42,21,7,45,115,0
7188,2023-10-14,1,Executive,239,Home,15,62.85,1,0,12,1,3,67,83,0
7189,2023-06-27,3,Executive,334,Clothing,6,163.14,0,0,28,15,9,70,122,0
7190,2023-11-16,8,Gold Star,288,Furniture,1,9.09,0,0,22,2,4,67,95,0
7191,2023-09-08,4,Gold Star,441,Home,10,49.6,0,0,11,3,7,57,78,0
7192,2023-03-26,1,Gold Star,228,Clothing,19,730.93,1,0,36,13,5,26,80,0
7193,2023-03-05,7,Business,265,Electronics,10,128.8,1,0,12,3,5,17,37,1
7194,2023-10-15,4,Business,20,Electronics,7,64.05,1,0,13,8,4,42,67,0
7195,2023-10-15,1,Executive,168,Kirkland Signature,7,275.66,1,0,11,19,1,10,41,1
7196,2023-08-28,10,Business,114,Appliances,19,886.35,0,0,15,22,4,13,54,0
7197,2023-12-20,3,Gold Star,313,Clothing,2,35.42,0,1,7,15,10,22,54,0
7198,2023-06-10,2,Gold Star,48,Seasonal,14,644.28,1,0,37,23,3,61,124,0
7199,2023-02-17,3,Business,474,Electronics,6,142.92,0,0,35,18,12,42,107,0
7200,2023-12-21,8,Business,108,Furniture,2,73.02,0,1,7,3,2,54,66,0
7201,2023-01-08,2,Executive,405,Seasonal,9,136.89,1,0,9,6,1,62,78,0
7202,2023-06-13,1,Gold Star,57,Seasonal,2,5.24,0,0,11,9,8,39,67,0
7203,2023-07-29,5,Gold Star,474,Electronics,18,428.76,1,0,31,7,2,11,51,0
7204,2023-03-13,10,Gold Star,344,Furniture,17,114.92,0,0,11,5,9,5,30,1
7205,2023-03-02,3,Gold Star,407,Seasonal,17,156.91,0,0,12,7,8,22,49,0
7206,2023-07-15,10,Executive,234,Electronics,13,554.19,1,0,26,20,10,11,67,0
7207,2023-11-24,9,Gold Star,412,Furniture,11,368.39,0,0,27,2,1,63,93,0
7208,2023-12-23,1,Business,236,Grocery,19,16.15,1,1,45,11,7,58,121,0
7209,2023-11-23,7,Gold Star,138,Furniture,3,70.89,0,0,1,16,5,53,75,0
7210,2023-06-06,4,Gold Star,39,Seasonal,17,820.42,0,0,7,5,5,15,32,1
7211,2023-03-16,7,Gold Star,343,Home,11,321.31,0,0,24,9,11,50,94,0
7212,2023-11-12,6,Business,22,Clothing,2,49.06,1,0,5,10,5,10,30,1
7213,2023-10-01,5,Gold Star,384,Appliances,16,169.76,1,0,1,15,5,70,91,0
7214,2023-04-29,1,Executive,200,Appliances,20,967.4,1,0,1,1,10,61,73,0
7215,2023-09-24,7,Business,422,Grocery,8,351.12,1,0,26,13,12,14,65,0
7216,2023-10-20,7,Gold Star,448,Home,14,292.32,0,0,17,19,5,38,79,0
7217,2023-10-22,6,Executive,388,Kirkland Signature,9,63.63,1,0,23,2,9,50,84,0
7218,2023-05-29,9,Gold Star,155,Appliances,4,72.24,0,0,45,4,5,12,66,0
7219,2023-05-14,8,Executive,103,Furniture,2,33.74,1,0,17,12,5,60,94,0
7220,2023-11-03,6,Gold Star,248,Seasonal,6,190.44,0,0,19,9,4,31,63,0
7221,2023-11-20,9,Executive,278,Home,20,848.6,0,0,11,7,8,53,79,0
7222,2023-05-01,2,Gold Star,29,Clothing,14,627.76,0,0,22,8,7,72,109,0
7223,2023-06-03,10,Executive,207,Home,10,89.8,1,0,9,10,12,40,71,0
7224,2023-03-31,1,Gold Star,441,Home,16,79.36,0,0,23,2,7,57,89,0
7225,2023-11-19,6,Business,410,Home,15,266.1,1,0,10,2,3,34,49,0
7226,2023-12-31,2,Executive,72,Grocery,7,268.45,1,0,46,6,10,10,72,0
7227,2023-05-23,9,Executive,355,Grocery,5,180.55,0,0,5,22,1,30,58,0
7228,2023-04-13,1,Business,162,Kirkland Signature,10,232.5,0,0,16,11,8,3,38,1
7229,2023-05-15,10,Executive,464,Clothing,1,35.3,0,0,11,9,12,18,50,0
7230,2023-06-24,2,Business,255,Seasonal,2,83.0,1,0,38,6,8,36,88,0
7231,2023-09-23,8,Business,434,Kirkland Signature,4,107.96,1,0,44,8,8,64,124,0
7232,2023-06-12,6,Executive,248,Seasonal,13,412.62,0,0,35,2,9,3,49,0
7233,2023-07-13,10,Gold Star,463,Clothing,4,76.6,0,0,16,7,6,6,35,1
7234,2023-07-11,3,Business,384,Appliances,4,42.44,0,0,48,19,9,1,77,0
7235,2023-12-03,8,Business,391,Seasonal,9,160.56,1,0,21,16,2,3,42,1
7236,2023-12-02,7,Gold Star,236,Grocery,19,16.15,1,0,22,15,7,20,64,0
7237,2023-12-24,2,Executive,242,Electronics,13,422.5,1,1,9,16,5,17,47,1
7238,2023-02-19,8,Executive,363,Grocery,13,48.1,1,0,15,23,9,63,110,0
7239,2023-09-28,7,Gold Star,453,Grocery,4,37.88,0,0,47,6,11,22,86,0
7240,2023-02-01,5,Gold Star,105,Furniture,15,163.5,0,0,6,23,12,3,44,1
7241,2023-09-06,1,Executive,18,Appliances,13,40.69,0,0,27,10,2,10,49,0
7242,2023-11-02,3,Business,354,Clothing,5,238.55,0,0,15,6,9,22,52,0
7243,2023-04-20,3,Business,151,Appliances,15,604.2,0,0,3,17,9,18,47,1
7244,2023-05-23,5,Executive,50,Electronics,17,571.37,0,0,23,8,10,15,56,0
7245,2023-08-16,1,Business,119,Electronics,1,20.39,0,0,22,9,10,65,106,0
7246,2023-04-19,5,Business,223,Electronics,13,95.81,0,0,12,12,4,45,73,0
7247,2023-03-24,1,Business,483,Appliances,6,45.42,0,0,26,6,1,52,85,0
7248,2023-04-17,9,Business,379,Clothing,4,77.72,0,0,41,21,1,33,96,0
7249,2023-07-26,8,Gold Star,13,Furniture,12,258.48,0,0,39,13,3,66,121,0
7250,2023-07-30,9,Executive,50,Electronics,9,302.49,1,0,32,19,11,31,93,0
7251,2023-05-10,5,Business,271,Appliances,7,248.78,0,0,21,13,2,8,44,1
7252,2023-10-17,5,Executive,413,Home,2,97.96,0,0,31,10,7,31,79,0
7253,2023-09-27,3,Gold Star,52,Electronics,1,47.59,0,0,27,22,1,33,83,0
7254,2023-02-08,3,Executive,452,Appliances,8,195.28,0,0,5,19,4,59,87,0
7255,2023-04-02,4,Business,40,Home,6,173.22,1,0,38,1,6,20,65,0
7256,2023-07-15,9,Executive,367,Electronics,14,376.74,1,0,20,11,11,7,49,0
7257,2023-09-18,8,Gold Star,141,Home,2,57.7,0,0,18,3,2,39,62,0
7258,2023-06-17,7,Business,399,Clothing,14,286.02,1,0,16,14,10,28,68,0
7259,2023-12-31,5,Gold Star,229,Seasonal,3,128.52,1,0,4,12,5,68,89,0
7260,2023-11-24,3,Gold Star,431,Appliances,8,26.8,0,0,4,8,8,41,61,0
7261,2023-06-08,7,Business,107,Seasonal,5,71.65,0,0,43,11,1,43,98,0
7262,2023-04-02,4,Business,296,Kirkland Signature,15,645.0,1,0,11,6,5,46,68,0
7263,2023-04-12,6,Gold Star,3,Seasonal,5,188.65,0,0,42,11,3,26,82,0
7264,2023-11-12,6,Business,421,Grocery,18,508.5,1,0,18,7,2,27,54,0
7265,2023-04-03,3,Business,73,Home,2,68.82,0,0,4,19,10,32,65,0
7266,2023-12-16,10,Business,207,Home,14,125.72,1,1,23,15,8,41,87,0
7267,2023-09-18,7,Executive,385,Furniture,16,10.72,0,0,4,18,12,51,85,0
7268,2023-02-10,10,Gold Star,212,Electronics,4,12.52,0,0,32,12,7,19,70,0
7269,2023-03-15,7,Gold Star,81,Electronics,10,349.6,0,0,33,7,12,59,111,0
7270,2023-04-03,9,Gold Star,441,Home,19,94.24,0,0,34,7,11,23,75,0
7271,2023-05-14,8,Business,111,Appliances,16,55.84,1,0,13,4,8,27,52,0
7272,2023-09-02,3,Executive,106,Furniture,7,100.03,1,0,23,2,5,54,84,0
7273,2023-09-09,5,Executive,9,Kirkland Signature,1,47.17,1,0,28,2,10,27,67,0
7274,2023-01-18,9,Executive,35,Clothing,3,85.26,0,0,5,24,11,17,57,0
7275,2023-01-26,7,Business,45,Clothing,18,102.96,0,0,16,15,2,25,58,0
7276,2023-04-15,8,Business,284,Furniture,15,96.45,1,0,24,6,5,70,105,0
7277,2023-05-14,7,Business,3,Seasonal,9,339.57,1,0,2,2,6,56,66,0
7278,2023-08-26,6,Executive,143,Home,11,422.84,1,0,3,21,9,32,65,0
7279,2023-11-02,6,Gold Star,255,Seasonal,18,747.0,0,0,7,7,2,20,36,1
7280,2023-04-13,10,Executive,495,Kirkland Signature,6,278.88,0,0,16,18,1,34,69,0
7281,2023-01-23,5,Executive,348,Home,3,130.05,0,0,33,1,6,24,64,0
7282,2023-11-08,7,Gold Star,75,Appliances,4,161.52,0,0,37,2,4,59,102,0
7283,2023-07-09,6,Gold Star,180,Clothing,12,179.76,1,0,27,9,11,29,76,0
7284,2023-05-14,2,Business,97,Appliances,11,542.52,1,0,35,3,2,47,87,0
7285,2023-11-04,9,Executive,117,Grocery,1,33.08,1,0,26,7,12,26,71,0
7286,2023-04-08,4,Business,315,Home,1,5.16,1,0,7,13,8,18,46,1
7287,2023-02-05,4,Gold Star,257,Grocery,6,228.66,1,0,9,19,6,1,35,1
7288,2023-01-11,10,Business,122,Kirkland Signature,9,328.32,0,0,10,2,11,68,91,0
7289,2023-11-12,1,Gold Star,385,Furniture,10,6.7,1,0,12,24,7,53,96,0
7290,2023-03-07,9,Business,257,Grocery,12,457.32,0,0,38,9,12,71,130,0
7291,2023-10-15,2,Business,190,Appliances,12,514.56,1,0,47,22,5,8,82,0
7292,2023-12-14,5,Executive,180,Clothing,19,284.62,0,0,31,5,8,4,48,1
7293,2023-11-17,5,Gold Star,310,Furniture,7,9.66,0,0,42,17,4,44,107,0
7294,2023-09-21,8,Business,369,Clothing,19,903.45,0,0,40,24,8,40,112,0
7295,2023-02-04,4,Business,456,Grocery,20,446.8,1,0,10,20,8,70,108,0
7296,2023-12-24,3,Business,372,Furniture,1,20.33,1,1,29,12,3,67,111,0
7297,2023-04-06,4,Executive,46,Electronics,20,230.6,0,0,28,24,11,60,123,0
7298,2023-07-04,2,Business,6,Appliances,3,83.1,0,0,33,10,12,25,80,0
7299,2023-10-29,5,Gold Star,268,Seasonal,14,312.2,1,0,15,9,2,40,66,0
7300,2023-06-13,4,Business,31,Seasonal,14,590.24,0,0,34,12,4,28,78,0
7301,2023-05-24,3,Gold Star,434,Kirkland Signature,1,26.99,0,0,21,7,1,60,89,0
7302,2023-06-20,9,Gold Star,105,Furniture,18,196.2,0,0,12,3,12,4,31,1
7303,2023-03-08,7,Executive,477,Clothing,1,41.3,0,0,9,4,2,69,84,0
7304,2023-06-19,10,Executive,329,Electronics,19,308.37,0,0,6,18,5,14,43,1
7305,2023-03-27,5,Business,136,Kirkland Signature,2,87.5,0,0,6,4,4,37,51,0
7306,2023-02-06,4,Business,73,Home,11,378.51,0,0,8,23,9,32,72,0
7307,2023-12-16,9,Executive,50,Electronics,8,268.88,1,1,15,17,12,52,96,0
7308,2023-06-11,6,Executive,428,Grocery,7,243.6,1,0,39,5,5,7,56,0
7309,2023-02-18,1,Gold Star,330,Furniture,16,302.24,1,0,16,3,10,47,76,0
7310,2023-09-24,9,Executive,484,Kirkland Signature,16,163.36,1,0,40,9,5,19,73,0
7311,2023-05-18,9,Executive,80,Appliances,8,313.68,0,0,13,7,1,60,81,0
7312,2023-05-24,6,Gold Star,104,Clothing,4,55.52,0,0,27,9,8,55,99,0
7313,2023-01-25,9,Business,356,Kirkland Signature,16,329.6,0,0,38,1,3,54,96,0
7314,2023-07-04,6,Business,193,Clothing,14,536.76,0,0,2,17,2,4,25,1
7315,2023-05-18,9,Gold Star,7,Grocery,15,201.75,0,0,14,11,11,38,74,0
7316,2023-06-25,8,Executive,187,Furniture,18,411.66,1,0,5,24,6,45,80,0
7317,2023-04-02,2,Executive,423,Seasonal,13,18.2,1,0,1,19,4,71,95,0
7318,2023-12-23,6,Gold Star,193,Clothing,13,498.42,1,1,5,21,1,59,86,0
7319,2023-09-09,9,Executive,176,Clothing,17,312.8,1,0,19,5,5,51,80,0
7320,2023-07-01,1,Business,273,Home,5,34.85,1,0,7,13,6,37,63,0
7321,2023-12-23,10,Executive,238,Kirkland Signature,6,67.26,1,1,41,7,5,23,76,0
7322,2023-03-04,5,Business,363,Grocery,8,29.6,1,0,34,20,7,17,78,0
7323,2023-06-22,8,Gold Star,201,Grocery,3,12.42,0,0,17,22,4,64,107,0
7324,2023-10-01,1,Executive,435,Electronics,9,162.99,1,0,41,2,4,34,81,0
7325,2023-09-29,3,Business,498,Kirkland Signature,16,730.08,0,0,12,18,5,11,46,1
7326,2023-02-04,5,Executive,468,Grocery,18,127.44,1,0,21,2,10,10,43,1
7327,2023-06-15,1,Executive,122,Kirkland Signature,3,109.44,0,0,31,15,4,6,56,0
7328,2023-05-28,9,Gold Star,482,Kirkland Signature,4,188.88,1,0,48,6,8,45,107,0
7329,2023-10-30,4,Executive,261,Seasonal,8,317.28,0,0,4,15,6,66,91,0
7330,2023-10-27,1,Gold Star,12,Kirkland Signature,6,94.92,0,0,19,4,5,37,65,0
7331,2023-12-09,2,Executive,106,Furniture,3,42.87,1,0,22,7,7,7,43,1
7332,2023-02-25,3,Executive,282,Seasonal,12,559.2,1,0,10,2,10,16,38,1
7333,2023-03-06,2,Business,398,Grocery,13,509.47,0,0,24,18,4,42,88,0
7334,2023-10-17,9,Gold Star,259,Furniture,19,717.63,0,0,28,1,3,67,99,0
7335,2023-10-22,4,Gold Star,327,Grocery,15,598.2,1,0,32,10,8,56,106,0
7336,2023-11-11,10,Business,365,Furniture,15,58.05,1,0,10,3,7,32,52,0
7337,2023-08-22,1,Gold Star,229,Seasonal,9,385.56,0,0,2,4,7,26,39,1
7338,2023-05-26,6,Gold Star,340,Furniture,14,337.4,0,0,37,13,5,42,97,0
7339,2023-03-19,6,Business,479,Appliances,18,408.6,1,0,17,8,12,35,72,0
7340,2023-10-20,1,Business,264,Appliances,4,174.16,0,0,22,15,4,14,55,0
7341,2023-11-06,9,Gold Star,246,Clothing,9,388.44,0,0,12,24,6,66,108,0
7342,2023-12-27,10,Gold Star,475,Kirkland Signature,14,201.18,0,0,11,19,2,56,88,0
7343,2023-06-27,9,Business,52,Electronics,20,951.8,0,0,11,12,1,68,92,0
7344,2023-08-01,6,Business,391,Seasonal,16,285.44,0,0,6,19,1,25,51,0
7345,2023-06-22,5,Executive,345,Kirkland Signature,3,4.2,0,0,44,14,2,7,67,0
7346,2023-11-18,10,Business,72,Grocery,2,76.7,1,0,37,17,11,22,87,0
7347,2023-01-08,8,Executive,44,Appliances,11,234.63,1,0,40,10,3,29,82,0
7348,2023-12-13,2,Gold Star,126,Furniture,12,392.52,0,0,2,2,8,3,15,1
7349,2023-09-07,10,Gold Star,458,Clothing,2,77.92,0,0,17,15,3,51,86,0
7350,2023-06-20,3,Executive,411,Kirkland Signature,9,310.32,0,0,33,4,1,54,92,0
7351,2023-09-06,9,Business,287,Grocery,10,240.3,0,0,31,12,7,46,96,0
7352,2023-06-07,8,Gold Star,23,Kirkland Signature,13,108.29,0,0,24,15,7,71,117,0
7353,2023-07-28,6,Executive,206,Furniture,1,45.15,0,0,22,2,1,7,32,1
7354,2023-03-28,1,Business,390,Seasonal,2,96.02,0,0,24,2,8,37,71,0
7355,2023-04-02,9,Gold Star,436,Seasonal,4,147.52,1,0,13,5,11,60,89,0
7356,2023-05-28,1,Business,52,Electronics,20,951.8,1,0,42,1,8,61,112,0
7357,2023-11-09,3,Business,91,Kirkland Signature,4,166.96,0,0,46,23,5,33,107,0
7358,2023-07-21,10,Executive,311,Kirkland Signature,12,11.52,0,0,12,4,6,10,32,1
7359,2023-10-05,5,Business,310,Furniture,2,2.76,0,0,9,8,7,66,90,0
7360,2023-07-27,8,Business,322,Furniture,17,446.93,0,0,22,13,12,57,104,0
7361,2023-10-23,8,Executive,189,Home,5,249.7,0,0,46,21,11,49,127,0
7362,2023-11-28,2,Business,266,Appliances,17,787.78,0,0,11,7,1,53,72,0
7363,2023-06-09,8,Gold Star,482,Kirkland Signature,18,849.96,0,0,33,18,10,49,110,0
7364,2023-01-20,9,Business,109,Grocery,3,103.77,0,0,26,21,3,45,95,0
7365,2023-12-26,6,Gold Star,93,Kirkland Signature,8,194.48,0,0,19,12,11,5,47,1
7366,2023-01-04,5,Executive,20,Electronics,9,82.35,0,0,38,22,11,33,104,0
7367,2023-08-21,3,Gold Star,247,Seasonal,9,277.56,0,0,46,4,10,30,90,0
7368,2023-07-30,4,Business,160,Kirkland Signature,5,216.6,1,0,12,24,6,22,64,0
7369,2023-11-10,3,Executive,435,Electronics,6,108.66,0,0,24,22,11,26,83,0
7370,2023-11-15,3,Gold Star,287,Grocery,3,72.09,0,0,22,20,6,65,113,0
7371,2023-01-24,9,Business,11,Clothing,12,81.12,0,0,28,10,7,13,58,0
7372,2023-12-31,2,Gold Star,86,Kirkland Signature,10,246.6,1,0,48,15,6,16,85,0
7373,2023-02-21,2,Gold Star,402,Furniture,16,20.96,0,0,46,21,5,58,130,0
7374,2023-11-10,3,Gold Star,185,Kirkland Signature,6,6.06,0,0,29,20,6,70,125,0
7375,2023-10-04,3,Gold Star,309,Seasonal,9,272.88,0,0,11,2,4,50,67,0
7376,2023-07-09,9,Gold Star,202,Furniture,1,22.63,1,0,12,16,12,55,95,0
7377,2023-08-16,2,Business,476,Seasonal,13,426.66,0,0,41,22,10,24,97,0
7378,2023-06-20,2,Executive,464,Clothing,6,211.8,0,0,10,14,11,6,41,1
7379,2023-07-25,6,Executive,375,Furniture,10,348.7,0,0,19,11,5,14,49,0
7380,2023-03-02,2,Executive,290,Furniture,15,15.15,0,0,17,9,6,57,89,0
7381,2023-10-17,10,Gold Star,118,Furniture,8,106.32,0,0,5,10,5,63,83,0
7382,2023-07-22,6,Business,106,Furniture,16,228.64,1,0,45,6,7,31,89,0
7383,2023-02-02,2,Executive,116,Electronics,2,82.38,0,0,10,22,6,35,73,0
7384,2023-06-23,10,Executive,79,Clothing,16,156.32,0,0,20,13,10,61,104,0
7385,2023-11-19,9,Business,124,Electronics,15,455.7,1,0,13,22,7,19,61,0
7386,2023-08-13,9,Business,28,Electronics,17,14.62,1,0,33,19,9,38,99,0
7387,2023-03-15,6,Gold Star,233,Clothing,13,208.39,0,0,5,9,4,13,31,1
7388,2023-08-18,3,Executive,360,Home,19,901.55,0,0,30,23,3,47,103,0
7389,2023-07-12,5,Gold Star,3,Seasonal,10,377.3,0,0,29,24,3,72,128,0
7390,2023-05-12,5,Executive,369,Clothing,16,760.8,0,0,14,6,5,21,46,1
7391,2023-04-12,2,Business,1,Clothing,4,50.52,0,0,30,14,8,58,110,0
7392,2023-01-12,7,Business,252,Clothing,18,423.36,0,0,43,18,2,69,132,0
7393,2023-08-28,3,Business,486,Clothing,20,702.4,0,0,28,20,9,33,90,0
7394,2023-01-18,8,Gold Star,317,Kirkland Signature,13,477.88,0,0,14,21,11,60,106,0
7395,2023-12-26,4,Business,304,Furniture,8,254.72,0,0,30,9,1,37,77,0
7396,2023-02-21,6,Executive,387,Grocery,2,10.58,0,0,14,18,3,62,97,0
7397,2023-06-27,8,Gold Star,342,Grocery,9,273.69,0,0,27,18,11,61,117,0
7398,2023-06-22,2,Executive,88,Grocery,10,57.2,0,0,22,23,10,6,61,0
7399,2023-06-26,6,Gold Star,457,Clothing,4,189.92,0,0,42,8,2,42,94,0
7400,2023-03-21,3,Executive,104,Clothing,17,235.96,0,0,18,4,4,7,33,1
7401,2023-01-22,9,Business,439,Grocery,10,414.0,1,0,5,5,2,5,17,1
7402,2023-05-21,6,Executive,112,Clothing,19,846.83,1,0,32,12,8,12,64,0
7403,2023-04-20,3,Executive,159,Home,3,120.9,0,0,13,22,10,26,71,0
7404,2023-09-20,2,Business,217,Furniture,5,87.6,0,0,45,21,7,65,138,0
7405,2023-06-29,6,Gold Star,166,Appliances,17,701.42,0,0,37,18,11,18,84,0
7406,2023-03-26,9,Executive,244,Electronics,2,69.62,1,0,42,16,11,65,134,0
7407,2023-05-19,9,Business,324,Seasonal,8,149.76,0,0,19,11,8,38,76,0
7408,2023-01-19,5,Business,359,Home,17,110.16,0,0,38,24,8,69,139,0
7409,2023-09-28,8,Gold Star,247,Seasonal,16,493.44,0,0,42,18,7,67,134,0
7410,2023-01-16,1,Business,65,Seasonal,5,59.6,0,0,39,7,8,68,122,0
7411,2023-05-04,8,Business,1,Clothing,13,164.19,0,0,44,15,9,45,113,0
7412,2023-11-17,4,Gold Star,17,Kirkland Signature,5,202.9,0,0,2,19,1,45,67,0
7413,2023-12-26,4,Business,22,Clothing,6,147.18,0,0,40,11,3,38,92,0
7414,2023-10-17,4,Business,396,Electronics,19,887.87,0,0,18,3,8,49,78,0
7415,2023-04-05,9,Gold Star,362,Clothing,13,429.65,0,0,2,1,3,25,31,1
7416,2023-04-09,4,Executive,294,Grocery,17,801.21,1,0,45,20,1,46,112,0
7417,2023-12-04,2,Business,329,Electronics,18,292.14,0,0,13,4,3,35,55,0
7418,2023-04-17,10,Gold Star,323,Electronics,2,85.54,0,0,38,8,2,3,51,0
7419,2023-11-12,8,Business,4,Furniture,19,210.71,1,0,27,9,10,47,93,0
7420,2023-08-22,7,Gold Star,19,Seasonal,12,450.96,0,0,12,5,4,17,38,1
7421,2023-10-23,6,Business,205,Grocery,17,525.81,0,0,10,20,11,39,80,0
7422,2023-10-03,8,Executive,232,Furniture,12,240.6,0,0,33,17,10,43,103,0
7423,2023-11-23,5,Business,476,Seasonal,12,393.84,0,0,34,12,4,1,51,0
7424,2023-10-25,1,Executive,285,Appliances,2,46.02,0,0,20,22,6,8,56,0
7425,2023-09-14,3,Executive,59,Grocery,20,707.4,0,0,25,17,1,32,75,0
7426,2023-06-21,9,Gold Star,454,Appliances,1,23.84,0,0,5,5,9,24,43,1
7427,2023-01-17,9,Business,358,Electronics,17,425.51,0,0,7,12,9,70,98,0
7428,2023-05-11,5,Executive,169,Furniture,8,220.56,0,0,16,16,2,46,80,0
7429,2023-02-13,5,Gold Star,372,Furniture,7,142.31,0,0,33,3,12,1,49,0
7430,2023-02-12,2,Gold Star,462,Kirkland Signature,9,283.23,1,0,2,15,8,10,35,1
7431,2023-06-13,8,Gold Star,192,Furniture,11,459.36,0,0,8,18,12,11,49,0
7432,2023-04-07,8,Executive,259,Furniture,1,37.77,0,0,42,22,5,11,80,0
7433,2023-03-24,9,Executive,439,Grocery,6,248.4,0,0,34,24,2,11,71,0
7434,2023-10-21,3,Executive,100,Electronics,1,27.86,1,0,23,15,7,5,50,0
7435,2023-05-23,7,Business,303,Electronics,14,286.86,0,0,44,8,6,3,61,0
7436,2023-03-09,6,Executive,18,Appliances,2,6.26,0,0,46,20,1,23,90,0
7437,2023-11-28,8,Business,346,Clothing,15,83.25,0,0,4,23,11,56,94,0
7438,2023-05-15,10,Executive,149,Kirkland Signature,3,49.59,0,0,33,10,10,2,55,0
7439,2023-01-22,1,Business,430,Kirkland Signature,6,243.84,1,0,10,7,8,22,47,1
7440,2023-12-24,2,Business,221,Clothing,2,78.3,1,1,17,9,5,46,77,0
7441,2023-04-07,1,Executive,245,Appliances,13,567.45,0,0,19,3,6,40,68,0
7442,2023-07-29,2,Gold Star,151,Appliances,13,523.64,1,0,47,8,12,55,122,0
7443,2023-12-09,1,Business,19,Seasonal,17,638.86,1,0,9,24,1,42,76,0
7444,2023-07-28,10,Business,306,Home,2,22.52,0,0,31,10,9,49,99,0
7445,2023-09-13,3,Executive,456,Grocery,8,178.72,0,0,18,21,8,4,51,0
7446,2023-08-30,2,Business,450,Electronics,15,134.4,0,0,31,23,2,35,91,0
7447,2023-01-31,3,Business,271,Appliances,20,710.8,0,0,41,11,2,70,124,0
7448,2023-06-19,5,Business,400,Grocery,9,321.93,0,0,39,6,3,46,94,0
7449,2023-11-03,4,Executive,68,Kirkland Signature,19,685.33,0,0,9,9,7,17,42,1
7450,2023-01-14,4,Gold Star,347,Clothing,5,181.35,1,0,48,16,11,28,103,0
7451,2023-12-22,7,Executive,172,Home,16,110.72,0,1,30,15,10,54,109,0
7452,2023-10-20,9,Executive,107,Seasonal,16,229.28,0,0,38,24,3,4,69,0
7453,2023-12-26,3,Business,10,Furniture,18,309.42,0,0,6,9,6,36,57,0
7454,2023-12-28,1,Business,161,Grocery,19,836.19,0,0,10,4,5,26,45,1
7455,2023-01-27,8,Business,207,Home,11,98.78,0,0,37,6,3,15,61,0
7456,2023-10-27,6,Executive,398,Grocery,1,39.19,0,0,3,1,8,57,69,0
7457,2023-02-25,8,Gold Star,415,Electronics,8,264.32,1,0,1,14,9,27,51,0
7458,2023-02-10,3,Executive,139,Electronics,6,275.1,0,0,25,22,11,17,75,0
7459,2023-11-21,3,Executive,121,Electronics,17,702.44,0,0,15,20,12,38,85,0
7460,2023-10-31,10,Executive,31,Seasonal,15,632.4,0,0,4,12,7,53,76,0
7461,2023-07-15,9,Gold Star,380,Seasonal,19,418.76,1,0,9,14,6,31,60,0
7462,2023-12-29,1,Business,186,Electronics,9,368.37,0,0,43,15,2,69,129,0
7463,2023-06-10,6,Executive,338,Seasonal,16,738.24,1,0,31,8,6,43,88,0
7464,2023-02-09,4,Gold Star,30,Electronics,19,186.58,0,0,20,11,1,68,100,0
7465,2023-08-15,6,Business,83,Kirkland Signature,16,784.16,0,0,28,7,4,53,92,0
7466,2023-10-16,1,Business,82,Home,1,6.86,0,0,27,17,1,13,58,0
7467,2023-09-14,3,Business,465,Seasonal,19,186.39,0,0,48,4,1,61,114,0
7468,2023-03-03,8,Executive,428,Grocery,3,104.4,0,0,29,12,8,19,68,0
7469,2023-03-05,9,Executive,14,Home,3,99.6,1,0,17,23,8,57,105,0
7470,2023-03-15,1,Gold Star,39,Seasonal,7,337.82,0,0,33,19,6,36,94,0
7471,2023-01-17,3,Gold Star,279,Kirkland Signature,19,618.07,0,0,39,23,11,52,125,0
7472,2023-06-13,5,Gold Star,276,Kirkland Signature,15,386.1,0,0,17,4,11,71,103,0
7473,2023-09-09,9,Business,438,Electronics,14,661.08,1,0,1,17,10,47,75,0
7474,2023-01-31,2,Gold Star,434,Kirkland Signature,2,53.98,0,0,22,2,12,29,65,0
7475,2023-09-25,5,Business,67,Clothing,12,172.44,0,0,39,20,4,48,111,0
7476,2023-06-04,8,Gold Star,495,Kirkland Signature,10,464.8,1,0,7,15,3,29,54,0
7477,2023-12-03,4,Business,146,Seasonal,1,35.33,1,0,45,10,5,48,108,0
7478,2023-03-21,10,Executive,188,Electronics,20,746.6,0,0,36,9,3,2,50,0
7479,2023-03-15,10,Executive,222,Kirkland Signature,1,21.21,0,0,9,8,10,50,77,0
7480,2023-11-01,7,Gold Star,472,Clothing,13,573.56,0,0,20,19,8,20,67,0
7481,2023-12-11,8,Business,394,Clothing,13,581.62,0,0,31,3,5,44,83,0
7482,2023-01-29,9,Executive,189,Home,12,599.28,1,0,13,15,9,23,60,0
7483,2023-03-02,6,Executive,150,Appliances,5,18.3,0,0,18,15,12,9,54,0
7484,2023-03-26,6,Business,220,Grocery,5,19.55,1,0,26,5,8,37,76,0
7485,2023-03-18,1,Executive,301,Kirkland Signature,12,599.4,1,0,23,13,11,40,87,0
7486,2023-09-12,6,Gold Star,434,Kirkland Signature,1,26.99,0,0,13,8,7,59,87,0
7487,2023-12-24,5,Executive,335,Home,2,40.66,1,1,19,21,2,24,66,0
7488,2023-11-18,1,Executive,131,Furniture,4,106.8,1,0,37,22,3,31,93,0
7489,2023-12-06,10,Executive,447,Clothing,12,471.96,0,0,36,8,10,53,107,0
7490,2023-06-07,4,Gold Star,16,Kirkland Signature,16,724.48,0,0,32,3,5,47,87,0
7491,2023-03-17,9,Gold Star,79,Clothing,18,175.86,0,0,43,21,5,55,124,0
7492,2023-06-28,10,Executive,232,Furniture,16,320.8,0,0,20,3,4,63,90,0
7493,2023-06-04,6,Business,282,Seasonal,16,745.6,1,0,14,18,7,50,89,0
7494,2023-07-30,7,Executive,51,Kirkland Signature,14,664.58,1,0,23,10,4,51,88,0
7495,2023-08-27,7,Business,219,Home,14,29.4,1,0,2,14,1,59,76,0
7496,2023-04-12,3,Gold Star,163,Kirkland Signature,11,12.76,0,0,3,12,9,32,56,0
7497,2023-05-15,8,Business,474,Electronics,15,357.3,0,0,1,1,9,9,20,1
7498,2023-11-01,10,Executive,193,Clothing,14,536.76,0,0,35,4,7,19,65,0
7499,2023-06-03,2,Business,359,Home,14,90.72,1,0,36,12,5,63,116,0
7500,2023-04-02,6,Executive,495,Kirkland Signature,10,464.8,1,0,13,23,8,5,49,0
7501,2023-08-24,9,Business,490,Furniture,9,310.14,0,0,8,7,2,62,79,0
7502,2023-07-23,9,Business,374,Kirkland Signature,15,396.6,1,0,28,11,6,16,61,0
7503,2023-07-03,7,Business,336,Electronics,16,724.32,0,0,12,7,7,70,96,0
7504,2023-02-19,8,Gold Star,100,Electronics,18,501.48,1,0,10,16,8,6,40,1
7505,2023-09-25,5,Executive,81,Electronics,3,104.88,0,0,23,6,1,19,49,0
7506,2023-06-08,7,Executive,415,Electronics,19,627.76,0,0,25,16,4,65,110,0
7507,2023-08-06,2,Executive,350,Seasonal,5,61.9,1,0,22,2,10,55,89,0
7508,2023-09-06,1,Business,146,Seasonal,8,282.64,0,0,10,8,2,4,24,1
7509,2023-01-01,6,Business,19,Seasonal,7,263.06,1,0,24,13,12,5,54,0
7510,2023-09-18,1,Business,249,Furniture,4,51.6,0,0,7,23,5,22,57,0
7511,2023-12-27,6,Executive,198,Home,11,301.07,0,0,12,19,11,54,96,0
7512,2023-05-25,1,Business,29,Clothing,15,672.6,0,0,5,1,2,25,33,1
7513,2023-07-30,10,Gold Star,287,Grocery,12,288.36,1,0,9,15,12,60,96,0
7514,2023-07-08,10,Business,363,Grocery,10,37.0,1,0,3,20,10,55,88,0
7515,2023-08-19,2,Business,151,Appliances,9,362.52,1,0,34,3,1,71,109,0
7516,2023-08-04,3,Gold Star,319,Seasonal,8,212.64,0,0,27,21,10,57,115,0
7517,2023-04-29,10,Executive,282,Seasonal,17,792.2,1,0,33,2,4,19,58,0
7518,2023-12-29,9,Executive,47,Home,19,419.9,0,0,29,13,10,40,92,0
7519,2023-12-08,9,Business,309,Seasonal,19,576.08,0,0,46,16,6,49,117,0
7520,2023-02-05,1,Business,346,Clothing,2,11.1,1,0,11,22,12,61,106,0
7521,2023-08-12,5,Executive,249,Furniture,5,64.5,1,0,4,3,12,1,20,1
7522,2023-09-29,9,Executive,219,Home,14,29.4,0,0,10,16,9,47,82,0
7523,2023-05-14,2,Business,455,Grocery,20,667.4,1,0,14,15,11,33,73,0
7524,2023-08-25,4,Business,94,Furniture,10,171.3,0,0,41,23,5,1,70,0
7525,2023-07-08,7,Business,449,Appliances,17,557.94,1,0,42,15,6,15,78,0
7526,2023-09-15,5,Executive,459,Appliances,12,115.2,0,0,2,5,10,55,72,0
7527,2023-10-16,1,Executive,397,Home,16,148.16,0,0,45,14,10,14,83,0
7528,2023-04-19,3,Executive,11,Clothing,11,74.36,0,0,8,20,4,36,68,0
7529,2023-05-22,8,Executive,299,Home,9,370.35,0,0,48,19,5,18,90,0
7530,2023-06-06,2,Gold Star,323,Electronics,7,299.39,0,0,46,23,2,24,95,0
7531,2023-05-31,3,Executive,268,Seasonal,18,401.4,0,0,31,4,1,33,69,0
7532,2023-07-13,10,Gold Star,393,Clothing,11,223.41,0,0,30,9,6,39,84,0
7533,2023-07-16,9,Gold Star,421,Grocery,20,565.0,1,0,7,15,7,42,71,0
7534,2023-03-06,9,Gold Star,456,Grocery,10,223.4,0,0,46,17,8,7,78,0
7535,2023-01-12,7,Gold Star,65,Seasonal,14,166.88,0,0,47,22,11,4,84,0
7536,2023-02-08,9,Executive,27,Kirkland Signature,19,857.09,0,0,39,21,1,23,84,0
7537,2023-05-28,10,Business,20,Electronics,8,73.2,1,0,29,6,10,8,53,0
7538,2023-06-10,7,Gold Star,272,Grocery,4,99.96,1,0,47,14,2,38,101,0
7539,2023-07-24,6,Gold Star,196,Seasonal,2,77.84,0,0,30,16,6,29,81,0
7540,2023-09-04,4,Executive,90,Seasonal,10,325.1,0,0,18,11,2,67,98,0
7541,2023-07-22,8,Gold Star,200,Appliances,18,870.66,1,0,14,12,7,29,62,0
7542,2023-02-15,10,Executive,448,Home,18,375.84,0,0,9,15,7,58,89,0
7543,2023-01-20,1,Business,239,Home,18,75.42,0,0,27,7,4,56,94,0
7544,2023-07-31,5,Executive,139,Electronics,3,137.55,0,0,14,6,9,62,91,0
7545,2023-08-02,3,Business,350,Seasonal,17,210.46,0,0,38,10,8,27,83,0
7546,2023-10-29,4,Business,235,Clothing,17,410.38,1,0,40,8,8,47,103,0
7547,2023-06-28,7,Business,168,Kirkland Signature,3,118.14,0,0,24,5,8,54,91,0
7548,2023-09-03,10,Business,54,Appliances,17,285.26,1,0,25,19,2,50,96,0
7549,2023-09-24,10,Executive,271,Appliances,1,35.54,1,0,8,8,12,59,87,0
7550,2023-07-30,1,Business,103,Furniture,14,236.18,1,0,33,10,1,37,81,0
7551,2023-07-12,6,Executive,39,Seasonal,20,965.2,0,0,10,6,6,39,61,0
7552,2023-05-08,4,Executive,49,Appliances,2,52.54,0,0,7,6,3,19,35,1
7553,2023-10-11,7,Executive,106,Furniture,7,100.03,0,0,30,16,8,54,108,0
7554,2023-12-22,8,Executive,189,Home,1,49.94,0,1,10,20,3,52,85,0
7555,2023-12-02,1,Executive,214,Clothing,19,837.14,1,0,19,15,4,28,66,0
7556,2023-11-06,6,Gold Star,326,Seasonal,10,237.4,0,0,31,11,11,53,106,0
7557,2023-09-28,4,Executive,346,Clothing,11,61.05,0,0,34,12,9,29,84,0
7558,2023-07-27,2,Business,190,Appliances,3,128.64,0,0,4,21,12,63,100,0
7559,2023-04-27,9,Executive,222,Kirkland Signature,9,190.89,0,0,24,2,11,59,96,0
7560,2023-05-03,3,Gold Star,487,Home,17,613.02,0,0,11,13,1,61,86,0
7561,2023-04-22,6,Gold Star,35,Clothing,17,483.14,1,0,46,8,1,52,107,0
7562,2023-01-24,10,Gold Star,63,Electronics,6,194.1,0,0,13,21,7,11,52,0
7563,2023-08-27,8,Executive,105,Furniture,9,98.1,1,0,27,8,6,32,73,0
7564,2023-08-06,5,Gold Star,47,Home,16,353.6,1,0,45,1,1,44,91,0
7565,2023-05-26,4,Gold Star,243,Kirkland Signature,6,24.72,0,0,10,3,9,26,48,1
7566,2023-06-28,1,Business,493,Clothing,7,155.19,0,0,35,18,2,1,56,0
7567,2023-12-16,1,Business,191,Furniture,15,254.4,1,1,6,18,4,49,77,0
7568,2023-03-12,7,Business,84,Furniture,10,205.4,1,0,30,22,2,7,61,0
7569,2023-08-23,8,Business,459,Appliances,3,28.8,0,0,41,3,11,69,124,0
7570,2023-05-25,7,Gold Star,224,Electronics,14,475.44,0,0,21,23,2,54,100,0
7571,2023-04-18,6,Gold Star,237,Grocery,10,283.4,0,0,6,7,12,15,40,1
7572,2023-08-28,1,Gold Star,462,Kirkland Signature,14,440.58,0,0,47,15,9,68,139,0
7573,2023-07-27,5,Business,257,Grocery,13,495.43,0,0,8,6,7,17,38,1
7574,2023-01-21,8,Executive,480,Grocery,18,255.24,1,0,18,15,3,49,85,0
7575,2023-02-23,3,Business,83,Kirkland Signature,13,637.13,0,0,40,14,1,2,57,0
7576,2023-02-24,5,Gold Star,483,Appliances,13,98.41,0,0,8,15,5,8,36,1
7577,2023-07-15,7,Executive,227,Clothing,1,32.48,1,0,14,7,10,37,68,0
7578,2023-09-13,4,Business,258,Furniture,11,297.0,0,0,16,24,1,53,94,0
7579,2023-10-21,4,Executive,230,Appliances,4,93.04,1,0,7,5,11,27,50,0
7580,2023-12-10,4,Business,321,Appliances,7,151.97,1,0,16,13,3,18,50,0
7581,2023-12-23,8,Executive,163,Kirkland Signature,12,13.92,1,1,9,22,1,38,70,0
7582,2023-10-09,4,Gold Star,31,Seasonal,13,548.08,0,0,17,17,8,35,77,0
7583,2023-02-19,8,Business,381,Grocery,11,420.31,1,0,4,18,1,59,82,0
7584,2023-04-11,7,Business,359,Home,18,116.64,0,0,47,3,9,68,127,0
7585,2023-01-21,9,Business,389,Clothing,15,511.5,1,0,44,20,10,70,144,0
7586,2023-11-15,5,Executive,203,Appliances,20,405.2,0,0,7,21,8,43,79,0
7587,2023-06-27,5,Business,234,Electronics,13,554.19,0,0,32,20,6,51,109,0
7588,2023-08-29,5,Executive,66,Kirkland Signature,6,27.48,0,0,31,2,9,50,92,0
7589,2023-04-14,5,Business,217,Furniture,14,245.28,0,0,4,1,4,46,55,0
7590,2023-02-16,3,Executive,51,Kirkland Signature,6,284.82,0,0,2,15,9,52,78,0
7591,2023-12-15,3,Gold Star,499,Clothing,20,370.2,0,1,48,10,11,41,110,0
7592,2023-01-26,1,Business,297,Grocery,9,144.0,0,0,24,14,5,27,70,0
7593,2023-11-07,2,Executive,95,Home,11,359.7,0,0,1,17,9,28,55,0
7594,2023-10-08,5,Executive,15,Seasonal,7,346.08,1,0,34,4,8,48,94,0
7595,2023-08-22,8,Executive,245,Appliances,18,785.7,0,0,9,6,4,28,47,1
7596,2023-12-09,6,Business,244,Electronics,2,69.62,1,0,17,12,4,57,90,0
7597,2023-09-28,3,Gold Star,241,Electronics,9,244.08,0,0,42,19,4,28,93,0
7598,2023-07-26,10,Business,340,Furniture,3,72.3,0,0,36,21,11,35,103,0
7599,2023-03-19,5,Business,97,Appliances,13,641.16,1,0,26,5,8,29,68,0
7600,2023-03-25,9,Executive,177,Grocery,16,615.2,1,0,33,8,12,55,108,0
7601,2023-12-12,3,Business,152,Grocery,20,31.0,0,0,12,9,2,16,39,1
7602,2023-12-09,1,Business,311,Kirkland Signature,2,1.92,1,0,39,22,8,42,111,0
7603,2023-12-17,5,Business,91,Kirkland Signature,18,751.32,1,1,6,24,11,22,63,0
7604,2023-01-17,3,Executive,396,Electronics,20,934.6,0,0,5,18,12,29,64,0
7605,2023-02-02,2,Executive,500,Seasonal,9,116.73,0,0,22,19,6,14,61,0
7606,2023-03-01,9,Gold Star,9,Kirkland Signature,7,330.19,0,0,22,22,8,66,118,0
7607,2023-06-16,5,Business,126,Furniture,12,392.52,0,0,42,24,4,11,81,0
7608,2023-03-25,4,Business,306,Home,15,168.9,1,0,38,5,10,13,66,0
7609,2023-11-12,3,Executive,451,Appliances,6,69.6,1,0,28,16,1,66,111,0
7610,2023-07-20,2,Business,267,Seasonal,19,53.39,0,0,4,15,7,4,30,1
7611,2023-04-25,2,Business,411,Kirkland Signature,2,68.96,0,0,39,4,4,37,84,0
7612,2023-03-08,10,Executive,435,Electronics,3,54.33,0,0,11,24,12,21,68,0
7613,2023-03-24,9,Executive,372,Furniture,20,406.6,0,0,1,4,5,53,63,0
7614,2023-09-22,2,Business,454,Appliances,18,429.12,0,0,6,1,6,20,33,1
7615,2023-08-04,7,Gold Star,347,Clothing,2,72.54,0,0,13,1,6,44,64,0
7616,2023-07-22,3,Business,179,Clothing,18,240.12,1,0,17,8,1,56,82,0
7617,2023-03-20,3,Executive,165,Appliances,2,95.06,0,0,37,3,8,10,58,0
7618,2023-05-13,7,Executive,185,Kirkland Signature,9,9.09,1,0,45,6,5,30,86,0
7619,2023-08-11,10,Gold Star,337,Seasonal,9,9.63,0,0,48,22,3,63,136,0
7620,2023-12-23,9,Executive,125,Home,15,569.25,1,1,41,11,6,38,96,0
7621,2023-06-05,3,Business,429,Furniture,11,188.43,0,0,39,9,8,15,71,0
7622,2023-05-12,9,Executive,481,Clothing,10,184.8,0,0,2,20,10,20,52,0
7623,2023-02-05,3,Executive,486,Clothing,20,702.4,1,0,16,5,10,72,103,0
7624,2023-04-11,3,Business,153,Home,9,260.82,0,0,9,16,9,28,62,0
7625,2023-05-10,9,Business,244,Electronics,5,174.05,0,0,11,18,1,46,76,0
7626,2023-04-16,3,Executive,127,Clothing,10,327.7,1,0,24,18,5,63,110,0
7627,2023-11-19,7,Executive,322,Furniture,16,420.64,1,0,19,18,10,38,85,0
7628,2023-04-17,7,Business,377,Grocery,5,17.8,0,0,2,4,11,67,84,0
7629,2023-01-15,5,Executive,132,Appliances,15,31.35,1,0,11,17,5,3,36,1
7630,2023-01-17,10,Executive,492,Electronics,11,345.62,0,0,5,20,11,59,95,0
7631,2023-09-22,10,Business,71,Seasonal,12,290.04,0,0,15,20,8,24,67,0
7632,2023-02-02,1,Gold Star,98,Home,20,851.0,0,0,21,10,4,50,85,0
7633,2023-01-18,8,Gold Star,188,Electronics,6,223.98,0,0,30,14,1,59,104,0
7634,2023-03-18,10,Executive,169,Furniture,20,551.4,1,0,21,18,11,38,88,0
7635,2023-09-28,5,Executive,50,Electronics,3,100.83,0,0,13,5,12,15,45,1
7636,2023-03-16,3,Business,119,Electronics,18,367.02,0,0,26,4,10,33,73,0
7637,2023-12-12,5,Business,335,Home,14,284.62,0,0,2,9,12,35,58,0
7638,2023-11-17,4,Business,266,Appliances,1,46.34,0,0,48,8,9,14,79,0
7639,2023-11-16,7,Business,246,Clothing,3,129.48,0,0,28,5,11,58,102,0
7640,2023-04-27,3,Gold Star,208,Seasonal,10,158.8,0,0,42,2,8,63,115,0
7641,2023-03-25,7,Business,354,Clothing,1,47.71,1,0,42,24,11,49,126,0
7642,2023-04-21,10,Gold Star,401,Kirkland Signature,3,115.53,0,0,8,19,5,60,92,0
7643,2023-07-29,4,Business,118,Furniture,13,172.77,1,0,24,11,6,68,109,0
7644,2023-02-05,4,Business,110,Kirkland Signature,19,575.51,1,0,13,10,8,23,54,0
7645,2023-04-27,2,Executive,249,Furniture,20,258.0,0,0,44,7,6,51,108,0
7646,2023-08-18,2,Business,34,Home,19,124.07,0,0,38,12,6,63,119,0
7647,2023-02-01,6,Gold Star,40,Home,16,461.92,0,0,28,23,7,2,60,0
7648,2023-02-04,5,Business,363,Grocery,20,74.0,1,0,14,16,5,32,67,0
7649,2023-11-24,5,Executive,3,Seasonal,1,37.73,0,0,29,18,3,11,61,0
7650,2023-11-25,5,Gold Star,283,Home,2,89.72,1,0,9,10,1,41,61,0
7651,2023-11-01,3,Gold Star,286,Electronics,5,194.95,0,0,44,15,5,60,124,0
7652,2023-01-05,6,Executive,279,Kirkland Signature,18,585.54,0,0,39,13,4,66,122,0
7653,2023-07-07,4,Executive,254,Seasonal,17,102.34,0,0,11,5,3,10,29,1
7654,2023-12-10,6,Executive,328,Clothing,17,807.67,1,0,44,23,7,41,115,0
7655,2023-06-05,6,Business,447,Clothing,3,117.99,0,0,37,24,8,12,81,0
7656,2023-05-12,1,Gold Star,42,Home,7,126.0,0,0,23,3,7,9,42,1
7657,2023-08-12,7,Business,369,Clothing,1,47.55,1,0,15,15,8,60,98,0
7658,2023-02-04,2,Business,185,Kirkland Signature,19,19.19,1,0,42,21,2,56,121,0
7659,2023-09-10,10,Executive,234,Electronics,18,767.34,1,0,11,9,2,12,34,1
7660,2023-01-28,5,Executive,335,Home,2,40.66,1,0,26,18,7,35,86,0
7661,2023-02-01,5,Executive,317,Kirkland Signature,11,404.36,0,0,21,20,10,37,88,0
7662,2023-09-27,9,Executive,354,Clothing,17,811.07,0,0,12,20,12,27,71,0
7663,2023-09-09,6,Executive,491,Appliances,6,80.16,1,0,7,20,9,39,75,0
7664,2023-12-09,9,Gold Star,491,Appliances,12,160.32,1,0,46,12,6,57,121,0
7665,2023-04-16,8,Gold Star,468,Grocery,12,84.96,1,0,2,1,11,1,15,1
7666,2023-08-15,7,Gold Star,413,Home,10,489.8,0,0,33,13,11,22,79,0
7667,2023-12-26,10,Executive,309,Seasonal,13,394.16,0,0,33,23,4,34,94,0
7668,2023-09-30,4,Business,160,Kirkland Signature,2,86.64,1,0,23,7,7,62,99,0
7669,2023-09-27,2,Business,177,Grocery,18,692.1,0,0,42,7,10,14,73,0
7670,2023-06-30,9,Gold Star,462,Kirkland Signature,13,409.11,0,0,4,6,5,57,72,0
7671,2023-04-16,3,Executive,288,Furniture,13,118.17,1,0,39,8,12,38,97,0
7672,2023-10-21,7,Business,252,Clothing,6,141.12,1,0,8,24,9,36,77,0
7673,2023-09-22,3,Executive,123,Clothing,3,47.88,0,0,18,14,12,24,68,0
7674,2023-08-02,9,Gold Star,439,Grocery,14,579.6,0,0,11,5,7,20,43,1
7675,2023-10-18,5,Business,292,Electronics,11,63.25,0,0,32,24,10,68,134,0
7676,2023-04-22,7,Business,166,Appliances,7,288.82,1,0,19,7,12,15,53,0
7677,2023-06-22,6,Gold Star,423,Seasonal,10,14.0,0,0,31,10,12,11,64,0
7678,2023-09-29,7,Executive,350,Seasonal,7,86.66,0,0,45,1,12,25,83,0
7679,2023-01-13,7,Gold Star,497,Grocery,7,94.29,0,0,29,23,2,72,126,0
7680,2023-04-04,5,Business,452,Appliances,16,390.56,0,0,36,1,10,52,99,0
7681,2023-10-11,7,Business,448,Home,18,375.84,0,0,28,9,3,45,85,0
7682,2023-11-05,7,Business,237,Grocery,14,396.76,1,0,33,3,11,33,80,0
7683,2023-07-14,6,Business,169,Furniture,13,358.41,0,0,42,7,9,57,115,0
7684,2023-04-22,5,Business,94,Furniture,8,137.04,1,0,4,20,6,5,35,1
7685,2023-05-01,1,Business,493,Clothing,12,266.04,0,0,44,20,7,20,91,0
7686,2023-01-10,9,Business,127,Clothing,10,327.7,0,0,39,20,4,32,95,0
7687,2023-03-12,2,Executive,302,Seasonal,9,107.01,1,0,23,8,11,5,47,1
7688,2023-01-16,9,Business,250,Home,4,142.04,0,0,21,22,2,58,103,0
7689,2023-09-17,6,Business,199,Seasonal,3,127.62,1,0,3,8,5,21,37,1
7690,2023-03-26,5,Executive,323,Electronics,5,213.85,1,0,6,18,12,46,82,0
7691,2023-07-02,10,Executive,192,Furniture,18,751.68,1,0,47,18,1,51,117,0
7692,2023-09-12,2,Business,384,Appliances,4,42.44,0,0,47,8,2,72,129,0
7693,2023-04-09,10,Gold Star,325,Electronics,6,15.0,1,0,16,24,9,33,82,0
7694,2023-12-06,9,Business,382,Home,19,754.49,0,0,45,5,2,6,58,0
7695,2023-02-18,1,Executive,37,Electronics,3,22.98,1,0,18,12,6,63,99,0
7696,2023-10-06,3,Business,149,Kirkland Signature,11,181.83,0,0,27,24,1,46,98,0
7697,2023-10-19,1,Gold Star,114,Appliances,4,186.6,0,0,39,24,11,27,101,0
7698,2023-09-29,7,Executive,104,Clothing,7,97.16,0,0,27,18,6,25,76,0
7699,2023-02-18,7,Executive,35,Clothing,11,312.62,1,0,21,4,12,8,45,1
7700,2023-06-30,10,Business,435,Electronics,9,162.99,0,0,13,14,12,40,79,0
7701,2023-06-08,1,Gold Star,419,Clothing,9,226.26,0,0,11,6,7,33,57,0
7702,2023-05-23,2,Gold Star,190,Appliances,6,257.28,0,0,19,22,2,64,107,0
7703,2023-01-14,4,Gold Star,195,Furniture,16,754.56,1,0,7,13,12,70,102,0
7704,2023-11-19,4,Business,250,Home,2,71.02,1,0,5,21,1,56,83,0
7705,2023-11-08,8,Executive,259,Furniture,13,491.01,0,0,35,11,2,56,104,0
7706,2023-04-07,3,Gold Star,354,Clothing,6,286.26,0,0,39,3,8,69,119,0
7707,2023-11-16,8,Business,248,Seasonal,9,285.66,0,0,37,11,5,7,60,0
7708,2023-01-06,5,Gold Star,1,Clothing,19,239.97,0,0,34,1,1,28,64,0
7709,2023-12-20,6,Business,4,Furniture,12,133.08,0,1,17,24,3,21,65,0
7710,2023-12-31,3,Executive,104,Clothing,15,208.2,1,0,13,23,6,56,98,0
7711,2023-09-20,2,Business,392,Seasonal,12,79.08,0,0,12,22,1,38,73,0
7712,2023-11-12,10,Executive,324,Seasonal,6,112.32,1,0,27,22,7,17,73,0
7713,2023-11-20,6,Business,431,Appliances,9,30.15,0,0,27,16,6,55,104,0
7714,2023-04-01,6,Executive,467,Electronics,19,52.63,1,0,34,20,3,1,58,0
7715,2023-01-22,1,Business,59,Grocery,9,318.33,1,0,12,14,6,27,59,0
7716,2023-02-11,8,Gold Star,492,Electronics,12,377.04,1,0,40,21,3,68,132,0
7717,2023-09-03,5,Gold Star,296,Kirkland Signature,12,516.0,1,0,40,8,8,65,121,0
7718,2023-02-21,10,Business,127,Clothing,3,98.31,0,0,1,24,2,55,82,0
7719,2023-07-21,6,Executive,169,Furniture,1,27.57,0,0,12,12,5,43,72,0
7720,2023-01-11,1,Gold Star,110,Kirkland Signature,12,363.48,0,0,10,14,8,19,51,0
7721,2023-04-23,3,Business,176,Clothing,5,92.0,1,0,3,1,4,5,13,1
7722,2023-07-08,2,Business,375,Furniture,10,348.7,1,0,20,11,10,38,79,0
7723,2023-01-14,2,Executive,443,Kirkland Signature,7,26.32,1,0,48,7,10,3,68,0
7724,2023-05-30,9,Executive,44,Appliances,10,213.3,0,0,37,1,8,38,84,0
7725,2023-09-01,10,Gold Star,130,Electronics,19,452.01,0,0,9,13,6,67,95,0
7726,2023-09-09,8,Executive,68,Kirkland Signature,15,541.05,1,0,4,11,1,70,86,0
7727,2023-06-28,2,Executive,221,Clothing,14,548.1,0,0,24,23,6,58,111,0
7728,2023-09-16,4,Business,326,Seasonal,16,379.84,1,0,33,1,12,63,109,0
7729,2023-06-09,5,Business,155,Appliances,13,234.78,0,0,7,4,6,63,80,0
7730,2023-05-11,3,Business,458,Clothing,12,467.52,0,0,5,23,1,61,90,0
7731,2023-07-26,4,Gold Star,386,Electronics,9,79.47,0,0,30,18,2,34,84,0
7732,2023-08-05,4,Executive,199,Seasonal,9,382.86,1,0,20,19,7,66,112,0
7733,2023-11-29,7,Gold Star,45,Clothing,5,28.6,0,0,48,13,4,43,108,0
7734,2023-08-17,5,Business,236,Grocery,17,14.45,0,0,17,15,10,45,87,0
7735,2023-06-12,6,Gold Star,482,Kirkland Signature,6,283.32,0,0,23,20,1,34,78,0
7736,2023-12-31,1,Gold Star,9,Kirkland Signature,4,188.68,1,0,41,1,2,26,70,0
7737,2023-05-29,1,Business,244,Electronics,5,174.05,0,0,13,22,6,9,50,0
7738,2023-05-29,8,Executive,218,Seasonal,8,219.52,0,0,13,21,11,30,75,0
7739,2023-09-23,5,Business,70,Clothing,20,920.0,1,0,45,8,10,49,112,0
7740,2023-08-22,9,Gold Star,163,Kirkland Signature,8,9.28,0,0,16,21,2,15,54,0
7741,2023-03-06,3,Business,269,Electronics,9,28.35,0,0,42,15,12,10,79,0
7742,2023-03-16,5,Executive,131,Furniture,9,240.3,0,0,11,19,12,13,55,0
7743,2023-08-31,2,Business,443,Kirkland Signature,6,22.56,0,0,30,24,3,9,66,0
7744,2023-01-13,10,Business,118,Furniture,6,79.74,0,0,12,1,4,64,81,0
7745,2023-11-11,8,Business,29,Clothing,20,896.8,1,0,6,5,6,30,47,1
7746,2023-04-03,3,Business,313,Clothing,4,70.84,0,0,21,14,2,23,60,0
7747,2023-10-28,3,Business,465,Seasonal,15,147.15,1,0,18,23,6,35,82,0
7748,2023-06-29,7,Business,312,Kirkland Signature,10,78.7,0,0,14,10,12,7,43,1
7749,2023-12-16,8,Gold Star,7,Grocery,6,80.7,1,1,17,10,8,66,101,0
7750,2023-06-28,4,Executive,263,Kirkland Signature,13,329.55,0,0,35,4,1,39,79,0
7751,2023-09-14,7,Business,454,Appliances,7,166.88,0,0,13,11,2,31,57,0
7752,2023-04-09,2,Gold Star,21,Appliances,7,103.88,1,0,13,6,6,58,83,0
7753,2023-11-18,5,Executive,110,Kirkland Signature,19,575.51,1,0,32,18,3,27,80,0
7754,2023-12-07,3,Gold Star,219,Home,12,25.2,0,0,21,17,12,24,74,0
7755,2023-06-19,4,Business,291,Kirkland Signature,4,7.32,0,0,32,6,5,51,94,0
7756,2023-09-27,8,Executive,247,Seasonal,11,339.24,0,0,8,14,8,11,41,1
7757,2023-12-29,10,Gold Star,305,Electronics,16,787.52,0,0,29,5,11,49,94,0
7758,2023-01-24,9,Gold Star,326,Seasonal,20,474.8,0,0,48,11,3,6,68,0
7759,2023-06-10,10,Business,120,Kirkland Signature,9,320.49,1,0,14,23,4,40,81,0
7760,2023-09-18,7,Executive,15,Seasonal,14,692.16,0,0,27,5,2,9,43,1
7761,2023-01-04,9,Gold Star,286,Electronics,12,467.88,0,0,43,2,4,2,51,0
7762,2023-03-07,7,Executive,51,Kirkland Signature,12,569.64,0,0,46,14,6,57,123,0
7763,2023-05-22,6,Executive,286,Electronics,13,506.87,0,0,21,10,10,40,81,0
7764,2023-02-21,8,Executive,116,Electronics,7,288.33,0,0,13,12,8,9,42,1
7765,2023-08-29,8,Gold Star,31,Seasonal,2,84.32,0,0,13,19,8,67,107,0
7766,2023-09-27,7,Gold Star,411,Kirkland Signature,16,551.68,0,0,3,21,11,72,107,0
7767,2023-07-16,2,Business,407,Seasonal,16,147.68,1,0,34,5,4,48,91,0
7768,2023-07-12,5,Gold Star,350,Seasonal,5,61.9,0,0,20,9,4,55,88,0
7769,2023-05-14,5,Gold Star,433,Appliances,2,26.58,1,0,24,11,7,47,89,0
7770,2023-09-15,8,Executive,405,Seasonal,16,243.36,0,0,26,10,4,12,52,0
7771,2023-04-27,7,Business,302,Seasonal,3,35.67,0,0,22,17,8,4,51,0
7772,2023-11-17,4,Gold Star,3,Seasonal,8,301.84,0,0,43,18,12,14,87,0
7773,2023-11-02,9,Business,315,Home,3,15.48,0,0,30,13,1,41,85,0
7774,2023-06-30,4,Gold Star,237,Grocery,1,28.34,0,0,27,15,9,54,105,0
7775,2023-05-17,1,Business,326,Seasonal,15,356.1,0,0,45,19,12,63,139,0
7776,2023-07-24,6,Business,296,Kirkland Signature,2,86.0,0,0,23,12,3,6,44,1
7777,2023-01-09,6,Gold Star,156,Seasonal,1,42.91,0,0,46,7,7,34,94,0
7778,2023-08-13,3,Business,150,Appliances,6,21.96,1,0,8,10,4,16,38,1
7779,2023-12-19,10,Business,156,Seasonal,14,600.74,0,1,1,21,9,1,32,1
7780,2023-08-30,4,Executive,109,Grocery,10,345.9,0,0,14,7,8,46,75,0
7781,2023-09-21,1,Gold Star,427,Electronics,7,338.45,0,0,36,8,6,16,66,0
7782,2023-10-13,2,Business,41,Electronics,17,712.98,0,0,29,11,10,40,90,0
7783,2023-03-14,5,Business,32,Kirkland Signature,4,112.96,0,0,25,2,4,19,50,0
7784,2023-12-07,3,Business,364,Grocery,10,261.7,0,0,25,16,12,72,125,0
7785,2023-12-09,9,Gold Star,305,Electronics,10,492.2,1,0,6,7,7,11,31,1
7786,2023-02-20,3,Executive,293,Clothing,5,155.1,0,0,28,10,5,50,93,0
7787,2023-08-06,10,Business,313,Clothing,3,53.13,1,0,13,23,8,34,78,0
7788,2023-05-17,10,Gold Star,84,Furniture,13,267.02,0,0,12,15,1,29,57,0
7789,2023-03-10,1,Executive,413,Home,14,685.72,0,0,8,9,3,1,21,1
7790,2023-10-29,9,Business,2,Appliances,3,76.95,1,0,24,10,7,36,77,0
7791,2023-12-14,8,Business,429,Furniture,3,51.39,0,0,36,2,10,27,75,0
7792,2023-09-07,10,Business,128,Grocery,13,342.42,0,0,8,8,7,65,88,0
7793,2023-03-01,3,Gold Star,26,Electronics,18,516.06,0,0,8,7,8,59,82,0
7794,2023-05-01,3,Gold Star,58,Kirkland Signature,16,386.72,0,0,4,10,3,36,53,0
7795,2023-10-04,5,Executive,324,Seasonal,1,18.72,0,0,37,4,5,15,61,0
7796,2023-09-19,4,Gold Star,292,Electronics,11,63.25,0,0,9,5,7,56,77,0
7797,2023-10-27,10,Business,63,Electronics,18,582.3,0,0,48,22,1,4,75,0
7798,2023-12-18,3,Business,57,Seasonal,11,28.82,0,1,13,3,2,21,39,1
7799,2023-08-28,5,Business,128,Grocery,5,131.7,0,0,20,3,7,56,86,0
7800,2023-07-03,2,Gold Star,409,Furniture,8,142.0,0,0,40,1,11,3,55,0
7801,2023-07-21,2,Business,93,Kirkland Signature,20,486.2,0,0,44,5,4,30,83,0
7802,2023-11-19,9,Executive,476,Seasonal,3,98.46,1,0,22,7,5,60,94,0
7803,2023-01-10,10,Executive,296,Kirkland Signature,1,43.0,0,0,19,5,9,49,82,0
7804,2023-02-18,5,Gold Star,443,Kirkland Signature,2,7.52,1,0,19,19,5,27,70,0
7805,2023-10-29,7,Executive,278,Home,15,636.45,1,0,28,8,2,42,80,0
7806,2023-06-18,7,Executive,78,Kirkland Signature,20,408.2,1,0,15,19,12,8,54,0
7807,2023-01-05,4,Gold Star,85,Seasonal,19,925.87,0,0,6,10,10,22,48,1
7808,2023-05-31,1,Business,275,Furniture,1,26.94,0,0,14,10,9,61,94,0
7809,2023-08-18,7,Gold Star,191,Furniture,6,101.76,0,0,36,23,4,20,83,0
7810,2023-04-29,2,Business,411,Kirkland Signature,18,620.64,1,0,12,23,3,9,47,1
7811,2023-10-17,5,Executive,445,Appliances,9,411.57,0,0,37,19,2,30,88,0
7812,2023-10-19,4,Executive,28,Electronics,12,10.32,0,0,8,10,7,24,49,0
7813,2023-07-26,1,Gold Star,257,Grocery,8,304.88,0,0,42,3,4,7,56,0
7814,2023-07-06,4,Gold Star,167,Seasonal,14,98.98,0,0,43,9,4,39,95,0
7815,2023-07-03,10,Business,73,Home,8,275.28,0,0,26,7,4,71,108,0
7816,2023-08-09,8,Gold Star,200,Appliances,7,338.59,0,0,35,21,8,7,71,0
7817,2023-05-26,3,Executive,111,Appliances,3,10.47,0,0,37,4,10,68,119,0
7818,2023-07-06,8,Gold Star,273,Home,8,55.76,0,0,23,8,10,7,48,1
7819,2023-04-26,5,Business,238,Kirkland Signature,4,44.84,0,0,39,23,9,47,118,0
7820,2023-10-22,8,Gold Star,53,Seasonal,10,438.2,1,0,14,5,2,28,49,0
7821,2023-03-23,6,Executive,481,Clothing,20,369.6,0,0,14,20,3,31,68,0
7822,2023-01-15,6,Executive,478,Seasonal,3,67.92,1,0,36,19,12,23,90,0
7823,2023-07-25,2,Gold Star,18,Appliances,5,15.65,0,0,13,23,7,32,75,0
7824,2023-04-14,3,Gold Star,306,Home,17,191.42,0,0,15,5,1,8,29,1
7825,2023-04-06,9,Business,43,Seasonal,8,340.24,0,0,42,12,10,50,114,0
7826,2023-04-17,4,Gold Star,273,Home,5,34.85,0,0,19,8,9,5,41,1
7827,2023-03-31,3,Gold Star,390,Seasonal,20,960.2,0,0,12,23,12,2,49,0
7828,2023-04-20,5,Gold Star,148,Kirkland Signature,4,21.2,0,0,43,9,6,3,61,0
7829,2023-08-23,5,Business,500,Seasonal,4,51.88,0,0,39,1,9,49,98,0
7830,2023-08-09,4,Business,106,Furniture,19,271.51,0,0,30,4,5,27,66,0
7831,2023-05-15,4,Executive,17,Kirkland Signature,2,81.16,0,0,9,12,2,7,30,1
7832,2023-02-14,10,Business,71,Seasonal,5,120.85,0,0,16,17,9,16,58,0
7833,2023-02-13,2,Executive,58,Kirkland Signature,6,145.02,0,0,31,15,11,48,105,0
7834,2023-08-19,6,Gold Star,308,Appliances,16,128.64,1,0,1,15,10,47,73,0
7835,2023-08-18,7,Business,64,Electronics,1,5.83,0,0,34,6,2,44,86,0
7836,2023-06-23,6,Gold Star,66,Kirkland Signature,18,82.44,0,0,42,6,6,45,99,0
7837,2023-05-21,7,Gold Star,160,Kirkland Signature,12,519.84,1,0,37,12,2,59,110,0
7838,2023-03-18,5,Executive,87,Clothing,20,204.6,1,0,29,6,10,55,100,0
7839,2023-06-03,5,Business,484,Kirkland Signature,12,122.52,1,0,18,5,10,63,96,0
7840,2023-08-18,4,Gold Star,443,Kirkland Signature,19,71.44,0,0,33,12,4,70,119,0
7841,2023-01-17,1,Executive,132,Appliances,9,18.81,0,0,17,21,7,7,52,0
7842,2023-02-24,8,Executive,146,Seasonal,17,600.61,0,0,15,12,2,43,72,0
7843,2023-07-22,2,Business,339,Appliances,10,445.3,1,0,27,11,12,62,112,0
7844,2023-03-25,6,Business,31,Seasonal,18,758.88,1,0,43,20,9,39,111,0
7845,2023-03-02,5,Business,98,Home,18,765.9,0,0,3,17,10,57,87,0
7846,2023-01-03,2,Business,123,Clothing,8,127.68,0,0,41,13,6,20,80,0
7847,2023-07-16,8,Gold Star,221,Clothing,13,508.95,1,0,24,22,8,55,109,0
7848,2023-04-09,2,Gold Star,304,Furniture,1,31.84,1,0,44,1,8,62,115,0
7849,2023-04-13,2,Business,427,Electronics,15,725.25,0,0,13,1,11,5,30,1
7850,2023-05-15,4,Business,332,Home,4,61.04,0,0,18,20,1,68,107,0
7851,2023-05-26,4,Gold Star,163,Kirkland Signature,2,2.32,0,0,45,1,4,43,93,0
7852,2023-04-20,7,Business,358,Electronics,8,200.24,0,0,8,11,6,69,94,0
7853,2023-06-04,2,Gold Star,305,Electronics,13,639.86,1,0,9,22,9,11,51,0
7854,2023-10-10,1,Business,141,Home,8,230.8,0,0,46,14,3,68,131,0
7855,2023-04-02,8,Executive,365,Furniture,1,3.87,1,0,10,5,1,28,44,1
7856,2023-07-04,9,Executive,244,Electronics,2,69.62,0,0,3,20,11,41,75,0
7857,2023-05-19,10,Executive,424,Clothing,7,4.83,0,0,2,11,4,10,27,1
7858,2023-03-13,10,Executive,224,Electronics,1,33.96,0,0,29,21,8,38,96,0
7859,2023-11-20,9,Executive,223,Electronics,4,29.48,0,0,13,16,12,61,102,0
7860,2023-08-20,9,Gold Star,10,Furniture,4,68.76,1,0,2,11,12,63,88,0
7861,2023-01-26,8,Executive,428,Grocery,19,661.2,0,0,36,9,12,30,87,0
7862,2023-07-07,8,Executive,202,Furniture,12,271.56,0,0,9,15,8,17,49,0
7863,2023-08-11,3,Executive,423,Seasonal,4,5.6,0,0,46,9,9,45,109,0
7864,2023-06-29,8,Gold Star,340,Furniture,6,144.6,0,0,14,18,6,62,100,0
7865,2023-12-11,4,Gold Star,14,Home,6,199.2,0,0,27,4,7,12,50,0
7866,2023-02-02,2,Business,315,Home,1,5.16,0,0,25,15,8,41,89,0
7867,2023-06-28,3,Business,180,Clothing,1,14.98,0,0,11,3,4,36,54,0
7868,2023-03-05,5,Executive,350,Seasonal,20,247.6,1,0,26,5,9,3,43,1
7869,2023-06-24,3,Business,185,Kirkland Signature,10,10.1,1,0,22,2,8,40,72,0
7870,2023-05-10,4,Business,162,Kirkland Signature,5,116.25,0,0,2,8,4,38,52,0
7871,2023-11-02,1,Business,382,Home,17,675.07,0,0,27,16,8,13,64,0
7872,2023-04-10,4,Executive,389,Clothing,12,409.2,0,0,47,21,2,70,140,0
7873,2023-05-10,5,Executive,132,Appliances,9,18.81,0,0,45,12,2,55,114,0
7874,2023-05-30,9,Business,467,Electronics,14,38.78,0,0,23,22,2,28,75,0
7875,2023-05-19,9,Business,46,Electronics,7,80.71,0,0,8,22,3,40,73,0
7876,2023-02-23,4,Business,151,Appliances,10,402.8,0,0,48,7,1,63,119,0
7877,2023-11-12,9,Gold Star,372,Furniture,12,243.96,1,0,15,12,9,29,65,0
7878,2023-11-15,6,Executive,469,Kirkland Signature,4,104.4,0,0,31,1,4,63,99,0
7879,2023-03-28,2,Gold Star,105,Furniture,18,196.2,0,0,19,14,1,28,62,0
7880,2023-03-11,9,Executive,453,Grocery,6,56.82,1,0,21,12,5,29,67,0
7881,2023-07-02,4,Business,53,Seasonal,9,394.38,1,0,9,16,5,32,62,0
7882,2023-04-20,3,Gold Star,84,Furniture,14,287.56,0,0,24,16,12,7,59,0
7883,2023-07-05,5,Executive,382,Home,18,714.78,0,0,1,3,7,51,62,0
7884,2023-05-11,2,Gold Star,229,Seasonal,5,214.2,0,0,14,10,7,24,55,0
7885,2023-03-31,9,Executive,458,Clothing,3,116.88,0,0,31,15,2,53,101,0
7886,2023-04-07,7,Gold Star,288,Furniture,7,63.63,0,0,43,19,12,8,82,0
7887,2023-10-30,1,Executive,246,Clothing,11,474.76,0,0,26,18,1,2,47,1
7888,2023-11-24,5,Business,329,Electronics,20,324.6,0,0,33,15,1,50,99,0
7889,2023-03-05,3,Executive,25,Kirkland Signature,17,774.52,1,0,30,20,12,13,75,0
7890,2023-06-19,8,Business,25,Kirkland Signature,18,820.08,0,0,41,7,9,19,76,0
7891,2023-08-20,3,Executive,16,Kirkland Signature,5,226.4,1,0,47,18,1,22,88,0
7892,2023-01-24,7,Gold Star,380,Seasonal,13,286.52,0,0,4,8,8,32,52,0
7893,2023-07-06,8,Gold Star,361,Kirkland Signature,5,212.4,0,0,5,6,10,31,52,0
7894,2023-04-07,2,Gold Star,149,Kirkland Signature,11,181.83,0,0,12,8,4,71,95,0
7895,2023-03-18,10,Executive,42,Home,3,54.0,1,0,17,4,11,53,85,0
7896,2023-10-11,1,Executive,254,Seasonal,1,6.02,0,0,13,5,5,37,60,0
7897,2023-02-08,7,Gold Star,349,Home,15,519.45,0,0,39,20,3,8,70,0
7898,2023-04-18,5,Business,359,Home,6,38.88,0,0,6,16,4,60,86,0
7899,2023-09-08,8,Executive,364,Grocery,11,287.87,0,0,15,20,1,37,73,0
7900,2023-10-26,7,Business,309,Seasonal,17,515.44,0,0,9,10,10,4,33,1
7901,2023-04-13,9,Executive,88,Grocery,4,22.88,0,0,10,12,5,19,46,1
7902,2023-08-07,2,Executive,361,Kirkland Signature,10,424.8,0,0,3,1,5,31,40,1
7903,2023-08-02,1,Business,421,Grocery,3,84.75,0,0,1,19,11,33,64,0
7904,2023-11-25,8,Gold Star,445,Appliances,17,777.41,1,0,2,9,9,70,90,0
7905,2023-11-10,10,Gold Star,416,Home,12,570.72,0,0,6,11,12,16,45,1
7906,2023-09-06,6,Executive,131,Furniture,10,267.0,0,0,45,21,9,46,121,0
7907,2023-03-07,6,Business,212,Electronics,9,28.17,0,0,43,24,5,50,122,0
7908,2023-05-21,8,Executive,368,Grocery,1,16.55,1,0,5,12,7,7,31,1
7909,2023-06-02,4,Business,204,Electronics,15,159.9,0,0,26,2,3,66,97,0
7910,2023-12-04,2,Gold Star,151,Appliances,9,362.52,0,0,47,13,12,40,112,0
7911,2023-10-06,1,Business,178,Home,3,103.08,0,0,25,21,8,24,78,0
7912,2023-08-05,8,Executive,417,Clothing,19,527.63,1,0,46,6,2,66,120,0
7913,2023-07-26,9,Gold Star,122,Kirkland Signature,13,474.24,0,0,24,16,9,67,116,0
7914,2023-05-16,10,Gold Star,438,Electronics,3,141.66,0,0,13,13,1,28,55,0
7915,2023-02-23,8,Gold Star,174,Grocery,1,48.77,0,0,7,13,8,3,31,1
7916,2023-10-28,2,Executive,389,Clothing,1,34.1,1,0,46,21,4,10,81,0
7917,2023-03-27,7,Executive,308,Appliances,5,40.2,0,0,26,13,2,37,78,0
7918,2023-07-19,10,Gold Star,464,Clothing,6,211.8,0,0,25,8,1,12,46,1
7919,2023-04-10,4,Gold Star,128,Grocery,17,447.78,0,0,31,5,11,58,105,0
7920,2023-11-16,10,Executive,349,Home,20,692.6,0,0,48,8,10,69,135,0
7921,2023-07-13,9,Business,336,Electronics,19,860.13,0,0,3,18,9,35,65,0
7922,2023-09-01,5,Business,276,Kirkland Signature,8,205.92,0,0,20,16,5,42,83,0
7923,2023-03-13,9,Business,246,Clothing,20,863.2,0,0,20,14,11,52,97,0
7924,2023-11-27,5,Executive,32,Kirkland Signature,11,310.64,0,0,19,21,9,19,68,0
7925,2023-04-12,1,Executive,485,Kirkland Signature,12,163.68,0,0,47,23,10,50,130,0
7926,2023-10-05,2,Gold Star,158,Furniture,13,478.4,0,0,29,11,9,6,55,0
7927,2023-06-28,10,Business,168,Kirkland Signature,2,78.76,0,0,5,10,4,70,89,0
7928,2023-11-30,6,Gold Star,264,Appliances,17,740.18,0,0,48,3,11,25,87,0
7929,2023-12-30,4,Business,445,Appliances,13,594.49,1,0,36,2,3,29,70,0
7930,2023-12-01,4,Gold Star,56,Seasonal,19,216.03,0,0,35,6,6,49,96,0
7931,2023-03-07,1,Executive,76,Kirkland Signature,17,668.78,0,0,38,1,2,41,82,0
7932,2023-10-04,10,Executive,463,Clothing,14,268.1,0,0,24,23,4,29,80,0
7933,2023-06-10,6,Business,426,Home,3,96.45,1,0,12,8,10,52,82,0
7934,2023-01-15,1,Executive,385,Furniture,1,0.67,1,0,46,24,1,48,119,0
7935,2023-06-14,7,Gold Star,27,Kirkland Signature,15,676.65,0,0,7,19,8,9,43,1
7936,2023-08-14,6,Gold Star,150,Appliances,3,10.98,0,0,41,3,3,12,59,0
7937,2023-08-01,1,Business,347,Clothing,12,435.24,0,0,4,11,12,69,96,0
7938,2023-11-06,2,Gold Star,266,Appliances,9,417.06,0,0,43,2,4,13,62,0
7939,2023-02-08,3,Executive,70,Clothing,9,414.0,0,0,1,14,9,9,33,1
7940,2023-11-14,6,Executive,253,Clothing,1,1.47,0,0,23,21,5,62,111,0
7941,2023-03-23,1,Executive,423,Seasonal,18,25.2,0,0,27,15,11,70,123,0
7942,2023-03-13,7,Executive,5,Furniture,4,23.28,0,0,34,12,12,36,94,0
7943,2023-07-12,8,Business,102,Grocery,15,101.1,0,0,39,18,12,37,106,0
7944,2023-12-27,5,Executive,388,Kirkland Signature,14,98.98,0,0,24,20,11,39,94,0
7945,2023-12-18,2,Business,463,Clothing,13,248.95,0,1,11,24,4,16,55,0
7946,2023-02-24,9,Executive,199,Seasonal,4,170.16,0,0,46,23,10,51,130,0
7947,2023-03-20,7,Gold Star,198,Home,4,109.48,0,0,23,17,6,65,111,0
7948,2023-03-05,10,Business,451,Appliances,18,208.8,1,0,15,16,1,30,62,0
7949,2023-05-17,10,Gold Star,196,Seasonal,3,116.76,0,0,12,1,7,61,81,0
7950,2023-11-14,8,Business,174,Grocery,19,926.63,0,0,28,11,6,29,74,0
7951,2023-08-22,1,Executive,394,Clothing,3,134.22,0,0,27,22,8,19,76,0
7952,2023-06-12,6,Gold Star,99,Home,1,15.92,0,0,46,6,10,53,115,0
7953,2023-04-19,4,Gold Star,294,Grocery,16,754.08,0,0,29,15,11,41,96,0
7954,2023-11-30,9,Executive,111,Appliances,12,41.88,0,0,35,12,7,61,115,0
7955,2023-03-18,4,Gold Star,330,Furniture,11,207.79,1,0,10,9,8,36,63,0
7956,2023-05-28,4,Gold Star,416,Home,4,190.24,1,0,19,20,3,8,50,0
7957,2023-01-16,1,Executive,317,Kirkland Signature,4,147.04,0,0,15,24,1,38,78,0
7958,2023-12-28,7,Executive,218,Seasonal,6,164.64,0,0,21,2,12,10,45,1
7959,2023-03-13,2,Gold Star,285,Appliances,9,207.09,0,0,7,15,2,29,53,0
7960,2023-04-18,1,Gold Star,356,Kirkland Signature,8,164.8,0,0,17,23,10,66,116,0
7961,2023-05-05,8,Gold Star,217,Furniture,14,245.28,0,0,25,20,10,36,91,0
7962,2023-06-27,5,Business,39,Seasonal,15,723.9,0,0,19,13,3,20,55,0
7963,2023-09-28,10,Business,266,Appliances,14,648.76,0,0,11,2,2,40,55,0
7964,2023-11-09,7,Business,148,Kirkland Signature,10,53.0,0,0,39,24,4,30,97,0
7965,2023-02-16,4,Business,274,Grocery,9,441.81,0,0,18,17,8,68,111,0
7966,2023-03-28,8,Gold Star,448,Home,4,83.52,0,0,12,7,4,31,54,0
7967,2023-10-02,3,Gold Star,268,Seasonal,16,356.8,0,0,32,18,1,22,73,0
7968,2023-08-12,5,Executive,284,Furniture,2,12.86,1,0,31,2,6,14,53,0
7969,2023-02-24,1,Gold Star,21,Appliances,20,296.8,0,0,39,12,5,46,102,0
7970,2023-06-03,6,Executive,439,Grocery,9,372.6,1,0,48,1,6,14,69,0
7971,2023-01-24,4,Business,498,Kirkland Signature,13,593.19,0,0,27,14,12,2,55,0
7972,2023-10-30,10,Executive,242,Electronics,7,227.5,0,0,24,23,12,45,104,0
7973,2023-08-16,7,Executive,249,Furniture,9,116.1,0,0,25,12,12,12,61,0
7974,2023-08-03,9,Executive,441,Home,11,54.56,0,0,45,14,5,8,72,0
7975,2023-01-07,8,Business,368,Grocery,7,115.85,1,0,1,5,4,9,19,1
7976,2023-07-12,1,Gold Star,184,Seasonal,8,124.08,0,0,5,6,9,56,76,0
7977,2023-05-30,8,Executive,133,Clothing,11,391.05,0,0,2,21,3,52,78,0
7978,2023-12-28,10,Executive,205,Grocery,16,494.88,0,0,17,3,9,60,89,0
7979,2023-09-26,8,Business,128,Grocery,5,131.7,0,0,25,6,12,36,79,0
7980,2023-10-28,6,Gold Star,220,Grocery,18,70.38,1,0,30,10,6,64,110,0
7981,2023-11-08,8,Business,213,Grocery,17,434.52,0,0,34,3,5,44,86,0
7982,2023-04-05,9,Business,6,Appliances,16,443.2,0,0,36,7,1,21,65,0
7983,2023-04-01,1,Business,214,Clothing,1,44.06,1,0,20,10,9,30,69,0
7984,2023-10-17,6,Business,209,Home,7,121.94,0,0,24,10,3,48,85,0
7985,2023-06-02,8,Gold Star,168,Kirkland Signature,10,393.8,0,0,13,21,2,13,49,0
7986,2023-03-04,8,Business,25,Kirkland Signature,12,546.72,1,0,29,8,9,15,61,0
7987,2023-05-26,7,Business,229,Seasonal,11,471.24,0,0,33,10,10,24,77,0
7988,2023-11-01,2,Business,282,Seasonal,11,512.6,0,0,4,24,10,43,81,0
7989,2023-02-26,5,Business,454,Appliances,4,95.36,1,0,45,4,4,1,54,0
7990,2023-11-08,6,Executive,218,Seasonal,11,301.84,0,0,3,13,7,25,48,1
7991,2023-03-08,1,Business,346,Clothing,17,94.35,0,0,4,13,8,71,96,0
7992,2023-02-08,1,Gold Star,454,Appliances,17,405.28,0,0,23,19,2,20,64,0
7993,2023-11-19,6,Business,21,Appliances,14,207.76,1,0,22,20,3,65,110,0
7994,2023-11-22,7,Gold Star,86,Kirkland Signature,10,246.6,0,0,32,1,5,57,95,0
7995,2023-05-14,6,Gold Star,220,Grocery,18,70.38,1,0,23,13,8,25,69,0
7996,2023-12-04,7,Executive,178,Home,1,34.36,0,0,16,10,12,54,92,0
7997,2023-01-12,8,Gold Star,134,Appliances,12,103.56,0,0,19,23,11,70,123,0
7998,2023-02-17,5,Gold Star,154,Grocery,1,48.99,0,0,33,11,9,49,102,0
7999,2023-07-30,4,Gold Star,93,Kirkland Signature,11,267.41,1,0,25,14,9,20,68,0
8000,2023-07-14,10,Business,309,Seasonal,11,333.52,0,0,21,1,9,51,82,0
8001,2023-05-12,5,Business,342,Grocery,4,121.64,0,0,27,15,11,48,101,0
8002,2023-07-23,3,Gold Star,260,Home,8,373.12,1,0,31,12,3,20,66,0
8003,2023-04-23,9,Gold Star,374,Kirkland Signature,20,528.8,1,0,29,3,5,48,85,0
8004,2023-02-12,8,Gold Star,428,Grocery,19,661.2,1,0,32,20,10,71,133,0
8005,2023-11-29,9,Business,221,Clothing,19,743.85,0,0,3,10,3,13,29,1
8006,2023-03-28,1,Executive,243,Kirkland Signature,13,53.56,0,0,8,12,5,53,78,0
8007,2023-08-20,7,Business,499,Clothing,20,370.2,1,0,17,8,6,61,92,0
8008,2023-07-07,10,Business,490,Furniture,4,137.84,0,0,21,8,3,33,65,0
8009,2023-10-07,5,Gold Star,53,Seasonal,5,219.1,1,0,32,5,11,26,74,0
8010,2023-11-18,1,Executive,485,Kirkland Signature,9,122.76,1,0,27,1,9,56,93,0
8011,2023-07-22,4,Gold Star,371,Grocery,8,269.68,1,0,38,7,6,47,98,0
8012,2023-01-26,4,Executive,458,Clothing,4,155.84,0,0,21,6,12,3,42,1
8013,2023-04-06,10,Executive,64,Electronics,8,46.64,0,0,39,12,10,46,107,0
8014,2023-03-08,7,Business,143,Home,15,576.6,0,0,14,5,7,62,88,0
8015,2023-05-10,4,Gold Star,134,Appliances,4,34.52,0,0,44,10,10,20,84,0
8016,2023-03-18,9,Executive,225,Grocery,7,15.68,1,0,12,1,5,3,21,1
8017,2023-01-10,2,Business,206,Furniture,4,180.6,0,0,30,16,6,14,66,0
8018,2023-04-17,8,Executive,368,Grocery,3,49.65,0,0,33,22,2,23,80,0
8019,2023-06-25,1,Executive,163,Kirkland Signature,12,13.92,1,0,41,21,9,29,100,0
8020,2023-12-21,7,Executive,347,Clothing,15,544.05,0,1,15,23,5,60,103,0
8021,2023-02-24,5,Gold Star,486,Clothing,10,351.2,0,0,17,21,10,10,58,0
8022,2023-03-21,2,Gold Star,42,Home,2,36.0,0,0,11,12,10,12,45,1
8023,2023-08-11,5,Business,20,Electronics,19,173.85,0,0,43,21,1,15,80,0
8024,2023-06-26,8,Executive,276,Kirkland Signature,9,231.66,0,0,22,14,1,48,85,0
8025,2023-09-08,1,Business,339,Appliances,11,489.83,0,0,19,20,11,70,120,0
8026,2023-03-04,8,Business,261,Seasonal,1,39.66,1,0,15,15,8,50,88,0
8027,2023-12-06,3,Business,54,Appliances,18,302.04,0,0,29,4,8,14,55,0
8028,2023-02-21,9,Executive,208,Seasonal,5,79.4,0,0,45,18,12,34,109,0
8029,2023-02-28,6,Business,282,Seasonal,3,139.8,0,0,36,11,6,3,56,0
8030,2023-02-21,6,Executive,130,Electronics,20,475.8,0,0,32,19,4,29,84,0
8031,2023-07-08,3,Business,346,Clothing,13,72.15,1,0,18,23,12,62,115,0
8032,2023-10-30,2,Gold Star,194,Furniture,19,545.87,0,0,39,15,8,59,121,0
8033,2023-05-01,2,Business,370,Electronics,16,610.56,0,0,14,13,10,35,72,0
8034,2023-08-21,8,Business,296,Kirkland Signature,5,215.0,0,0,44,13,6,16,79,0
8035,2023-03-01,10,Business,133,Clothing,7,248.85,0,0,29,6,5,40,80,0
8036,2023-01-29,7,Gold Star,245,Appliances,19,829.35,1,0,12,18,9,16,55,0
8037,2023-11-02,9,Business,183,Electronics,12,261.72,0,0,24,8,1,41,74,0
8038,2023-08-23,2,Executive,487,Home,17,613.02,0,0,41,19,10,28,98,0
8039,2023-03-09,10,Executive,137,Furniture,14,657.72,0,0,10,5,4,59,78,0
8040,2023-11-08,5,Executive,296,Kirkland Signature,2,86.0,0,0,24,16,2,44,86,0
8041,2023-09-22,3,Business,190,Appliances,9,385.92,0,0,14,7,10,2,33,1
8042,2023-01-31,4,Gold Star,405,Seasonal,18,273.78,0,0,16,7,10,30,63,0
8043,2023-12-14,2,Gold Star,248,Seasonal,6,190.44,0,0,25,12,2,31,70,0
8044,2023-06-21,1,Business,69,Kirkland Signature,14,184.52,0,0,44,5,7,53,109,0
8045,2023-04-24,8,Gold Star,270,Kirkland Signature,7,292.39,0,0,24,11,3,48,86,0
8046,2023-03-31,1,Business,78,Kirkland Signature,20,408.2,0,0,2,7,5,1,15,1
8047,2023-05-22,9,Gold Star,95,Home,16,523.2,0,0,5,3,12,25,45,1
8048,2023-08-07,4,Executive,116,Electronics,10,411.9,0,0,31,20,5,58,114,0
8049,2023-09-04,10,Executive,339,Appliances,1,44.53,0,0,30,14,9,22,75,0
8050,2023-11-21,1,Business,466,Home,3,9.24,0,0,48,1,11,7,67,0
8051,2023-04-16,5,Business,246,Clothing,1,43.16,1,0,3,2,1,2,8,1
8052,2023-02-04,4,Executive,486,Clothing,12,421.44,1,0,4,9,3,9,25,1
8053,2023-01-07,8,Business,136,Kirkland Signature,11,481.25,1,0,32,4,2,17,55,0
8054,2023-05-25,2,Executive,310,Furniture,17,23.46,0,0,15,3,9,35,62,0
8055,2023-03-25,9,Business,246,Clothing,19,820.04,1,0,33,12,12,55,112,0
8056,2023-04-24,3,Executive,451,Appliances,11,127.6,0,0,39,4,2,3,48,1
8057,2023-12-25,1,Executive,31,Seasonal,7,295.12,0,1,12,14,9,63,98,0
8058,2023-03-23,3,Business,468,Grocery,1,7.08,0,0,46,6,1,39,92,0
8059,2023-10-15,8,Gold Star,224,Electronics,4,135.84,1,0,10,8,2,13,33,1
8060,2023-05-13,7,Business,494,Kirkland Signature,15,403.35,1,0,32,15,7,6,60,0
8061,2023-11-21,7,Business,108,Furniture,8,292.08,0,0,21,14,2,62,99,0
8062,2023-06-03,7,Gold Star,472,Clothing,13,573.56,1,0,12,6,9,36,63,0
8063,2023-05-03,6,Executive,430,Kirkland Signature,5,203.2,0,0,46,18,7,17,88,0
8064,2023-10-27,6,Business,105,Furniture,2,21.8,0,0,43,21,1,20,85,0
8065,2023-01-12,5,Executive,156,Seasonal,3,128.73,0,0,46,5,9,58,118,0
8066,2023-09-22,10,Gold Star,85,Seasonal,7,341.11,0,0,11,8,6,33,58,0
8067,2023-12-18,8,Gold Star,391,Seasonal,1,17.84,0,1,33,16,12,29,90,0
8068,2023-08-26,7,Executive,158,Furniture,6,220.8,1,0,22,8,8,42,80,0
8069,2023-01-31,1,Business,440,Furniture,5,193.8,0,0,39,19,3,18,79,0
8070,2023-05-27,4,Gold Star,331,Home,7,16.94,1,0,32,22,3,19,76,0
8071,2023-05-19,8,Business,419,Clothing,20,502.8,0,0,21,2,3,21,47,1
8072,2023-09-09,2,Business,325,Electronics,5,12.5,1,0,15,13,5,41,74,0
8073,2023-11-01,6,Business,458,Clothing,4,155.84,0,0,24,19,3,3,49,0
8074,2023-10-04,2,Executive,454,Appliances,12,286.08,0,0,16,13,9,22,60,0
8075,2023-07-31,4,Gold Star,354,Clothing,13,620.23,0,0,13,2,5,9,29,1
8076,2023-11-18,4,Business,59,Grocery,15,530.55,1,0,15,6,1,66,88,0
8077,2023-10-16,9,Executive,388,Kirkland Signature,11,77.77,0,0,48,3,7,16,74,0
8078,2023-05-21,5,Business,465,Seasonal,5,49.05,1,0,19,1,3,37,60,0
8079,2023-04-09,6,Gold Star,198,Home,15,410.55,1,0,1,20,8,48,77,0
8080,2023-08-22,8,Gold Star,129,Home,12,288.84,0,0,28,3,10,51,92,0
8081,2023-12-25,5,Business,411,Kirkland Signature,14,482.72,0,1,35,22,8,32,97,0
8082,2023-11-30,5,Business,490,Furniture,9,310.14,0,0,8,6,11,2,27,1
8083,2023-11-23,1,Gold Star,85,Seasonal,20,974.6,0,0,41,11,1,33,86,0
8084,2023-11-10,4,Business,499,Clothing,4,74.04,0,0,29,5,9,20,63,0
8085,2023-06-09,3,Executive,143,Home,5,192.2,0,0,17,24,4,6,51,0
8086,2023-01-10,3,Executive,56,Seasonal,19,216.03,0,0,30,16,3,67,116,0
8087,2023-07-31,8,Executive,308,Appliances,7,56.28,0,0,22,7,8,29,66,0
8088,2023-08-20,5,Gold Star,315,Home,19,98.04,1,0,18,1,7,65,91,0
8089,2023-01-07,7,Executive,287,Grocery,6,144.18,1,0,39,8,2,4,53,0
8090,2023-04-21,6,Business,152,Grocery,1,1.55,0,0,11,14,11,3,39,1
8091,2023-12-30,1,Gold Star,238,Kirkland Signature,12,134.52,1,0,19,19,2,48,88,0
8092,2023-06-23,8,Business,89,Home,4,173.0,0,0,40,3,8,57,108,0
8093,2023-02-23,2,Executive,376,Kirkland Signature,20,435.6,0,0,3,22,1,10,36,1
8094,2023-01-29,1,Business,476,Seasonal,14,459.48,1,0,16,11,11,67,105,0
8095,2023-04-03,5,Business,82,Home,9,61.74,0,0,43,20,1,50,114,0
8096,2023-08-18,9,Business,34,Home,5,32.65,0,0,18,1,3,64,86,0
8097,2023-02-05,4,Executive,155,Appliances,16,288.96,1,0,38,21,4,26,89,0
8098,2023-12-05,8,Executive,105,Furniture,13,141.7,0,0,18,5,12,36,71,0
8099,2023-06-28,6,Business,376,Kirkland Signature,1,21.78,0,0,41,14,10,28,93,0
8100,2023-07-01,5,Gold Star,457,Clothing,14,664.72,1,0,25,19,3,2,49,0
8101,2023-12-16,7,Business,286,Electronics,18,701.82,1,1,14,23,5,44,86,0
8102,2023-08-10,3,Gold Star,159,Home,17,685.1,0,0,26,2,7,46,81,0
8103,2023-11-22,5,Business,148,Kirkland Signature,2,10.6,0,0,4,8,12,49,73,0
8104,2023-12-11,7,Gold Star,419,Clothing,5,125.7,0,0,39,12,12,64,127,0
8105,2023-10-03,9,Business,315,Home,7,36.12,0,0,44,8,2,52,106,0
8106,2023-12-10,6,Gold Star,253,Clothing,19,27.93,1,0,34,13,4,2,53,0
8107,2023-12-20,4,Executive,355,Grocery,3,108.33,0,1,7,24,4,18,53,0
8108,2023-02-11,6,Executive,277,Furniture,10,387.7,1,0,38,15,7,48,108,0
8109,2023-06-21,1,Gold Star,481,Clothing,11,203.28,0,0,39,16,6,50,111,0
8110,2023-12-25,4,Gold Star,325,Electronics,5,12.5,0,1,19,9,4,40,72,0
8111,2023-04-04,1,Business,175,Seasonal,19,607.24,0,0,10,3,10,16,39,1
8112,2023-12-06,6,Gold Star,79,Clothing,4,39.08,0,0,11,9,10,9,39,1
8113,2023-05-17,10,Gold Star,442,Appliances,15,192.15,0,0,24,4,4,44,76,0
8114,2023-05-25,4,Executive,76,Kirkland Signature,20,786.8,0,0,22,20,2,1,45,1
8115,2023-05-19,6,Business,31,Seasonal,2,84.32,0,0,1,3,7,20,31,1
8116,2023-05-28,10,Executive,25,Kirkland Signature,8,364.48,1,0,2,5,10,43,60,0
8117,2023-03-07,8,Gold Star,220,Grocery,16,62.56,0,0,45,9,11,58,123,0
8118,2023-08-06,4,Gold Star,295,Appliances,20,559.4,1,0,44,12,6,40,102,0
8119,2023-06-06,7,Executive,189,Home,18,898.92,0,0,3,9,2,31,45,1
8120,2023-02-07,6,Gold Star,31,Seasonal,12,505.92,0,0,41,23,5,40,109,0
8121,2023-08-02,2,Business,354,Clothing,14,667.94,0,0,27,8,10,27,72,0
8122,2023-12-13,9,Executive,72,Grocery,20,767.0,0,0,25,14,11,34,84,0
8123,2023-02-15,1,Business,392,Seasonal,9,59.31,0,0,41,14,2,35,92,0
8124,2023-08-22,8,Business,226,Grocery,3,84.36,0,0,8,8,6,42,64,0
8125,2023-10-22,10,Business,320,Clothing,17,290.87,1,0,20,15,3,39,77,0
8126,2023-05-14,2,Executive,246,Clothing,11,474.76,1,0,35,16,5,61,117,0
8127,2023-09-14,1,Gold Star,402,Furniture,16,20.96,0,0,19,14,5,24,62,0
8128,2023-02-24,3,Business,8,Appliances,11,53.79,0,0,17,24,11,8,60,0
8129,2023-11-29,7,Executive,481,Clothing,5,92.4,0,0,10,19,11,22,62,0
8130,2023-06-17,6,Business,16,Kirkland Signature,16,724.48,1,0,9,22,7,28,66,0
8131,2023-06-01,3,Executive,42,Home,3,54.0,0,0,33,16,7,32,88,0
8132,2023-12-10,10,Executive,127,Clothing,19,622.63,1,0,15,14,10,29,68,0
8133,2023-12-18,1,Business,296,Kirkland Signature,17,731.0,0,1,15,4,5,22,46,1
8134,2023-11-29,4,Executive,185,Kirkland Signature,16,16.16,0,0,15,12,5,1,33,1
8135,2023-06-26,10,Executive,11,Clothing,14,94.64,0,0,20,14,7,56,97,0
8136,2023-10-21,8,Gold Star,323,Electronics,10,427.7,1,0,10,15,7,16,48,1
8137,2023-02-16,10,Executive,376,Kirkland Signature,7,152.46,0,0,11,7,8,30,56,0
8138,2023-01-04,3,Business,457,Clothing,14,664.72,0,0,42,24,11,47,124,0
8139,2023-09-04,2,Gold Star,391,Seasonal,19,338.96,0,0,2,17,7,29,55,0
8140,2023-03-07,6,Business,64,Electronics,4,23.32,0,0,3,11,11,49,74,0
8141,2023-02-26,6,Business,491,Appliances,2,26.72,1,0,18,24,1,10,53,0
8142,2023-06-14,10,Executive,240,Home,6,148.5,0,0,32,2,4,40,78,0
8143,2023-12-24,4,Executive,72,Grocery,12,460.2,1,1,13,19,6,67,105,0
8144,2023-06-16,9,Gold Star,105,Furniture,10,109.0,0,0,31,20,10,9,70,0
8145,2023-08-30,1,Gold Star,100,Electronics,1,27.86,0,0,47,20,5,7,79,0
8146,2023-08-13,9,Executive,227,Clothing,13,422.24,1,0,28,6,3,56,93,0
8147,2023-10-26,3,Gold Star,392,Seasonal,6,39.54,0,0,16,7,6,52,81,0
8148,2023-05-18,3,Executive,56,Seasonal,3,34.11,0,0,37,8,8,24,77,0
8149,2023-10-18,3,Business,475,Kirkland Signature,4,57.48,0,0,6,3,2,35,46,1
8150,2023-02-08,9,Executive,159,Home,14,564.2,0,0,18,7,4,67,96,0
8151,2023-11-16,7,Gold Star,113,Clothing,10,130.4,0,0,42,1,2,68,113,0
8152,2023-07-04,8,Business,194,Furniture,18,517.14,0,0,22,6,10,23,61,0
8153,2023-02-19,10,Business,430,Kirkland Signature,15,609.6,1,0,8,13,9,46,76,0
8154,2023-11-28,7,Business,72,Grocery,2,76.7,0,0,13,22,3,9,47,1
8155,2023-09-19,1,Gold Star,413,Home,13,636.74,0,0,14,11,8,56,89,0
8156,2023-01-30,6,Gold Star,110,Kirkland Signature,10,302.9,0,0,3,2,1,14,20,1
8157,2023-05-12,5,Business,111,Appliances,14,48.86,0,0,5,14,3,34,56,0
8158,2023-06-18,6,Executive,427,Electronics,17,821.95,1,0,23,10,7,48,88,0
8159,2023-01-03,2,Business,486,Clothing,6,210.72,0,0,14,10,9,69,102,0
8160,2023-05-15,3,Executive,470,Kirkland Signature,13,498.81,0,0,23,5,10,18,56,0
8161,2023-09-22,10,Executive,263,Kirkland Signature,11,278.85,0,0,26,7,8,42,83,0
8162,2023-09-29,8,Gold Star,67,Clothing,13,186.81,0,0,11,15,2,38,66,0
8163,2023-06-21,6,Executive,32,Kirkland Signature,7,197.68,0,0,34,17,4,64,119,0
8164,2023-11-19,2,Gold Star,255,Seasonal,9,373.5,1,0,5,24,7,60,96,0
8165,2023-10-23,2,Gold Star,490,Furniture,3,103.38,0,0,18,9,12,48,87,0
8166,2023-03-14,3,Gold Star,434,Kirkland Signature,17,458.83,0,0,47,21,5,30,103,0
8167,2023-05-04,2,Business,118,Furniture,9,119.61,0,0,4,3,3,65,75,0
8168,2023-04-02,3,Executive,173,Seasonal,15,307.65,1,0,3,3,9,36,51,0
8169,2023-03-13,3,Business,204,Electronics,4,42.64,0,0,1,18,11,29,59,0
8170,2023-07-11,8,Business,432,Electronics,20,868.8,0,0,24,16,9,7,56,0
8171,2023-10-15,7,Gold Star,264,Appliances,12,522.48,1,0,37,17,8,68,130,0
8172,2023-02-09,8,Executive,402,Furniture,3,3.93,0,0,6,23,1,24,54,0
8173,2023-02-17,8,Executive,231,Seasonal,4,19.16,0,0,20,18,2,53,93,0
8174,2023-03-06,5,Gold Star,278,Home,1,42.43,0,0,30,10,3,51,94,0
8175,2023-03-09,4,Gold Star,323,Electronics,17,727.09,0,0,14,12,3,55,84,0
8176,2023-05-28,8,Business,366,Kirkland Signature,5,24.25,1,0,14,23,6,64,107,0
8177,2023-02-07,6,Gold Star,414,Grocery,1,38.95,0,0,13,7,11,48,79,0
8178,2023-12-05,2,Gold Star,163,Kirkland Signature,4,4.64,0,0,31,6,6,24,67,0
8179,2023-06-24,8,Executive,480,Grocery,18,255.24,1,0,6,14,8,51,79,0
8180,2023-07-15,5,Business,473,Appliances,9,324.45,1,0,13,8,3,20,44,1
8181,2023-09-12,9,Executive,57,Seasonal,1,2.62,0,0,25,10,1,30,66,0
8182,2023-03-31,2,Executive,257,Grocery,19,724.09,0,0,26,23,9,53,111,0
8183,2023-08-16,2,Business,493,Clothing,3,66.51,0,0,29,15,4,51,99,0
8184,2023-05-16,4,Business,29,Clothing,3,134.52,0,0,9,7,4,46,66,0
8185,2023-09-10,5,Gold Star,39,Seasonal,12,579.12,1,0,15,18,6,16,55,0
8186,2023-03-27,3,Business,303,Electronics,9,184.41,0,0,8,13,7,37,65,0
8187,2023-10-05,8,Executive,492,Electronics,18,565.56,0,0,31,22,1,40,94,0
8188,2023-06-13,10,Business,359,Home,10,64.8,0,0,35,19,3,57,114,0
8189,2023-03-16,3,Business,238,Kirkland Signature,6,67.26,0,0,39,17,5,5,66,0
8190,2023-07-25,9,Business,193,Clothing,6,230.04,0,0,1,15,6,28,50,0
8191,2023-12-27,2,Executive,349,Home,14,484.82,0,0,21,8,9,5,43,1
8192,2023-12-08,9,Executive,140,Electronics,16,725.92,0,0,18,15,5,23,61,0
8193,2023-01-09,1,Business,187,Furniture,3,68.61,0,0,26,23,11,33,93,0
8194,2023-02-19,1,Executive,401,Kirkland Signature,9,346.59,1,0,15,6,12,12,45,1
8195,2023-11-21,6,Business,120,Kirkland Signature,8,284.88,0,0,27,6,2,29,64,0
8196,2023-12-19,10,Executive,191,Furniture,4,67.84,0,1,38,23,7,9,77,0
8197,2023-10-20,1,Business,141,Home,2,57.7,0,0,42,23,2,39,106,0
8198,2023-06-10,1,Gold Star,314,Seasonal,16,670.4,1,0,24,9,1,41,75,0
8199,2023-04-28,3,Gold Star,276,Kirkland Signature,8,205.92,0,0,15,16,9,58,98,0
8200,2023-03-12,9,Executive,126,Furniture,15,490.65,1,0,26,7,6,2,41,1
8201,2023-11-08,5,Gold Star,228,Clothing,3,115.41,0,0,35,16,1,8,60,0
8202,2023-10-26,8,Executive,319,Seasonal,16,425.28,0,0,14,23,3,52,92,0
8203,2023-11-04,2,Executive,54,Appliances,6,100.68,1,0,36,17,8,10,71,0
8204,2023-12-08,1,Gold Star,256,Grocery,9,40.14,0,0,37,1,11,69,118,0
8205,2023-04-02,3,Business,128,Grocery,15,395.1,1,0,3,2,7,45,57,0
8206,2023-12-27,3,Business,444,Kirkland Signature,5,81.5,0,0,4,13,12,15,44,1
8207,2023-05-02,6,Business,295,Appliances,11,307.67,0,0,16,24,2,14,56,0
8208,2023-08-02,9,Gold Star,137,Furniture,1,46.98,0,0,27,17,6,6,56,0
8209,2023-07-24,9,Executive,368,Grocery,16,264.8,0,0,18,22,11,67,118,0
8210,2023-06-05,6,Gold Star,159,Home,14,564.2,0,0,39,18,3,67,127,0
8211,2023-09-24,10,Gold Star,179,Clothing,8,106.72,1,0,37,19,12,27,95,0
8212,2023-09-01,5,Gold Star,119,Electronics,3,61.17,0,0,47,12,3,56,118,0
8213,2023-05-27,3,Executive,39,Seasonal,7,337.82,1,0,11,17,11,25,64,0
8214,2023-10-22,9,Gold Star,171,Electronics,6,213.6,1,0,48,4,7,4,63,0
8215,2023-05-03,9,Business,307,Kirkland Signature,10,124.4,0,0,10,22,8,54,94,0
8216,2023-06-07,5,Gold Star,142,Kirkland Signature,9,369.9,0,0,27,18,5,64,114,0
8217,2023-03-14,7,Executive,193,Clothing,15,575.1,0,0,3,5,10,55,73,0
8218,2023-08-30,3,Executive,390,Seasonal,11,528.11,0,0,44,1,12,15,72,0
8219,2023-07-15,6,Executive,301,Kirkland Signature,12,599.4,1,0,5,7,12,8,32,1
8220,2023-09-03,5,Business,347,Clothing,4,145.08,1,0,33,1,1,45,80,0
8221,2023-07-03,6,Business,48,Seasonal,19,874.38,0,0,42,23,1,18,84,0
8222,2023-05-07,7,Business,121,Electronics,6,247.92,1,0,12,7,9,56,84,0
8223,2023-08-15,1,Gold Star,291,Kirkland Signature,3,5.49,0,0,44,3,9,20,76,0
8224,2023-07-24,7,Business,295,Appliances,1,27.97,0,0,19,8,2,31,60,0
8225,2023-04-02,3,Executive,416,Home,17,808.52,1,0,4,7,8,41,60,0
8226,2023-03-26,4,Executive,168,Kirkland Signature,13,511.94,1,0,39,4,5,45,93,0
8227,2023-06-30,7,Executive,322,Furniture,9,236.61,0,0,24,12,8,57,101,0
8228,2023-01-19,10,Gold Star,482,Kirkland Signature,18,849.96,0,0,4,8,7,1,20,1
8229,2023-10-30,2,Gold Star,352,Electronics,11,500.61,0,0,36,11,8,47,102,0
8230,2023-12-18,3,Gold Star,465,Seasonal,1,9.81,0,1,29,7,12,72,120,0
8231,2023-12-14,8,Gold Star,94,Furniture,19,325.47,0,0,12,16,5,25,58,0
8232,2023-02-01,7,Business,271,Appliances,8,284.32,0,0,9,17,8,53,87,0
8233,2023-11-21,5,Gold Star,68,Kirkland Signature,5,180.35,0,0,47,24,3,64,138,0
8234,2023-03-04,10,Business,162,Kirkland Signature,11,255.75,1,0,36,4,11,66,117,0
8235,2023-04-07,3,Gold Star,460,Electronics,17,209.1,0,0,27,21,6,22,76,0
8236,2023-03-14,8,Business,16,Kirkland Signature,3,135.84,0,0,17,2,9,35,63,0
8237,2023-08-24,10,Gold Star,99,Home,13,206.96,0,0,48,9,9,56,122,0
8238,2023-01-17,2,Gold Star,156,Seasonal,7,300.37,0,0,43,22,10,47,122,0
8239,2023-12-25,2,Gold Star,59,Grocery,12,424.44,0,1,31,4,3,58,96,0
8240,2023-02-01,3,Executive,177,Grocery,13,499.85,0,0,12,10,2,14,38,1
8241,2023-09-01,6,Executive,310,Furniture,19,26.22,0,0,21,17,9,17,64,0
8242,2023-10-05,5,Gold Star,238,Kirkland Signature,14,156.94,0,0,3,24,12,35,74,0
8243,2023-12-19,5,Executive,271,Appliances,9,319.86,0,1,24,1,10,12,47,1
8244,2023-08-01,5,Gold Star,477,Clothing,4,165.2,0,0,13,4,10,10,37,1
8245,2023-05-06,4,Executive,78,Kirkland Signature,10,204.1,1,0,25,3,7,50,85,0
8246,2023-04-28,9,Business,359,Home,19,123.12,0,0,10,8,4,3,25,1
8247,2023-05-18,10,Executive,449,Appliances,16,525.12,0,0,4,19,6,28,57,0
8248,2023-09-25,2,Business,195,Furniture,12,565.92,0,0,29,9,10,1,49,0
8249,2023-08-24,4,Business,61,Appliances,19,30.21,0,0,15,18,4,38,75,0
8250,2023-04-04,8,Executive,267,Seasonal,13,36.53,0,0,30,6,7,49,92,0
8251,2023-03-14,1,Gold Star,175,Seasonal,17,543.32,0,0,30,20,7,32,89,0
8252,2023-06-27,8,Gold Star,451,Appliances,6,69.6,0,0,1,17,9,28,55,0
8253,2023-04-03,5,Executive,75,Appliances,8,323.04,0,0,30,4,2,49,85,0
8254,2023-11-21,2,Gold Star,478,Seasonal,17,384.88,0,0,21,5,12,5,43,1
8255,2023-08-03,8,Executive,451,Appliances,5,58.0,0,0,13,24,1,6,44,1
8256,2023-04-23,3,Executive,190,Appliances,13,557.44,1,0,15,6,9,24,54,0
8257,2023-06-23,4,Business,245,Appliances,10,436.5,0,0,42,14,5,36,97,0
8258,2023-07-10,5,Business,354,Clothing,4,190.84,0,0,43,21,2,42,108,0
8259,2023-05-03,8,Executive,16,Kirkland Signature,1,45.28,0,0,6,9,10,44,69,0
8260,2023-05-06,9,Gold Star,245,Appliances,14,611.1,1,0,38,22,7,36,103,0
8261,2023-05-17,8,Gold Star,420,Seasonal,2,49.44,0,0,13,20,5,26,64,0
8262,2023-08-27,1,Business,59,Grocery,4,141.48,1,0,7,12,3,38,60,0
8263,2023-11-22,1,Gold Star,74,Appliances,10,399.4,0,0,18,2,12,36,68,0
8264,2023-02-03,2,Gold Star,455,Grocery,12,400.44,0,0,25,14,7,26,72,0
8265,2023-06-01,4,Business,94,Furniture,16,274.08,0,0,44,13,10,43,110,0
8266,2023-12-13,6,Gold Star,392,Seasonal,6,39.54,0,0,24,14,1,32,71,0
8267,2023-10-03,3,Business,482,Kirkland Signature,17,802.74,0,0,9,5,3,22,39,1
8268,2023-02-17,8,Executive,405,Seasonal,10,152.1,0,0,21,23,6,49,99,0
8269,2023-06-04,3,Gold Star,206,Furniture,11,496.65,1,0,30,17,7,17,71,0
8270,2023-03-04,10,Business,264,Appliances,10,435.4,1,0,23,5,9,11,48,1
8271,2023-07-21,7,Executive,477,Clothing,4,165.2,0,0,3,12,7,66,88,0
8272,2023-07-28,2,Business,346,Clothing,3,16.65,0,0,13,24,4,14,55,0
8273,2023-11-10,7,Executive,185,Kirkland Signature,17,17.17,0,0,33,3,7,18,61,0
8274,2023-08-08,6,Gold Star,126,Furniture,8,261.68,0,0,22,16,12,18,68,0
8275,2023-05-20,2,Executive,198,Home,4,109.48,1,0,7,4,4,34,49,0
8276,2023-09-12,8,Executive,377,Grocery,10,35.6,0,0,11,5,4,4,24,1
8277,2023-11-09,1,Gold Star,276,Kirkland Signature,2,51.48,0,0,7,2,11,70,90,0
8278,2023-12-05,8,Business,330,Furniture,16,302.24,0,0,32,13,9,72,126,0
8279,2023-03-29,1,Business,137,Furniture,12,563.76,0,0,20,11,7,26,64,0
8280,2023-11-09,6,Executive,231,Seasonal,15,71.85,0,0,6,13,6,32,57,0
8281,2023-05-11,2,Executive,252,Clothing,3,70.56,0,0,18,24,12,25,79,0
8282,2023-03-25,6,Executive,118,Furniture,18,239.22,1,0,16,3,12,46,77,0
8283,2023-12-02,3,Executive,444,Kirkland Signature,12,195.6,1,0,2,1,10,54,67,0
8284,2023-11-30,2,Gold Star,373,Seasonal,15,457.2,0,0,16,1,7,4,28,1
8285,2023-08-29,4,Executive,369,Clothing,5,237.75,0,0,10,13,4,44,71,0
8286,2023-08-24,8,Gold Star,87,Clothing,8,81.84,0,0,44,5,7,62,118,0
8287,2023-12-27,5,Executive,127,Clothing,12,393.24,0,0,24,5,2,44,75,0
8288,2023-03-27,4,Gold Star,364,Grocery,10,261.7,0,0,8,21,3,59,91,0
8289,2023-05-28,10,Gold Star,482,Kirkland Signature,12,566.64,1,0,24,9,11,61,105,0
8290,2023-02-02,2,Business,401,Kirkland Signature,12,462.12,0,0,12,13,2,53,80,0
8291,2023-03-17,5,Gold Star,23,Kirkland Signature,19,158.27,0,0,4,10,8,24,46,1
8292,2023-05-04,1,Gold Star,426,Home,16,514.4,0,0,38,23,5,69,135,0
8293,2023-07-15,4,Gold Star,157,Clothing,2,77.9,1,0,20,22,11,56,109,0
8294,2023-02-28,6,Executive,454,Appliances,4,95.36,0,0,33,22,10,23,88,0
8295,2023-10-20,7,Business,419,Clothing,13,326.82,0,0,24,14,4,52,94,0
8296,2023-04-28,8,Executive,260,Home,6,279.84,0,0,37,20,9,12,78,0
8297,2023-12-27,8,Gold Star,305,Electronics,6,295.32,0,0,27,18,8,21,74,0
8298,2023-04-15,9,Executive,86,Kirkland Signature,17,419.22,1,0,38,22,10,71,141,0
8299,2023-05-14,9,Executive,402,Furniture,16,20.96,1,0,35,8,4,47,94,0
8300,2023-11-16,10,Executive,255,Seasonal,9,373.5,0,0,33,5,1,21,60,0
8301,2023-08-20,6,Gold Star,9,Kirkland Signature,14,660.38,1,0,22,11,5,12,50,0
8302,2023-09-03,8,Business,10,Furniture,12,206.28,1,0,15,14,3,28,60,0
8303,2023-01-07,2,Executive,26,Electronics,20,573.4,1,0,9,18,11,55,93,0
8304,2023-06-10,3,Business,404,Home,12,443.52,1,0,3,1,11,11,26,1
8305,2023-10-05,7,Executive,125,Home,15,569.25,0,0,21,24,12,49,106,0
8306,2023-11-15,1,Executive,58,Kirkland Signature,13,314.21,0,0,44,3,12,12,71,0
8307,2023-03-17,6,Gold Star,68,Kirkland Signature,5,180.35,0,0,47,12,1,65,125,0
8308,2023-03-03,9,Gold Star,438,Electronics,17,802.74,0,0,48,8,5,11,72,0
8309,2023-10-25,8,Executive,426,Home,7,225.05,0,0,34,1,2,20,57,0
8310,2023-10-28,5,Executive,354,Clothing,3,143.13,1,0,33,15,5,49,102,0
8311,2023-01-06,9,Executive,197,Grocery,18,856.8,0,0,22,16,5,51,94,0
8312,2023-03-14,9,Executive,261,Seasonal,12,475.92,0,0,18,5,1,30,54,0
8313,2023-08-10,6,Gold Star,474,Electronics,7,166.74,0,0,3,5,7,1,16,1
8314,2023-11-04,6,Gold Star,450,Electronics,20,179.2,1,0,45,22,3,66,136,0
8315,2023-07-26,2,Business,71,Seasonal,9,217.53,0,0,41,12,7,18,78,0
8316,2023-11-08,5,Business,281,Kirkland Signature,16,386.08,0,0,20,5,8,72,105,0
8317,2023-07-04,6,Business,225,Grocery,10,22.4,0,0,28,9,6,4,47,1
8318,2023-12-24,3,Gold Star,131,Furniture,8,213.6,1,1,47,9,1,57,114,0
8319,2023-04-22,9,Executive,320,Clothing,18,307.98,1,0,11,16,5,39,71,0
8320,2023-09-09,1,Business,267,Seasonal,13,36.53,1,0,48,6,7,54,115,0
8321,2023-04-16,5,Executive,440,Furniture,16,620.16,1,0,2,7,1,12,22,1
8322,2023-03-05,4,Executive,300,Seasonal,2,66.76,1,0,13,7,6,43,69,0
8323,2023-06-17,3,Gold Star,93,Kirkland Signature,5,121.55,1,0,39,15,3,60,117,0
8324,2023-03-11,2,Business,389,Clothing,12,409.2,1,0,10,23,7,26,66,0
8325,2023-04-16,9,Executive,149,Kirkland Signature,2,33.06,1,0,21,22,10,59,112,0
8326,2023-03-16,2,Executive,270,Kirkland Signature,15,626.55,0,0,19,21,6,1,47,1
8327,2023-11-12,7,Gold Star,473,Appliances,7,252.35,1,0,27,17,3,4,51,0
8328,2023-05-30,2,Gold Star,279,Kirkland Signature,7,227.71,0,0,8,17,1,24,50,0
8329,2023-03-16,8,Gold Star,84,Furniture,17,349.18,0,0,39,19,11,49,118,0
8330,2023-11-09,9,Business,413,Home,20,979.6,0,0,10,10,9,41,70,0
8331,2023-04-19,7,Business,143,Home,7,269.08,0,0,19,6,12,71,108,0
8332,2023-01-01,8,Gold Star,194,Furniture,19,545.87,1,0,37,2,10,28,77,0
8333,2023-02-20,10,Executive,132,Appliances,12,25.08,0,0,37,19,2,5,63,0
8334,2023-01-15,1,Executive,94,Furniture,17,291.21,1,0,17,13,6,1,37,1
8335,2023-04-24,3,Executive,476,Seasonal,20,656.4,0,0,18,13,7,31,69,0
8336,2023-07-07,5,Business,171,Electronics,2,71.2,0,0,42,20,4,69,135,0
8337,2023-04-28,5,Executive,153,Home,5,144.9,0,0,24,14,5,18,61,0
8338,2023-05-19,2,Gold Star,56,Seasonal,20,227.4,0,0,31,11,1,40,83,0
8339,2023-10-06,6,Executive,329,Electronics,13,210.99,0,0,25,3,3,34,65,0
8340,2023-07-24,10,Gold Star,338,Seasonal,17,784.38,0,0,48,15,12,14,89,0
8341,2023-08-14,9,Gold Star,82,Home,19,130.34,0,0,47,16,3,39,105,0
8342,2023-10-21,4,Gold Star,303,Electronics,20,409.8,1,0,44,9,3,66,122,0
8343,2023-10-29,6,Gold Star,165,Appliances,11,522.83,1,0,36,5,7,5,53,0
8344,2023-05-14,1,Executive,458,Clothing,4,155.84,1,0,21,20,5,16,62,0
8345,2023-07-18,6,Executive,219,Home,7,14.7,0,0,25,23,10,45,103,0
8346,2023-08-27,8,Gold Star,176,Clothing,6,110.4,1,0,19,3,12,25,59,0
8347,2023-07-03,5,Business,493,Clothing,8,177.36,0,0,14,7,12,26,59,0
8348,2023-03-01,8,Business,46,Electronics,5,57.65,0,0,11,13,1,30,55,0
8349,2023-02-27,10,Business,467,Electronics,12,33.24,0,0,41,7,12,17,77,0
8350,2023-02-12,5,Gold Star,400,Grocery,15,536.55,1,0,42,12,3,11,68,0
8351,2023-01-17,9,Business,39,Seasonal,16,772.16,0,0,47,10,3,37,97,0
8352,2023-07-13,8,Gold Star,472,Clothing,11,485.32,0,0,1,16,5,24,46,1
8353,2023-12-25,3,Business,499,Clothing,7,129.57,0,1,27,4,6,14,51,0
8354,2023-07-31,4,Gold Star,69,Kirkland Signature,16,210.88,0,0,14,14,9,65,102,0
8355,2023-08-08,9,Executive,267,Seasonal,20,56.2,0,0,6,3,5,41,55,0
8356,2023-12-23,5,Gold Star,342,Grocery,16,486.56,1,1,5,1,3,64,73,0
8357,2023-07-03,10,Executive,183,Electronics,13,283.53,0,0,18,5,6,41,70,0
8358,2023-04-25,3,Executive,361,Kirkland Signature,6,254.88,0,0,46,12,11,56,125,0
8359,2023-02-07,3,Gold Star,278,Home,9,381.87,0,0,29,21,12,37,99,0
8360,2023-03-06,4,Executive,333,Grocery,12,277.44,0,0,8,18,5,9,40,1
8361,2023-02-19,8,Business,457,Clothing,3,142.44,1,0,13,9,8,30,60,0
8362,2023-04-12,5,Gold Star,116,Electronics,9,370.71,0,0,28,19,12,45,104,0
8363,2023-12-13,4,Executive,396,Electronics,17,794.41,0,0,38,16,2,71,127,0
8364,2023-11-23,3,Executive,196,Seasonal,20,778.4,0,0,26,22,3,21,72,0
8365,2023-01-05,7,Business,8,Appliances,13,63.57,0,0,28,14,7,18,67,0
8366,2023-10-29,4,Business,383,Seasonal,17,580.55,1,0,18,21,9,38,86,0
8367,2023-09-09,4,Business,399,Clothing,18,367.74,1,0,7,13,11,46,77,0
8368,2023-11-20,6,Gold Star,259,Furniture,6,226.62,0,0,28,8,6,53,95,0
8369,2023-02-06,10,Business,278,Home,14,594.02,0,0,39,22,4,35,100,0
8370,2023-04-20,7,Gold Star,27,Kirkland Signature,9,405.99,0,0,43,8,2,54,107,0
8371,2023-10-08,3,Business,336,Electronics,20,905.4,1,0,4,19,9,2,34,1
8372,2023-05-11,4,Executive,61,Appliances,16,25.44,0,0,19,17,9,50,95,0
8373,2023-08-04,7,Gold Star,143,Home,4,153.76,0,0,14,16,6,62,98,0
8374,2023-02-20,9,Gold Star,489,Electronics,1,44.51,0,0,25,1,10,7,43,1
8375,2023-10-10,10,Business,361,Kirkland Signature,13,552.24,0,0,3,7,9,22,41,1
8376,2023-04-08,7,Business,336,Electronics,17,769.59,1,0,42,16,9,26,93,0
8377,2023-02-21,1,Business,462,Kirkland Signature,2,62.94,0,0,12,24,7,49,92,0
8378,2023-09-10,10,Gold Star,380,Seasonal,15,330.6,1,0,2,16,4,52,74,0
8379,2023-05-10,9,Executive,487,Home,19,685.14,0,0,43,10,6,8,67,0
8380,2023-11-15,9,Executive,294,Grocery,2,94.26,0,0,13,11,1,54,79,0
8381,2023-10-08,2,Gold Star,33,Clothing,11,427.68,1,0,29,14,9,52,104,0
8382,2023-08-25,3,Gold Star,286,Electronics,9,350.91,0,0,42,17,8,17,84,0
8383,2023-11-02,9,Gold Star,190,Appliances,10,428.8,0,0,5,4,5,6,20,1
8384,2023-03-27,5,Business,229,Seasonal,16,685.44,0,0,26,15,11,5,57,0
8385,2023-05-26,1,Business,226,Grocery,10,281.2,0,0,14,3,3,63,83,0
8386,2023-12-21,4,Business,313,Clothing,8,141.68,0,1,2,21,2,57,82,0
8387,2023-03-24,6,Business,210,Appliances,18,785.7,0,0,42,22,4,10,78,0
8388,2023-05-16,1,Executive,271,Appliances,15,533.1,0,0,36,3,9,51,99,0
8389,2023-09-30,6,Gold Star,6,Appliances,18,498.6,1,0,41,15,7,6,69,0
8390,2023-04-14,6,Executive,203,Appliances,12,243.12,0,0,10,19,1,71,101,0
8391,2023-08-17,9,Gold Star,108,Furniture,12,438.12,0,0,39,16,3,35,93,0
8392,2023-03-27,5,Executive,385,Furniture,8,5.36,0,0,46,6,4,71,127,0
8393,2023-10-10,9,Business,16,Kirkland Signature,18,815.04,0,0,16,21,8,51,96,0
8394,2023-05-09,4,Gold Star,90,Seasonal,4,130.04,0,0,4,22,8,42,76,0
8395,2023-05-23,6,Gold Star,292,Electronics,7,40.25,0,0,47,20,12,28,107,0
8396,2023-01-21,6,Gold Star,90,Seasonal,9,292.59,1,0,27,12,2,56,97,0
8397,2023-09-03,9,Executive,181,Clothing,4,43.88,1,0,16,21,7,65,109,0
8398,2023-05-30,3,Gold Star,353,Kirkland Signature,7,84.42,0,0,35,11,7,30,83,0
8399,2023-09-25,7,Business,187,Furniture,1,22.87,0,0,20,10,3,16,49,0
8400,2023-12-26,7,Executive,91,Kirkland Signature,7,292.18,0,0,22,15,1,13,51,0
8401,2023-05-14,8,Gold Star,255,Seasonal,2,83.0,1,0,19,20,8,7,54,0
8402,2023-11-29,8,Gold Star,306,Home,7,78.82,0,0,28,2,2,52,84,0
8403,2023-06-27,2,Executive,306,Home,20,225.2,0,0,15,2,8,23,48,1
8404,2023-02-05,4,Gold Star,313,Clothing,17,301.07,1,0,23,5,1,39,68,0
8405,2023-04-24,9,Gold Star,416,Home,8,380.48,0,0,46,6,11,7,70,0
8406,2023-02-09,5,Executive,23,Kirkland Signature,12,99.96,0,0,30,13,7,71,121,0
8407,2023-07-15,4,Gold Star,45,Clothing,7,40.04,1,0,14,18,11,22,65,0
8408,2023-07-03,4,Executive,473,Appliances,9,324.45,0,0,37,17,8,61,123,0
8409,2023-07-31,8,Gold Star,400,Grocery,17,608.09,0,0,25,24,8,70,127,0
8410,2023-02-11,5,Executive,22,Clothing,19,466.07,1,0,21,9,8,5,43,1
8411,2023-11-30,10,Gold Star,316,Kirkland Signature,3,63.21,0,0,18,2,3,57,80,0
8412,2023-08-02,1,Executive,344,Furniture,5,33.8,0,0,34,4,9,25,72,0
8413,2023-08-21,6,Executive,104,Clothing,12,166.56,0,0,8,3,7,43,61,0
8414,2023-11-18,2,Executive,202,Furniture,15,339.45,1,0,27,4,6,49,86,0
8415,2023-05-12,1,Gold Star,487,Home,11,396.66,0,0,10,19,5,70,104,0
8416,2023-08-15,9,Business,302,Seasonal,16,190.24,0,0,3,11,3,16,33,1
8417,2023-09-07,10,Gold Star,164,Clothing,10,365.0,0,0,3,15,3,41,62,0
8418,2023-12-18,2,Gold Star,261,Seasonal,3,118.98,0,1,36,7,3,12,58,0
8419,2023-04-09,8,Gold Star,284,Furniture,6,38.58,1,0,26,23,6,5,60,0
8420,2023-08-13,5,Business,271,Appliances,11,390.94,1,0,20,16,5,19,60,0
8421,2023-12-05,7,Business,253,Clothing,2,2.94,0,0,5,3,3,72,83,0
8422,2023-09-02,1,Business,498,Kirkland Signature,20,912.6,1,0,11,5,5,63,84,0
8423,2023-07-05,7,Business,244,Electronics,13,452.53,0,0,18,19,6,71,114,0
8424,2023-07-15,4,Business,13,Furniture,14,301.56,1,0,8,3,1,70,82,0
8425,2023-01-28,6,Business,10,Furniture,2,34.38,1,0,33,3,6,20,62,0
8426,2023-09-02,5,Executive,311,Kirkland Signature,14,13.44,1,0,41,24,5,28,98,0
8427,2023-11-27,3,Business,74,Appliances,7,279.58,0,0,5,2,12,37,56,0
8428,2023-04-25,2,Executive,297,Grocery,5,80.0,0,0,3,8,1,21,33,1
8429,2023-03-13,5,Gold Star,185,Kirkland Signature,15,15.15,0,0,27,18,5,19,69,0
8430,2023-10-16,6,Executive,246,Clothing,11,474.76,0,0,47,15,11,9,82,0
8431,2023-09-16,6,Gold Star,109,Grocery,2,69.18,1,0,37,1,7,44,89,0
8432,2023-05-19,1,Business,123,Clothing,17,271.32,0,0,16,1,7,8,32,1
8433,2023-09-27,8,Business,65,Seasonal,19,226.48,0,0,16,8,7,28,59,0
8434,2023-01-19,9,Executive,372,Furniture,20,406.6,0,0,2,8,5,14,29,1
8435,2023-05-02,7,Executive,128,Grocery,16,421.44,0,0,29,11,5,22,67,0
8436,2023-09-30,6,Business,25,Kirkland Signature,16,728.96,1,0,5,21,9,32,67,0
8437,2023-08-15,8,Business,186,Electronics,15,613.95,0,0,6,14,4,23,47,1
8438,2023-05-13,9,Executive,4,Furniture,5,55.45,1,0,5,4,7,55,71,0
8439,2023-05-13,2,Business,209,Home,9,156.78,1,0,41,24,2,8,75,0
8440,2023-06-26,7,Gold Star,278,Home,5,212.15,0,0,44,2,5,38,89,0
8441,2023-08-07,8,Executive,334,Clothing,9,244.71,0,0,35,17,8,39,99,0
8442,2023-06-22,7,Executive,122,Kirkland Signature,6,218.88,0,0,38,17,10,39,104,0
8443,2023-10-27,3,Gold Star,255,Seasonal,14,581.0,0,0,17,9,2,40,68,0
8444,2023-05-09,1,Business,202,Furniture,4,90.52,0,0,43,15,7,19,84,0
8445,2023-03-01,1,Executive,28,Electronics,1,0.86,0,0,36,8,7,50,101,0
8446,2023-02-09,4,Gold Star,30,Electronics,17,166.94,0,0,25,18,11,65,119,0
8447,2023-11-01,7,Business,305,Electronics,10,492.2,0,0,6,17,6,43,72,0
8448,2023-03-03,10,Business,162,Kirkland Signature,20,465.0,0,0,10,11,8,43,72,0
8449,2023-11-05,6,Business,37,Electronics,1,7.66,1,0,7,12,5,35,59,0
8450,2023-11-17,4,Gold Star,307,Kirkland Signature,6,74.64,0,0,5,8,1,41,55,0
8451,2023-10-20,2,Gold Star,412,Furniture,1,33.49,0,0,3,2,4,53,62,0
8452,2023-07-29,2,Business,242,Electronics,4,130.0,1,0,32,5,3,37,77,0
8453,2023-01-04,7,Business,69,Kirkland Signature,11,144.98,0,0,20,22,1,68,111,0
8454,2023-01-23,4,Gold Star,288,Furniture,19,172.71,0,0,45,1,8,7,61,0
8455,2023-11-18,7,Gold Star,102,Grocery,15,101.1,1,0,33,20,1,18,72,0
8456,2023-04-26,3,Business,367,Electronics,2,53.82,0,0,12,18,8,62,100,0
8457,2023-03-06,1,Business,336,Electronics,9,407.43,0,0,16,23,10,43,92,0
8458,2023-12-15,8,Executive,318,Home,7,264.25,0,1,20,24,3,60,107,0
8459,2023-04-29,5,Gold Star,35,Clothing,8,227.36,1,0,21,4,4,56,85,0
8460,2023-04-26,9,Gold Star,486,Clothing,14,491.68,0,0,43,24,10,34,111,0
8461,2023-12-23,6,Executive,160,Kirkland Signature,9,389.88,1,1,29,17,2,50,98,0
8462,2023-08-09,1,Gold Star,338,Seasonal,19,876.66,0,0,16,20,9,57,102,0
8463,2023-10-06,10,Business,126,Furniture,8,261.68,0,0,46,17,3,68,134,0
8464,2023-06-15,8,Executive,250,Home,9,319.59,0,0,10,14,3,12,39,1
8465,2023-10-03,2,Executive,104,Clothing,1,13.88,0,0,8,13,6,70,97,0
8466,2023-10-27,10,Gold Star,95,Home,13,425.1,0,0,31,16,6,11,64,0
8467,2023-02-25,2,Gold Star,127,Clothing,5,163.85,1,0,5,23,3,58,89,0
8468,2023-08-22,10,Executive,147,Appliances,10,427.8,0,0,29,15,9,45,98,0
8469,2023-01-12,10,Business,107,Seasonal,1,14.33,0,0,36,19,3,56,114,0
8470,2023-03-02,9,Gold Star,461,Clothing,6,206.22,0,0,40,18,6,27,91,0
8471,2023-07-21,7,Gold Star,239,Home,9,37.71,0,0,24,23,12,52,111,0
8472,2023-07-19,4,Gold Star,217,Furniture,4,70.08,0,0,12,13,8,71,104,0
8473,2023-04-28,4,Gold Star,53,Seasonal,2,87.64,0,0,13,15,8,51,87,0
8474,2023-02-17,6,Executive,15,Seasonal,11,543.84,0,0,26,15,11,29,81,0
8475,2023-12-23,1,Executive,2,Appliances,7,179.55,1,1,11,20,10,15,56,0
8476,2023-08-25,3,Executive,395,Electronics,5,225.9,0,0,2,7,10,22,41,1
8477,2023-06-06,5,Gold Star,14,Home,13,431.6,0,0,21,4,8,47,80,0
8478,2023-07-27,7,Business,41,Electronics,10,419.4,0,0,16,19,4,37,76,0
8479,2023-10-10,1,Executive,5,Furniture,16,93.12,0,0,25,9,8,31,73,0
8480,2023-09-28,1,Business,69,Kirkland Signature,15,197.7,0,0,27,18,1,2,48,1
8481,2023-08-15,10,Gold Star,222,Kirkland Signature,19,402.99,0,0,43,14,11,13,81,0
8482,2023-11-25,2,Gold Star,242,Electronics,10,325.0,1,0,14,13,3,44,74,0
8483,2023-08-25,10,Business,302,Seasonal,15,178.35,0,0,33,13,1,44,91,0
8484,2023-10-17,3,Gold Star,490,Furniture,15,516.9,0,0,8,20,8,28,64,0
8485,2023-09-26,4,Executive,47,Home,4,88.4,0,0,26,2,11,46,85,0
8486,2023-01-25,10,Executive,372,Furniture,4,81.32,0,0,4,16,9,23,52,0
8487,2023-08-03,3,Executive,478,Seasonal,8,181.12,0,0,36,9,6,38,89,0
8488,2023-02-09,1,Executive,24,Clothing,20,885.4,0,0,9,3,1,20,33,1
8489,2023-01-24,2,Executive,223,Electronics,16,117.92,0,0,46,24,11,63,144,0
8490,2023-09-12,10,Executive,135,Clothing,9,22.59,0,0,16,13,4,49,82,0
8491,2023-03-30,3,Business,491,Appliances,1,13.36,0,0,2,16,2,67,87,0
8492,2023-03-27,8,Executive,49,Appliances,3,78.81,0,0,18,4,7,66,95,0
8493,2023-04-22,2,Business,370,Electronics,16,610.56,1,0,43,10,11,51,115,0
8494,2023-12-30,7,Gold Star,124,Electronics,5,151.9,1,0,3,23,8,10,44,1
8495,2023-10-01,2,Gold Star,361,Kirkland Signature,3,127.44,1,0,7,20,7,59,93,0
8496,2023-12-02,7,Business,477,Clothing,8,330.4,1,0,48,16,4,26,94,0
8497,2023-03-24,9,Executive,173,Seasonal,20,410.2,0,0,33,20,10,66,129,0
8498,2023-04-10,8,Business,361,Kirkland Signature,14,594.72,0,0,32,6,7,24,69,0
8499,2023-02-07,9,Business,350,Seasonal,18,222.84,0,0,7,8,12,9,36,1
8500,2023-04-11,10,Gold Star,246,Clothing,7,302.12,0,0,46,16,4,9,75,0
8501,2023-09-27,7,Gold Star,374,Kirkland Signature,12,317.28,0,0,32,11,11,8,62,0
8502,2023-06-09,6,Gold Star,222,Kirkland Signature,7,148.47,0,0,6,6,2,36,50,0
8503,2023-04-24,7,Gold Star,404,Home,7,258.72,0,0,21,23,1,8,53,0
8504,2023-01-07,1,Executive,272,Grocery,18,449.82,1,0,42,2,6,42,92,0
8505,2023-04-26,5,Executive,316,Kirkland Signature,4,84.28,0,0,4,23,10,11,48,1
8506,2023-08-14,9,Gold Star,490,Furniture,12,413.52,0,0,47,18,5,34,104,0
8507,2023-02-25,2,Executive,430,Kirkland Signature,8,325.12,1,0,13,10,3,63,89,0
8508,2023-01-31,4,Business,106,Furniture,10,142.9,0,0,11,2,9,36,58,0
8509,2023-12-09,2,Executive,292,Electronics,19,109.25,1,0,42,6,2,11,61,0
8510,2023-03-12,1,Executive,99,Home,16,254.72,1,0,48,2,3,7,60,0
8511,2023-06-02,5,Executive,308,Appliances,15,120.6,0,0,12,1,1,33,47,1
8512,2023-06-04,6,Business,123,Clothing,14,223.44,1,0,16,10,11,69,106,0
8513,2023-12-08,1,Business,388,Kirkland Signature,7,49.49,0,0,48,14,7,7,76,0
8514,2023-02-04,5,Gold Star,114,Appliances,7,326.55,1,0,24,20,2,23,69,0
8515,2023-12-22,10,Business,305,Electronics,8,393.76,0,1,14,20,12,49,95,0
8516,2023-03-18,9,Executive,103,Furniture,16,269.92,1,0,44,13,1,10,68,0
8517,2023-12-04,8,Gold Star,69,Kirkland Signature,7,92.26,0,0,11,12,6,65,94,0
8518,2023-11-11,8,Business,322,Furniture,20,525.8,1,0,7,3,1,45,56,0
8519,2023-07-25,7,Executive,369,Clothing,9,427.95,0,0,5,6,10,30,51,0
8520,2023-08-11,9,Business,466,Home,6,18.48,0,0,1,19,2,45,67,0
8521,2023-06-24,3,Business,464,Clothing,16,564.8,1,0,1,15,12,4,32,1
8522,2023-10-25,5,Business,361,Kirkland Signature,10,424.8,0,0,1,8,10,52,71,0
8523,2023-12-14,7,Gold Star,138,Furniture,9,212.67,0,0,34,6,9,39,88,0
8524,2023-07-27,4,Business,67,Clothing,11,158.07,0,0,8,20,4,58,90,0
8525,2023-08-05,2,Gold Star,154,Grocery,1,48.99,1,0,10,18,11,28,67,0
8526,2023-10-18,9,Executive,59,Grocery,6,212.22,0,0,2,6,1,30,39,1
8527,2023-08-23,6,Executive,72,Grocery,8,306.8,0,0,31,7,1,5,44,1
8528,2023-01-17,8,Gold Star,108,Furniture,5,182.55,0,0,41,10,2,62,115,0
8529,2023-07-08,1,Gold Star,373,Seasonal,1,30.48,1,0,41,14,4,68,127,0
8530,2023-12-04,9,Business,381,Grocery,15,573.15,0,0,47,22,10,46,125,0
8531,2023-12-12,10,Executive,461,Clothing,10,343.7,0,0,23,23,10,44,100,0
8532,2023-11-10,5,Executive,178,Home,10,343.6,0,0,8,19,12,28,67,0
8533,2023-08-11,8,Business,4,Furniture,15,166.35,0,0,43,1,3,9,56,0
8534,2023-06-01,4,Gold Star,495,Kirkland Signature,1,46.48,0,0,13,20,11,26,70,0
8535,2023-11-08,9,Business,33,Clothing,2,77.76,0,0,37,3,3,29,72,0
8536,2023-07-21,6,Executive,369,Clothing,15,713.25,0,0,47,20,11,36,114,0
8537,2023-03-18,6,Business,90,Seasonal,8,260.08,1,0,2,17,2,70,91,0
8538,2023-02-22,3,Executive,175,Seasonal,4,127.84,0,0,43,7,11,59,120,0
8539,2023-03-12,1,Executive,40,Home,11,317.57,1,0,41,4,8,34,87,0
8540,2023-05-15,1,Business,488,Grocery,11,72.82,0,0,21,5,6,40,72,0
8541,2023-10-06,10,Business,458,Clothing,10,389.6,0,0,29,20,9,66,124,0
8542,2023-12-17,6,Gold Star,190,Appliances,1,42.88,1,1,4,11,12,11,38,1
8543,2023-04-08,8,Gold Star,332,Home,16,244.16,1,0,8,22,12,54,96,0
8544,2023-11-30,9,Business,248,Seasonal,5,158.7,0,0,46,19,4,22,91,0
8545,2023-08-10,8,Business,83,Kirkland Signature,18,882.18,0,0,3,3,1,71,78,0
8546,2023-11-13,6,Executive,464,Clothing,8,282.4,0,0,17,10,3,47,77,0
8547,2023-03-01,4,Gold Star,133,Clothing,14,497.7,0,0,8,12,9,8,37,1
8548,2023-05-27,9,Gold Star,459,Appliances,18,172.8,1,0,18,12,8,14,52,0
8549,2023-09-30,9,Gold Star,329,Electronics,17,275.91,1,0,7,18,6,24,55,0
8550,2023-05-11,5,Gold Star,164,Clothing,10,365.0,0,0,33,5,6,4,48,1
8551,2023-12-02,9,Executive,10,Furniture,19,326.61,1,0,2,13,5,7,27,1
8552,2023-04-24,8,Business,37,Electronics,4,30.64,0,0,9,1,8,23,41,1
8553,2023-11-02,6,Executive,326,Seasonal,9,213.66,0,0,43,4,8,41,96,0
8554,2023-05-08,2,Gold Star,37,Electronics,6,45.96,0,0,45,7,1,4,57,0
8555,2023-11-04,3,Business,389,Clothing,5,170.5,1,0,1,13,4,6,24,1
8556,2023-11-16,3,Gold Star,10,Furniture,4,68.76,0,0,42,21,1,18,82,0
8557,2023-05-19,3,Executive,88,Grocery,2,11.44,0,0,43,13,12,38,106,0
8558,2023-03-23,2,Business,88,Grocery,19,108.68,0,0,1,2,7,26,36,1
8559,2023-10-13,4,Gold Star,286,Electronics,9,350.91,0,0,13,19,8,24,64,0
8560,2023-05-22,4,Gold Star,37,Electronics,4,30.64,0,0,48,10,4,72,134,0
8561,2023-02-27,9,Gold Star,63,Electronics,10,323.5,0,0,6,15,11,38,70,0
8562,2023-07-03,3,Business,456,Grocery,5,111.7,0,0,32,15,1,71,119,0
8563,2023-09-01,10,Executive,142,Kirkland Signature,1,41.1,0,0,39,2,11,20,72,0
8564,2023-02-17,1,Business,50,Electronics,13,436.93,0,0,34,4,9,49,96,0
8565,2023-11-21,3,Executive,214,Clothing,1,44.06,0,0,16,20,7,62,105,0
8566,2023-12-02,1,Gold Star,391,Seasonal,7,124.88,1,0,35,1,10,72,118,0
8567,2023-05-26,1,Gold Star,232,Furniture,14,280.7,0,0,29,19,11,57,116,0
8568,2023-12-15,8,Business,162,Kirkland Signature,4,93.0,0,1,8,7,12,11,38,1
8569,2023-05-13,1,Executive,383,Seasonal,7,239.05,1,0,12,21,3,19,55,0
8570,2023-04-20,10,Gold Star,294,Grocery,2,94.26,0,0,30,3,5,31,69,0
8571,2023-05-04,5,Gold Star,290,Furniture,20,20.2,0,0,20,14,8,44,86,0
8572,2023-09-08,9,Business,162,Kirkland Signature,14,325.5,0,0,40,3,10,13,66,0
8573,2023-04-15,2,Gold Star,487,Home,3,108.18,1,0,27,3,5,24,59,0
8574,2023-07-30,3,Gold Star,83,Kirkland Signature,9,441.09,1,0,37,22,9,63,131,0
8575,2023-07-20,1,Executive,278,Home,8,339.44,0,0,20,20,4,1,45,1
8576,2023-09-12,7,Executive,331,Home,12,29.04,0,0,3,12,10,49,74,0
8577,2023-09-19,10,Gold Star,131,Furniture,12,320.4,0,0,7,2,4,2,15,1
8578,2023-08-14,6,Gold Star,105,Furniture,5,54.5,0,0,31,23,11,53,118,0
8579,2023-04-06,7,Executive,310,Furniture,4,5.52,0,0,24,6,9,54,93,0
8580,2023-06-25,10,Business,375,Furniture,16,557.92,1,0,8,4,9,42,63,0
8581,2023-01-25,2,Business,126,Furniture,5,163.55,0,0,22,17,3,8,50,0
8582,2023-03-12,3,Business,368,Grocery,20,331.0,1,0,16,20,5,32,73,0
8583,2023-04-23,6,Business,348,Home,18,780.3,1,0,33,9,10,69,121,0
8584,2023-11-01,5,Executive,83,Kirkland Signature,4,196.04,0,0,28,12,9,2,51,0
8585,2023-06-09,2,Executive,374,Kirkland Signature,14,370.16,0,0,21,3,1,50,75,0
8586,2023-01-01,7,Business,430,Kirkland Signature,13,528.32,1,0,12,24,11,62,109,0
8587,2023-01-12,9,Gold Star,323,Electronics,18,769.86,0,0,6,18,11,70,105,0
8588,2023-11-28,6,Gold Star,233,Clothing,9,144.27,0,0,9,7,11,72,99,0
8589,2023-03-26,9,Gold Star,485,Kirkland Signature,2,27.28,1,0,7,16,8,59,90,0
8590,2023-07-02,3,Executive,359,Home,15,97.2,1,0,37,18,4,7,66,0
8591,2023-12-17,5,Executive,362,Clothing,2,66.1,1,1,12,8,12,12,44,1
8592,2023-09-02,3,Gold Star,60,Clothing,11,481.47,1,0,34,10,4,36,84,0
8593,2023-10-27,5,Gold Star,482,Kirkland Signature,5,236.1,0,0,19,5,6,66,96,0
8594,2023-10-13,3,Business,357,Kirkland Signature,2,68.46,0,0,5,3,9,55,72,0
8595,2023-02-24,3,Business,172,Home,7,48.44,0,0,5,23,4,9,41,1
8596,2023-09-12,6,Executive,364,Grocery,5,130.85,0,0,21,10,5,17,53,0
8597,2023-01-14,9,Executive,210,Appliances,1,43.65,1,0,32,21,5,34,92,0
8598,2023-12-24,4,Executive,324,Seasonal,7,131.04,1,1,42,15,2,24,83,0
8599,2023-03-27,1,Gold Star,165,Appliances,3,142.59,0,0,23,23,4,21,71,0
8600,2023-06-26,8,Business,223,Electronics,19,140.03,0,0,10,1,9,29,49,0
8601,2023-10-19,10,Gold Star,126,Furniture,8,261.68,0,0,26,10,5,55,96,0
8602,2023-09-01,1,Business,66,Kirkland Signature,4,18.32,0,0,46,13,12,22,93,0
8603,2023-04-12,1,Executive,98,Home,15,638.25,0,0,42,14,1,67,124,0
8604,2023-09-13,1,Gold Star,210,Appliances,14,611.1,0,0,15,12,11,32,70,0
8605,2023-04-09,2,Business,108,Furniture,11,401.61,1,0,42,19,8,17,86,0
8606,2023-09-27,7,Gold Star,102,Grocery,2,13.48,0,0,4,4,12,53,73,0
8607,2023-02-04,8,Business,477,Clothing,20,826.0,1,0,42,22,9,66,139,0
8608,2023-12-19,2,Executive,267,Seasonal,10,28.1,0,1,43,24,10,57,134,0
8609,2023-12-28,7,Gold Star,471,Clothing,13,489.19,0,0,29,23,12,42,106,0
8610,2023-02-09,8,Gold Star,81,Electronics,10,349.6,0,0,19,2,7,39,67,0
8611,2023-01-02,10,Gold Star,36,Home,3,51.18,0,0,38,20,11,70,139,0
8612,2023-09-13,7,Gold Star,232,Furniture,3,60.15,0,0,10,4,9,64,87,0
8613,2023-12-15,8,Business,203,Appliances,2,40.52,0,1,42,6,3,48,99,0
8614,2023-11-25,2,Business,283,Home,5,224.3,1,0,24,16,8,54,102,0
8615,2023-11-10,6,Executive,302,Seasonal,6,71.34,0,0,14,19,7,50,90,0
8616,2023-04-29,9,Business,114,Appliances,15,699.75,1,0,24,21,11,35,91,0
8617,2023-10-01,6,Gold Star,442,Appliances,19,243.39,1,0,43,2,6,56,107,0
8618,2023-07-01,1,Gold Star,289,Clothing,7,108.85,1,0,23,16,6,65,110,0
8619,2023-12-05,6,Executive,428,Grocery,15,522.0,0,0,34,24,7,50,115,0
8620,2023-07-24,8,Business,158,Furniture,15,552.0,0,0,40,9,4,49,102,0
8621,2023-11-05,2,Executive,128,Grocery,19,500.46,1,0,12,3,1,40,56,0
8622,2023-10-15,3,Gold Star,219,Home,2,4.2,1,0,29,14,3,13,59,0
8623,2023-10-24,2,Business,351,Electronics,1,29.37,0,0,42,18,9,14,83,0
8624,2023-02-08,7,Business,201,Grocery,2,8.28,0,0,33,23,11,63,130,0
8625,2023-03-04,5,Gold Star,261,Seasonal,16,634.56,1,0,19,24,11,42,96,0
8626,2023-12-27,9,Business,444,Kirkland Signature,11,179.3,0,0,27,18,6,19,70,0
8627,2023-02-16,8,Business,282,Seasonal,20,932.0,0,0,37,9,5,50,101,0
8628,2023-04-24,3,Executive,65,Seasonal,17,202.64,0,0,18,5,10,33,66,0
8629,2023-01-02,8,Gold Star,27,Kirkland Signature,5,225.55,0,0,7,17,8,58,90,0
8630,2023-01-10,10,Business,426,Home,15,482.25,0,0,11,2,9,42,64,0
8631,2023-12-29,7,Gold Star,138,Furniture,13,307.19,0,0,42,3,9,30,84,0
8632,2023-02-14,8,Executive,60,Clothing,12,525.24,0,0,28,13,3,58,102,0
8633,2023-07-31,2,Executive,179,Clothing,5,66.7,0,0,20,23,1,1,45,1
8634,2023-07-24,9,Executive,121,Electronics,19,785.08,0,0,29,22,11,21,83,0
8635,2023-11-06,8,Gold Star,128,Grocery,8,210.72,0,0,16,23,3,33,75,0
8636,2023-08-09,3,Business,73,Home,5,172.05,0,0,40,16,3,38,97,0
8637,2023-06-14,8,Gold Star,434,Kirkland Signature,16,431.84,0,0,27,11,1,49,88,0
8638,2023-05-05,8,Business,353,Kirkland Signature,2,24.12,0,0,41,3,2,23,69,0
8639,2023-12-21,3,Gold Star,72,Grocery,6,230.1,0,1,42,5,12,12,71,0
8640,2023-11-10,9,Gold Star,145,Grocery,8,76.0,0,0,21,3,2,18,44,1
8641,2023-02-21,5,Gold Star,238,Kirkland Signature,2,22.42,0,0,4,20,5,10,39,1
8642,2023-05-01,7,Executive,266,Appliances,8,370.72,0,0,10,12,12,26,60,0
8643,2023-09-08,8,Gold Star,472,Clothing,6,264.72,0,0,35,1,11,61,108,0
8644,2023-05-24,1,Business,266,Appliances,3,139.02,0,0,33,24,6,22,85,0
8645,2023-02-18,7,Executive,161,Grocery,16,704.16,1,0,4,14,12,42,72,0
8646,2023-06-21,2,Business,37,Electronics,5,38.3,0,0,41,21,2,72,136,0
8647,2023-03-28,2,Business,28,Electronics,5,4.3,0,0,13,21,11,27,72,0
8648,2023-04-07,7,Business,88,Grocery,5,28.6,0,0,22,10,8,24,64,0
8649,2023-06-28,1,Executive,42,Home,4,72.0,0,0,16,16,9,2,43,1
8650,2023-04-01,4,Business,463,Clothing,13,248.95,1,0,14,22,12,36,84,0
8651,2023-04-27,6,Gold Star,463,Clothing,17,325.55,0,0,31,13,12,25,81,0
8652,2023-11-27,8,Gold Star,448,Home,13,271.44,0,0,15,15,4,72,106,0
8653,2023-11-22,9,Business,71,Seasonal,20,483.4,0,0,19,12,1,9,41,1
8654,2023-11-12,2,Executive,229,Seasonal,4,171.36,1,0,22,24,8,37,91,0
8655,2023-10-18,5,Executive,283,Home,12,538.32,0,0,46,6,3,65,120,0
8656,2023-08-29,5,Business,136,Kirkland Signature,1,43.75,0,0,7,23,1,72,103,0
8657,2023-06-29,6,Business,298,Appliances,20,472.0,0,0,10,4,9,34,57,0
8658,2023-07-31,3,Business,493,Clothing,18,399.06,0,0,22,15,4,55,96,0
8659,2023-06-15,8,Executive,106,Furniture,18,257.22,0,0,15,20,7,43,85,0
8660,2023-12-18,2,Business,456,Grocery,4,89.36,0,1,42,12,3,59,116,0
8661,2023-10-10,2,Business,359,Home,20,129.6,0,0,26,9,6,4,45,1
8662,2023-04-17,1,Gold Star,125,Home,5,189.75,0,0,43,3,6,17,69,0
8663,2023-05-28,2,Executive,377,Grocery,7,24.92,1,0,45,21,5,33,104,0
8664,2023-11-13,10,Gold Star,393,Clothing,19,385.89,0,0,12,19,9,21,61,0
8665,2023-01-01,7,Gold Star,57,Seasonal,18,47.16,1,0,10,13,12,44,79,0
8666,2023-08-15,3,Gold Star,481,Clothing,1,18.48,0,0,32,2,4,23,61,0
8667,2023-12-02,7,Business,153,Home,16,463.68,1,0,23,7,5,13,48,1
8668,2023-12-06,5,Executive,347,Clothing,7,253.89,0,0,16,2,2,65,85,0
8669,2023-02-18,6,Business,139,Electronics,20,917.0,1,0,19,3,5,72,99,0
8670,2023-12-01,10,Gold Star,308,Appliances,15,120.6,0,0,37,11,2,6,56,0
8671,2023-06-27,8,Gold Star,170,Kirkland Signature,13,442.91,0,0,35,21,11,34,101,0
8672,2023-12-13,2,Business,145,Grocery,14,133.0,0,0,25,2,12,47,86,0
8673,2023-03-14,4,Executive,162,Kirkland Signature,1,23.25,0,0,36,12,9,9,66,0
8674,2023-07-04,7,Executive,201,Grocery,5,20.7,0,0,25,7,2,48,82,0
8675,2023-07-10,1,Gold Star,12,Kirkland Signature,2,31.64,0,0,22,1,10,43,76,0
8676,2023-01-03,7,Executive,377,Grocery,4,14.24,0,0,45,20,3,40,108,0
8677,2023-02-19,8,Business,201,Grocery,9,37.26,1,0,25,17,3,68,113,0
8678,2023-10-04,9,Executive,69,Kirkland Signature,17,224.06,0,0,32,2,7,69,110,0
8679,2023-01-06,9,Business,270,Kirkland Signature,9,375.93,0,0,21,7,9,43,80,0
8680,2023-05-29,9,Business,248,Seasonal,8,253.92,0,0,39,14,8,6,67,0
8681,2023-11-17,7,Gold Star,252,Clothing,12,282.24,0,0,21,10,1,58,90,0
8682,2023-07-23,10,Gold Star,17,Kirkland Signature,1,40.58,1,0,14,5,8,52,79,0
8683,2023-11-03,9,Business,138,Furniture,16,378.08,0,0,33,2,6,28,69,0
8684,2023-01-27,3,Gold Star,222,Kirkland Signature,17,360.57,0,0,35,3,10,62,110,0
8685,2023-11-13,1,Executive,274,Grocery,2,98.18,0,0,37,3,8,51,99,0
8686,2023-11-22,8,Business,187,Furniture,4,91.48,0,0,7,16,4,32,59,0
8687,2023-11-03,3,Gold Star,67,Clothing,13,186.81,0,0,10,7,1,63,81,0
8688,2023-03-18,8,Business,253,Clothing,5,7.35,1,0,40,14,6,11,71,0
8689,2023-12-30,5,Business,403,Clothing,7,148.82,1,0,40,21,7,41,109,0
8690,2023-12-27,6,Executive,448,Home,14,292.32,0,0,26,16,6,12,60,0
8691,2023-12-31,4,Business,363,Grocery,11,40.7,1,0,1,5,9,26,41,1
8692,2023-03-21,10,Executive,420,Seasonal,13,321.36,0,0,41,5,10,62,118,0
8693,2023-02-10,5,Business,128,Grocery,16,421.44,0,0,12,21,5,23,61,0
8694,2023-05-28,5,Executive,470,Kirkland Signature,20,767.4,1,0,7,14,7,14,42,1
8695,2023-02-26,10,Business,225,Grocery,13,29.12,1,0,27,23,10,33,93,0
8696,2023-05-23,5,Business,36,Home,14,238.84,0,0,46,15,12,14,87,0
8697,2023-03-31,3,Executive,117,Grocery,1,33.08,0,0,6,21,5,28,60,0
8698,2023-03-07,6,Business,360,Home,5,237.25,0,0,6,1,8,17,32,1
8699,2023-05-23,5,Gold Star,208,Seasonal,20,317.6,0,0,9,17,2,27,55,0
8700,2023-02-26,6,Gold Star,238,Kirkland Signature,13,145.73,1,0,42,11,12,65,130,0
8701,2023-08-03,7,Business,2,Appliances,1,25.65,0,0,39,2,3,39,83,0
8702,2023-03-16,7,Business,475,Kirkland Signature,17,244.29,0,0,14,22,3,54,93,0
8703,2023-12-22,10,Executive,471,Clothing,5,188.15,0,1,19,14,8,63,104,0
8704,2023-08-23,7,Business,280,Seasonal,10,249.7,0,0,6,7,9,51,73,0
8705,2023-02-05,3,Executive,226,Grocery,17,478.04,1,0,41,21,11,64,137,0
8706,2023-06-08,9,Gold Star,363,Grocery,17,62.9,0,0,31,21,5,9,66,0
8707,2023-12-04,10,Gold Star,404,Home,3,110.88,0,0,20,15,5,31,71,0
8708,2023-03-31,10,Executive,313,Clothing,19,336.49,0,0,1,15,4,4,24,1
8709,2023-04-11,7,Executive,151,Appliances,19,765.32,0,0,36,3,12,72,123,0
8710,2023-10-17,6,Business,309,Seasonal,14,424.48,0,0,23,13,5,17,58,0
8711,2023-11-26,5,Business,116,Electronics,18,741.42,1,0,43,23,8,14,88,0
8712,2023-01-24,8,Business,15,Seasonal,18,889.92,0,0,28,8,9,5,50,0
8713,2023-10-26,8,Business,358,Electronics,5,125.15,0,0,40,9,5,46,100,0
8714,2023-04-25,8,Business,124,Electronics,4,121.52,0,0,20,7,11,15,53,0
8715,2023-12-28,8,Executive,241,Electronics,12,325.44,0,0,47,3,9,8,67,0
8716,2023-11-26,9,Executive,374,Kirkland Signature,6,158.64,1,0,32,22,5,39,98,0
8717,2023-05-30,10,Business,189,Home,9,449.46,0,0,38,18,9,12,77,0
8718,2023-06-04,8,Gold Star,143,Home,20,768.8,1,0,23,5,10,59,97,0
8719,2023-09-21,1,Gold Star,410,Home,4,70.96,0,0,42,14,11,63,130,0
8720,2023-10-13,3,Gold Star,433,Appliances,3,39.87,0,0,6,16,8,35,65,0
8721,2023-01-25,5,Executive,364,Grocery,4,104.68,0,0,46,8,12,26,92,0
8722,2023-04-08,10,Business,224,Electronics,17,577.32,1,0,15,1,5,2,23,1
8723,2023-06-08,10,Business,276,Kirkland Signature,8,205.92,0,0,23,13,10,28,74,0
8724,2023-06-09,3,Gold Star,413,Home,10,489.8,0,0,9,12,9,51,81,0
8725,2023-02-16,4,Executive,134,Appliances,8,69.04,0,0,35,10,6,54,105,0
8726,2023-02-19,8,Gold Star,56,Seasonal,6,68.22,1,0,3,6,10,34,53,0
8727,2023-06-30,7,Business,473,Appliances,13,468.65,0,0,23,18,3,40,84,0
8728,2023-01-28,7,Gold Star,335,Home,2,40.66,1,0,35,15,4,6,60,0
8729,2023-12-01,6,Gold Star,423,Seasonal,1,1.4,0,0,36,1,10,2,49,0
8730,2023-12-10,9,Executive,98,Home,20,851.0,1,0,48,10,6,67,131,0
8731,2023-01-28,5,Gold Star,111,Appliances,9,31.41,1,0,29,6,10,5,50,0
8732,2023-07-28,9,Business,217,Furniture,15,262.8,0,0,3,4,1,54,62,0
8733,2023-11-29,6,Executive,334,Clothing,1,27.19,0,0,38,22,6,42,108,0
8734,2023-04-05,7,Business,216,Appliances,7,126.14,0,0,39,18,8,56,121,0
8735,2023-08-31,6,Business,355,Grocery,10,361.1,0,0,11,24,11,38,84,0
8736,2023-09-05,7,Executive,375,Furniture,2,69.74,0,0,30,9,10,19,68,0
8737,2023-05-14,4,Business,150,Appliances,19,69.54,1,0,11,6,2,53,72,0
8738,2023-06-12,1,Executive,415,Electronics,7,231.28,0,0,11,17,6,57,91,0
8739,2023-02-08,10,Gold Star,114,Appliances,14,653.1,0,0,6,10,8,12,36,1
8740,2023-09-06,2,Business,327,Grocery,4,159.52,0,0,17,8,7,14,46,1
8741,2023-06-25,10,Executive,142,Kirkland Signature,1,41.1,1,0,48,5,3,46,102,0
8742,2023-05-09,2,Executive,324,Seasonal,5,93.6,0,0,40,2,10,30,82,0
8743,2023-11-14,4,Gold Star,394,Clothing,8,357.92,0,0,46,20,11,24,101,0
8744,2023-11-22,5,Gold Star,142,Kirkland Signature,17,698.7,0,0,45,11,9,20,85,0
8745,2023-04-08,4,Business,174,Grocery,11,536.47,1,0,5,24,12,16,57,0
8746,2023-10-16,2,Gold Star,183,Electronics,16,348.96,0,0,12,2,3,39,56,0
8747,2023-07-24,1,Executive,77,Home,11,229.24,0,0,42,11,12,57,122,0
8748,2023-11-27,2,Gold Star,176,Clothing,19,349.6,0,0,11,6,6,30,53,0
8749,2023-03-08,10,Executive,441,Home,4,19.84,0,0,24,19,9,9,61,0
8750,2023-12-23,4,Business,72,Grocery,14,536.9,1,1,38,16,11,52,117,0
8751,2023-06-03,9,Business,411,Kirkland Signature,17,586.16,1,0,26,16,11,53,106,0
8752,2023-07-26,9,Gold Star,181,Clothing,15,164.55,0,0,31,17,7,32,87,0
8753,2023-03-31,5,Executive,380,Seasonal,6,132.24,0,0,10,21,4,18,53,0
8754,2023-10-05,1,Executive,93,Kirkland Signature,2,48.62,0,0,33,13,11,40,97,0
8755,2023-09-13,8,Gold Star,339,Appliances,14,623.42,0,0,18,18,10,11,57,0
8756,2023-09-03,6,Gold Star,468,Grocery,7,49.56,1,0,35,14,1,44,94,0
8757,2023-09-23,10,Executive,314,Seasonal,20,838.0,1,0,16,10,12,67,105,0
8758,2023-06-04,5,Executive,420,Seasonal,15,370.8,1,0,42,17,9,21,89,0
8759,2023-03-17,3,Gold Star,119,Electronics,4,81.56,0,0,37,17,11,33,98,0
8760,2023-11-09,4,Gold Star,178,Home,7,240.52,0,0,12,15,4,28,59,0
8761,2023-03-19,10,Business,352,Electronics,2,91.02,1,0,8,16,2,51,77,0
8762,2023-03-29,3,Gold Star,467,Electronics,5,13.85,0,0,14,5,5,13,37,1
8763,2023-11-05,3,Business,436,Seasonal,2,73.76,1,0,5,2,8,54,69,0
8764,2023-07-28,5,Business,433,Appliances,16,212.64,0,0,6,16,10,52,84,0
8765,2023-03-02,7,Gold Star,436,Seasonal,14,516.32,0,0,31,21,3,54,109,0
8766,2023-07-24,3,Gold Star,324,Seasonal,10,187.2,0,0,26,20,2,2,50,0
8767,2023-11-19,2,Gold Star,62,Electronics,15,349.2,1,0,21,10,9,47,87,0
8768,2023-07-18,4,Business,455,Grocery,13,433.81,0,0,6,13,3,47,69,0
8769,2023-11-01,10,Business,208,Seasonal,14,222.32,0,0,1,1,11,10,23,1
8770,2023-05-17,7,Executive,169,Furniture,15,413.55,0,0,16,21,9,53,99,0
8771,2023-02-28,2,Gold Star,306,Home,15,168.9,0,0,20,20,9,29,78,0
8772,2023-08-18,1,Gold Star,104,Clothing,10,138.8,0,0,5,5,2,21,33,1
8773,2023-03-13,2,Gold Star,192,Furniture,19,793.44,0,0,35,3,1,40,79,0
8774,2023-04-29,7,Executive,415,Electronics,15,495.6,1,0,24,11,9,64,108,0
8775,2023-11-11,1,Gold Star,415,Electronics,3,99.12,1,0,37,5,2,7,51,0
8776,2023-03-19,3,Executive,295,Appliances,12,335.64,1,0,34,17,2,41,94,0
8777,2023-11-21,1,Business,268,Seasonal,2,44.6,0,0,41,12,12,20,85,0
8778,2023-05-23,10,Business,254,Seasonal,7,42.14,0,0,43,9,10,5,67,0
8779,2023-01-25,1,Gold Star,191,Furniture,7,118.72,0,0,34,13,10,46,103,0
8780,2023-12-07,5,Executive,480,Grocery,8,113.44,0,0,12,5,10,6,33,1
8781,2023-04-04,4,Gold Star,372,Furniture,10,203.3,0,0,42,7,1,43,93,0
8782,2023-01-21,1,Executive,176,Clothing,19,349.6,1,0,3,23,10,40,76,0
8783,2023-10-13,9,Gold Star,171,Electronics,2,71.2,0,0,44,18,10,7,79,0
8784,2023-04-24,7,Gold Star,59,Grocery,16,565.92,0,0,44,20,10,16,90,0
8785,2023-06-01,6,Business,104,Clothing,17,235.96,0,0,39,22,8,59,128,0
8786,2023-11-04,8,Executive,334,Clothing,16,435.04,1,0,11,7,5,9,32,1
8787,2023-08-20,1,Executive,96,Seasonal,11,256.85,1,0,10,7,7,43,67,0
8788,2023-05-13,9,Business,31,Seasonal,20,843.2,1,0,40,24,10,42,116,0
8789,2023-11-14,7,Business,444,Kirkland Signature,13,211.9,0,0,2,15,10,47,74,0
8790,2023-07-23,7,Gold Star,470,Kirkland Signature,1,38.37,1,0,23,6,1,19,49,0
8791,2023-12-02,9,Gold Star,93,Kirkland Signature,2,48.62,1,0,18,13,8,23,62,0
8792,2023-06-09,8,Gold Star,417,Clothing,2,55.54,0,0,47,20,4,15,86,0
8793,2023-07-10,3,Executive,96,Seasonal,17,396.95,0,0,26,3,7,5,41,1
8794,2023-05-28,1,Gold Star,279,Kirkland Signature,20,650.6,1,0,38,9,3,59,109,0
8795,2023-10-05,4,Business,429,Furniture,8,137.04,0,0,47,19,12,49,127,0
8796,2023-11-08,5,Business,253,Clothing,15,22.05,0,0,29,1,6,34,70,0
8797,2023-08-12,6,Executive,239,Home,2,8.38,1,0,5,19,11,43,78,0
8798,2023-08-12,6,Gold Star,43,Seasonal,5,212.65,1,0,27,23,12,19,81,0
8799,2023-11-20,1,Gold Star,313,Clothing,6,106.26,0,0,34,23,2,36,95,0
8800,2023-12-12,4,Gold Star,45,Clothing,5,28.6,0,0,5,23,3,67,98,0
8801,2023-07-27,6,Gold Star,159,Home,9,362.7,0,0,10,12,6,36,64,0
8802,2023-01-29,4,Business,148,Kirkland Signature,17,90.1,1,0,14,4,5,45,68,0
8803,2023-01-01,10,Business,347,Clothing,18,652.86,1,0,43,13,8,3,67,0
8804,2023-06-18,10,Executive,348,Home,12,520.2,1,0,21,24,12,44,101,0
8805,2023-09-25,10,Gold Star,44,Appliances,12,255.96,0,0,41,5,11,3,60,0
8806,2023-03-14,3,Executive,46,Electronics,4,46.12,0,0,32,2,1,8,43,1
8807,2023-01-25,2,Gold Star,250,Home,19,674.69,0,0,27,24,8,41,100,0
8808,2023-12-01,9,Gold Star,50,Electronics,6,201.66,0,0,20,1,11,25,57,0
8809,2023-09-13,9,Gold Star,247,Seasonal,1,30.84,0,0,2,20,12,13,47,1
8810,2023-12-23,10,Executive,90,Seasonal,9,292.59,1,1,19,13,12,33,77,0
8811,2023-01-03,5,Gold Star,290,Furniture,13,13.13,0,0,32,3,12,56,103,0
8812,2023-09-02,9,Gold Star,443,Kirkland Signature,11,41.36,1,0,42,12,6,30,90,0
8813,2023-06-15,7,Business,227,Clothing,14,454.72,0,0,26,3,4,33,66,0
8814,2023-03-31,3,Gold Star,77,Home,19,395.96,0,0,27,5,10,35,77,0
8815,2023-06-13,5,Executive,63,Electronics,9,291.15,0,0,31,10,10,56,107,0
8816,2023-02-14,4,Executive,40,Home,15,433.05,0,0,10,9,6,35,60,0
8817,2023-12-19,5,Business,499,Clothing,16,296.16,0,1,47,19,8,14,88,0
8818,2023-11-28,6,Executive,291,Kirkland Signature,5,9.15,0,0,2,15,2,6,25,1
8819,2023-12-03,7,Business,216,Appliances,6,108.12,1,0,15,6,1,9,31,1
8820,2023-08-05,8,Business,496,Electronics,4,75.64,1,0,44,11,9,5,69,0
8821,2023-07-06,3,Gold Star,391,Seasonal,9,160.56,0,0,10,24,9,71,114,0
8822,2023-06-21,5,Executive,21,Appliances,16,237.44,0,0,14,2,11,62,89,0
8823,2023-02-18,4,Gold Star,31,Seasonal,1,42.16,1,0,24,7,11,23,65,0
8824,2023-07-25,2,Business,332,Home,1,15.26,0,0,46,16,4,65,131,0
8825,2023-08-21,6,Executive,455,Grocery,3,100.11,0,0,5,23,11,2,41,1
8826,2023-09-10,7,Business,147,Appliances,11,470.58,1,0,21,9,4,4,38,1
8827,2023-07-19,1,Executive,404,Home,8,295.68,0,0,39,11,10,6,66,0
8828,2023-07-15,9,Gold Star,212,Electronics,11,34.43,1,0,34,18,11,41,104,0
8829,2023-04-08,2,Gold Star,373,Seasonal,5,152.4,1,0,43,2,1,13,59,0
8830,2023-09-02,10,Gold Star,421,Grocery,16,452.0,1,0,36,20,7,31,94,0
8831,2023-12-22,1,Gold Star,497,Grocery,16,215.52,0,1,38,9,6,27,80,0
8832,2023-09-23,9,Gold Star,277,Furniture,5,193.85,1,0,40,8,5,62,115,0
8833,2023-12-05,5,Executive,238,Kirkland Signature,5,56.05,0,0,36,2,10,18,66,0
8834,2023-04-01,9,Gold Star,466,Home,18,55.44,1,0,19,12,9,24,64,0
8835,2023-08-05,9,Gold Star,290,Furniture,15,15.15,1,0,3,11,1,51,66,0
8836,2023-04-13,7,Executive,34,Home,8,52.24,0,0,25,19,12,41,97,0
8837,2023-08-18,2,Gold Star,281,Kirkland Signature,2,48.26,0,0,34,8,3,29,74,0
8838,2023-12-12,8,Executive,445,Appliances,7,320.11,0,0,29,11,2,69,111,0
8839,2023-04-04,2,Gold Star,319,Seasonal,13,345.54,0,0,25,20,9,60,114,0
8840,2023-08-02,8,Gold Star,205,Grocery,10,309.3,0,0,1,14,12,39,66,0
8841,2023-08-10,8,Gold Star,465,Seasonal,3,29.43,0,0,2,17,4,35,58,0
8842,2023-05-31,8,Executive,296,Kirkland Signature,16,688.0,0,0,16,6,8,10,40,1
8843,2023-05-10,8,Business,495,Kirkland Signature,19,883.12,0,0,46,6,10,4,66,0
8844,2023-08-01,5,Executive,91,Kirkland Signature,18,751.32,0,0,10,6,12,3,31,1
8845,2023-09-04,9,Executive,486,Clothing,7,245.84,0,0,21,22,10,17,70,0
8846,2023-10-13,10,Executive,405,Seasonal,20,304.2,0,0,20,12,3,23,58,0
8847,2023-11-30,9,Executive,188,Electronics,2,74.66,0,0,43,12,12,65,132,0
8848,2023-11-29,1,Gold Star,465,Seasonal,3,29.43,0,0,6,11,12,38,67,0
8849,2023-12-26,6,Business,335,Home,20,406.6,0,0,20,16,6,27,69,0
8850,2023-02-23,1,Business,202,Furniture,11,248.93,0,0,32,4,11,47,94,0
8851,2023-10-22,5,Business,371,Grocery,3,101.13,1,0,36,18,12,30,96,0
8852,2023-02-18,4,Gold Star,372,Furniture,18,365.94,1,0,24,14,2,42,82,0
8853,2023-02-25,1,Business,266,Appliances,12,556.08,1,0,31,16,7,9,63,0
8854,2023-09-06,10,Gold Star,352,Electronics,6,273.06,0,0,21,16,9,8,54,0
8855,2023-07-21,4,Executive,349,Home,9,311.67,0,0,9,7,9,20,45,1
8856,2023-07-25,3,Gold Star,240,Home,20,495.0,0,0,26,7,11,54,98,0
8857,2023-04-24,8,Gold Star,333,Grocery,4,92.48,0,0,6,6,1,66,79,0
8858,2023-10-21,7,Gold Star,222,Kirkland Signature,19,402.99,1,0,41,24,1,64,130,0
8859,2023-01-30,1,Business,226,Grocery,16,449.92,0,0,9,22,6,17,54,0
8860,2023-01-10,1,Executive,483,Appliances,8,60.56,0,0,37,21,9,7,74,0
8861,2023-05-30,2,Gold Star,246,Clothing,6,258.96,0,0,16,11,3,20,50,0
8862,2023-08-03,1,Executive,410,Home,12,212.88,0,0,13,19,11,68,111,0
8863,2023-10-04,4,Business,315,Home,9,46.44,0,0,5,4,8,46,63,0
8864,2023-09-14,9,Executive,262,Grocery,10,335.9,0,0,19,5,4,45,73,0
8865,2023-12-16,2,Business,477,Clothing,4,165.2,1,1,4,2,10,17,33,1
8866,2023-11-13,3,Business,484,Kirkland Signature,20,204.2,0,0,9,5,11,22,47,1
8867,2023-07-18,8,Business,109,Grocery,4,138.36,0,0,28,9,8,15,60,0
8868,2023-02-14,10,Executive,51,Kirkland Signature,3,142.41,0,0,23,14,7,15,59,0
8869,2023-02-25,5,Business,7,Grocery,20,269.0,1,0,16,5,11,14,46,1
8870,2023-07-29,6,Executive,381,Grocery,2,76.42,1,0,13,4,3,56,76,0
8871,2023-08-26,3,Gold Star,378,Kirkland Signature,9,219.6,1,0,42,19,8,9,78,0
8872,2023-01-06,6,Executive,384,Appliances,8,84.88,0,0,9,19,1,31,60,0
8873,2023-12-16,6,Business,43,Seasonal,2,85.06,1,1,19,22,9,72,122,0
8874,2023-10-29,7,Gold Star,138,Furniture,17,401.71,1,0,9,19,3,25,56,0
8875,2023-06-18,7,Gold Star,11,Clothing,12,81.12,1,0,43,9,3,37,92,0
8876,2023-10-08,8,Business,262,Grocery,17,571.03,1,0,37,9,10,13,69,0
8877,2023-09-06,3,Business,385,Furniture,16,10.72,0,0,43,17,8,6,74,0
8878,2023-09-12,7,Executive,154,Grocery,19,930.81,0,0,35,7,8,64,114,0
8879,2023-10-09,10,Business,251,Kirkland Signature,9,335.34,0,0,34,15,6,16,71,0
8880,2023-08-15,2,Executive,315,Home,20,103.2,0,0,47,9,8,43,107,0
8881,2023-07-01,1,Business,2,Appliances,16,410.4,1,0,22,2,11,45,80,0
8882,2023-07-30,4,Business,346,Clothing,3,16.65,1,0,27,11,5,24,67,0
8883,2023-04-20,4,Business,39,Seasonal,19,916.94,0,0,44,6,7,21,78,0
8884,2023-04-12,7,Gold Star,396,Electronics,11,514.03,0,0,9,11,3,51,74,0
8885,2023-08-01,6,Gold Star,40,Home,10,288.7,0,0,15,2,10,41,68,0
8886,2023-01-19,1,Business,445,Appliances,2,91.46,0,0,17,5,5,40,67,0
8887,2023-11-01,1,Gold Star,489,Electronics,18,801.18,0,0,2,3,1,3,9,1
8888,2023-09-15,8,Business,384,Appliances,11,116.71,0,0,47,24,10,43,124,0
8889,2023-02-15,6,Business,80,Appliances,13,509.73,0,0,13,24,4,30,71,0
8890,2023-11-18,6,Executive,38,Appliances,16,169.6,1,0,44,1,7,68,120,0
8891,2023-09-24,8,Gold Star,68,Kirkland Signature,6,216.42,1,0,1,24,11,22,58,0
8892,2023-11-20,8,Business,204,Electronics,12,127.92,0,0,31,15,11,19,76,0
8893,2023-08-09,7,Gold Star,263,Kirkland Signature,7,177.45,0,0,1,1,4,64,70,0
8894,2023-12-02,2,Business,385,Furniture,18,12.06,1,0,12,14,7,42,75,0
8895,2023-03-22,10,Business,203,Appliances,16,324.16,0,0,30,10,5,57,102,0
8896,2023-11-04,8,Gold Star,276,Kirkland Signature,3,77.22,1,0,45,14,9,27,95,0
8897,2023-05-28,5,Business,74,Appliances,1,39.94,1,0,46,13,3,6,68,0
8898,2023-04-22,4,Gold Star,81,Electronics,14,489.44,1,0,28,5,3,58,94,0
8899,2023-09-02,5,Executive,65,Seasonal,17,202.64,1,0,9,15,8,50,82,0
8900,2023-10-12,9,Business,246,Clothing,15,647.4,0,0,26,18,1,65,110,0
8901,2023-06-04,7,Business,402,Furniture,8,10.48,1,0,10,12,1,50,73,0
8902,2023-05-14,7,Gold Star,143,Home,1,38.44,1,0,3,2,5,60,70,0
8903,2023-09-24,6,Business,278,Home,8,339.44,1,0,17,15,2,38,72,0
8904,2023-07-25,7,Gold Star,119,Electronics,17,346.63,0,0,2,6,2,26,36,1
8905,2023-05-20,9,Gold Star,413,Home,11,538.78,1,0,2,4,4,40,50,0
8906,2023-10-26,8,Business,437,Seasonal,15,381.3,0,0,9,21,1,38,69,0
8907,2023-08-24,9,Executive,127,Clothing,16,524.32,0,0,12,16,12,44,84,0
8908,2023-07-22,1,Gold Star,482,Kirkland Signature,7,330.54,1,0,41,6,9,11,67,0
8909,2023-02-06,3,Gold Star,124,Electronics,9,273.42,0,0,31,20,2,2,55,0
8910,2023-12-18,8,Gold Star,318,Home,16,604.0,0,1,47,16,8,62,133,0
8911,2023-10-06,5,Executive,359,Home,9,58.32,0,0,15,13,9,56,93,0
8912,2023-09-29,7,Executive,174,Grocery,11,536.47,0,0,14,5,1,38,58,0
8913,2023-03-06,1,Business,348,Home,9,390.15,0,0,14,15,12,43,84,0
8914,2023-06-29,10,Gold Star,254,Seasonal,2,12.04,0,0,41,23,6,21,91,0
8915,2023-09-16,9,Executive,108,Furniture,12,438.12,1,0,1,18,10,54,83,0
8916,2023-11-08,8,Business,468,Grocery,11,77.88,0,0,3,15,4,48,70,0
8917,2023-08-30,9,Executive,18,Appliances,3,9.39,0,0,39,24,4,32,99,0
8918,2023-01-02,8,Executive,497,Grocery,2,26.94,0,0,3,13,8,53,77,0
8919,2023-05-31,8,Business,494,Kirkland Signature,10,268.9,0,0,37,12,5,10,64,0
8920,2023-11-11,7,Gold Star,271,Appliances,20,710.8,1,0,12,10,10,51,83,0
8921,2023-01-02,7,Executive,372,Furniture,6,121.98,0,0,13,17,3,12,45,1
8922,2023-04-24,3,Gold Star,273,Home,12,83.64,0,0,38,23,10,39,110,0
8923,2023-04-14,4,Executive,382,Home,5,198.55,0,0,13,7,5,7,32,1
8924,2023-09-29,6,Gold Star,498,Kirkland Signature,4,182.52,0,0,37,13,10,61,121,0
8925,2023-02-27,7,Gold Star,216,Appliances,5,90.1,0,0,47,11,9,20,87,0
8926,2023-12-20,4,Gold Star,168,Kirkland Signature,20,787.6,0,1,18,16,6,3,43,1
8927,2023-11-02,10,Executive,145,Grocery,5,47.5,0,0,13,16,11,38,78,0
8928,2023-10-29,7,Executive,93,Kirkland Signature,9,218.79,1,0,28,16,10,50,104,0
8929,2023-05-17,4,Business,282,Seasonal,16,745.6,0,0,40,17,5,6,68,0
8930,2023-02-25,6,Business,328,Clothing,11,522.61,1,0,48,24,1,13,86,0
8931,2023-09-13,1,Executive,315,Home,12,61.92,0,0,37,13,4,10,64,0
8932,2023-01-20,10,Executive,34,Home,9,58.77,0,0,29,18,2,69,118,0
8933,2023-03-10,7,Business,188,Electronics,20,746.6,0,0,8,6,4,29,47,1
8934,2023-04-23,3,Business,429,Furniture,3,51.39,1,0,40,2,3,68,113,0
8935,2023-11-02,8,Gold Star,163,Kirkland Signature,4,4.64,0,0,39,18,10,58,125,0
8936,2023-01-16,4,Business,64,Electronics,17,99.11,0,0,1,19,9,69,98,0
8937,2023-12-12,1,Business,418,Kirkland Signature,19,890.72,0,0,33,1,6,25,65,0
8938,2023-03-24,9,Business,49,Appliances,14,367.78,0,0,3,9,2,9,23,1
8939,2023-02-04,1,Gold Star,474,Electronics,3,71.46,1,0,30,9,6,66,111,0
8940,2023-05-07,9,Business,72,Grocery,6,230.1,1,0,16,5,10,50,81,0
8941,2023-04-01,5,Gold Star,307,Kirkland Signature,19,236.36,1,0,2,20,11,14,47,1
8942,2023-09-20,10,Executive,444,Kirkland Signature,17,277.1,0,0,17,24,10,44,95,0
8943,2023-04-30,1,Gold Star,326,Seasonal,12,284.88,1,0,24,17,5,42,88,0
8944,2023-01-02,10,Business,98,Home,8,340.4,0,0,12,1,12,56,81,0
8945,2023-10-18,1,Business,345,Kirkland Signature,13,18.2,0,0,32,7,4,22,65,0
8946,2023-08-14,2,Executive,190,Appliances,19,814.72,0,0,37,14,1,59,111,0
8947,2023-05-02,9,Executive,462,Kirkland Signature,4,125.88,0,0,20,15,6,43,84,0
8948,2023-07-16,7,Business,259,Furniture,4,151.08,1,0,8,5,12,46,71,0
8949,2023-03-22,3,Gold Star,35,Clothing,19,539.98,0,0,26,23,7,11,67,0
8950,2023-01-06,6,Business,500,Seasonal,14,181.58,0,0,2,21,9,52,84,0
8951,2023-06-20,5,Gold Star,130,Electronics,16,380.64,0,0,24,23,10,5,62,0
8952,2023-01-23,4,Gold Star,338,Seasonal,3,138.42,0,0,35,17,6,27,85,0
8953,2023-08-08,1,Executive,397,Home,15,138.9,0,0,18,16,5,7,46,1
8954,2023-08-22,2,Business,405,Seasonal,12,182.52,0,0,18,12,12,54,96,0
8955,2023-11-23,1,Executive,77,Home,19,395.96,0,0,14,19,5,33,71,0
8956,2023-12-21,9,Business,465,Seasonal,15,147.15,0,1,48,7,9,24,88,0
8957,2023-09-25,2,Business,300,Seasonal,6,200.28,0,0,42,12,3,71,128,0
8958,2023-05-30,2,Gold Star,184,Seasonal,13,201.63,0,0,27,12,2,40,81,0
8959,2023-02-02,7,Business,408,Appliances,18,364.32,0,0,3,19,1,39,62,0
8960,2023-02-09,10,Executive,23,Kirkland Signature,13,108.29,0,0,9,24,11,16,60,0
8961,2023-09-25,6,Executive,383,Seasonal,10,341.5,0,0,43,2,7,53,105,0
8962,2023-03-29,6,Gold Star,286,Electronics,3,116.97,0,0,21,14,4,48,87,0
8963,2023-06-26,8,Executive,228,Clothing,4,153.88,0,0,6,7,12,41,66,0
8964,2023-02-14,6,Business,58,Kirkland Signature,8,193.36,0,0,1,10,5,24,40,1
8965,2023-08-19,6,Executive,298,Appliances,6,141.6,1,0,5,6,6,39,56,0
8966,2023-02-24,3,Gold Star,22,Clothing,11,269.83,0,0,23,15,5,52,95,0
8967,2023-10-31,9,Gold Star,275,Furniture,8,215.52,0,0,35,9,12,62,118,0
8968,2023-08-07,7,Executive,23,Kirkland Signature,10,83.3,0,0,33,4,5,7,49,0
8969,2023-06-06,4,Executive,5,Furniture,11,64.02,0,0,8,18,5,2,33,1
8970,2023-03-04,3,Executive,492,Electronics,5,157.1,1,0,43,18,11,2,74,0
8971,2023-07-08,9,Gold Star,372,Furniture,11,223.63,1,0,42,10,10,71,133,0
8972,2023-12-17,4,Gold Star,302,Seasonal,6,71.34,1,1,26,5,12,13,56,0
8973,2023-03-30,7,Executive,323,Electronics,9,384.93,0,0,9,9,12,27,57,0
8974,2023-11-16,6,Executive,340,Furniture,6,144.6,0,0,4,10,11,52,77,0
8975,2023-08-19,10,Executive,23,Kirkland Signature,2,16.66,1,0,34,11,5,68,118,0
8976,2023-11-29,10,Business,351,Electronics,13,381.81,0,0,12,12,8,36,68,0
8977,2023-11-03,8,Gold Star,302,Seasonal,6,71.34,0,0,47,15,12,69,143,0
8978,2023-10-10,4,Business,25,Kirkland Signature,1,45.56,0,0,19,2,9,6,36,1
8979,2023-01-12,7,Business,268,Seasonal,15,334.5,0,0,7,8,9,20,44,1
8980,2023-01-30,2,Business,287,Grocery,17,408.51,0,0,8,11,1,50,70,0
8981,2023-04-04,9,Gold Star,149,Kirkland Signature,19,314.07,0,0,40,19,6,51,116,0
8982,2023-07-26,4,Gold Star,93,Kirkland Signature,1,24.31,0,0,45,15,7,37,104,0
8983,2023-12-10,4,Gold Star,25,Kirkland Signature,11,501.16,1,0,6,19,1,59,85,0
8984,2023-10-04,9,Executive,499,Clothing,2,37.02,0,0,37,4,1,4,46,1
8985,2023-05-25,1,Business,368,Grocery,20,331.0,0,0,38,8,4,51,101,0
8986,2023-08-17,3,Gold Star,40,Home,17,490.79,0,0,11,24,9,35,79,0
8987,2023-07-04,8,Gold Star,370,Electronics,7,267.12,0,0,13,16,5,67,101,0
8988,2023-05-25,1,Gold Star,93,Kirkland Signature,18,437.58,0,0,36,19,12,42,109,0
8989,2023-05-09,9,Executive,371,Grocery,7,235.97,0,0,20,18,12,34,84,0
8990,2023-03-31,4,Gold Star,304,Furniture,3,95.52,0,0,37,4,9,3,53,0
8991,2023-07-19,5,Gold Star,492,Electronics,11,345.62,0,0,6,21,10,66,103,0
8992,2023-09-01,8,Gold Star,9,Kirkland Signature,8,377.36,0,0,48,14,1,72,135,0
8993,2023-08-12,2,Business,357,Kirkland Signature,3,102.69,1,0,23,24,11,50,108,0
8994,2023-10-12,6,Gold Star,320,Clothing,7,119.77,0,0,28,14,1,40,83,0
8995,2023-06-29,9,Executive,269,Electronics,14,44.1,0,0,32,20,10,43,105,0
8996,2023-04-01,10,Business,47,Home,16,353.6,1,0,36,17,12,36,101,0
8997,2023-10-27,3,Executive,374,Kirkland Signature,16,423.04,0,0,11,13,9,47,80,0
8998,2023-06-25,4,Executive,178,Home,10,343.6,1,0,15,10,7,33,65,0
8999,2023-11-16,10,Business,189,Home,19,948.86,0,0,10,20,10,1,41,1
9000,2023-03-20,3,Gold Star,316,Kirkland Signature,15,316.05,0,0,46,10,12,11,79,0
9001,2023-06-09,2,Executive,215,Kirkland Signature,20,53.0,0,0,31,6,3,3,43,1
9002,2023-01-05,7,Executive,298,Appliances,13,306.8,0,0,29,13,4,56,102,0
9003,2023-03-30,2,Executive,250,Home,15,532.65,0,0,42,17,12,47,118,0
9004,2023-05-19,9,Gold Star,347,Clothing,14,507.78,0,0,44,3,3,28,78,0
9005,2023-07-12,10,Executive,140,Electronics,1,45.37,0,0,41,11,4,67,123,0
9006,2023-07-29,3,Business,249,Furniture,11,141.9,1,0,38,14,5,71,128,0
9007,2023-02-05,10,Executive,446,Clothing,11,248.82,1,0,17,23,9,57,106,0
9008,2023-01-26,10,Business,4,Furniture,10,110.9,0,0,30,20,6,55,111,0
9009,2023-06-18,1,Gold Star,388,Kirkland Signature,8,56.56,1,0,46,21,4,31,102,0
9010,2023-04-27,3,Executive,111,Appliances,4,13.96,0,0,42,9,3,65,119,0
9011,2023-04-17,5,Business,236,Grocery,8,6.8,0,0,31,17,2,71,121,0
9012,2023-05-26,5,Gold Star,62,Electronics,4,93.12,0,0,7,5,3,71,86,0
9013,2023-03-21,8,Executive,261,Seasonal,7,277.62,0,0,4,16,2,68,90,0
9014,2023-06-23,2,Business,181,Clothing,12,131.64,0,0,21,20,1,64,106,0
9015,2023-07-15,3,Gold Star,230,Appliances,8,186.08,1,0,48,20,3,26,97,0
9016,2023-12-05,7,Business,59,Grocery,1,35.37,0,0,2,24,12,52,90,0
9017,2023-10-04,5,Executive,79,Clothing,16,156.32,0,0,13,18,10,48,89,0
9018,2023-08-10,5,Executive,43,Seasonal,10,425.3,0,0,29,3,12,66,110,0
9019,2023-06-27,5,Gold Star,238,Kirkland Signature,17,190.57,0,0,23,16,6,24,69,0
9020,2023-07-10,9,Business,93,Kirkland Signature,1,24.31,0,0,45,9,10,52,116,0
9021,2023-03-28,6,Executive,21,Appliances,12,178.08,0,0,40,1,5,67,113,0
9022,2023-03-31,4,Executive,75,Appliances,19,767.22,0,0,6,7,4,8,25,1
9023,2023-07-20,1,Business,115,Electronics,18,837.0,0,0,4,9,1,10,24,1
9024,2023-10-16,6,Gold Star,217,Furniture,12,210.24,0,0,25,17,3,20,65,0
9025,2023-07-27,5,Executive,110,Kirkland Signature,19,575.51,0,0,23,11,6,62,102,0
9026,2023-04-01,10,Executive,275,Furniture,9,242.46,1,0,48,6,10,42,106,0
9027,2023-08-22,4,Gold Star,296,Kirkland Signature,8,344.0,0,0,7,9,11,17,44,1
9028,2023-07-07,5,Business,488,Grocery,9,59.58,0,0,19,15,6,45,85,0
9029,2023-12-26,7,Business,342,Grocery,18,547.38,0,0,25,10,2,29,66,0
9030,2023-12-26,1,Gold Star,128,Grocery,10,263.4,0,0,14,14,6,14,48,1
9031,2023-06-04,2,Gold Star,246,Clothing,11,474.76,1,0,7,14,5,26,52,0
9032,2023-05-19,4,Business,156,Seasonal,3,128.73,0,0,19,1,2,45,67,0
9033,2023-03-13,6,Executive,112,Clothing,8,356.56,0,0,18,10,9,1,38,1
9034,2023-11-09,8,Executive,311,Kirkland Signature,15,14.4,0,0,37,23,12,12,84,0
9035,2023-04-13,8,Executive,319,Seasonal,14,372.12,0,0,3,18,10,26,57,0
9036,2023-04-20,1,Executive,321,Appliances,3,65.13,0,0,38,14,9,36,97,0
9037,2023-07-24,1,Gold Star,480,Grocery,17,241.06,0,0,12,17,7,36,72,0
9038,2023-08-31,9,Business,395,Electronics,8,361.44,0,0,18,14,2,29,63,0
9039,2023-02-17,6,Gold Star,419,Clothing,8,201.12,0,0,28,23,10,2,63,0
9040,2023-09-10,2,Gold Star,415,Electronics,2,66.08,1,0,31,10,8,31,80,0
9041,2023-01-14,1,Business,390,Seasonal,9,432.09,1,0,46,17,10,40,113,0
9042,2023-05-15,2,Gold Star,382,Home,19,754.49,0,0,45,10,2,65,122,0
9043,2023-08-15,5,Executive,65,Seasonal,3,35.76,0,0,24,21,8,37,90,0
9044,2023-08-21,5,Gold Star,326,Seasonal,17,403.58,0,0,12,23,2,34,71,0
9045,2023-04-09,1,Gold Star,367,Electronics,2,53.82,1,0,33,16,6,34,89,0
9046,2023-01-22,1,Executive,266,Appliances,19,880.46,1,0,19,12,2,10,43,1
9047,2023-01-02,1,Gold Star,233,Clothing,19,304.57,0,0,12,20,4,53,89,0
9048,2023-07-06,5,Executive,493,Clothing,9,199.53,0,0,22,18,8,71,119,0
9049,2023-01-17,2,Business,132,Appliances,12,25.08,0,0,48,23,6,58,135,0
9050,2023-09-26,9,Executive,214,Clothing,8,352.48,0,0,31,22,3,13,69,0
9051,2023-04-29,6,Executive,215,Kirkland Signature,11,29.15,1,0,46,4,12,64,126,0
9052,2023-12-03,9,Business,432,Electronics,7,304.08,1,0,12,15,3,27,57,0
9053,2023-10-02,6,Gold Star,446,Clothing,18,407.16,0,0,25,8,2,37,72,0
9054,2023-09-02,1,Gold Star,219,Home,8,16.8,1,0,20,7,4,12,43,1
9055,2023-10-29,1,Business,384,Appliances,14,148.54,1,0,14,2,8,32,56,0
9056,2023-10-02,6,Gold Star,342,Grocery,11,334.51,0,0,37,7,6,6,56,0
9057,2023-07-28,6,Executive,351,Electronics,18,528.66,0,0,13,10,5,40,68,0
9058,2023-02-05,3,Executive,95,Home,15,490.5,1,0,2,1,1,68,72,0
9059,2023-07-30,10,Executive,275,Furniture,2,53.88,1,0,42,8,7,47,104,0
9060,2023-02-23,3,Executive,98,Home,6,255.3,0,0,18,20,3,37,78,0
9061,2023-10-23,1,Executive,30,Electronics,10,98.2,0,0,19,5,2,21,47,1
9062,2023-10-02,6,Gold Star,462,Kirkland Signature,14,440.58,0,0,6,1,12,30,49,0
9063,2023-10-18,5,Gold Star,280,Seasonal,15,374.55,0,0,42,21,6,72,141,0
9064,2023-12-09,8,Business,254,Seasonal,19,114.38,1,0,9,14,10,61,94,0
9065,2023-04-10,8,Gold Star,241,Electronics,2,54.24,0,0,4,16,9,50,79,0
9066,2023-04-25,4,Executive,14,Home,15,498.0,0,0,30,17,7,7,61,0
9067,2023-07-21,10,Gold Star,242,Electronics,16,520.0,0,0,21,17,4,44,86,0
9068,2023-08-02,1,Executive,349,Home,4,138.52,0,0,15,19,3,42,79,0
9069,2023-01-17,6,Executive,255,Seasonal,4,166.0,0,0,1,23,11,52,87,0
9070,2023-10-29,9,Gold Star,119,Electronics,20,407.8,1,0,35,6,6,4,51,0
9071,2023-06-17,2,Gold Star,62,Electronics,8,186.24,1,0,33,24,8,26,91,0
9072,2023-12-07,7,Business,315,Home,12,61.92,0,0,16,3,12,29,60,0
9073,2023-06-08,5,Executive,483,Appliances,16,121.12,0,0,3,12,11,41,67,0
9074,2023-01-06,6,Gold Star,142,Kirkland Signature,4,164.4,0,0,6,18,2,2,28,1
9075,2023-09-21,9,Executive,339,Appliances,20,890.6,0,0,23,11,7,63,104,0
9076,2023-05-29,10,Executive,94,Furniture,15,256.95,0,0,21,13,10,27,71,0
9077,2023-11-19,9,Business,36,Home,7,119.42,1,0,19,14,5,61,99,0
9078,2023-03-08,1,Business,120,Kirkland Signature,3,106.83,0,0,42,7,8,22,79,0
9079,2023-11-15,1,Business,19,Seasonal,19,714.02,0,0,30,16,2,72,120,0
9080,2023-01-26,7,Executive,50,Electronics,7,235.27,0,0,33,1,11,61,106,0
9081,2023-04-04,8,Business,16,Kirkland Signature,10,452.8,0,0,29,22,6,68,125,0
9082,2023-11-05,7,Gold Star,428,Grocery,13,452.4,1,0,1,5,7,63,76,0
9083,2023-11-17,9,Executive,126,Furniture,1,32.71,0,0,19,22,4,47,92,0
9084,2023-11-22,7,Business,136,Kirkland Signature,6,262.5,0,0,47,13,11,1,72,0
9085,2023-11-20,5,Gold Star,217,Furniture,11,192.72,0,0,11,9,9,60,89,0
9086,2023-01-18,8,Executive,292,Electronics,3,17.25,0,0,45,12,12,24,93,0
9087,2023-01-31,2,Business,271,Appliances,14,497.56,0,0,21,5,1,63,90,0
9088,2023-08-05,5,Business,91,Kirkland Signature,19,793.06,1,0,35,7,9,58,109,0
9089,2023-02-07,10,Executive,491,Appliances,8,106.88,0,0,42,16,12,49,119,0
9090,2023-10-29,8,Gold Star,201,Grocery,6,24.84,1,0,26,15,6,30,77,0
9091,2023-07-31,1,Gold Star,342,Grocery,6,182.46,0,0,19,19,1,7,46,1
9092,2023-03-28,10,Business,334,Clothing,13,353.47,0,0,6,23,9,38,76,0
9093,2023-09-29,10,Executive,415,Electronics,15,495.6,0,0,30,4,11,63,108,0
9094,2023-04-20,8,Executive,118,Furniture,7,93.03,0,0,6,21,3,24,54,0
9095,2023-10-01,3,Business,399,Clothing,9,183.87,1,0,13,16,10,26,65,0
9096,2023-11-21,5,Executive,356,Kirkland Signature,15,309.0,0,0,13,22,3,19,57,0
9097,2023-09-30,4,Executive,83,Kirkland Signature,6,294.06,1,0,22,4,10,57,93,0
9098,2023-08-07,7,Business,298,Appliances,9,212.4,0,0,46,12,12,39,109,0
9099,2023-12-17,2,Business,236,Grocery,4,3.4,1,1,20,4,12,36,72,0
9100,2023-02-26,3,Business,219,Home,4,8.4,1,0,9,3,10,31,53,0
9101,2023-02-20,10,Gold Star,288,Furniture,8,72.72,0,0,14,10,10,17,51,0
9102,2023-03-27,8,Business,310,Furniture,13,17.94,0,0,45,3,4,68,120,0
9103,2023-11-15,7,Business,70,Clothing,17,782.0,0,0,39,6,9,67,121,0
9104,2023-12-08,4,Gold Star,233,Clothing,14,224.42,0,0,35,4,8,23,70,0
9105,2023-04-25,9,Gold Star,275,Furniture,3,80.82,0,0,38,12,1,36,87,0
9106,2023-10-07,8,Gold Star,138,Furniture,16,378.08,1,0,45,5,9,71,130,0
9107,2023-10-21,1,Gold Star,297,Grocery,2,32.0,1,0,10,1,7,66,84,0
9108,2023-02-13,4,Business,85,Seasonal,8,389.84,0,0,43,8,7,66,124,0
9109,2023-08-06,2,Gold Star,284,Furniture,10,64.3,1,0,5,17,3,8,33,1
9110,2023-02-05,7,Executive,443,Kirkland Signature,2,7.52,1,0,15,17,12,48,92,0
9111,2023-05-28,8,Executive,241,Electronics,1,27.12,1,0,40,16,12,43,111,0
9112,2023-07-30,3,Business,100,Electronics,9,250.74,1,0,25,10,9,10,54,0
9113,2023-10-19,5,Business,57,Seasonal,10,26.2,0,0,38,22,2,61,123,0
9114,2023-12-02,3,Gold Star,366,Kirkland Signature,5,24.25,1,0,23,13,2,51,89,0
9115,2023-01-26,10,Business,373,Seasonal,5,152.4,0,0,10,10,6,25,51,0
9116,2023-05-06,5,Executive,22,Clothing,14,343.42,1,0,2,9,5,13,29,1
9117,2023-07-30,5,Business,443,Kirkland Signature,6,22.56,1,0,31,3,10,43,87,0
9118,2023-01-28,9,Gold Star,401,Kirkland Signature,20,770.2,1,0,15,24,9,7,55,0
9119,2023-10-20,1,Business,448,Home,11,229.68,0,0,28,22,5,53,108,0
9120,2023-04-27,3,Executive,226,Grocery,10,281.2,0,0,47,8,5,17,77,0
9121,2023-01-19,3,Gold Star,251,Kirkland Signature,4,149.04,0,0,26,20,1,16,63,0
9122,2023-04-05,10,Executive,187,Furniture,17,388.79,0,0,17,19,10,64,110,0
9123,2023-10-04,3,Executive,468,Grocery,4,28.32,0,0,1,7,3,15,26,1
9124,2023-07-21,1,Executive,154,Grocery,12,587.88,0,0,29,14,7,29,79,0
9125,2023-07-23,7,Business,398,Grocery,19,744.61,1,0,33,5,6,28,72,0
9126,2023-03-10,1,Executive,321,Appliances,15,325.65,0,0,28,14,12,60,114,0
9127,2023-03-23,2,Executive,493,Clothing,20,443.4,0,0,14,9,12,49,84,0
9128,2023-08-06,9,Executive,123,Clothing,6,95.76,1,0,15,15,1,37,68,0
9129,2023-04-09,6,Executive,236,Grocery,10,8.5,1,0,34,12,4,13,63,0
9130,2023-01-26,2,Business,284,Furniture,3,19.29,0,0,3,1,3,46,53,0
9131,2023-03-27,7,Executive,401,Kirkland Signature,14,539.14,0,0,30,20,1,46,97,0
9132,2023-02-15,3,Business,12,Kirkland Signature,3,47.46,0,0,15,22,6,39,82,0
9133,2023-01-03,3,Executive,279,Kirkland Signature,8,260.24,0,0,30,10,10,59,109,0
9134,2023-09-20,7,Business,226,Grocery,1,28.12,0,0,10,15,2,42,69,0
9135,2023-09-08,8,Executive,95,Home,19,621.3,0,0,34,6,12,42,94,0
9136,2023-02-07,7,Business,66,Kirkland Signature,1,4.58,0,0,22,10,11,53,96,0
9137,2023-05-30,6,Gold Star,410,Home,12,212.88,0,0,29,15,10,14,68,0
9138,2023-09-26,2,Gold Star,126,Furniture,3,98.13,0,0,23,24,6,43,96,0
9139,2023-06-27,8,Executive,335,Home,4,81.32,0,0,37,9,10,38,94,0
9140,2023-11-30,5,Business,93,Kirkland Signature,10,243.1,0,0,32,16,3,69,120,0
9141,2023-04-26,8,Executive,283,Home,20,897.2,0,0,21,7,9,37,74,0
9142,2023-07-14,5,Executive,112,Clothing,1,44.57,0,0,12,13,2,16,43,1
9143,2023-05-30,6,Business,201,Grocery,5,20.7,0,0,26,23,6,36,91,0
9144,2023-10-16,4,Gold Star,395,Electronics,10,451.8,0,0,48,9,6,47,110,0
9145,2023-11-14,4,Executive,348,Home,9,390.15,0,0,42,9,11,67,129,0
9146,2023-07-08,7,Executive,216,Appliances,19,342.38,1,0,37,16,5,52,110,0
9147,2023-02-17,1,Business,51,Kirkland Signature,16,759.52,0,0,29,9,4,52,94,0
9148,2023-04-25,7,Gold Star,296,Kirkland Signature,19,817.0,0,0,11,23,12,21,67,0
9149,2023-02-15,8,Gold Star,457,Clothing,14,664.72,0,0,16,4,8,13,41,1
9150,2023-01-08,7,Executive,492,Electronics,5,157.1,1,0,20,4,12,17,53,0
9151,2023-07-22,4,Business,349,Home,6,207.78,1,0,29,4,12,69,114,0
9152,2023-04-28,6,Business,411,Kirkland Signature,19,655.12,0,0,3,6,1,39,49,0
9153,2023-02-13,8,Executive,245,Appliances,18,785.7,0,0,5,9,2,65,81,0
9154,2023-04-11,1,Business,116,Electronics,3,123.57,0,0,14,1,4,26,45,1
9155,2023-07-17,1,Business,281,Kirkland Signature,12,289.56,0,0,11,15,6,59,91,0
9156,2023-07-25,8,Gold Star,353,Kirkland Signature,20,241.2,0,0,1,11,8,49,69,0
9157,2023-04-25,8,Gold Star,499,Clothing,19,351.69,0,0,36,9,10,69,124,0
9158,2023-11-22,10,Business,352,Electronics,12,546.12,0,0,44,4,3,54,105,0
9159,2023-08-04,2,Business,93,Kirkland Signature,3,72.93,0,0,28,21,11,30,90,0
9160,2023-04-26,8,Executive,433,Appliances,13,172.77,0,0,16,22,6,55,99,0
9161,2023-10-13,3,Executive,221,Clothing,5,195.75,0,0,5,23,10,55,93,0
9162,2023-03-26,8,Gold Star,241,Electronics,10,271.2,1,0,41,22,11,31,105,0
9163,2023-12-14,1,Gold Star,137,Furniture,14,657.72,0,0,7,24,12,6,49,0
9164,2023-10-13,9,Executive,248,Seasonal,3,95.22,0,0,41,16,3,48,108,0
9165,2023-05-08,8,Gold Star,271,Appliances,14,497.56,0,0,30,9,11,5,55,0
9166,2023-03-14,1,Executive,34,Home,3,19.59,0,0,34,15,4,18,71,0
9167,2023-12-10,2,Executive,100,Electronics,8,222.88,1,0,43,9,4,58,114,0
9168,2023-11-17,5,Gold Star,446,Clothing,10,226.2,0,0,35,19,11,27,92,0
9169,2023-10-31,8,Business,52,Electronics,17,809.03,0,0,14,19,5,18,56,0
9170,2023-04-29,5,Executive,341,Furniture,20,938.4,1,0,4,6,9,38,57,0
9171,2023-03-03,8,Executive,434,Kirkland Signature,8,215.92,0,0,18,8,7,53,86,0
9172,2023-02-13,2,Executive,41,Electronics,8,335.52,0,0,20,6,4,36,66,0
9173,2023-02-09,7,Business,468,Grocery,5,35.4,0,0,44,5,5,44,98,0
9174,2023-07-19,3,Business,288,Furniture,19,172.71,0,0,36,16,10,11,73,0
9175,2023-07-28,2,Executive,351,Electronics,4,117.48,0,0,1,3,8,36,48,1
9176,2023-08-23,3,Business,229,Seasonal,17,728.28,0,0,41,6,4,43,94,0
9177,2023-06-18,6,Business,285,Appliances,16,368.16,1,0,13,23,5,41,82,0
9178,2023-03-25,10,Business,49,Appliances,16,420.32,1,0,20,9,6,33,68,0
9179,2023-10-01,6,Business,367,Electronics,20,538.2,1,0,3,8,8,1,20,1
9180,2023-03-18,5,Business,133,Clothing,2,71.1,1,0,26,16,5,42,89,0
9181,2023-02-21,10,Business,83,Kirkland Signature,5,245.05,0,0,38,21,9,4,72,0
9182,2023-03-14,2,Gold Star,300,Seasonal,15,500.7,0,0,20,4,8,52,84,0
9183,2023-07-13,1,Executive,394,Clothing,3,134.22,0,0,24,21,2,50,97,0
9184,2023-12-17,10,Business,465,Seasonal,4,39.24,1,1,22,20,1,43,86,0
9185,2023-07-02,10,Gold Star,349,Home,5,173.15,1,0,30,19,12,54,115,0
9186,2023-01-26,1,Gold Star,313,Clothing,11,194.81,0,0,40,8,9,36,93,0
9187,2023-03-21,2,Business,181,Clothing,12,131.64,0,0,3,8,5,59,75,0
9188,2023-06-26,2,Executive,244,Electronics,16,556.96,0,0,41,22,2,23,88,0
9189,2023-03-28,3,Business,444,Kirkland Signature,11,179.3,0,0,19,7,2,22,50,0
9190,2023-01-12,5,Executive,244,Electronics,10,348.1,0,0,47,24,1,61,133,0
9191,2023-09-06,6,Executive,413,Home,10,489.8,0,0,15,13,1,71,100,0
9192,2023-09-29,7,Gold Star,177,Grocery,12,461.4,0,0,29,16,12,33,90,0
9193,2023-07-24,8,Gold Star,186,Electronics,12,491.16,0,0,39,10,2,66,117,0
9194,2023-06-14,2,Executive,45,Clothing,18,102.96,0,0,27,5,8,67,107,0
9195,2023-04-24,4,Business,268,Seasonal,7,156.1,0,0,2,24,6,34,66,0
9196,2023-09-07,7,Business,471,Clothing,12,451.56,0,0,9,8,7,16,40,1
9197,2023-08-06,10,Gold Star,463,Clothing,13,248.95,1,0,6,7,12,39,64,0
9198,2023-07-06,4,Gold Star,110,Kirkland Signature,3,90.87,0,0,29,22,1,58,110,0
9199,2023-02-13,4,Business,413,Home,5,244.9,0,0,2,9,6,55,72,0
9200,2023-02-06,7,Executive,35,Clothing,1,28.42,0,0,40,4,3,32,79,0
9201,2023-08-18,5,Gold Star,426,Home,16,514.4,0,0,2,11,3,10,26,1
9202,2023-09-23,2,Gold Star,313,Clothing,12,212.52,1,0,24,10,11,61,106,0
9203,2023-04-02,10,Gold Star,66,Kirkland Signature,1,4.58,1,0,41,3,3,45,92,0
9204,2023-11-11,3,Gold Star,268,Seasonal,5,111.5,1,0,45,23,4,31,103,0
9205,2023-10-29,2,Business,452,Appliances,15,366.15,1,0,41,22,7,55,125,0
9206,2023-12-02,7,Gold Star,412,Furniture,8,267.92,1,0,32,7,6,48,93,0
9207,2023-02-10,9,Business,112,Clothing,13,579.41,0,0,18,21,3,58,100,0
9208,2023-12-01,7,Executive,254,Seasonal,8,48.16,0,0,4,17,9,47,77,0
9209,2023-01-17,1,Gold Star,199,Seasonal,15,638.1,0,0,18,22,3,48,91,0
9210,2023-01-10,2,Gold Star,357,Kirkland Signature,3,102.69,0,0,42,12,7,72,133,0
9211,2023-10-07,2,Executive,137,Furniture,5,234.9,1,0,44,9,3,49,105,0
9212,2023-06-09,4,Gold Star,274,Grocery,5,245.45,0,0,37,1,9,63,110,0
9213,2023-07-05,6,Business,294,Grocery,16,754.08,0,0,21,15,7,59,102,0
9214,2023-12-31,9,Executive,275,Furniture,17,457.98,1,0,40,12,4,10,66,0
9215,2023-06-10,3,Executive,333,Grocery,9,208.08,1,0,27,10,8,51,96,0
9216,2023-12-29,10,Business,108,Furniture,14,511.14,0,0,9,14,10,53,86,0
9217,2023-01-26,4,Business,444,Kirkland Signature,13,211.9,0,0,5,9,11,55,80,0
9218,2023-03-23,7,Executive,427,Electronics,17,821.95,0,0,39,12,8,7,66,0
9219,2023-04-13,1,Business,317,Kirkland Signature,15,551.4,0,0,5,12,7,31,55,0
9220,2023-08-16,6,Gold Star,58,Kirkland Signature,12,290.04,0,0,27,20,10,50,107,0
9221,2023-02-02,7,Gold Star,263,Kirkland Signature,5,126.75,0,0,12,6,10,36,64,0
9222,2023-11-01,8,Executive,120,Kirkland Signature,11,391.71,0,0,39,20,6,59,124,0
9223,2023-04-13,4,Business,245,Appliances,2,87.3,0,0,38,13,8,55,114,0
9224,2023-05-04,1,Executive,365,Furniture,8,30.96,0,0,40,8,1,69,118,0
9225,2023-08-17,9,Executive,157,Clothing,19,740.05,0,0,10,1,3,33,47,1
9226,2023-07-09,7,Executive,204,Electronics,14,149.24,1,0,7,10,1,46,64,0
9227,2023-12-25,5,Executive,71,Seasonal,20,483.4,0,1,25,3,9,60,97,0
9228,2023-04-22,8,Gold Star,109,Grocery,13,449.67,1,0,20,15,8,6,49,0
9229,2023-10-14,9,Business,372,Furniture,12,243.96,1,0,34,14,12,7,67,0
9230,2023-11-20,9,Executive,222,Kirkland Signature,1,21.21,0,0,25,22,12,56,115,0
9231,2023-05-20,7,Business,30,Electronics,16,157.12,1,0,46,20,4,13,83,0
9232,2023-02-13,9,Business,128,Grocery,9,237.06,0,0,3,11,11,56,81,0
9233,2023-05-12,7,Executive,71,Seasonal,18,435.06,0,0,39,16,6,48,109,0
9234,2023-06-29,1,Gold Star,410,Home,8,141.92,0,0,8,12,5,57,82,0
9235,2023-10-21,9,Gold Star,389,Clothing,3,102.3,1,0,33,21,11,17,82,0
9236,2023-05-22,4,Business,26,Electronics,8,229.36,0,0,38,22,9,49,118,0
9237,2023-03-22,8,Executive,470,Kirkland Signature,3,115.11,0,0,37,10,1,65,113,0
9238,2023-11-11,3,Gold Star,95,Home,8,261.6,1,0,13,12,3,9,37,1
9239,2023-05-27,3,Gold Star,393,Clothing,2,40.62,1,0,31,11,9,68,119,0
9240,2023-07-19,1,Business,405,Seasonal,10,152.1,0,0,22,21,2,23,68,0
9241,2023-05-14,6,Business,370,Electronics,1,38.16,1,0,27,2,11,25,65,0
9242,2023-05-18,2,Business,289,Clothing,9,139.95,0,0,38,20,10,49,117,0
9243,2023-02-05,6,Gold Star,45,Clothing,7,40.04,1,0,12,13,4,20,49,0
9244,2023-09-20,1,Business,383,Seasonal,10,341.5,0,0,8,21,4,65,98,0
9245,2023-04-16,10,Gold Star,74,Appliances,19,758.86,1,0,18,14,9,42,83,0
9246,2023-01-04,3,Gold Star,173,Seasonal,6,123.06,0,0,11,6,9,67,93,0
9247,2023-10-04,9,Gold Star,89,Home,5,216.25,0,0,35,6,3,46,90,0
9248,2023-09-20,4,Business,8,Appliances,15,73.35,0,0,45,3,1,3,52,0
9249,2023-08-16,7,Executive,263,Kirkland Signature,8,202.8,0,0,48,19,3,54,124,0
9250,2023-12-16,2,Gold Star,348,Home,8,346.8,1,1,34,3,3,46,86,0
9251,2023-05-10,4,Executive,24,Clothing,12,531.24,0,0,23,24,3,55,105,0
9252,2023-07-05,1,Business,436,Seasonal,11,405.68,0,0,17,5,1,43,66,0
9253,2023-01-29,2,Gold Star,261,Seasonal,10,396.6,1,0,5,22,7,69,103,0
9254,2023-12-09,5,Gold Star,497,Grocery,4,53.88,1,0,38,1,1,5,45,1
9255,2023-03-15,10,Executive,475,Kirkland Signature,3,43.11,0,0,44,12,10,40,106,0
9256,2023-05-18,3,Executive,431,Appliances,10,33.5,0,0,8,5,6,25,44,1
9257,2023-01-18,6,Business,197,Grocery,5,238.0,0,0,5,9,1,37,52,0
9258,2023-06-10,3,Business,445,Appliances,12,548.76,1,0,31,14,9,62,116,0
9259,2023-04-18,6,Executive,500,Seasonal,16,207.52,0,0,10,7,8,52,77,0
9260,2023-05-30,3,Business,368,Grocery,8,132.4,0,0,7,19,7,3,36,1
9261,2023-09-22,2,Gold Star,160,Kirkland Signature,18,779.76,0,0,35,3,12,53,103,0
9262,2023-04-01,6,Gold Star,127,Clothing,16,524.32,1,0,28,21,11,36,96,0
9263,2023-10-31,7,Business,114,Appliances,5,233.25,0,0,25,6,2,17,50,0
9264,2023-10-21,5,Gold Star,29,Clothing,20,896.8,1,0,39,14,9,17,79,0
9265,2023-12-04,2,Executive,313,Clothing,4,70.84,0,0,30,22,6,58,116,0
9266,2023-11-30,5,Business,62,Electronics,11,256.08,0,0,20,4,4,48,76,0
9267,2023-10-31,5,Executive,90,Seasonal,4,130.04,0,0,46,16,3,64,129,0
9268,2023-05-23,8,Executive,342,Grocery,10,304.1,0,0,27,5,12,65,109,0
9269,2023-05-12,9,Gold Star,121,Electronics,18,743.76,0,0,36,8,4,61,109,0
9270,2023-01-17,1,Executive,244,Electronics,19,661.39,0,0,6,21,9,60,96,0
9271,2023-04-27,9,Executive,485,Kirkland Signature,6,81.84,0,0,19,22,5,65,111,0
9272,2023-01-02,6,Business,48,Seasonal,13,598.26,0,0,13,9,10,8,40,1
9273,2023-03-28,5,Business,434,Kirkland Signature,17,458.83,0,0,22,11,4,52,89,0
9274,2023-01-27,1,Executive,50,Electronics,10,336.1,0,0,19,8,6,49,82,0
9275,2023-01-28,9,Executive,372,Furniture,12,243.96,1,0,12,17,5,68,102,0
9276,2023-07-10,6,Executive,272,Grocery,1,24.99,0,0,8,19,12,22,61,0
9277,2023-07-17,4,Gold Star,278,Home,2,84.86,0,0,16,7,9,15,47,1
9278,2023-04-23,2,Business,111,Appliances,13,45.37,1,0,12,3,11,2,28,1
9279,2023-12-04,3,Gold Star,223,Electronics,7,51.59,0,0,9,11,3,69,92,0
9280,2023-01-15,2,Business,472,Clothing,17,750.04,1,0,3,21,9,25,58,0
9281,2023-11-27,7,Executive,364,Grocery,16,418.72,0,0,14,8,11,69,102,0
9282,2023-05-05,9,Executive,465,Seasonal,1,9.81,0,0,13,3,6,23,45,1
9283,2023-10-07,7,Business,376,Kirkland Signature,17,370.26,1,0,25,20,11,11,67,0
9284,2023-08-22,6,Business,418,Kirkland Signature,1,46.88,0,0,43,8,6,34,91,0
9285,2023-01-30,8,Executive,417,Clothing,15,416.55,0,0,17,1,8,25,51,0
9286,2023-05-06,3,Business,243,Kirkland Signature,14,57.68,1,0,23,18,6,19,66,0
9287,2023-04-22,1,Executive,398,Grocery,8,313.52,1,0,48,5,5,66,124,0
9288,2023-08-01,3,Gold Star,284,Furniture,2,12.86,0,0,36,4,10,5,55,0
9289,2023-10-04,1,Gold Star,396,Electronics,16,747.68,0,0,46,4,1,69,120,0
9290,2023-07-26,2,Business,336,Electronics,11,497.97,0,0,41,2,2,23,68,0
9291,2023-07-31,8,Executive,286,Electronics,5,194.95,0,0,12,21,6,49,88,0
9292,2023-09-08,10,Gold Star,275,Furniture,6,161.64,0,0,10,7,4,2,23,1
9293,2023-09-19,1,Executive,126,Furniture,16,523.36,0,0,32,12,10,19,73,0
9294,2023-02-02,2,Business,454,Appliances,14,333.76,0,0,8,15,9,40,72,0
9295,2023-02-24,2,Business,353,Kirkland Signature,2,24.12,0,0,16,11,2,23,52,0
9296,2023-11-27,7,Executive,466,Home,16,49.28,0,0,47,22,11,33,113,0
9297,2023-05-23,9,Business,209,Home,2,34.84,0,0,30,8,1,24,63,0
9298,2023-02-26,8,Gold Star,111,Appliances,16,55.84,1,0,11,22,6,19,58,0
9299,2023-05-30,1,Business,452,Appliances,19,463.79,0,0,19,23,2,65,109,0
9300,2023-02-17,7,Gold Star,201,Grocery,16,66.24,0,0,43,8,3,47,101,0
9301,2023-07-02,9,Gold Star,268,Seasonal,12,267.6,1,0,46,18,11,44,119,0
9302,2023-01-31,5,Gold Star,136,Kirkland Signature,17,743.75,0,0,12,21,1,54,88,0
9303,2023-05-17,3,Gold Star,160,Kirkland Signature,16,693.12,0,0,43,17,7,15,82,0
9304,2023-09-24,2,Gold Star,8,Appliances,11,53.79,1,0,35,19,9,3,66,0
9305,2023-11-09,10,Gold Star,351,Electronics,2,58.74,0,0,16,18,7,18,59,0
9306,2023-04-19,2,Business,417,Clothing,2,55.54,0,0,8,19,6,6,39,1
9307,2023-07-31,2,Business,36,Home,15,255.9,0,0,10,12,5,35,62,0
9308,2023-02-14,8,Business,478,Seasonal,4,90.56,0,0,32,21,1,30,84,0
9309,2023-11-27,9,Gold Star,106,Furniture,13,185.77,0,0,32,18,10,58,118,0
9310,2023-08-18,3,Gold Star,258,Furniture,7,189.0,0,0,48,11,7,31,97,0
9311,2023-03-19,5,Executive,475,Kirkland Signature,1,14.37,1,0,18,23,1,14,56,0
9312,2023-12-03,3,Executive,199,Seasonal,18,765.72,1,0,2,9,2,56,69,0
9313,2023-03-09,7,Gold Star,230,Appliances,13,302.38,0,0,34,1,4,57,96,0
9314,2023-03-12,9,Gold Star,25,Kirkland Signature,16,728.96,1,0,47,15,1,60,123,0
9315,2023-08-09,6,Executive,440,Furniture,15,581.4,0,0,25,15,9,35,84,0
9316,2023-10-27,5,Gold Star,21,Appliances,9,133.56,0,0,32,6,12,62,112,0
9317,2023-09-27,10,Gold Star,288,Furniture,11,99.99,0,0,4,10,11,13,38,1
9318,2023-03-18,3,Executive,130,Electronics,15,356.85,1,0,32,2,3,47,84,0
9319,2023-11-15,10,Executive,417,Clothing,13,361.01,0,0,10,18,9,49,86,0
9320,2023-12-23,8,Gold Star,344,Furniture,18,121.68,1,1,21,7,5,28,61,0
9321,2023-11-28,1,Gold Star,243,Kirkland Signature,13,53.56,0,0,19,8,3,27,57,0
9322,2023-07-21,7,Gold Star,247,Seasonal,2,61.68,0,0,21,17,5,50,93,0
9323,2023-10-22,10,Executive,129,Home,19,457.33,1,0,36,22,8,30,96,0
9324,2023-12-22,3,Business,36,Home,7,119.42,0,1,9,2,3,36,50,0
9325,2023-09-08,2,Business,150,Appliances,17,62.22,0,0,25,17,7,8,57,0
9326,2023-05-02,2,Executive,240,Home,5,123.75,0,0,10,5,1,40,56,0
9327,2023-02-12,5,Business,463,Clothing,17,325.55,1,0,43,4,8,68,123,0
9328,2023-02-07,8,Business,25,Kirkland Signature,14,637.84,0,0,41,20,11,68,140,0
9329,2023-12-16,3,Executive,282,Seasonal,1,46.6,1,1,44,17,10,4,75,0
9330,2023-07-04,1,Gold Star,475,Kirkland Signature,2,28.74,0,0,8,20,6,24,58,0
9331,2023-08-05,4,Gold Star,328,Clothing,2,95.02,1,0,15,1,3,45,64,0
9332,2023-09-24,6,Business,206,Furniture,2,90.3,1,0,11,21,8,57,97,0
9333,2023-08-01,4,Gold Star,40,Home,13,375.31,0,0,36,12,10,45,103,0
9334,2023-03-15,6,Gold Star,151,Appliances,2,80.56,0,0,23,3,7,54,87,0
9335,2023-11-17,7,Executive,331,Home,18,43.56,0,0,15,13,8,60,96,0
9336,2023-04-21,9,Executive,326,Seasonal,18,427.32,0,0,5,24,4,14,47,1
9337,2023-09-02,7,Gold Star,29,Clothing,4,179.36,1,0,14,11,9,12,46,1
9338,2023-04-12,9,Executive,344,Furniture,1,6.76,0,0,5,17,12,70,104,0
9339,2023-11-10,5,Business,75,Appliances,5,201.9,0,0,43,11,6,59,119,0
9340,2023-08-26,8,Business,495,Kirkland Signature,1,46.48,1,0,20,7,6,21,54,0
9341,2023-11-17,9,Business,406,Seasonal,19,378.29,0,0,1,2,1,56,60,0
9342,2023-06-09,2,Business,183,Electronics,11,239.91,0,0,47,20,1,53,121,0
9343,2023-03-02,5,Gold Star,317,Kirkland Signature,14,514.64,0,0,13,2,2,53,70,0
9344,2023-08-29,9,Gold Star,342,Grocery,8,243.28,0,0,45,2,12,69,128,0
9345,2023-12-11,1,Gold Star,67,Clothing,3,43.11,0,0,25,3,12,17,57,0
9346,2023-07-07,10,Gold Star,497,Grocery,14,188.58,0,0,21,8,7,63,99,0
9347,2023-06-09,2,Executive,267,Seasonal,3,8.43,0,0,2,12,7,57,78,0
9348,2023-10-17,9,Executive,475,Kirkland Signature,19,273.03,0,0,26,18,6,60,110,0
9349,2023-01-17,10,Gold Star,3,Seasonal,4,150.92,0,0,19,22,3,67,111,0
9350,2023-04-09,5,Business,414,Grocery,16,623.2,1,0,33,20,1,65,119,0
9351,2023-06-17,3,Gold Star,371,Grocery,7,235.97,1,0,42,15,4,20,81,0
9352,2023-12-02,7,Executive,255,Seasonal,8,332.0,1,0,40,14,10,3,67,0
9353,2023-10-20,5,Business,254,Seasonal,18,108.36,0,0,38,10,8,29,85,0
9354,2023-03-03,5,Business,478,Seasonal,20,452.8,0,0,20,10,1,5,36,1
9355,2023-10-23,2,Gold Star,209,Home,15,261.3,0,0,37,1,1,67,106,0
9356,2023-09-26,5,Executive,192,Furniture,1,41.76,0,0,47,17,8,65,137,0
9357,2023-04-28,6,Business,3,Seasonal,3,113.19,0,0,26,18,8,9,61,0
9358,2023-05-05,2,Business,345,Kirkland Signature,7,9.8,0,0,36,17,5,69,127,0
9359,2023-12-20,2,Business,486,Clothing,9,316.08,0,1,15,4,12,7,38,1
9360,2023-10-31,3,Executive,376,Kirkland Signature,11,239.58,0,0,30,4,5,50,89,0
9361,2023-04-18,9,Business,254,Seasonal,3,18.06,0,0,13,22,11,20,66,0
9362,2023-04-01,2,Business,360,Home,13,616.85,1,0,38,15,5,4,62,0
9363,2023-08-07,4,Executive,384,Appliances,20,212.2,0,0,6,24,7,20,57,0
9364,2023-11-14,6,Gold Star,164,Clothing,3,109.5,0,0,11,19,12,28,70,0
9365,2023-05-29,2,Business,102,Grocery,4,26.96,0,0,11,8,1,10,30,1
9366,2023-08-01,6,Business,166,Appliances,20,825.2,0,0,7,24,1,5,37,1
9367,2023-01-03,2,Gold Star,151,Appliances,7,281.96,0,0,19,21,7,57,104,0
9368,2023-04-10,5,Gold Star,22,Clothing,14,343.42,0,0,1,9,6,13,29,1
9369,2023-04-05,8,Business,347,Clothing,15,544.05,0,0,6,15,6,29,56,0
9370,2023-01-15,3,Executive,384,Appliances,2,21.22,1,0,31,22,9,60,122,0
9371,2023-12-15,7,Business,395,Electronics,8,361.44,0,1,1,24,4,24,53,0
9372,2023-12-25,2,Business,128,Grocery,18,474.12,0,1,14,19,2,13,48,1
9373,2023-07-26,2,Business,270,Kirkland Signature,3,125.31,0,0,1,22,11,58,92,0
9374,2023-03-12,10,Gold Star,290,Furniture,20,20.2,1,0,42,12,6,57,117,0
9375,2023-02-08,3,Executive,380,Seasonal,16,352.64,0,0,10,2,1,32,45,1
9376,2023-10-19,9,Executive,447,Clothing,11,432.63,0,0,32,20,10,64,126,0
9377,2023-04-11,3,Gold Star,275,Furniture,20,538.8,0,0,2,7,6,36,51,0
9378,2023-12-30,9,Business,205,Grocery,12,371.16,1,0,42,18,3,56,119,0
9379,2023-10-23,2,Gold Star,333,Grocery,15,346.8,0,0,28,23,2,66,119,0
9380,2023-09-20,1,Gold Star,21,Appliances,17,252.28,0,0,25,21,12,23,81,0
9381,2023-09-30,1,Business,240,Home,8,198.0,1,0,12,11,6,28,57,0
9382,2023-02-19,7,Gold Star,138,Furniture,7,165.41,1,0,34,22,11,61,128,0
9383,2023-11-06,4,Executive,291,Kirkland Signature,9,16.47,0,0,43,21,12,66,142,0
9384,2023-05-18,10,Gold Star,413,Home,13,636.74,0,0,27,24,1,59,111,0
9385,2023-04-28,1,Business,364,Grocery,8,209.36,0,0,22,5,4,11,42,1
9386,2023-11-15,3,Executive,280,Seasonal,8,199.76,0,0,30,24,9,49,112,0
9387,2023-08-18,7,Business,135,Clothing,17,42.67,0,0,47,1,1,64,113,0
9388,2023-01-24,10,Business,382,Home,1,39.71,0,0,4,12,8,18,42,1
9389,2023-09-06,4,Executive,160,Kirkland Signature,16,693.12,0,0,45,21,11,55,132,0
9390,2023-09-01,5,Business,498,Kirkland Signature,19,866.97,0,0,4,8,5,13,30,1
9391,2023-03-08,2,Executive,31,Seasonal,17,716.72,0,0,10,20,1,72,103,0
9392,2023-05-21,6,Executive,92,Kirkland Signature,17,184.28,1,0,10,12,2,62,86,0
9393,2023-12-09,8,Gold Star,231,Seasonal,15,71.85,1,0,16,17,7,53,93,0
9394,2023-12-25,2,Executive,76,Kirkland Signature,20,786.8,0,1,42,16,2,40,100,0
9395,2023-09-07,9,Executive,294,Grocery,17,801.21,0,0,26,7,7,52,92,0
9396,2023-12-05,6,Gold Star,202,Furniture,6,135.78,0,0,40,3,2,1,46,1
9397,2023-12-04,1,Gold Star,283,Home,19,852.34,0,0,6,18,4,9,37,1
9398,2023-05-13,9,Gold Star,270,Kirkland Signature,7,292.39,1,0,30,21,10,36,97,0
9399,2023-12-10,2,Business,339,Appliances,12,534.36,1,0,41,16,8,68,133,0
9400,2023-06-10,2,Executive,31,Seasonal,5,210.8,1,0,38,12,2,10,62,0
9401,2023-01-24,1,Gold Star,389,Clothing,15,511.5,0,0,27,21,5,45,98,0
9402,2023-10-20,4,Business,17,Kirkland Signature,8,324.64,0,0,34,20,7,54,115,0
9403,2023-01-23,2,Gold Star,345,Kirkland Signature,15,21.0,0,0,43,3,3,7,56,0
9404,2023-02-23,8,Business,171,Electronics,16,569.6,0,0,15,21,4,72,112,0
9405,2023-10-15,10,Business,28,Electronics,9,7.74,1,0,13,24,5,11,53,0
9406,2023-02-03,3,Business,408,Appliances,6,121.44,0,0,30,2,2,26,60,0
9407,2023-04-04,6,Gold Star,67,Clothing,5,71.85,0,0,19,7,4,63,93,0
9408,2023-08-22,8,Gold Star,487,Home,1,36.06,0,0,12,21,8,48,89,0
9409,2023-07-26,8,Executive,483,Appliances,7,52.99,0,0,45,3,5,31,84,0
9410,2023-07-16,1,Gold Star,430,Kirkland Signature,8,325.12,1,0,45,3,10,33,91,0
9411,2023-11-04,3,Executive,489,Electronics,12,534.12,1,0,34,3,5,55,97,0
9412,2023-04-29,2,Gold Star,325,Electronics,10,25.0,1,0,27,6,12,4,49,0
9413,2023-07-04,10,Gold Star,418,Kirkland Signature,15,703.2,0,0,8,15,3,43,69,0
9414,2023-09-10,3,Business,118,Furniture,15,199.35,1,0,46,22,8,54,130,0
9415,2023-09-21,9,Business,174,Grocery,11,536.47,0,0,47,8,9,57,121,0
9416,2023-03-15,6,Gold Star,462,Kirkland Signature,16,503.52,0,0,7,4,2,58,71,0
9417,2023-12-21,5,Executive,457,Clothing,11,522.28,0,1,1,17,3,29,50,0
9418,2023-06-12,3,Executive,290,Furniture,9,9.09,0,0,14,8,5,41,68,0
9419,2023-11-17,4,Gold Star,372,Furniture,11,223.63,0,0,15,21,2,29,67,0
9420,2023-11-05,8,Executive,14,Home,5,166.0,1,0,15,2,9,58,84,0
9421,2023-12-23,9,Business,41,Electronics,2,83.88,1,1,9,20,2,29,60,0
9422,2023-12-01,9,Gold Star,458,Clothing,1,38.96,0,0,9,10,12,41,72,0
9423,2023-05-16,4,Executive,77,Home,2,41.68,0,0,30,1,11,34,76,0
9424,2023-02-17,9,Business,234,Electronics,3,127.89,0,0,30,21,10,71,132,0
9425,2023-09-21,10,Gold Star,19,Seasonal,10,375.8,0,0,46,15,12,18,91,0
9426,2023-02-16,9,Executive,227,Clothing,8,259.84,0,0,23,3,1,6,33,1
9427,2023-07-02,9,Business,393,Clothing,14,284.34,1,0,16,18,4,48,86,0
9428,2023-06-23,2,Executive,497,Grocery,20,269.4,0,0,32,24,4,49,109,0
9429,2023-10-15,5,Executive,487,Home,4,144.24,1,0,23,22,6,72,123,0
9430,2023-10-12,8,Gold Star,267,Seasonal,13,36.53,0,0,46,12,9,43,110,0
9431,2023-08-03,1,Executive,289,Clothing,19,295.45,0,0,36,13,10,5,64,0
9432,2023-11-04,4,Business,291,Kirkland Signature,15,27.45,1,0,36,19,3,7,65,0
9433,2023-01-24,2,Gold Star,132,Appliances,8,16.72,0,0,42,4,7,14,67,0
9434,2023-12-09,3,Business,334,Clothing,2,54.38,1,0,7,17,7,45,76,0
9435,2023-09-18,6,Gold Star,268,Seasonal,2,44.6,0,0,11,20,5,54,90,0
9436,2023-07-28,5,Gold Star,277,Furniture,17,659.09,0,0,13,21,10,14,58,0
9437,2023-02-23,2,Gold Star,357,Kirkland Signature,6,205.38,0,0,40,24,12,59,135,0
9438,2023-06-21,4,Executive,328,Clothing,9,427.59,0,0,44,3,4,54,105,0
9439,2023-10-29,2,Executive,341,Furniture,2,93.84,1,0,6,11,6,70,93,0
9440,2023-07-27,10,Business,488,Grocery,3,19.86,0,0,48,23,3,34,108,0
9441,2023-06-04,4,Executive,308,Appliances,15,120.6,1,0,40,5,9,20,74,0
9442,2023-07-31,10,Executive,248,Seasonal,20,634.8,0,0,48,22,2,36,108,0
9443,2023-07-05,2,Business,128,Grocery,12,316.08,0,0,11,17,1,71,100,0
9444,2023-03-26,8,Gold Star,87,Clothing,6,61.38,1,0,26,19,7,27,79,0
9445,2023-05-28,9,Business,293,Clothing,2,62.04,1,0,38,2,7,33,80,0
9446,2023-03-24,9,Gold Star,68,Kirkland Signature,11,396.77,0,0,37,20,1,38,96,0
9447,2023-08-22,7,Executive,487,Home,8,288.48,0,0,30,3,11,29,73,0
9448,2023-10-04,7,Gold Star,385,Furniture,4,2.68,0,0,25,12,5,30,72,0
9449,2023-09-12,9,Gold Star,487,Home,17,613.02,0,0,13,19,2,39,73,0
9450,2023-06-10,8,Gold Star,395,Electronics,17,768.06,1,0,47,12,4,56,119,0
9451,2023-08-16,9,Business,331,Home,3,7.26,0,0,6,7,8,67,88,0
9452,2023-10-23,9,Executive,102,Grocery,14,94.36,0,0,12,7,1,4,24,1
9453,2023-12-05,7,Executive,177,Grocery,10,384.5,0,0,29,3,5,40,77,0
9454,2023-05-07,7,Executive,201,Grocery,16,66.24,1,0,3,1,8,49,61,0
9455,2023-06-27,10,Business,89,Home,9,389.25,0,0,2,9,4,29,44,1
9456,2023-02-17,6,Gold Star,401,Kirkland Signature,9,346.59,0,0,14,15,7,39,75,0
9457,2023-04-29,4,Executive,207,Home,17,152.66,1,0,15,22,2,69,108,0
9458,2023-05-01,5,Executive,229,Seasonal,9,385.56,0,0,35,12,3,52,102,0
9459,2023-12-02,7,Executive,321,Appliances,18,390.78,1,0,36,3,4,20,63,0
9460,2023-02-16,4,Business,282,Seasonal,12,559.2,0,0,6,24,5,66,101,0
9461,2023-03-11,8,Business,210,Appliances,13,567.45,1,0,20,7,6,69,102,0
9462,2023-07-06,9,Gold Star,340,Furniture,17,409.7,0,0,16,5,5,46,72,0
9463,2023-12-31,3,Gold Star,254,Seasonal,3,18.06,1,0,14,11,11,1,37,1
9464,2023-02-11,9,Executive,336,Electronics,6,271.62,1,0,12,1,3,54,70,0
9465,2023-12-17,4,Gold Star,456,Grocery,7,156.38,1,1,42,20,8,27,97,0
9466,2023-05-03,9,Business,196,Seasonal,4,155.68,0,0,3,19,3,44,69,0
9467,2023-04-28,8,Executive,243,Kirkland Signature,5,20.6,0,0,34,24,8,12,78,0
9468,2023-12-30,7,Executive,189,Home,10,499.4,1,0,10,23,9,20,62,0
9469,2023-03-21,2,Gold Star,264,Appliances,13,566.02,0,0,8,5,6,17,36,1
9470,2023-12-15,10,Gold Star,385,Furniture,19,12.73,0,1,22,16,12,53,103,0
9471,2023-06-27,8,Executive,219,Home,3,6.3,0,0,42,6,7,17,72,0
9472,2023-01-17,1,Gold Star,366,Kirkland Signature,20,97.0,0,0,28,12,7,67,114,0
9473,2023-05-18,10,Executive,27,Kirkland Signature,10,451.1,0,0,44,2,7,31,84,0
9474,2023-08-25,2,Gold Star,181,Clothing,4,43.88,0,0,7,22,7,28,64,0
9475,2023-10-19,9,Gold Star,356,Kirkland Signature,19,391.4,0,0,11,3,5,60,79,0
9476,2023-08-06,5,Executive,214,Clothing,8,352.48,1,0,41,15,4,71,131,0
9477,2023-11-26,7,Business,303,Electronics,15,307.35,1,0,20,12,5,31,68,0
9478,2023-05-25,3,Gold Star,123,Clothing,8,127.68,0,0,19,12,5,1,37,1
9479,2023-03-10,10,Gold Star,240,Home,16,396.0,0,0,43,23,1,52,119,0
9480,2023-12-06,8,Gold Star,192,Furniture,20,835.2,0,0,10,23,12,65,110,0
9481,2023-03-28,9,Executive,203,Appliances,1,20.26,0,0,7,13,9,59,88,0
9482,2023-02-23,4,Gold Star,434,Kirkland Signature,15,404.85,0,0,5,2,9,50,66,0
9483,2023-04-07,2,Business,500,Seasonal,3,38.91,0,0,13,17,11,18,59,0
9484,2023-12-21,2,Business,161,Grocery,8,352.08,0,1,39,1,11,40,91,0
9485,2023-12-08,5,Executive,267,Seasonal,10,28.1,0,0,24,21,1,10,56,0
9486,2023-03-21,10,Executive,107,Seasonal,6,85.98,0,0,21,6,3,9,39,1
9487,2023-07-03,5,Business,132,Appliances,15,31.35,0,0,4,22,8,59,93,0
9488,2023-08-01,5,Executive,261,Seasonal,14,555.24,0,0,7,9,3,2,21,1
9489,2023-06-24,8,Executive,66,Kirkland Signature,9,41.22,1,0,33,8,9,35,85,0
9490,2023-01-24,1,Executive,468,Grocery,3,21.24,0,0,23,22,1,18,64,0
9491,2023-05-05,3,Gold Star,48,Seasonal,20,920.4,0,0,22,24,10,21,77,0
9492,2023-01-01,2,Gold Star,461,Clothing,12,412.44,1,0,30,11,5,34,80,0
9493,2023-12-08,1,Gold Star,4,Furniture,7,77.63,0,0,34,8,12,37,91,0
9494,2023-05-28,10,Executive,77,Home,4,83.36,1,0,5,7,3,26,41,1
9495,2023-06-07,4,Executive,266,Appliances,19,880.46,0,0,3,17,4,44,68,0
9496,2023-09-26,5,Gold Star,157,Clothing,4,155.8,0,0,11,16,2,6,35,1
9497,2023-02-01,10,Business,244,Electronics,9,313.29,0,0,12,24,7,13,56,0
9498,2023-02-14,4,Gold Star,147,Appliances,8,342.24,0,0,17,24,1,47,89,0
9499,2023-05-01,9,Gold Star,425,Appliances,16,423.36,0,0,10,16,9,70,105,0
9500,2023-05-27,1,Business,66,Kirkland Signature,6,27.48,1,0,31,17,12,39,99,0
9501,2023-06-02,10,Gold Star,171,Electronics,19,676.4,0,0,16,15,4,68,103,0
9502,2023-10-25,9,Gold Star,452,Appliances,20,488.2,0,0,43,24,8,42,117,0
9503,2023-10-10,10,Gold Star,7,Grocery,14,188.3,0,0,29,15,9,68,121,0
9504,2023-07-21,4,Business,248,Seasonal,5,158.7,0,0,30,17,10,8,65,0
9505,2023-09-16,7,Business,413,Home,19,930.62,1,0,26,9,2,34,71,0
9506,2023-05-15,2,Gold Star,231,Seasonal,20,95.8,0,0,48,12,6,20,86,0
9507,2023-09-08,2,Gold Star,428,Grocery,11,382.8,0,0,4,19,2,14,39,1
9508,2023-06-02,3,Business,261,Seasonal,5,198.3,0,0,44,19,2,72,137,0
9509,2023-04-30,4,Executive,498,Kirkland Signature,2,91.26,1,0,31,23,3,72,129,0
9510,2023-07-14,3,Gold Star,182,Furniture,17,216.92,0,0,14,6,3,13,36,1
9511,2023-01-08,10,Gold Star,134,Appliances,9,77.67,1,0,40,13,11,65,129,0
9512,2023-01-22,9,Executive,463,Clothing,19,363.85,1,0,35,6,1,29,71,0
9513,2023-01-15,4,Gold Star,33,Clothing,13,505.44,1,0,11,7,4,66,88,0
9514,2023-10-03,7,Gold Star,220,Grocery,10,39.1,0,0,29,22,1,46,98,0
9515,2023-02-04,3,Executive,386,Electronics,17,150.11,1,0,40,6,1,51,98,0
9516,2023-04-22,8,Executive,355,Grocery,14,505.54,1,0,16,6,1,61,84,0
9517,2023-09-05,9,Gold Star,185,Kirkland Signature,13,13.13,0,0,17,19,9,68,113,0
9518,2023-11-25,6,Gold Star,227,Clothing,18,584.64,1,0,35,21,6,17,79,0
9519,2023-05-23,5,Executive,90,Seasonal,5,162.55,0,0,45,24,6,34,109,0
9520,2023-12-17,8,Gold Star,344,Furniture,2,13.52,1,1,7,24,1,44,76,0
9521,2023-05-12,1,Gold Star,493,Clothing,19,421.23,0,0,23,20,9,59,111,0
9522,2023-06-12,2,Executive,384,Appliances,18,190.98,0,0,38,3,9,24,74,0
9523,2023-09-15,8,Business,370,Electronics,19,725.04,0,0,30,22,12,11,75,0
9524,2023-02-08,6,Business,185,Kirkland Signature,15,15.15,0,0,35,2,10,33,80,0
9525,2023-08-08,9,Business,277,Furniture,17,659.09,0,0,39,1,4,34,78,0
9526,2023-03-21,9,Executive,393,Clothing,11,223.41,0,0,4,14,10,5,33,1
9527,2023-09-30,10,Gold Star,245,Appliances,10,436.5,1,0,19,19,4,72,114,0
9528,2023-03-09,5,Business,242,Electronics,17,552.5,0,0,12,13,11,68,104,0
9529,2023-06-14,1,Gold Star,159,Home,10,403.0,0,0,19,13,10,9,51,0
9530,2023-11-06,4,Executive,277,Furniture,2,77.54,0,0,12,8,3,62,85,0
9531,2023-02-21,1,Executive,471,Clothing,10,376.3,0,0,1,13,4,25,43,1
9532,2023-09-01,2,Gold Star,143,Home,10,384.4,0,0,21,18,6,40,85,0
9533,2023-01-29,6,Business,13,Furniture,19,409.26,1,0,15,23,3,59,100,0
9534,2023-07-28,7,Gold Star,273,Home,3,20.91,0,0,4,20,9,60,93,0
9535,2023-04-11,9,Executive,10,Furniture,12,206.28,0,0,38,21,11,41,111,0
9536,2023-06-26,8,Business,81,Electronics,7,244.72,0,0,36,5,10,36,87,0
9537,2023-03-02,10,Business,430,Kirkland Signature,12,487.68,0,0,10,11,9,53,83,0
9538,2023-10-09,2,Business,392,Seasonal,19,125.21,0,0,3,14,5,48,70,0
9539,2023-06-16,7,Business,28,Electronics,17,14.62,0,0,2,7,10,49,68,0
9540,2023-04-05,9,Gold Star,497,Grocery,11,148.17,0,0,32,6,7,57,102,0
9541,2023-02-06,8,Business,471,Clothing,6,225.78,0,0,37,9,8,27,81,0
9542,2023-04-06,8,Executive,294,Grocery,10,471.3,0,0,4,24,11,32,71,0
9543,2023-01-19,2,Gold Star,128,Grocery,13,342.42,0,0,31,24,7,69,131,0
9544,2023-08-15,6,Business,167,Seasonal,19,134.33,0,0,42,15,12,10,79,0
9545,2023-03-08,8,Business,260,Home,4,186.56,0,0,12,2,3,61,78,0
9546,2023-07-15,4,Business,127,Clothing,7,229.39,1,0,20,21,1,43,85,0
9547,2023-02-06,9,Business,245,Appliances,9,392.85,0,0,27,24,4,60,115,0
9548,2023-07-13,3,Executive,311,Kirkland Signature,6,5.76,0,0,2,17,2,16,37,1
9549,2023-08-06,7,Business,495,Kirkland Signature,2,92.96,1,0,19,20,2,20,61,0
9550,2023-08-28,10,Executive,280,Seasonal,16,399.52,0,0,25,5,2,49,81,0
9551,2023-09-02,1,Business,87,Clothing,6,61.38,1,0,42,12,9,4,67,0
9552,2023-04-17,3,Business,434,Kirkland Signature,8,215.92,0,0,27,6,4,70,107,0
9553,2023-05-19,3,Executive,322,Furniture,18,473.22,0,0,3,9,6,31,49,0
9554,2023-01-31,5,Business,431,Appliances,9,30.15,0,0,6,6,1,2,15,1
9555,2023-02-25,5,Gold Star,174,Grocery,16,780.32,1,0,38,2,3,62,105,0
9556,2023-06-13,6,Executive,1,Clothing,4,50.52,0,0,28,12,10,20,70,0
9557,2023-04-23,1,Business,427,Electronics,7,338.45,1,0,14,4,4,66,88,0
9558,2023-04-06,6,Executive,377,Grocery,13,46.28,0,0,23,19,9,15,66,0
9559,2023-12-14,10,Executive,6,Appliances,6,166.2,0,0,8,12,1,41,62,0
9560,2023-01-02,5,Executive,210,Appliances,19,829.35,0,0,33,20,8,40,101,0
9561,2023-01-06,1,Business,95,Home,11,359.7,0,0,6,15,4,54,79,0
9562,2023-08-06,10,Business,485,Kirkland Signature,12,163.68,1,0,26,13,2,60,101,0
9563,2023-06-25,1,Executive,19,Seasonal,10,375.8,1,0,5,11,7,22,45,1
9564,2023-07-09,9,Business,258,Furniture,16,432.0,1,0,10,2,7,55,74,0
9565,2023-11-16,1,Executive,214,Clothing,15,660.9,0,0,16,7,7,48,78,0
9566,2023-11-10,9,Executive,490,Furniture,11,379.06,0,0,44,14,6,71,135,0
9567,2023-06-23,7,Business,342,Grocery,13,395.33,0,0,18,7,7,38,70,0
9568,2023-07-23,4,Gold Star,286,Electronics,2,77.98,1,0,46,22,3,34,105,0
9569,2023-07-17,9,Business,285,Appliances,17,391.17,0,0,5,14,1,19,39,1
9570,2023-07-22,10,Executive,414,Grocery,18,701.1,1,0,10,5,8,5,28,1
9571,2023-10-18,8,Gold Star,363,Grocery,13,48.1,0,0,12,14,8,35,69,0
9572,2023-06-12,3,Executive,376,Kirkland Signature,15,326.7,0,0,27,5,5,54,91,0
9573,2023-12-02,3,Executive,88,Grocery,9,51.48,1,0,26,21,3,12,62,0
9574,2023-08-18,3,Gold Star,93,Kirkland Signature,8,194.48,0,0,21,4,4,23,52,0
9575,2023-08-26,10,Business,150,Appliances,4,14.64,1,0,42,20,3,13,78,0
9576,2023-12-06,5,Business,402,Furniture,11,14.41,0,0,42,21,3,28,94,0
9577,2023-10-04,2,Gold Star,288,Furniture,7,63.63,0,0,26,9,8,4,47,1
9578,2023-05-05,6,Gold Star,188,Electronics,17,634.61,0,0,41,22,3,60,126,0
9579,2023-09-02,1,Gold Star,94,Furniture,12,205.56,1,0,9,19,5,66,99,0
9580,2023-09-07,9,Executive,54,Appliances,18,302.04,0,0,28,20,8,6,62,0
9581,2023-04-03,10,Executive,2,Appliances,18,461.7,0,0,4,21,11,39,75,0
9582,2023-01-28,6,Executive,113,Clothing,1,13.04,1,0,32,23,7,33,95,0
9583,2023-12-08,6,Gold Star,2,Appliances,18,461.7,0,0,39,12,6,24,81,0
9584,2023-01-21,3,Executive,129,Home,7,168.49,1,0,41,17,9,48,115,0
9585,2023-04-19,7,Business,303,Electronics,11,225.39,0,0,31,4,8,59,102,0
9586,2023-06-17,7,Gold Star,494,Kirkland Signature,20,537.8,1,0,17,13,7,67,104,0
9587,2023-08-06,8,Executive,285,Appliances,6,138.06,1,0,12,15,2,67,96,0
9588,2023-10-24,9,Business,215,Kirkland Signature,15,39.75,0,0,16,15,11,28,70,0
9589,2023-06-03,5,Executive,194,Furniture,11,316.03,1,0,4,4,8,66,82,0
9590,2023-03-05,4,Executive,205,Grocery,6,185.58,1,0,11,20,9,70,110,0
9591,2023-09-05,1,Executive,126,Furniture,6,196.26,0,0,12,20,1,41,74,0
9592,2023-01-12,2,Executive,352,Electronics,14,637.14,0,0,37,24,10,47,118,0
9593,2023-01-27,2,Gold Star,395,Electronics,10,451.8,0,0,18,23,12,4,57,0
9594,2023-07-07,8,Business,177,Grocery,11,422.95,0,0,9,3,2,19,33,1
9595,2023-08-15,10,Executive,375,Furniture,4,139.48,0,0,16,15,10,71,112,0
9596,2023-03-10,4,Gold Star,483,Appliances,17,128.69,0,0,4,6,3,10,23,1
9597,2023-04-24,6,Business,257,Grocery,11,419.21,0,0,47,1,4,40,92,0
9598,2023-10-09,2,Business,96,Seasonal,20,467.0,0,0,11,11,1,64,87,0
9599,2023-05-07,1,Executive,195,Furniture,4,188.64,1,0,28,2,11,29,70,0
9600,2023-02-12,6,Gold Star,10,Furniture,6,103.14,1,0,44,22,4,66,136,0
9601,2023-01-22,7,Executive,239,Home,8,33.52,1,0,30,1,2,35,68,0
9602,2023-08-06,3,Executive,199,Seasonal,16,680.64,1,0,26,3,12,20,61,0
9603,2023-04-02,1,Gold Star,465,Seasonal,18,176.58,1,0,23,7,4,4,38,1
9604,2023-12-30,10,Executive,434,Kirkland Signature,15,404.85,1,0,33,10,5,24,72,0
9605,2023-08-07,9,Gold Star,416,Home,8,380.48,0,0,40,16,10,14,80,0
9606,2023-05-05,8,Executive,288,Furniture,19,172.71,0,0,48,21,2,11,82,0
9607,2023-02-13,4,Business,1,Clothing,1,12.63,0,0,35,23,7,38,103,0
9608,2023-06-21,7,Gold Star,370,Electronics,4,152.64,0,0,11,15,7,45,78,0
9609,2023-12-11,10,Executive,105,Furniture,14,152.6,0,0,34,22,9,2,67,0
9610,2023-12-12,10,Gold Star,353,Kirkland Signature,7,84.42,0,0,40,2,8,22,72,0
9611,2023-08-23,9,Business,158,Furniture,7,257.6,0,0,13,20,12,55,100,0
9612,2023-03-07,7,Executive,308,Appliances,7,56.28,0,0,1,10,9,50,70,0
9613,2023-06-07,8,Gold Star,274,Grocery,17,834.53,0,0,37,1,6,18,62,0
9614,2023-01-06,4,Business,30,Electronics,19,186.58,0,0,19,13,11,51,94,0
9615,2023-06-29,2,Executive,296,Kirkland Signature,12,516.0,0,0,10,7,5,42,64,0
9616,2023-08-01,6,Business,336,Electronics,8,362.16,0,0,4,19,10,52,85,0
9617,2023-07-26,8,Business,423,Seasonal,15,21.0,0,0,12,2,2,30,46,1
9618,2023-10-22,4,Executive,236,Grocery,13,11.05,1,0,11,9,5,16,41,1
9619,2023-03-05,1,Gold Star,131,Furniture,14,373.8,1,0,15,16,8,4,43,1
9620,2023-01-22,5,Business,202,Furniture,13,294.19,1,0,21,13,11,43,88,0
9621,2023-03-25,6,Business,245,Appliances,12,523.8,1,0,44,7,11,66,128,0
9622,2023-09-23,4,Executive,266,Appliances,7,324.38,1,0,25,13,10,8,56,0
9623,2023-06-20,10,Executive,444,Kirkland Signature,18,293.4,0,0,48,2,6,70,126,0
9624,2023-07-29,3,Business,430,Kirkland Signature,10,406.4,1,0,20,9,4,12,45,1
9625,2023-10-24,8,Gold Star,467,Electronics,20,55.4,0,0,15,8,4,69,96,0
9626,2023-02-15,5,Business,85,Seasonal,17,828.41,0,0,46,9,4,28,87,0
9627,2023-05-28,4,Executive,377,Grocery,10,35.6,1,0,31,11,9,14,65,0
9628,2023-08-02,7,Executive,352,Electronics,15,682.65,0,0,48,3,4,41,96,0
9629,2023-04-30,6,Business,74,Appliances,5,199.7,1,0,10,3,5,1,19,1
9630,2023-04-30,2,Business,126,Furniture,17,556.07,1,0,4,6,1,43,54,0
9631,2023-02-15,3,Business,358,Electronics,15,375.45,0,0,33,17,4,30,84,0
9632,2023-06-06,7,Gold Star,384,Appliances,17,180.37,0,0,41,20,3,41,105,0
9633,2023-05-08,10,Gold Star,429,Furniture,4,68.52,0,0,37,24,5,54,120,0
9634,2023-01-22,7,Executive,443,Kirkland Signature,14,52.64,1,0,8,1,1,15,25,1
9635,2023-10-22,7,Gold Star,137,Furniture,18,845.64,1,0,43,3,10,23,79,0
9636,2023-08-03,1,Business,34,Home,8,52.24,0,0,41,16,10,47,114,0
9637,2023-04-15,7,Gold Star,171,Electronics,3,106.8,1,0,2,9,5,3,19,1
9638,2023-04-24,6,Business,55,Clothing,14,633.22,0,0,21,15,11,30,77,0
9639,2023-12-16,6,Gold Star,117,Grocery,8,264.64,1,1,10,8,6,72,96,0
9640,2023-11-28,6,Gold Star,460,Electronics,9,110.7,0,0,9,24,8,29,70,0
9641,2023-02-01,10,Executive,363,Grocery,9,33.3,0,0,26,23,9,13,71,0
9642,2023-06-14,1,Gold Star,428,Grocery,6,208.8,0,0,43,8,1,50,102,0
9643,2023-09-23,1,Executive,341,Furniture,16,750.72,1,0,8,16,1,65,90,0
9644,2023-04-05,7,Gold Star,184,Seasonal,18,279.18,0,0,42,8,9,38,97,0
9645,2023-12-06,3,Executive,300,Seasonal,19,634.22,0,0,37,19,3,22,81,0
9646,2023-06-20,8,Executive,365,Furniture,13,50.31,0,0,47,9,10,52,118,0
9647,2023-01-23,1,Executive,330,Furniture,7,132.23,0,0,28,6,6,37,77,0
9648,2023-11-01,6,Executive,173,Seasonal,2,41.02,0,0,26,17,9,50,102,0
9649,2023-11-25,5,Gold Star,386,Electronics,14,123.62,1,0,48,3,3,31,85,0
9650,2023-06-19,2,Business,407,Seasonal,6,55.38,0,0,13,3,2,46,64,0
9651,2023-01-20,9,Business,459,Appliances,10,96.0,0,0,14,22,8,49,93,0
9652,2023-10-03,5,Executive,345,Kirkland Signature,16,22.4,0,0,25,4,4,66,99,0
9653,2023-03-19,8,Gold Star,283,Home,20,897.2,1,0,27,22,12,38,99,0
9654,2023-04-04,3,Executive,49,Appliances,7,183.89,0,0,13,4,11,64,92,0
9655,2023-07-17,10,Executive,463,Clothing,13,248.95,0,0,4,23,10,54,91,0
9656,2023-09-25,1,Business,98,Home,12,510.6,0,0,19,7,10,32,68,0
9657,2023-05-22,6,Gold Star,302,Seasonal,13,154.57,0,0,2,16,2,60,80,0
9658,2023-01-24,4,Gold Star,493,Clothing,13,288.21,0,0,28,20,6,53,107,0
9659,2023-02-27,3,Executive,227,Clothing,6,194.88,0,0,48,21,4,25,98,0
9660,2023-09-19,6,Executive,439,Grocery,14,579.6,0,0,40,1,10,1,52,0
9661,2023-04-05,2,Business,339,Appliances,2,89.06,0,0,19,4,5,72,100,0
9662,2023-11-17,10,Business,434,Kirkland Signature,6,161.94,0,0,42,14,7,27,90,0
9663,2023-12-18,6,Executive,135,Clothing,12,30.12,0,1,18,6,5,42,71,0
9664,2023-05-06,6,Business,402,Furniture,4,5.24,1,0,4,20,3,65,92,0
9665,2023-11-13,5,Gold Star,365,Furniture,6,23.22,0,0,8,22,4,21,55,0
9666,2023-11-25,3,Executive,44,Appliances,15,319.95,1,0,21,21,1,29,72,0
9667,2023-02-27,1,Business,297,Grocery,9,144.0,0,0,29,12,6,26,73,0
9668,2023-03-26,5,Gold Star,268,Seasonal,8,178.4,1,0,25,20,3,28,76,0
9669,2023-02-18,3,Business,51,Kirkland Signature,17,806.99,1,0,41,3,6,17,67,0
9670,2023-03-03,7,Business,449,Appliances,14,459.48,0,0,19,19,2,32,72,0
9671,2023-03-18,3,Gold Star,475,Kirkland Signature,20,287.4,1,0,11,18,8,54,91,0
9672,2023-11-07,6,Business,423,Seasonal,7,9.8,0,0,10,8,8,66,92,0
9673,2023-03-02,7,Business,73,Home,7,240.87,0,0,10,13,12,19,54,0
9674,2023-11-17,6,Gold Star,388,Kirkland Signature,8,56.56,0,0,44,24,9,60,137,0
9675,2023-03-11,8,Executive,93,Kirkland Signature,15,364.65,1,0,23,9,1,4,37,1
9676,2023-05-06,6,Gold Star,325,Electronics,4,10.0,1,0,20,2,6,1,29,1
9677,2023-06-30,1,Executive,46,Electronics,4,46.12,0,0,28,22,8,53,111,0
9678,2023-08-21,2,Gold Star,483,Appliances,19,143.83,0,0,39,10,10,41,100,0
9679,2023-10-18,10,Gold Star,169,Furniture,12,330.84,0,0,33,22,8,65,128,0
9680,2023-03-25,3,Business,373,Seasonal,16,487.68,1,0,14,2,9,40,65,0
9681,2023-02-15,5,Gold Star,76,Kirkland Signature,14,550.76,0,0,11,7,6,24,48,1
9682,2023-08-07,10,Business,335,Home,2,40.66,0,0,23,10,8,52,93,0
9683,2023-03-07,3,Business,252,Clothing,11,258.72,0,0,32,3,5,37,77,0
9684,2023-09-16,5,Gold Star,366,Kirkland Signature,20,97.0,1,0,42,13,2,36,93,0
9685,2023-12-15,3,Executive,331,Home,19,45.98,0,1,25,23,4,27,79,0
9686,2023-11-14,7,Business,272,Grocery,16,399.84,0,0,41,6,9,7,63,0
9687,2023-07-09,1,Gold Star,421,Grocery,6,169.5,1,0,47,10,4,55,116,0
9688,2023-08-21,4,Gold Star,217,Furniture,2,35.04,0,0,34,13,3,13,63,0
9689,2023-08-17,1,Executive,24,Clothing,15,664.05,0,0,37,8,3,33,81,0
9690,2023-06-02,4,Business,214,Clothing,20,881.2,0,0,29,13,5,45,92,0
9691,2023-06-25,5,Business,477,Clothing,16,660.8,1,0,12,6,4,53,75,0
9692,2023-02-06,9,Business,367,Electronics,8,215.28,0,0,20,20,7,30,77,0
9693,2023-11-13,9,Gold Star,450,Electronics,20,179.2,0,0,18,5,3,11,37,1
9694,2023-10-24,8,Gold Star,29,Clothing,17,762.28,0,0,2,5,8,56,71,0
9695,2023-10-13,4,Executive,214,Clothing,4,176.24,0,0,42,4,9,70,125,0
9696,2023-06-18,9,Business,84,Furniture,20,410.8,1,0,20,9,1,58,88,0
9697,2023-01-02,10,Executive,378,Kirkland Signature,11,268.4,0,0,26,9,7,45,87,0
9698,2023-07-19,4,Executive,373,Seasonal,2,60.96,0,0,43,14,1,37,95,0
9699,2023-03-28,9,Business,473,Appliances,15,540.75,0,0,40,16,3,9,68,0
9700,2023-01-18,7,Gold Star,406,Seasonal,6,119.46,0,0,13,8,8,35,64,0
9701,2023-07-09,5,Business,465,Seasonal,8,78.48,1,0,32,11,6,4,53,0
9702,2023-11-14,5,Executive,364,Grocery,14,366.38,0,0,20,11,10,21,62,0
9703,2023-12-28,3,Executive,397,Home,19,175.94,0,0,14,16,8,8,46,1
9704,2023-04-10,1,Executive,318,Home,4,151.0,0,0,26,11,11,26,74,0
9705,2023-07-08,4,Business,193,Clothing,8,306.72,1,0,31,3,8,44,86,0
9706,2023-07-20,9,Gold Star,334,Clothing,17,462.23,0,0,25,18,1,35,79,0
9707,2023-05-09,1,Business,306,Home,16,180.16,0,0,38,6,10,42,96,0
9708,2023-08-12,6,Executive,459,Appliances,2,19.2,1,0,17,22,3,21,63,0
9709,2023-04-11,10,Business,462,Kirkland Signature,20,629.4,0,0,32,18,10,42,102,0
9710,2023-02-02,3,Gold Star,215,Kirkland Signature,18,47.7,0,0,13,21,1,2,37,1
9711,2023-08-13,10,Gold Star,47,Home,18,397.8,1,0,16,16,11,69,112,0
9712,2023-03-06,6,Business,194,Furniture,6,172.38,0,0,23,18,7,20,68,0
9713,2023-11-03,4,Business,493,Clothing,9,199.53,0,0,20,10,12,72,114,0
9714,2023-01-29,8,Business,349,Home,16,554.08,1,0,2,16,7,32,57,0
9715,2023-10-01,3,Business,341,Furniture,9,422.28,1,0,2,14,1,37,54,0
9716,2023-03-07,3,Gold Star,315,Home,6,30.96,0,0,43,21,6,12,82,0
9717,2023-01-06,9,Gold Star,281,Kirkland Signature,16,386.08,0,0,27,19,6,40,92,0
9718,2023-04-04,7,Executive,278,Home,2,84.86,0,0,29,22,1,23,75,0
9719,2023-10-23,2,Gold Star,494,Kirkland Signature,12,322.68,0,0,7,13,1,22,43,1
9720,2023-10-07,5,Gold Star,209,Home,1,17.42,1,0,9,8,5,64,86,0
9721,2023-04-01,5,Executive,372,Furniture,9,182.97,1,0,19,3,6,20,48,1
9722,2023-12-21,7,Executive,161,Grocery,18,792.18,0,1,33,4,7,52,96,0
9723,2023-11-03,9,Gold Star,4,Furniture,5,55.45,0,0,33,5,10,32,80,0
9724,2023-05-28,7,Executive,259,Furniture,2,75.54,1,0,1,17,7,43,68,0
9725,2023-01-27,10,Business,231,Seasonal,11,52.69,0,0,31,6,10,24,71,0
9726,2023-07-23,8,Business,205,Grocery,4,123.72,1,0,3,2,10,58,73,0
9727,2023-01-22,3,Gold Star,390,Seasonal,8,384.08,1,0,25,19,2,36,82,0
9728,2023-06-12,7,Gold Star,231,Seasonal,7,33.53,0,0,9,19,2,45,75,0
9729,2023-12-17,10,Executive,376,Kirkland Signature,11,239.58,1,1,27,15,4,21,67,0
9730,2023-09-14,7,Executive,301,Kirkland Signature,2,99.9,0,0,9,7,10,20,46,1
9731,2023-06-29,7,Executive,31,Seasonal,2,84.32,0,0,33,11,8,21,73,0
9732,2023-01-13,5,Gold Star,115,Electronics,1,46.5,0,0,30,19,2,65,116,0
9733,2023-07-28,1,Business,208,Seasonal,7,111.16,0,0,1,11,4,3,19,1
9734,2023-08-03,3,Business,490,Furniture,10,344.6,0,0,3,11,11,29,54,0
9735,2023-12-12,10,Gold Star,204,Electronics,5,53.3,0,0,35,10,10,1,56,0
9736,2023-10-29,4,Business,119,Electronics,19,387.41,1,0,41,4,4,50,99,0
9737,2023-03-17,7,Gold Star,172,Home,5,34.6,0,0,2,21,6,36,65,0
9738,2023-04-24,1,Executive,329,Electronics,6,97.38,0,0,20,18,1,30,69,0
9739,2023-10-02,5,Gold Star,229,Seasonal,15,642.6,0,0,17,2,7,59,85,0
9740,2023-09-04,6,Business,499,Clothing,3,55.53,0,0,26,9,12,29,76,0
9741,2023-09-20,5,Gold Star,418,Kirkland Signature,4,187.52,0,0,16,19,9,29,73,0
9742,2023-09-19,1,Executive,275,Furniture,9,242.46,0,0,46,13,9,57,125,0
9743,2023-08-19,3,Gold Star,296,Kirkland Signature,13,559.0,1,0,44,11,6,14,75,0
9744,2023-11-13,1,Gold Star,82,Home,9,61.74,0,0,15,21,4,50,90,0
9745,2023-02-22,5,Business,398,Grocery,16,627.04,0,0,38,6,4,44,92,0
9746,2023-02-20,6,Business,413,Home,12,587.76,0,0,28,13,2,64,107,0
9747,2023-11-02,5,Executive,129,Home,11,264.77,0,0,25,12,11,54,102,0
9748,2023-12-28,6,Gold Star,107,Seasonal,4,57.32,0,0,25,24,8,59,116,0
9749,2023-02-04,10,Business,33,Clothing,20,777.6,1,0,5,24,8,12,49,0
9750,2023-12-14,6,Business,2,Appliances,4,102.6,0,0,45,2,10,46,103,0
9751,2023-02-18,8,Gold Star,231,Seasonal,11,52.69,1,0,36,22,11,11,80,0
9752,2023-02-22,4,Business,345,Kirkland Signature,9,12.6,0,0,35,7,6,37,85,0
9753,2023-01-01,5,Executive,314,Seasonal,13,544.7,1,0,16,10,10,38,74,0
9754,2023-10-24,2,Business,399,Clothing,7,143.01,0,0,31,11,4,15,61,0
9755,2023-12-04,3,Executive,78,Kirkland Signature,7,142.87,0,0,22,17,9,48,96,0
9756,2023-11-28,10,Gold Star,354,Clothing,11,524.81,0,0,15,9,10,9,43,1
9757,2023-12-16,3,Business,164,Clothing,4,146.0,1,1,29,14,3,54,100,0
9758,2023-11-13,8,Executive,23,Kirkland Signature,13,108.29,0,0,27,12,8,3,50,0
9759,2023-12-27,10,Gold Star,49,Appliances,3,78.81,0,0,17,20,10,32,79,0
9760,2023-07-02,1,Gold Star,175,Seasonal,2,63.92,1,0,23,9,8,3,43,1
9761,2023-01-16,5,Executive,299,Home,16,658.4,0,0,42,19,9,72,142,0
9762,2023-11-12,8,Executive,429,Furniture,8,137.04,1,0,36,4,12,39,91,0
9763,2023-05-10,7,Gold Star,442,Appliances,10,128.1,0,0,23,21,2,13,59,0
9764,2023-08-29,5,Business,429,Furniture,2,34.26,0,0,5,19,2,24,50,0
9765,2023-09-03,9,Business,388,Kirkland Signature,19,134.33,1,0,18,22,5,13,58,0
9766,2023-08-03,10,Business,354,Clothing,12,572.52,0,0,13,13,10,56,92,0
9767,2023-01-31,9,Business,316,Kirkland Signature,13,273.91,0,0,27,8,6,7,48,1
9768,2023-01-28,3,Business,262,Grocery,6,201.54,1,0,16,24,3,56,99,0
9769,2023-08-23,3,Executive,277,Furniture,5,193.85,0,0,23,12,4,18,57,0
9770,2023-03-18,9,Gold Star,260,Home,8,373.12,1,0,44,22,11,11,88,0
9771,2023-04-13,1,Executive,215,Kirkland Signature,13,34.45,0,0,30,15,10,22,77,0
9772,2023-11-16,4,Business,280,Seasonal,5,124.85,0,0,31,1,10,35,77,0
9773,2023-04-23,9,Gold Star,421,Grocery,19,536.75,1,0,6,19,2,61,88,0
9774,2023-08-02,4,Executive,173,Seasonal,9,184.59,0,0,6,2,7,34,49,0
9775,2023-09-10,6,Gold Star,78,Kirkland Signature,5,102.05,1,0,30,21,2,15,68,0
9776,2023-09-27,5,Executive,416,Home,13,618.28,0,0,38,1,4,20,63,0
9777,2023-02-26,1,Executive,437,Seasonal,14,355.88,1,0,26,23,11,21,81,0
9778,2023-01-26,2,Business,322,Furniture,16,420.64,0,0,8,5,12,15,40,1
9779,2023-11-11,5,Business,38,Appliances,14,148.4,1,0,45,10,7,31,93,0
9780,2023-10-06,8,Gold Star,132,Appliances,11,22.99,0,0,35,13,8,16,72,0
9781,2023-12-29,6,Executive,244,Electronics,14,487.34,0,0,19,2,3,72,96,0
9782,2023-03-29,6,Business,13,Furniture,15,323.1,0,0,20,19,7,12,58,0
9783,2023-12-18,8,Executive,40,Home,16,461.92,0,1,24,7,7,51,89,0
9784,2023-06-05,10,Business,452,Appliances,8,195.28,0,0,39,20,11,6,76,0
9785,2023-11-24,10,Business,173,Seasonal,12,246.12,0,0,3,20,1,15,39,1
9786,2023-11-27,3,Business,105,Furniture,14,152.6,0,0,29,16,6,25,76,0
9787,2023-11-13,4,Business,210,Appliances,12,523.8,0,0,39,23,11,38,111,0
9788,2023-12-20,10,Gold Star,200,Appliances,3,145.11,0,1,46,1,10,72,129,0
9789,2023-12-10,8,Executive,136,Kirkland Signature,5,218.75,1,0,17,15,11,19,62,0
9790,2023-02-11,3,Business,27,Kirkland Signature,12,541.32,1,0,42,20,11,64,137,0
9791,2023-05-30,5,Gold Star,427,Electronics,12,580.2,0,0,34,5,6,53,98,0
9792,2023-12-07,2,Gold Star,442,Appliances,19,243.39,0,0,5,15,2,38,60,0
9793,2023-01-03,1,Executive,413,Home,1,48.98,0,0,24,21,5,66,116,0
9794,2023-01-17,2,Executive,80,Appliances,1,39.21,0,0,26,20,3,46,95,0
9795,2023-12-28,9,Gold Star,378,Kirkland Signature,16,390.4,0,0,24,2,6,52,84,0
9796,2023-01-21,4,Business,84,Furniture,14,287.56,1,0,46,21,3,42,112,0
9797,2023-07-31,2,Gold Star,276,Kirkland Signature,14,360.36,0,0,2,19,12,9,42,1
9798,2023-03-19,8,Gold Star,488,Grocery,1,6.62,1,0,41,14,8,55,118,0
9799,2023-05-30,8,Gold Star,69,Kirkland Signature,12,158.16,0,0,45,3,3,62,113,0
9800,2023-02-07,9,Gold Star,219,Home,19,39.9,0,0,29,20,2,33,84,0
9801,2023-10-08,6,Executive,304,Furniture,7,222.88,1,0,17,4,12,72,105,0
9802,2023-09-03,7,Executive,417,Clothing,7,194.39,1,0,5,3,11,27,46,1
9803,2023-03-30,3,Gold Star,244,Electronics,12,417.72,0,0,27,12,2,12,53,0
9804,2023-09-08,5,Gold Star,47,Home,8,176.8,0,0,23,16,3,46,88,0
9805,2023-12-07,1,Business,250,Home,14,497.14,0,0,34,6,8,46,94,0
9806,2023-11-25,5,Business,295,Appliances,14,391.58,1,0,4,19,8,48,79,0
9807,2023-03-20,6,Gold Star,314,Seasonal,1,41.9,0,0,27,16,4,67,114,0
9808,2023-11-09,3,Executive,218,Seasonal,3,82.32,0,0,6,20,3,7,36,1
9809,2023-09-11,1,Gold Star,78,Kirkland Signature,17,346.97,0,0,15,3,9,44,71,0
9810,2023-06-20,2,Business,313,Clothing,15,265.65,0,0,43,7,3,57,110,0
9811,2023-05-28,9,Gold Star,311,Kirkland Signature,18,17.28,1,0,39,24,3,31,97,0
9812,2023-04-13,7,Business,441,Home,20,99.2,0,0,5,6,12,53,76,0
9813,2023-03-12,5,Business,22,Clothing,17,417.01,1,0,16,13,9,58,96,0
9814,2023-01-06,9,Gold Star,437,Seasonal,1,25.42,0,0,17,23,5,59,104,0
9815,2023-05-26,2,Gold Star,283,Home,3,134.58,0,0,8,7,1,68,84,0
9816,2023-09-24,6,Executive,297,Grocery,5,80.0,1,0,20,22,2,70,114,0
9817,2023-07-15,9,Executive,68,Kirkland Signature,16,577.12,1,0,12,5,1,27,45,1
9818,2023-05-01,2,Business,368,Grocery,17,281.35,0,0,2,5,6,28,41,1
9819,2023-12-01,7,Gold Star,469,Kirkland Signature,2,52.2,0,0,11,24,11,2,48,1
9820,2023-02-10,3,Executive,139,Electronics,12,550.2,0,0,14,3,4,31,52,0
9821,2023-10-27,1,Business,336,Electronics,13,588.51,0,0,43,1,11,53,108,0
9822,2023-05-23,7,Executive,125,Home,2,75.9,0,0,4,10,5,55,74,0
9823,2023-12-07,7,Business,49,Appliances,15,394.05,0,0,9,9,10,25,53,0
9824,2023-01-05,8,Gold Star,360,Home,17,806.65,0,0,32,6,5,34,77,0
9825,2023-04-29,10,Business,424,Clothing,6,4.14,1,0,17,10,9,12,48,1
9826,2023-11-15,8,Business,134,Appliances,15,129.45,0,0,1,2,6,39,48,1
9827,2023-04-06,7,Business,59,Grocery,3,106.11,0,0,30,24,3,18,75,0
9828,2023-09-22,5,Business,433,Appliances,8,106.32,0,0,44,13,4,36,97,0
9829,2023-10-24,7,Executive,24,Clothing,4,177.08,0,0,21,19,7,8,55,0
9830,2023-08-28,6,Business,428,Grocery,2,69.6,0,0,45,10,2,45,102,0
9831,2023-12-13,9,Business,369,Clothing,13,618.15,0,0,21,3,9,24,57,0
9832,2023-12-25,3,Business,198,Home,6,164.22,0,1,37,4,7,56,104,0
9833,2023-10-09,10,Gold Star,173,Seasonal,13,266.63,0,0,33,17,2,51,103,0
9834,2023-09-28,10,Gold Star,48,Seasonal,8,368.16,0,0,48,7,12,50,117,0
9835,2023-04-27,10,Business,250,Home,20,710.2,0,0,12,1,5,11,29,1
9836,2023-11-12,6,Gold Star,445,Appliances,11,503.03,1,0,42,13,6,38,99,0
9837,2023-04-23,3,Executive,416,Home,7,332.92,1,0,9,12,5,60,86,0
9838,2023-02-03,9,Executive,149,Kirkland Signature,3,49.59,0,0,38,11,5,62,116,0
9839,2023-01-22,4,Gold Star,87,Clothing,10,102.3,1,0,22,7,6,25,60,0
9840,2023-01-29,10,Executive,303,Electronics,2,40.98,1,0,33,20,8,43,104,0
9841,2023-05-21,8,Executive,209,Home,14,243.88,1,0,42,22,10,29,103,0
9842,2023-10-06,9,Executive,51,Kirkland Signature,17,806.99,0,0,32,23,3,27,85,0
9843,2023-10-03,4,Executive,242,Electronics,19,617.5,0,0,29,5,10,64,108,0
9844,2023-05-10,10,Executive,222,Kirkland Signature,13,275.73,0,0,43,21,3,72,139,0
9845,2023-10-04,5,Gold Star,389,Clothing,8,272.8,0,0,19,9,8,51,87,0
9846,2023-09-27,1,Business,366,Kirkland Signature,17,82.45,0,0,38,10,6,10,64,0
9847,2023-01-13,9,Executive,94,Furniture,19,325.47,0,0,3,20,7,28,58,0
9848,2023-05-08,3,Gold Star,176,Clothing,5,92.0,0,0,19,19,8,70,116,0
9849,2023-02-01,7,Gold Star,493,Clothing,9,199.53,0,0,7,15,12,36,70,0
9850,2023-02-19,3,Gold Star,41,Electronics,17,712.98,1,0,34,17,1,5,57,0
9851,2023-01-08,10,Gold Star,236,Grocery,13,11.05,1,0,13,13,9,62,97,0
9852,2023-06-04,6,Executive,354,Clothing,14,667.94,1,0,25,18,9,9,61,0
9853,2023-10-22,7,Executive,435,Electronics,3,54.33,1,0,27,6,10,44,87,0
9854,2023-08-08,7,Business,298,Appliances,17,401.2,0,0,2,21,1,52,76,0
9855,2023-12-23,3,Gold Star,83,Kirkland Signature,9,441.09,1,1,28,22,6,39,95,0
9856,2023-04-04,7,Gold Star,373,Seasonal,12,365.76,0,0,11,13,4,39,67,0
9857,2023-10-17,6,Gold Star,264,Appliances,5,217.7,0,0,6,15,2,12,35,1
9858,2023-01-18,9,Business,260,Home,1,46.64,0,0,42,8,5,33,88,0
9859,2023-09-29,3,Business,13,Furniture,13,280.02,0,0,10,23,7,52,92,0
9860,2023-08-18,6,Gold Star,49,Appliances,4,105.08,0,0,15,4,11,45,75,0
9861,2023-05-12,9,Gold Star,486,Clothing,8,280.96,0,0,47,15,12,50,124,0
9862,2023-04-27,10,Gold Star,90,Seasonal,5,162.55,0,0,8,13,1,7,29,1
9863,2023-10-19,6,Business,193,Clothing,1,38.34,0,0,18,18,9,52,97,0
9864,2023-01-07,8,Gold Star,452,Appliances,7,170.87,1,0,2,21,12,56,91,0
9865,2023-04-20,9,Business,338,Seasonal,19,876.66,0,0,13,20,12,30,75,0
9866,2023-05-31,7,Business,271,Appliances,2,71.08,0,0,29,18,7,62,116,0
9867,2023-09-05,7,Gold Star,468,Grocery,4,28.32,0,0,26,5,6,56,93,0
9868,2023-08-16,7,Business,484,Kirkland Signature,2,20.42,0,0,37,4,1,72,114,0
9869,2023-08-24,10,Gold Star,227,Clothing,5,162.4,0,0,38,19,8,32,97,0
9870,2023-12-15,7,Business,281,Kirkland Signature,10,241.3,0,1,16,3,3,25,47,1
9871,2023-09-17,2,Executive,50,Electronics,14,470.54,1,0,14,5,6,14,39,1
9872,2023-07-09,2,Business,129,Home,16,385.12,1,0,17,3,10,37,67,0
9873,2023-03-13,6,Executive,310,Furniture,6,8.28,0,0,35,5,12,52,104,0
9874,2023-05-11,4,Gold Star,244,Electronics,11,382.91,0,0,17,7,8,37,69,0
9875,2023-08-30,9,Business,194,Furniture,10,287.3,0,0,32,19,12,33,96,0
9876,2023-04-19,6,Business,432,Electronics,6,260.64,0,0,11,1,3,13,28,1
9877,2023-05-08,7,Gold Star,392,Seasonal,14,92.26,0,0,15,4,12,29,60,0
9878,2023-12-14,4,Business,327,Grocery,10,398.8,0,0,19,8,1,65,93,0
9879,2023-05-25,1,Executive,135,Clothing,9,22.59,0,0,32,18,1,26,77,0
9880,2023-11-11,3,Business,31,Seasonal,20,843.2,1,0,17,11,10,16,54,0
9881,2023-10-25,6,Executive,285,Appliances,18,414.18,0,0,15,13,2,64,94,0
9882,2023-09-16,5,Executive,146,Seasonal,3,105.99,1,0,6,1,7,7,21,1
9883,2023-03-25,5,Executive,452,Appliances,16,390.56,1,0,5,2,3,62,72,0
9884,2023-09-22,4,Business,389,Clothing,1,34.1,0,0,42,4,11,5,62,0
9885,2023-01-19,1,Business,433,Appliances,18,239.22,0,0,30,7,8,51,96,0
9886,2023-12-20,7,Business,491,Appliances,13,173.68,0,1,25,16,10,6,57,0
9887,2023-01-21,4,Gold Star,172,Home,15,103.8,1,0,45,5,3,60,113,0
9888,2023-05-24,6,Executive,470,Kirkland Signature,7,268.59,0,0,36,19,11,9,75,0
9889,2023-10-16,10,Business,226,Grocery,3,84.36,0,0,29,9,10,46,94,0
9890,2023-02-25,6,Gold Star,307,Kirkland Signature,6,74.64,1,0,36,17,11,71,135,0
9891,2023-11-02,9,Business,2,Appliances,8,205.2,0,0,16,16,4,37,73,0
9892,2023-06-23,10,Executive,32,Kirkland Signature,1,28.24,0,0,21,22,10,59,112,0
9893,2023-02-19,2,Gold Star,137,Furniture,2,93.96,1,0,1,5,6,38,50,0
9894,2023-07-27,8,Gold Star,42,Home,17,306.0,0,0,26,13,5,15,59,0
9895,2023-10-05,4,Gold Star,48,Seasonal,8,368.16,0,0,47,3,5,58,113,0
9896,2023-03-09,9,Gold Star,415,Electronics,10,330.4,0,0,13,1,5,32,51,0
9897,2023-03-02,2,Gold Star,117,Grocery,5,165.4,0,0,34,24,3,32,93,0
9898,2023-09-01,2,Executive,423,Seasonal,7,9.8,0,0,23,10,6,2,41,1
9899,2023-11-01,2,Gold Star,282,Seasonal,3,139.8,0,0,12,4,3,71,90,0
9900,2023-05-05,6,Business,10,Furniture,15,257.85,0,0,19,8,5,9,41,1
9901,2023-04-07,1,Gold Star,312,Kirkland Signature,13,102.31,0,0,11,18,10,60,99,0
9902,2023-07-02,5,Executive,344,Furniture,11,74.36,1,0,2,15,4,4,25,1
9903,2023-12-06,8,Business,49,Appliances,19,499.13,0,0,30,16,11,67,124,0
9904,2023-04-03,1,Executive,351,Electronics,2,58.74,0,0,8,15,4,25,52,0
9905,2023-06-01,4,Business,417,Clothing,9,249.93,0,0,16,2,8,62,88,0
9906,2023-01-31,1,Executive,64,Electronics,5,29.15,0,0,6,4,5,67,82,0
9907,2023-05-20,4,Business,398,Grocery,4,156.76,1,0,13,2,11,10,36,1
9908,2023-08-13,6,Gold Star,423,Seasonal,8,11.2,1,0,44,15,5,71,135,0
9909,2023-12-10,5,Executive,387,Grocery,12,63.48,1,0,30,5,5,52,92,0
9910,2023-04-24,6,Business,370,Electronics,13,496.08,0,0,28,2,9,38,77,0
9911,2023-02-25,1,Gold Star,322,Furniture,8,210.32,1,0,33,18,4,69,124,0
9912,2023-09-12,5,Gold Star,119,Electronics,4,81.56,0,0,4,11,5,1,21,1
9913,2023-02-26,4,Business,411,Kirkland Signature,11,379.28,1,0,31,9,7,59,106,0
9914,2023-08-13,7,Gold Star,317,Kirkland Signature,11,404.36,1,0,19,5,8,35,67,0
9915,2023-04-07,1,Business,237,Grocery,10,283.4,0,0,37,14,7,12,70,0
9916,2023-12-10,5,Gold Star,487,Home,4,144.24,1,0,46,24,12,45,127,0
9917,2023-06-24,2,Business,399,Clothing,8,163.44,1,0,13,2,9,7,31,1
9918,2023-05-08,2,Executive,385,Furniture,13,8.71,0,0,27,6,9,40,82,0
9919,2023-06-16,1,Gold Star,150,Appliances,4,14.64,0,0,16,3,7,58,84,0
9920,2023-08-01,6,Gold Star,43,Seasonal,2,85.06,0,0,2,17,3,44,66,0
9921,2023-01-03,7,Gold Star,152,Grocery,14,21.7,0,0,32,20,7,62,121,0
9922,2023-05-11,5,Business,114,Appliances,2,93.3,0,0,44,5,10,64,123,0
9923,2023-08-18,6,Executive,148,Kirkland Signature,12,63.6,0,0,39,22,8,15,84,0
9924,2023-03-13,1,Executive,95,Home,16,523.2,0,0,44,8,11,50,113,0
9925,2023-12-31,5,Business,131,Furniture,18,480.6,1,0,35,16,6,25,82,0
9926,2023-06-07,1,Gold Star,82,Home,11,75.46,0,0,24,3,8,3,38,1
9927,2023-06-22,1,Executive,102,Grocery,18,121.32,0,0,25,16,3,4,48,1
9928,2023-06-23,4,Business,413,Home,5,244.9,0,0,35,9,6,69,119,0
9929,2023-08-04,8,Business,93,Kirkland Signature,20,486.2,0,0,3,10,6,25,44,1
9930,2023-06-03,1,Business,102,Grocery,4,26.96,1,0,32,12,6,26,76,0
9931,2023-06-20,9,Executive,345,Kirkland Signature,7,9.8,0,0,40,23,12,15,90,0
9932,2023-07-24,8,Executive,139,Electronics,2,91.7,0,0,35,16,4,49,104,0
9933,2023-04-15,10,Gold Star,266,Appliances,3,139.02,1,0,43,10,3,72,128,0
9934,2023-02-24,5,Executive,47,Home,14,309.4,0,0,6,11,6,71,94,0
9935,2023-11-27,2,Gold Star,372,Furniture,17,345.61,0,0,25,11,12,57,105,0
9936,2023-11-07,7,Executive,63,Electronics,10,323.5,0,0,17,5,6,34,62,0
9937,2023-07-13,9,Executive,476,Seasonal,13,426.66,0,0,28,16,5,27,76,0
9938,2023-08-30,3,Executive,380,Seasonal,2,44.08,0,0,15,23,1,40,79,0
9939,2023-06-08,9,Business,374,Kirkland Signature,13,343.72,0,0,31,19,8,30,88,0
9940,2023-07-01,4,Business,185,Kirkland Signature,20,20.2,1,0,41,4,4,57,106,0
9941,2023-02-23,1,Executive,38,Appliances,5,53.0,0,0,43,18,11,60,132,0
9942,2023-04-24,2,Business,441,Home,16,79.36,0,0,3,12,6,56,77,0
9943,2023-01-20,1,Executive,192,Furniture,2,83.52,0,0,42,19,3,52,116,0
9944,2023-05-13,10,Business,450,Electronics,4,35.84,1,0,33,4,10,18,65,0
9945,2023-07-14,2,Gold Star,238,Kirkland Signature,8,89.68,0,0,31,19,3,19,72,0
9946,2023-06-24,8,Gold Star,50,Electronics,10,336.1,1,0,40,14,2,7,63,0
9947,2023-04-21,5,Executive,45,Clothing,19,108.68,0,0,19,15,11,52,97,0
9948,2023-09-21,8,Gold Star,359,Home,7,45.36,0,0,41,9,4,69,123,0
9949,2023-01-12,9,Executive,388,Kirkland Signature,18,127.26,0,0,10,11,8,68,97,0
9950,2023-01-24,4,Business,70,Clothing,4,184.0,0,0,37,24,2,46,109,0
9951,2023-08-30,10,Gold Star,117,Grocery,3,99.24,0,0,1,11,11,72,95,0
9952,2023-09-15,10,Gold Star,63,Electronics,18,582.3,0,0,7,4,8,24,43,1
9953,2023-01-08,8,Business,139,Electronics,6,275.1,1,0,14,9,1,36,60,0
9954,2023-12-12,10,Business,383,Seasonal,5,170.75,0,0,40,8,4,62,114,0
9955,2023-03-13,10,Business,16,Kirkland Signature,20,905.6,0,0,15,17,10,57,99,0
9956,2023-07-11,9,Executive,234,Electronics,7,298.41,0,0,42,1,12,4,59,0
9957,2023-01-20,3,Gold Star,416,Home,1,47.56,0,0,6,16,12,37,71,0
9958,2023-06-26,7,Executive,244,Electronics,10,348.1,0,0,2,15,1,54,72,0
9959,2023-09-28,10,Business,350,Seasonal,13,160.94,0,0,33,19,3,67,122,0
9960,2023-11-18,7,Executive,304,Furniture,4,127.36,1,0,45,20,10,36,111,0
9961,2023-05-09,4,Gold Star,50,Electronics,16,537.76,0,0,24,6,1,31,62,0
9962,2023-05-03,10,Executive,331,Home,1,2.42,0,0,40,7,3,49,99,0
9963,2023-08-14,7,Gold Star,202,Furniture,9,203.67,0,0,21,15,10,53,99,0
9964,2023-11-28,4,Gold Star,448,Home,17,354.96,0,0,36,12,6,37,91,0
9965,2023-08-03,9,Gold Star,303,Electronics,5,102.45,0,0,22,18,3,62,105,0
9966,2023-12-09,9,Business,45,Clothing,13,74.36,1,0,27,14,8,71,120,0
9967,2023-09-24,1,Gold Star,218,Seasonal,10,274.4,1,0,25,11,4,64,104,0
9968,2023-05-08,10,Business,32,Kirkland Signature,18,508.32,0,0,7,6,11,21,45,1
9969,2023-12-04,6,Executive,475,Kirkland Signature,8,114.96,0,0,11,13,7,34,65,0
9970,2023-09-08,3,Business,218,Seasonal,16,439.04,0,0,39,12,11,30,92,0
9971,2023-12-15,5,Business,86,Kirkland Signature,6,147.96,0,1,8,2,2,50,62,0
9972,2023-12-05,10,Business,403,Clothing,10,212.6,0,0,13,17,1,48,79,0
9973,2023-10-30,6,Business,431,Appliances,10,33.5,0,0,44,20,8,65,137,0
9974,2023-06-30,10,Business,93,Kirkland Signature,10,243.1,0,0,2,1,4,45,52,0
9975,2023-05-18,4,Executive,253,Clothing,1,1.47,0,0,2,12,7,52,73,0
9976,2023-02-16,9,Executive,73,Home,10,344.1,0,0,16,23,11,28,78,0
9977,2023-03-04,1,Business,90,Seasonal,8,260.08,1,0,41,22,9,69,141,0
9978,2023-10-12,8,Gold Star,13,Furniture,11,236.94,0,0,4,6,12,4,26,1
9979,2023-12-28,7,Gold Star,266,Appliances,15,695.1,0,0,34,15,5,71,125,0
9980,2023-10-13,7,Gold Star,311,Kirkland Signature,8,7.68,0,0,14,22,2,7,45,1
9981,2023-09-05,5,Gold Star,464,Clothing,2,70.6,0,0,37,15,3,45,100,0
9982,2023-11-22,10,Business,251,Kirkland Signature,4,149.04,0,0,43,5,11,59,118,0
9983,2023-01-08,7,Gold Star,342,Grocery,11,334.51,1,0,38,11,3,58,110,0
9984,2023-09-14,9,Gold Star,215,Kirkland Signature,13,34.45,0,0,26,13,1,5,45,1
9985,2023-09-06,2,Gold Star,57,Seasonal,19,49.78,0,0,33,18,8,4,63,0
9986,2023-12-06,4,Executive,286,Electronics,16,623.84,0,0,9,17,2,36,64,0
9987,2023-01-28,3,Gold Star,399,Clothing,18,367.74,1,0,40,6,5,26,77,0
9988,2023-09-12,5,Business,289,Clothing,13,202.15,0,0,44,16,11,31,102,0
9989,2023-04-08,10,Executive,384,Appliances,12,127.32,1,0,16,11,1,43,71,0
9990,2023-12-25,1,Business,404,Home,12,443.52,0,1,32,9,3,40,84,0
9991,2023-03-14,3,Business,112,Clothing,16,713.12,0,0,44,14,1,37,96,0
9992,2023-02-27,7,Business,64,Electronics,12,69.96,0,0,17,17,9,33,76,0
9993,2023-12-21,1,Gold Star,79,Clothing,15,146.55,0,1,35,19,12,9,75,0
9994,2023-02-15,10,Gold Star,479,Appliances,6,136.2,0,0,48,19,7,69,143,0
9995,2023-05-25,3,Executive,121,Electronics,12,495.84,0,0,20,17,5,66,108,0
9996,2023-07-06,8,Executive,91,Kirkland Signature,17,709.58,0,0,15,21,10,25,71,0
9997,2023-05-12,9,Executive,378,Kirkland Signature,8,195.2,0,0,32,17,5,38,92,0
9998,2023-09-26,9,Executive,373,Seasonal,20,609.6,0,0,14,12,7,22,55,0
9999,2023-01-17,3,Business,279,Kirkland Signature,3,97.59,0,0,34,6,12,56,108,0
10000,2023-04-15,2,Business,200,Appliances,10,483.7,1,0,38,18,4,72,132,0
