Order_ID,Product_Category,Order_Quantity,Order_Weight,Order_Priority,Payment_Method,Warehouse_Location,Distance_to_Customer,Carrier_Type,Weather_Conditions,Holiday_Season,Past_Delivery_Delay,Fulfillment_Time
ORD-1,Furniture,34,26.38,Medium,COD,Seattle,1554,Sea,Rain,0,1,33.66
ORD-2,Furniture,73,59.45,Low,Credit Card,Chicago,132,Air,Snow,1,5,2.34
ORD-3,Electronics,76,99.31,Low,COD,Dallas,1563,Road,Snow,1,4,30.12
ORD-4,Electronics,21,12.5,Medium,Credit Card,Chicago,1313,Air,Rain,1,3,30.01
ORD-5,Clothing,17,28.3,Medium,COD,Seattle,660,Road,Clear,1,2,12.23
ORD-6,Clothing,44,70.83,High,Credit Card,Seattle,1772,Road,Rain,1,0,29.96
ORD-7,Clothing,48,95.13,High,Credit Card,Dallas,965,Road,Clear,0,0,10.49
ORD-8,Grocery,54,111.05,High,COD,Dallas,19,Sea,Rain,1,1,0.28
ORD-9,Furniture,68,37.83,Low,COD,Dallas,1889,Sea,Rain,1,5,34.42
ORD-10,Grocery,63,142.21,Medium,Credit Card,San Francisco,836,Sea,Clear,1,3,22.02
ORD-11,Electronics,94,37.96,Medium,Credit Card,San Francisco,1485,Sea,Rain,1,3,44.5
ORD-12,Clothing,40,16.64,Low,COD,Chicago,389,Air,Rain,0,0,9.45
ORD-13,Electronics,75,104.55,High,Credit Card,Dallas,1915,Sea,Snow,0,0,29.87
ORD-14,Grocery,21,37.73,Low,Credit Card,San Francisco,1954,Air,Rain,1,5,29.81
ORD-15,Grocery,84,68.31,Medium,COD,Dallas,1695,Air,Clear,1,3,26.15
ORD-16,Electronics,7,9.57,High,COD,Dallas,1771,Air,Snow,1,3,38.01
ORD-17,Grocery,21,29.67,Medium,Credit Card,Dallas,732,Road,Snow,1,0,9.77
ORD-18,Electronics,64,96.41,High,COD,Dallas,1665,Road,Snow,1,0,27.39
ORD-19,Furniture,30,46.08,Medium,COD,Chicago,732,Air,Rain,0,0,15.95
ORD-20,Electronics,51,55.47,Low,COD,Chicago,1434,Sea,Rain,0,4,22.62
ORD-21,Furniture,48,77.87,High,COD,San Francisco,1135,Air,Rain,1,5,18.73
ORD-22,Electronics,34,8.3,High,Credit Card,San Francisco,74,Road,Snow,1,1,2.05
ORD-23,Grocery,99,190.52,Low,COD,Chicago,19,Sea,Clear,1,2,0.32
ORD-24,Grocery,37,74.17,Medium,COD,San Francisco,1034,Sea,Snow,1,2,23.64
ORD-25,Furniture,86,119.62,Low,Credit Card,San Francisco,875,Sea,Snow,1,2,16.7
ORD-26,Electronics,30,47.34,Low,Credit Card,Dallas,631,Road,Rain,1,0,8.79
ORD-27,Grocery,34,28.47,Medium,Credit Card,Dallas,865,Road,Snow,1,1,15.61
ORD-28,Clothing,4,3.4,High,Credit Card,Dallas,897,Sea,Snow,0,2,17.11
ORD-29,Clothing,50,108.38,Low,COD,Chicago,999,Road,Rain,1,5,12.1
ORD-30,Furniture,57,74.48,Medium,Credit Card,Seattle,425,Air,Snow,0,5,9.8
ORD-31,Furniture,98,146.1,High,Credit Card,San Francisco,1743,Sea,Snow,0,3,50.45
ORD-32,Clothing,38,70.3,Low,COD,Chicago,565,Road,Snow,1,3,11.47
ORD-33,Grocery,86,79.42,Medium,Credit Card,Seattle,1165,Road,Clear,1,2,18.59
ORD-34,Grocery,36,31.17,High,Credit Card,Seattle,1010,Road,Rain,1,3,22.1
ORD-35,Electronics,29,23.91,Low,Credit Card,Dallas,310,Road,Snow,0,2,6.89
ORD-36,Clothing,60,137.65,Medium,COD,San Francisco,1836,Air,Clear,1,5,34.45
ORD-37,Furniture,95,172.04,Medium,COD,Dallas,512,Air,Snow,0,1,9.09
ORD-38,Furniture,68,63.02,Low,COD,Chicago,174,Road,Snow,0,0,3.42
ORD-39,Electronics,80,67.72,High,Credit Card,Chicago,129,Road,Clear,0,2,2.55
ORD-40,Grocery,35,76.63,Medium,Credit Card,Seattle,1980,Sea,Rain,0,2,34.2
ORD-41,Electronics,85,75.15,Medium,COD,Dallas,959,Air,Snow,0,2,16.99
ORD-42,Clothing,92,136.93,Low,COD,Dallas,577,Road,Clear,0,2,11.78
ORD-43,Electronics,41,69.78,Low,Credit Card,Seattle,1554,Road,Clear,1,3,41.42
ORD-44,Grocery,84,146.9,High,COD,Dallas,1381,Sea,Rain,1,1,23.8
ORD-45,Grocery,73,38.3,High,COD,Seattle,1452,Air,Rain,0,3,23.15
ORD-46,Electronics,90,23.76,Low,COD,Seattle,676,Sea,Clear,0,2,11.5
ORD-47,Electronics,90,150.3,Medium,COD,Seattle,1353,Air,Snow,0,0,33.0
ORD-48,Electronics,58,25.61,High,COD,San Francisco,1231,Sea,Clear,0,4,14.94
ORD-49,Clothing,37,10.13,Low,Credit Card,Chicago,903,Air,Rain,0,1,16.23
ORD-50,Furniture,53,40.69,Medium,COD,Seattle,502,Sea,Clear,1,5,8.01
ORD-51,Electronics,58,66.68,Medium,Credit Card,Dallas,1652,Air,Rain,1,4,33.7
ORD-52,Clothing,41,68.38,Low,COD,Dallas,276,Air,Clear,1,4,3.73
ORD-53,Furniture,65,42.29,Low,COD,Dallas,939,Sea,Snow,0,0,21.97
ORD-54,Furniture,69,51.22,High,Credit Card,Seattle,1914,Sea,Snow,1,2,35.46
ORD-55,Clothing,97,45.65,Medium,Credit Card,Dallas,1616,Road,Snow,0,2,27.01
ORD-56,Clothing,86,31.73,Medium,COD,Chicago,1104,Road,Clear,1,2,13.81
ORD-57,Furniture,21,44.63,Low,Credit Card,Chicago,432,Air,Rain,0,4,6.58
ORD-58,Furniture,46,97.0,Low,COD,Chicago,209,Sea,Snow,1,1,4.11
ORD-59,Clothing,97,102.24,High,COD,San Francisco,1253,Air,Snow,0,2,21.78
ORD-60,Furniture,94,110.43,High,Credit Card,Seattle,1805,Air,Rain,1,2,33.39
ORD-61,Grocery,76,52.06,High,COD,Dallas,1000,Road,Rain,1,3,11.4
ORD-62,Furniture,82,31.93,High,COD,Seattle,916,Sea,Rain,1,2,21.34
ORD-63,Electronics,89,88.04,Low,COD,Dallas,1391,Road,Clear,1,3,32.34
ORD-64,Clothing,43,69.29,High,Credit Card,Chicago,1922,Air,Rain,1,2,32.83
ORD-65,Clothing,11,7.25,High,Credit Card,Chicago,732,Road,Rain,1,3,11.39
ORD-66,Electronics,48,81.77,High,Credit Card,Chicago,1466,Road,Rain,0,2,34.56
ORD-67,Electronics,41,52.31,Medium,Credit Card,Seattle,573,Sea,Clear,0,4,9.65
ORD-68,Grocery,47,19.62,High,COD,Seattle,1577,Air,Snow,1,2,33.01
ORD-69,Grocery,33,56.25,Medium,Credit Card,Dallas,1661,Air,Rain,0,3,36.77
ORD-70,Clothing,18,26.61,Medium,COD,Dallas,1106,Sea,Rain,0,5,27.48
ORD-71,Grocery,51,65.34,Medium,COD,Chicago,1134,Sea,Rain,0,0,24.63
ORD-72,Grocery,90,87.28,Low,Credit Card,San Francisco,217,Sea,Snow,0,2,2.89
ORD-73,Clothing,27,6.63,High,COD,San Francisco,1006,Sea,Snow,1,5,28.95
ORD-74,Electronics,65,156.4,Medium,COD,Dallas,1574,Road,Clear,0,0,37.99
ORD-75,Clothing,12,15.99,Medium,Credit Card,San Francisco,1025,Road,Clear,0,5,17.62
ORD-76,Electronics,22,29.9,Low,Credit Card,Seattle,1382,Road,Snow,0,0,19.19
ORD-77,Electronics,98,227.8,Medium,COD,Chicago,157,Road,Rain,0,1,3.99
ORD-78,Furniture,22,43.46,High,Credit Card,Dallas,1031,Air,Rain,1,0,16.37
ORD-79,Grocery,55,61.18,High,Credit Card,Seattle,1977,Road,Snow,0,3,44.73
ORD-80,Electronics,77,161.14,Low,Credit Card,Chicago,946,Sea,Snow,0,2,10.59
ORD-81,Grocery,8,15.41,Low,COD,Chicago,1878,Air,Snow,1,2,33.63
ORD-82,Furniture,50,88.78,Medium,COD,Seattle,865,Air,Rain,0,0,13.05
ORD-83,Clothing,46,67.1,High,Credit Card,San Francisco,1349,Road,Rain,0,2,26.15
ORD-84,Grocery,43,92.08,High,COD,Chicago,965,Sea,Rain,0,2,17.46
ORD-85,Grocery,15,15.46,Medium,COD,Chicago,500,Road,Snow,0,1,9.56
ORD-86,Grocery,20,49.4,Low,Credit Card,San Francisco,1639,Air,Snow,0,2,31.36
ORD-87,Clothing,64,126.3,High,COD,Chicago,586,Sea,Clear,1,1,13.09
ORD-88,Grocery,16,35.9,Low,COD,Seattle,103,Sea,Clear,1,3,2.45
ORD-89,Clothing,7,8.08,High,COD,Dallas,1512,Air,Clear,0,5,42.25
ORD-90,Grocery,97,184.97,Low,COD,Chicago,1176,Road,Rain,0,5,25.46
ORD-91,Grocery,18,28.74,Low,COD,Seattle,1841,Sea,Clear,0,3,45.34
ORD-92,Clothing,92,144.75,Medium,Credit Card,Dallas,506,Road,Clear,1,4,13.79
ORD-93,Clothing,80,93.02,Low,COD,Chicago,1195,Road,Rain,1,2,23.35
ORD-94,Electronics,64,101.12,Medium,Credit Card,Dallas,389,Road,Rain,1,5,5.89
ORD-95,Electronics,72,67.07,High,COD,San Francisco,973,Road,Rain,1,1,20.51
ORD-96,Grocery,90,172.32,Medium,Credit Card,Seattle,972,Sea,Snow,0,1,15.13
ORD-97,Electronics,77,110.84,Medium,COD,San Francisco,68,Sea,Rain,0,2,1.39
ORD-98,Furniture,82,44.1,High,COD,Chicago,1436,Sea,Rain,0,5,15.76
ORD-99,Clothing,98,122.87,Low,COD,Seattle,1957,Road,Clear,1,1,22.99
ORD-100,Clothing,12,17.13,Medium,COD,Chicago,1293,Road,Rain,1,5,23.35
ORD-101,Electronics,95,147.25,High,Credit Card,Dallas,1649,Road,Clear,0,5,43.74
ORD-102,Clothing,24,57.9,Low,Credit Card,Dallas,164,Air,Rain,1,4,3.34
ORD-103,Furniture,16,25.15,Low,COD,Dallas,1096,Sea,Snow,1,1,27.06
ORD-104,Grocery,77,50.63,Low,Credit Card,Chicago,522,Air,Rain,0,1,9.48
ORD-105,Grocery,46,59.75,Low,COD,San Francisco,1209,Air,Snow,1,4,31.17
ORD-106,Clothing,1,0.34,Low,Credit Card,San Francisco,627,Air,Rain,0,0,11.04
ORD-107,Clothing,85,167.83,Low,COD,Chicago,671,Air,Rain,0,0,10.35
ORD-108,Clothing,47,34.94,Medium,COD,Chicago,469,Air,Rain,0,5,8.42
ORD-109,Electronics,2,3.42,High,Credit Card,Chicago,409,Road,Snow,1,4,7.77
ORD-110,Clothing,76,60.69,High,Credit Card,Dallas,1170,Sea,Clear,0,1,17.79
ORD-111,Clothing,98,20.55,High,Credit Card,Dallas,876,Road,Snow,0,0,16.67
ORD-112,Clothing,4,1.6,Medium,COD,Chicago,837,Road,Snow,1,4,16.35
ORD-113,Clothing,2,3.93,Low,Credit Card,Dallas,90,Air,Clear,0,5,1.19
ORD-114,Electronics,31,29.04,High,Credit Card,Seattle,698,Air,Clear,0,1,15.15
ORD-115,Grocery,46,31.54,High,Credit Card,Dallas,1720,Road,Clear,0,4,49.55
ORD-116,Grocery,18,11.41,High,Credit Card,Seattle,1637,Air,Clear,0,3,28.51
ORD-117,Electronics,14,16.91,Low,COD,Chicago,1030,Air,Snow,1,5,17.84
ORD-118,Grocery,52,104.53,Low,COD,Dallas,1250,Road,Rain,0,5,33.47
ORD-119,Electronics,91,31.93,Medium,COD,Seattle,1641,Air,Rain,0,3,35.83
ORD-120,Electronics,78,165.58,Medium,Credit Card,Chicago,1040,Sea,Rain,1,5,15.79
ORD-121,Electronics,61,143.5,High,COD,Chicago,1873,Air,Snow,0,0,35.58
ORD-122,Electronics,43,80.91,Low,Credit Card,Dallas,1006,Sea,Snow,0,1,17.51
ORD-123,Electronics,73,67.08,Medium,COD,Dallas,410,Air,Rain,0,4,7.11
ORD-124,Grocery,74,44.83,Medium,COD,Seattle,314,Sea,Rain,0,4,5.29
ORD-125,Grocery,6,14.91,High,COD,Dallas,1200,Sea,Snow,1,4,16.58
ORD-126,Furniture,29,17.65,High,Credit Card,San Francisco,1482,Sea,Clear,0,5,17.46
ORD-127,Electronics,38,84.53,Medium,COD,Chicago,1469,Air,Rain,0,5,15.4
ORD-128,Grocery,74,149.12,High,Credit Card,Dallas,1086,Road,Rain,0,0,15.38
ORD-129,Grocery,32,56.31,Low,COD,Dallas,1744,Air,Rain,1,4,30.41
ORD-130,Grocery,90,206.22,High,COD,Seattle,549,Sea,Snow,1,3,16.24
ORD-131,Electronics,79,159.29,Medium,Credit Card,Seattle,1864,Road,Rain,1,4,44.53
ORD-132,Electronics,5,2.93,High,Credit Card,Dallas,1792,Road,Clear,1,3,33.26
ORD-133,Grocery,94,31.62,Medium,Credit Card,San Francisco,1350,Sea,Rain,0,4,21.75
ORD-134,Furniture,50,37.88,High,COD,Chicago,174,Road,Snow,1,4,3.83
ORD-135,Electronics,91,71.06,Medium,COD,Chicago,788,Air,Rain,0,5,21.08
ORD-136,Grocery,60,34.19,High,Credit Card,Seattle,550,Sea,Clear,1,3,6.64
ORD-137,Electronics,4,9.89,Low,Credit Card,San Francisco,510,Road,Clear,0,0,7.8
ORD-138,Grocery,83,199.09,Medium,COD,Seattle,1490,Road,Clear,0,3,22.99
ORD-139,Grocery,100,159.33,High,COD,Seattle,1998,Air,Clear,1,4,20.62
ORD-140,Furniture,15,18.77,Medium,COD,Dallas,1343,Road,Rain,1,3,26.75
ORD-141,Furniture,44,18.74,Medium,Credit Card,Dallas,186,Road,Rain,1,0,3.59
ORD-142,Furniture,35,20.67,High,COD,San Francisco,414,Road,Rain,1,0,11.3
ORD-143,Clothing,51,68.27,Medium,Credit Card,San Francisco,1852,Sea,Clear,1,2,28.33
ORD-144,Furniture,5,7.64,High,COD,Chicago,20,Air,Snow,1,5,0.36
ORD-145,Grocery,27,54.75,Low,COD,San Francisco,1285,Sea,Rain,0,4,21.61
ORD-146,Electronics,96,199.19,Medium,COD,San Francisco,640,Road,Clear,1,2,12.52
ORD-147,Furniture,78,191.69,High,Credit Card,San Francisco,1727,Sea,Snow,0,4,40.85
ORD-148,Electronics,44,23.11,High,COD,Seattle,1187,Road,Snow,0,1,19.95
ORD-149,Electronics,80,127.54,Low,COD,Dallas,1866,Road,Snow,1,3,37.54
ORD-150,Grocery,97,53.85,Low,Credit Card,San Francisco,1287,Sea,Rain,0,3,23.15
ORD-151,Electronics,76,102.79,Medium,Credit Card,Dallas,1899,Road,Snow,0,1,24.21
ORD-152,Clothing,63,99.68,High,COD,Seattle,946,Road,Snow,0,4,14.19
ORD-153,Electronics,96,147.62,Low,COD,San Francisco,1375,Road,Rain,1,4,30.3
ORD-154,Furniture,46,61.48,High,COD,San Francisco,739,Air,Rain,1,5,11.32
ORD-155,Grocery,55,130.49,Medium,Credit Card,Chicago,1515,Air,Rain,0,0,29.4
ORD-156,Electronics,33,40.26,Low,Credit Card,San Francisco,1512,Sea,Rain,1,3,33.34
ORD-157,Grocery,70,71.13,High,COD,San Francisco,51,Sea,Rain,0,2,0.63
ORD-158,Grocery,42,74.09,Medium,Credit Card,Dallas,1788,Sea,Snow,0,1,23.33
ORD-159,Clothing,78,138.45,Low,Credit Card,Dallas,372,Air,Clear,1,0,10.29
ORD-160,Furniture,54,81.71,Low,Credit Card,San Francisco,1121,Sea,Rain,1,1,25.43
ORD-161,Grocery,31,44.82,Medium,COD,Dallas,1340,Sea,Rain,1,5,25.62
ORD-162,Grocery,31,75.1,High,COD,Seattle,342,Air,Snow,1,2,9.3
ORD-163,Grocery,9,4.82,High,COD,Chicago,823,Air,Snow,1,0,12.36
ORD-164,Furniture,14,29.63,Low,Credit Card,Dallas,228,Road,Rain,1,3,4.41
ORD-165,Furniture,30,60.89,Low,COD,Seattle,1970,Air,Snow,0,5,33.39
ORD-166,Electronics,61,151.49,Low,COD,Seattle,1784,Air,Rain,1,0,31.73
ORD-167,Clothing,88,20.52,Low,COD,Seattle,122,Road,Clear,1,1,1.96
ORD-168,Electronics,22,38.43,Medium,COD,San Francisco,1873,Road,Snow,1,3,49.03
ORD-169,Grocery,90,157.49,Medium,COD,Dallas,836,Road,Clear,1,2,11.29
ORD-170,Grocery,64,116.63,Medium,Credit Card,Chicago,730,Sea,Snow,0,3,13.21
ORD-171,Electronics,52,100.54,Medium,COD,Dallas,1550,Sea,Snow,0,2,32.59
ORD-172,Furniture,92,218.6,High,Credit Card,Seattle,589,Road,Rain,1,5,8.5
ORD-173,Electronics,21,38.53,Low,Credit Card,San Francisco,1991,Road,Rain,1,3,46.89
ORD-174,Grocery,88,89.1,Medium,Credit Card,San Francisco,1644,Sea,Rain,1,2,25.96
ORD-175,Grocery,87,179.03,Medium,COD,Seattle,793,Sea,Snow,1,4,12.36
ORD-176,Furniture,94,193.77,Low,Credit Card,Dallas,329,Road,Clear,1,1,5.1
ORD-177,Electronics,98,22.02,Low,COD,Seattle,1644,Sea,Rain,1,0,33.53
ORD-178,Clothing,50,114.81,Low,COD,Chicago,442,Road,Clear,1,2,9.48
ORD-179,Electronics,2,2.07,Low,Credit Card,Seattle,1296,Air,Clear,0,2,30.46
ORD-180,Grocery,68,77.19,Low,COD,Chicago,514,Road,Clear,0,0,14.24
ORD-181,Clothing,43,38.51,Medium,COD,Chicago,318,Air,Rain,1,4,5.43
ORD-182,Clothing,65,61.51,Low,Credit Card,San Francisco,613,Air,Rain,0,3,13.23
ORD-183,Furniture,34,25.8,Low,COD,Seattle,1704,Sea,Rain,0,0,28.83
ORD-184,Electronics,84,58.59,Medium,Credit Card,Dallas,196,Sea,Clear,0,0,3.18
ORD-185,Furniture,87,125.56,Low,Credit Card,Seattle,1938,Sea,Rain,0,3,26.98
ORD-186,Electronics,13,16.95,High,COD,San Francisco,359,Road,Snow,0,5,5.32
ORD-187,Electronics,35,14.06,High,COD,San Francisco,1534,Air,Rain,0,0,33.45
ORD-188,Electronics,74,14.85,Low,COD,Dallas,316,Road,Clear,1,1,8.44
ORD-189,Electronics,61,130.82,Medium,Credit Card,Chicago,1171,Sea,Snow,0,3,22.92
ORD-190,Grocery,57,19.19,Medium,COD,Dallas,1029,Air,Clear,1,5,15.53
ORD-191,Clothing,22,14.99,Low,Credit Card,Dallas,1880,Road,Rain,1,0,26.74
ORD-192,Clothing,40,53.12,Low,Credit Card,Chicago,509,Air,Snow,0,0,6.7
ORD-193,Furniture,46,72.35,Low,COD,Seattle,183,Road,Clear,0,0,3.4
ORD-194,Electronics,35,37.41,High,Credit Card,Dallas,1844,Road,Clear,0,0,43.14
ORD-195,Electronics,33,34.61,High,COD,Seattle,806,Road,Rain,1,1,12.09
ORD-196,Electronics,100,32.65,High,Credit Card,San Francisco,1810,Road,Clear,0,2,32.17
ORD-197,Furniture,60,51.28,High,Credit Card,Seattle,1088,Air,Rain,1,1,25.32
ORD-198,Clothing,56,54.37,Low,COD,Chicago,563,Road,Snow,0,4,12.28
ORD-199,Electronics,88,199.21,Medium,COD,San Francisco,1483,Sea,Snow,0,2,26.8
ORD-200,Furniture,12,7.27,Low,COD,Dallas,749,Air,Rain,1,1,15.79
ORD-201,Electronics,53,54.25,High,Credit Card,Dallas,1396,Sea,Clear,0,1,18.04
ORD-202,Furniture,94,62.7,Medium,Credit Card,San Francisco,1252,Road,Snow,0,3,17.17
ORD-203,Furniture,34,24.44,Medium,Credit Card,Dallas,1027,Road,Snow,1,1,22.13
ORD-204,Furniture,22,47.75,Medium,COD,Chicago,1458,Sea,Snow,1,4,24.7
ORD-205,Grocery,48,23.91,Low,Credit Card,Seattle,1321,Air,Clear,0,5,29.19
ORD-206,Grocery,49,25.39,Medium,COD,Chicago,180,Road,Snow,0,2,2.87
ORD-207,Furniture,79,131.73,Medium,Credit Card,Chicago,1583,Air,Snow,1,4,17.35
ORD-208,Electronics,88,208.42,High,COD,Chicago,1356,Sea,Snow,0,4,17.54
ORD-209,Clothing,81,18.22,High,Credit Card,Chicago,88,Air,Rain,1,5,2.29
ORD-210,Grocery,5,6.84,High,COD,Dallas,476,Sea,Clear,1,0,9.13
ORD-211,Electronics,54,52.07,High,Credit Card,Seattle,445,Road,Rain,1,4,7.19
ORD-212,Electronics,99,124.21,Low,COD,San Francisco,1030,Air,Rain,1,3,22.29
ORD-213,Furniture,14,34.93,High,COD,San Francisco,882,Road,Clear,0,5,13.41
ORD-214,Clothing,16,12.87,Medium,Credit Card,Chicago,1237,Sea,Snow,1,1,23.49
ORD-215,Electronics,23,47.54,Low,COD,Chicago,783,Road,Snow,1,1,11.36
ORD-216,Furniture,21,40.76,High,COD,San Francisco,1578,Sea,Rain,0,5,20.16
ORD-217,Clothing,92,207.96,Medium,COD,Seattle,1088,Sea,Clear,1,5,27.87
ORD-218,Electronics,3,4.8,Low,Credit Card,Dallas,1261,Air,Rain,0,3,22.77
ORD-219,Grocery,9,9.46,Low,COD,Seattle,375,Sea,Clear,1,4,6.14
ORD-220,Electronics,72,111.31,High,COD,San Francisco,586,Road,Rain,1,5,13.3
ORD-221,Electronics,69,79.05,Medium,COD,Chicago,1877,Air,Snow,1,3,41.23
ORD-222,Electronics,26,28.45,High,Credit Card,Chicago,1221,Road,Rain,1,2,26.6
ORD-223,Furniture,43,42.38,High,Credit Card,Seattle,1257,Sea,Snow,1,5,15.84
ORD-224,Furniture,11,3.35,Low,COD,Seattle,1606,Road,Clear,1,5,21.26
ORD-225,Clothing,52,90.29,Low,Credit Card,Seattle,873,Sea,Rain,1,5,12.46
ORD-226,Grocery,52,33.98,High,Credit Card,Dallas,1818,Air,Clear,1,5,39.52
ORD-227,Furniture,83,23.53,Medium,Credit Card,San Francisco,698,Air,Snow,0,1,12.35
ORD-228,Electronics,97,55.78,Medium,Credit Card,Dallas,573,Air,Clear,0,0,8.3
ORD-229,Grocery,81,182.45,Medium,COD,Seattle,692,Road,Clear,0,5,12.61
ORD-230,Electronics,66,50.09,High,Credit Card,Dallas,113,Air,Rain,1,4,3.16
ORD-231,Furniture,61,30.47,High,Credit Card,San Francisco,1171,Sea,Snow,1,2,28.67
ORD-232,Electronics,47,41.91,High,Credit Card,Dallas,1956,Air,Clear,1,5,36.67
ORD-233,Furniture,4,6.8,Low,COD,San Francisco,71,Road,Clear,0,5,1.65
ORD-234,Clothing,41,37.91,High,Credit Card,Dallas,186,Sea,Clear,1,0,2.26
ORD-235,Furniture,21,29.47,Medium,Credit Card,Dallas,1607,Road,Snow,0,2,27.04
ORD-236,Clothing,68,110.21,Low,COD,San Francisco,1851,Sea,Snow,1,4,32.77
ORD-237,Furniture,66,99.26,Medium,Credit Card,Chicago,219,Air,Rain,0,0,3.77
ORD-238,Grocery,18,21.56,Low,Credit Card,San Francisco,1349,Sea,Clear,1,4,24.46
ORD-239,Furniture,100,154.57,High,Credit Card,San Francisco,1249,Road,Rain,0,2,28.84
ORD-240,Furniture,35,40.23,Medium,COD,Chicago,578,Air,Rain,0,0,6.17
ORD-241,Electronics,76,163.78,Low,Credit Card,San Francisco,776,Air,Snow,1,3,16.71
ORD-242,Grocery,45,62.69,Medium,COD,Dallas,1874,Air,Clear,0,4,25.48
ORD-243,Electronics,43,31.86,High,COD,San Francisco,1240,Road,Rain,1,5,20.24
ORD-244,Clothing,2,2.87,High,COD,Chicago,250,Air,Clear,0,1,5.63
ORD-245,Electronics,22,48.08,High,COD,Chicago,1881,Air,Clear,0,3,31.76
ORD-246,Clothing,91,226.13,Low,Credit Card,Dallas,1540,Road,Snow,1,1,40.57
ORD-247,Electronics,29,49.69,Low,Credit Card,Chicago,1608,Road,Clear,1,1,40.9
ORD-248,Grocery,58,102.33,Medium,Credit Card,Chicago,199,Sea,Clear,1,1,2.99
ORD-249,Furniture,47,60.85,Medium,Credit Card,San Francisco,318,Sea,Snow,1,5,4.39
ORD-250,Electronics,53,34.42,Low,COD,San Francisco,615,Sea,Clear,0,4,11.64
ORD-251,Electronics,18,40.23,High,COD,Chicago,1828,Sea,Clear,1,4,29.11
ORD-252,Clothing,72,53.38,Medium,Credit Card,Chicago,270,Road,Rain,0,3,3.77
ORD-253,Furniture,42,49.99,Medium,COD,Chicago,866,Sea,Snow,0,1,17.68
ORD-254,Grocery,50,41.97,Medium,COD,Seattle,879,Sea,Rain,0,1,17.17
ORD-255,Grocery,42,74.62,Low,Credit Card,Chicago,1236,Sea,Rain,0,0,13.98
ORD-256,Clothing,72,31.1,Medium,Credit Card,San Francisco,824,Sea,Snow,0,1,12.63
ORD-257,Furniture,18,16.5,High,Credit Card,San Francisco,543,Air,Rain,0,0,9.75
ORD-258,Furniture,90,126.77,High,COD,Chicago,542,Sea,Clear,0,3,10.27
ORD-259,Grocery,40,84.47,Medium,Credit Card,Dallas,1652,Road,Clear,0,1,24.3
ORD-260,Grocery,19,26.42,Low,Credit Card,Dallas,1455,Road,Snow,0,0,27.05
ORD-261,Electronics,86,139.86,Low,COD,San Francisco,507,Air,Clear,0,5,9.79
ORD-262,Grocery,27,48.35,Medium,Credit Card,Seattle,722,Road,Snow,0,2,7.33
ORD-263,Clothing,90,194.76,Medium,Credit Card,San Francisco,1566,Sea,Clear,1,1,26.67
ORD-264,Grocery,76,82.78,Low,COD,Seattle,689,Air,Snow,0,5,11.11
ORD-265,Grocery,89,19.33,Low,COD,Seattle,508,Road,Snow,0,2,10.73
ORD-266,Electronics,67,161.51,High,Credit Card,Seattle,1807,Road,Rain,0,5,28.76
ORD-267,Clothing,11,27.11,Medium,COD,Seattle,1334,Sea,Rain,0,2,24.46
ORD-268,Electronics,69,65.11,High,COD,Seattle,875,Sea,Rain,0,4,20.68
ORD-269,Furniture,10,3.18,Low,Credit Card,San Francisco,1929,Road,Snow,1,3,42.11
ORD-270,Grocery,6,5.48,Low,COD,Chicago,1435,Road,Clear,0,4,19.07
ORD-271,Grocery,76,27.53,Medium,Credit Card,Dallas,178,Sea,Clear,0,5,2.51
ORD-272,Electronics,54,33.06,Low,Credit Card,San Francisco,700,Air,Rain,0,2,16.65
ORD-273,Furniture,75,53.97,Low,COD,Chicago,956,Air,Rain,0,2,13.71
ORD-274,Grocery,31,24.33,Medium,COD,Seattle,1832,Air,Snow,1,1,35.8
ORD-275,Electronics,54,104.62,Medium,Credit Card,Seattle,321,Road,Clear,1,3,5.16
ORD-276,Clothing,83,69.65,Medium,COD,Seattle,1792,Air,Snow,1,0,39.48
ORD-277,Electronics,93,174.16,Low,Credit Card,San Francisco,1915,Sea,Clear,1,0,30.47
ORD-278,Grocery,18,31.22,High,COD,Dallas,526,Sea,Rain,1,5,11.19
ORD-279,Furniture,43,88.9,Low,COD,Seattle,1052,Air,Snow,1,1,16.43
ORD-280,Electronics,43,84.99,High,Credit Card,San Francisco,725,Sea,Rain,1,4,8.97
ORD-281,Grocery,42,98.07,Medium,COD,Chicago,1641,Sea,Rain,0,3,34.51
ORD-282,Electronics,37,76.14,High,Credit Card,Seattle,667,Road,Rain,1,1,9.95
ORD-283,Furniture,60,79.68,High,COD,Dallas,1277,Sea,Clear,1,3,16.5
ORD-284,Clothing,90,96.8,Medium,COD,San Francisco,651,Road,Clear,0,5,16.93
ORD-285,Grocery,58,68.89,Low,COD,Chicago,1861,Road,Clear,1,2,29.15
ORD-286,Grocery,88,219.28,Low,COD,Seattle,1490,Air,Clear,1,5,44.13
ORD-287,Furniture,56,88.91,Low,Credit Card,Dallas,1588,Road,Clear,0,1,31.67
ORD-288,Grocery,65,58.79,Low,COD,Chicago,1569,Sea,Clear,0,2,20.95
ORD-289,Grocery,95,184.45,Medium,COD,Chicago,358,Road,Clear,1,3,8.55
ORD-290,Grocery,1,0.97,Low,COD,Dallas,448,Sea,Clear,0,5,7.15
ORD-291,Furniture,96,80.2,Medium,COD,San Francisco,1422,Air,Rain,0,2,28.01
ORD-292,Electronics,64,34.23,Low,Credit Card,Seattle,1894,Sea,Snow,1,1,42.24
ORD-293,Furniture,61,22.01,High,Credit Card,Dallas,1334,Sea,Rain,0,3,25.12
ORD-294,Grocery,30,57.32,Low,COD,San Francisco,1884,Air,Snow,1,4,44.7
ORD-295,Grocery,19,4.84,High,Credit Card,San Francisco,111,Air,Snow,1,3,2.37
ORD-296,Furniture,57,64.89,High,COD,Dallas,1604,Air,Snow,1,2,20.95
ORD-297,Grocery,83,90.71,Medium,COD,Dallas,277,Road,Snow,1,5,5.22
ORD-298,Electronics,36,48.65,High,COD,San Francisco,1108,Air,Snow,0,5,16.93
ORD-299,Clothing,90,87.37,Medium,Credit Card,Seattle,1639,Air,Clear,1,5,26.7
ORD-300,Furniture,11,22.26,Low,Credit Card,Chicago,402,Road,Rain,0,0,9.23
ORD-301,Grocery,84,185.79,Low,Credit Card,San Francisco,383,Sea,Rain,1,4,7.73
ORD-302,Furniture,54,48.29,High,COD,Dallas,1042,Road,Snow,1,2,19.84
ORD-303,Furniture,45,32.06,Low,COD,San Francisco,1767,Sea,Clear,0,2,36.34
ORD-304,Grocery,71,36.39,Medium,Credit Card,Seattle,370,Road,Clear,0,1,7.96
ORD-305,Clothing,65,14.49,High,Credit Card,Seattle,1126,Sea,Rain,1,0,17.74
ORD-306,Clothing,75,118.54,Low,COD,Seattle,1628,Road,Clear,0,5,47.58
ORD-307,Furniture,15,3.68,High,COD,Dallas,932,Sea,Snow,0,2,9.78
ORD-308,Furniture,60,114.15,High,COD,Chicago,1528,Road,Clear,1,2,35.9
ORD-309,Clothing,99,239.24,Low,COD,Seattle,1843,Sea,Rain,1,4,25.82
ORD-310,Grocery,59,73.92,Medium,COD,San Francisco,1620,Sea,Clear,0,5,29.3
ORD-311,Furniture,76,91.02,Low,COD,Seattle,1409,Sea,Rain,1,5,28.88
ORD-312,Grocery,31,32.8,Medium,Credit Card,Chicago,1598,Sea,Clear,1,5,26.63
ORD-313,Clothing,17,16.88,Low,COD,Chicago,1063,Sea,Clear,0,4,24.31
ORD-314,Grocery,60,54.83,Medium,COD,Chicago,865,Sea,Snow,1,2,15.13
ORD-315,Grocery,12,12.41,Low,Credit Card,Chicago,967,Sea,Snow,1,2,15.99
ORD-316,Electronics,99,26.79,High,Credit Card,Chicago,570,Air,Clear,0,1,8.16
ORD-317,Grocery,48,38.72,High,COD,San Francisco,1955,Road,Snow,1,4,26.88
ORD-318,Clothing,23,7.78,High,Credit Card,Seattle,1238,Road,Rain,1,4,35.3
ORD-319,Furniture,73,165.0,High,Credit Card,Seattle,684,Road,Snow,1,5,9.8
ORD-320,Furniture,20,40.03,Low,COD,San Francisco,236,Sea,Rain,1,3,3.94
ORD-321,Furniture,26,17.47,High,COD,Chicago,1643,Road,Snow,0,3,20.05
ORD-322,Grocery,95,64.01,Medium,Credit Card,Dallas,1329,Road,Rain,1,3,17.29
ORD-323,Grocery,56,129.84,Low,COD,Chicago,1859,Road,Rain,0,5,54.11
ORD-324,Grocery,53,127.98,Medium,COD,Chicago,998,Air,Snow,1,1,18.87
ORD-325,Clothing,55,79.83,High,Credit Card,Dallas,148,Air,Clear,1,2,1.6
ORD-326,Furniture,80,194.19,Medium,COD,Seattle,775,Air,Rain,1,2,14.7
ORD-327,Clothing,13,29.48,High,COD,Seattle,228,Road,Snow,1,2,4.21
ORD-328,Furniture,92,201.19,Medium,COD,Dallas,1785,Sea,Snow,1,4,27.29
ORD-329,Grocery,58,118.6,Medium,COD,Chicago,436,Road,Rain,0,0,7.71
ORD-330,Furniture,7,17.34,High,Credit Card,Chicago,779,Road,Rain,0,2,8.15
ORD-331,Furniture,90,60.32,High,COD,Chicago,1680,Road,Rain,0,4,27.36
ORD-332,Furniture,33,12.66,Medium,COD,San Francisco,587,Air,Snow,0,4,9.11
ORD-333,Electronics,20,8.16,Medium,Credit Card,Dallas,1926,Air,Clear,0,1,27.12
ORD-334,Electronics,1,0.92,Medium,COD,Dallas,1923,Air,Snow,0,5,40.01
ORD-335,Grocery,63,15.35,High,COD,San Francisco,132,Air,Rain,1,1,1.32
ORD-336,Furniture,88,152.04,Medium,COD,Chicago,729,Sea,Snow,1,0,12.11
ORD-337,Electronics,52,47.68,High,Credit Card,Dallas,1193,Road,Rain,1,1,22.9
ORD-338,Grocery,17,40.61,Medium,Credit Card,Seattle,26,Road,Clear,0,1,0.26
ORD-339,Clothing,54,91.68,Medium,COD,Chicago,500,Sea,Clear,1,2,8.09
ORD-340,Furniture,85,22.35,High,Credit Card,San Francisco,1498,Sea,Snow,0,5,18.61
ORD-341,Electronics,18,24.79,Low,COD,Dallas,376,Road,Clear,0,5,5.24
ORD-342,Furniture,51,108.57,High,Credit Card,Dallas,1349,Sea,Clear,0,1,16.96
ORD-343,Clothing,59,136.61,Low,COD,Dallas,695,Air,Clear,1,4,16.88
ORD-344,Grocery,7,4.34,Low,Credit Card,Chicago,991,Road,Rain,0,2,18.64
ORD-345,Clothing,31,60.76,Medium,COD,San Francisco,422,Road,Snow,0,1,7.0
ORD-346,Furniture,35,77.3,Medium,COD,Dallas,1805,Sea,Rain,0,1,23.2
ORD-347,Electronics,33,29.79,High,COD,Chicago,1365,Air,Rain,1,5,24.42
ORD-348,Grocery,76,187.35,High,COD,Chicago,1924,Road,Snow,0,5,51.31
ORD-349,Grocery,97,111.76,Low,COD,Chicago,785,Air,Clear,1,0,13.55
ORD-350,Furniture,80,190.44,High,Credit Card,Seattle,1096,Air,Clear,0,3,16.65
ORD-351,Grocery,57,61.99,Medium,Credit Card,Dallas,492,Sea,Rain,0,1,6.66
ORD-352,Grocery,85,99.78,Medium,COD,Seattle,247,Road,Clear,1,1,6.06
ORD-353,Grocery,34,46.16,High,Credit Card,Seattle,40,Road,Clear,1,0,0.75
ORD-354,Electronics,34,80.1,Medium,Credit Card,Dallas,1183,Air,Snow,1,3,25.55
ORD-355,Clothing,1,0.38,High,Credit Card,San Francisco,1774,Air,Clear,1,4,24.15
ORD-356,Clothing,15,35.74,Medium,COD,Chicago,1989,Air,Rain,1,1,29.05
ORD-357,Furniture,62,151.7,High,COD,Dallas,1951,Sea,Clear,1,1,34.93
ORD-358,Grocery,70,154.71,Low,Credit Card,Dallas,1349,Sea,Rain,1,1,21.72
ORD-359,Furniture,6,12.19,Low,COD,Dallas,1702,Road,Clear,1,2,37.72
ORD-360,Electronics,81,60.96,Low,Credit Card,Chicago,164,Air,Rain,0,3,1.78
ORD-361,Grocery,18,26.01,High,COD,Seattle,320,Sea,Snow,1,2,5.15
ORD-362,Electronics,39,89.02,Medium,Credit Card,Dallas,1718,Sea,Rain,0,5,21.6
ORD-363,Clothing,57,80.77,Medium,Credit Card,Dallas,355,Air,Rain,0,4,4.66
ORD-364,Grocery,73,154.88,Medium,Credit Card,Chicago,688,Air,Clear,1,1,19.71
ORD-365,Electronics,23,47.78,Medium,COD,Dallas,855,Sea,Rain,0,2,10.88
ORD-366,Electronics,48,32.4,Medium,Credit Card,Seattle,497,Air,Rain,1,0,8.09
ORD-367,Furniture,24,22.38,Low,Credit Card,San Francisco,2000,Sea,Rain,0,3,26.34
ORD-368,Grocery,24,14.75,Medium,COD,Chicago,1665,Sea,Clear,0,1,39.57
ORD-369,Electronics,60,115.57,High,Credit Card,Dallas,693,Road,Snow,1,5,9.91
ORD-370,Electronics,88,98.96,Low,Credit Card,San Francisco,1479,Air,Clear,0,1,25.67
ORD-371,Grocery,23,8.23,Medium,COD,Chicago,1425,Road,Rain,0,2,21.13
ORD-372,Electronics,89,171.03,Low,COD,San Francisco,1056,Sea,Snow,1,5,22.24
ORD-373,Clothing,44,96.82,Low,Credit Card,Chicago,137,Road,Rain,1,3,2.36
ORD-374,Grocery,77,94.28,High,COD,Dallas,1826,Sea,Rain,1,2,33.77
ORD-375,Furniture,66,90.19,Low,Credit Card,Dallas,1277,Road,Rain,0,3,29.68
ORD-376,Clothing,57,123.13,Medium,Credit Card,Seattle,576,Air,Clear,0,5,12.42
ORD-377,Clothing,16,29.86,Low,Credit Card,Chicago,1450,Road,Snow,1,5,26.03
ORD-378,Grocery,59,143.52,Low,Credit Card,Seattle,1972,Road,Rain,0,3,31.05
ORD-379,Clothing,30,59.41,Medium,COD,Seattle,1544,Sea,Rain,1,2,25.36
ORD-380,Clothing,65,150.92,Medium,COD,Seattle,570,Air,Rain,0,2,10.59
ORD-381,Clothing,21,24.84,Medium,COD,Dallas,1908,Sea,Rain,1,0,29.64
ORD-382,Grocery,19,22.05,Low,Credit Card,Dallas,1067,Air,Clear,1,3,16.74
ORD-383,Furniture,95,77.33,Low,COD,Dallas,1891,Air,Rain,1,1,29.91
ORD-384,Grocery,27,40.04,High,COD,San Francisco,1842,Air,Clear,0,1,31.97
ORD-385,Grocery,17,5.96,Medium,COD,Chicago,860,Air,Rain,0,0,18.99
ORD-386,Electronics,71,105.11,Low,Credit Card,Chicago,1647,Sea,Clear,0,3,30.98
ORD-387,Electronics,42,77.48,Medium,COD,Chicago,1599,Air,Clear,1,1,41.95
ORD-388,Electronics,42,34.8,High,COD,Seattle,1821,Air,Rain,0,2,28.28
ORD-389,Furniture,42,53.44,High,COD,Dallas,1055,Sea,Rain,0,5,16.69
ORD-390,Grocery,98,172.7,Medium,Credit Card,Seattle,67,Sea,Snow,1,0,0.89
ORD-391,Grocery,35,46.67,Medium,Credit Card,San Francisco,789,Road,Rain,1,4,14.83
ORD-392,Grocery,34,67.52,High,Credit Card,Dallas,548,Road,Rain,1,1,10.45
ORD-393,Furniture,29,9.81,High,Credit Card,Seattle,510,Road,Rain,0,2,13.58
ORD-394,Electronics,63,65.84,High,COD,San Francisco,777,Road,Rain,0,4,17.52
ORD-395,Clothing,25,28.0,Medium,Credit Card,Seattle,1802,Air,Snow,1,4,34.87
ORD-396,Furniture,71,149.31,Medium,COD,Chicago,808,Sea,Rain,1,3,13.68
ORD-397,Furniture,44,95.73,High,Credit Card,San Francisco,1335,Sea,Rain,0,1,19.51
ORD-398,Electronics,12,9.5,Medium,Credit Card,San Francisco,38,Road,Rain,0,4,0.87
ORD-399,Electronics,86,90.1,Low,COD,Chicago,1118,Air,Rain,0,5,13.97
ORD-400,Electronics,88,69.58,High,Credit Card,San Francisco,1575,Sea,Clear,1,0,32.14
ORD-401,Grocery,72,31.13,Medium,Credit Card,Seattle,819,Road,Snow,0,0,13.66
ORD-402,Grocery,22,15.68,Medium,Credit Card,Chicago,1944,Air,Rain,1,5,38.54
ORD-403,Electronics,32,40.18,Medium,Credit Card,Seattle,1470,Sea,Snow,1,0,35.23
ORD-404,Clothing,46,84.81,High,Credit Card,Chicago,1978,Road,Clear,0,0,29.46
ORD-405,Clothing,47,73.12,High,COD,Chicago,507,Sea,Rain,1,5,7.65
ORD-406,Furniture,64,36.28,High,Credit Card,San Francisco,1429,Road,Rain,1,5,18.23
ORD-407,Furniture,39,79.63,Low,COD,Chicago,898,Road,Rain,0,2,13.74
ORD-408,Grocery,32,64.22,Medium,Credit Card,Chicago,47,Road,Rain,0,0,1.17
ORD-409,Grocery,32,15.34,Low,Credit Card,Dallas,1108,Road,Clear,0,5,28.27
ORD-410,Grocery,61,94.55,High,Credit Card,Chicago,1516,Air,Snow,0,5,25.74
ORD-411,Grocery,98,143.31,High,COD,Seattle,1465,Sea,Rain,0,1,24.99
ORD-412,Clothing,88,76.44,High,COD,Seattle,119,Air,Snow,0,5,2.33
ORD-413,Clothing,41,90.75,High,COD,Chicago,90,Sea,Snow,1,3,1.57
ORD-414,Electronics,52,107.98,Medium,COD,Seattle,1436,Air,Clear,0,2,28.14
ORD-415,Clothing,51,78.72,High,Credit Card,Seattle,1763,Sea,Rain,0,1,31.7
ORD-416,Clothing,68,110.3,Low,Credit Card,San Francisco,1630,Sea,Snow,1,1,31.52
ORD-417,Furniture,54,117.78,High,Credit Card,Seattle,846,Road,Snow,1,3,13.71
ORD-418,Electronics,77,190.12,Low,COD,San Francisco,259,Air,Clear,1,4,4.19
ORD-419,Electronics,55,50.72,High,Credit Card,Dallas,1949,Sea,Snow,0,0,26.05
ORD-420,Grocery,34,32.49,Medium,COD,San Francisco,1559,Sea,Rain,0,4,35.37
ORD-421,Furniture,49,80.31,High,Credit Card,Chicago,148,Air,Clear,1,4,2.75
ORD-422,Grocery,60,73.74,High,Credit Card,Dallas,557,Road,Clear,0,3,13.21
ORD-423,Furniture,88,92.13,Low,COD,Seattle,234,Sea,Snow,0,4,3.46
ORD-424,Furniture,85,113.39,Low,Credit Card,Chicago,616,Sea,Snow,1,4,9.16
ORD-425,Grocery,9,9.64,High,Credit Card,Chicago,1634,Road,Rain,0,4,32.2
ORD-426,Clothing,77,35.05,Low,COD,Dallas,817,Air,Rain,0,5,10.65
ORD-427,Clothing,96,211.88,Medium,COD,Chicago,619,Air,Rain,1,5,15.87
ORD-428,Electronics,51,107.7,Low,Credit Card,San Francisco,1128,Air,Clear,1,0,20.64
ORD-429,Furniture,45,49.75,Low,Credit Card,San Francisco,738,Sea,Clear,0,5,15.16
ORD-430,Clothing,75,185.6,Low,Credit Card,Chicago,119,Air,Snow,1,5,1.57
ORD-431,Electronics,60,47.84,High,COD,Dallas,1792,Sea,Snow,1,5,31.46
ORD-432,Electronics,35,72.31,High,COD,San Francisco,1064,Air,Clear,1,2,12.8
ORD-433,Grocery,50,52.75,Low,COD,Seattle,1913,Road,Rain,1,5,45.77
ORD-434,Electronics,17,34.9,Low,Credit Card,Dallas,599,Road,Rain,0,1,13.17
ORD-435,Grocery,66,162.32,Medium,COD,Chicago,1458,Road,Clear,0,5,25.85
ORD-436,Grocery,24,29.75,High,COD,Chicago,1928,Road,Rain,1,0,41.2
ORD-437,Grocery,8,6.12,Low,COD,Dallas,1802,Air,Clear,1,2,41.0
ORD-438,Clothing,63,52.3,Low,COD,Dallas,131,Sea,Snow,0,4,3.38
ORD-439,Furniture,54,129.48,Medium,COD,Seattle,1935,Sea,Snow,1,0,31.3
ORD-440,Electronics,73,174.78,Medium,Credit Card,Seattle,1145,Air,Rain,1,0,14.35
ORD-441,Clothing,54,55.63,High,COD,Chicago,254,Road,Clear,0,1,4.88
ORD-442,Electronics,13,13.22,High,COD,San Francisco,474,Road,Snow,1,1,9.08
ORD-443,Grocery,38,8.37,Medium,COD,Chicago,467,Road,Rain,0,1,7.01
ORD-444,Clothing,44,105.1,High,COD,San Francisco,1441,Sea,Rain,1,4,35.25
ORD-445,Furniture,62,102.83,High,Credit Card,Dallas,44,Road,Clear,1,1,0.73
ORD-446,Clothing,97,66.87,Medium,COD,Dallas,912,Air,Rain,1,3,11.84
ORD-447,Clothing,66,90.17,Medium,COD,Seattle,175,Air,Snow,0,3,2.7
ORD-448,Electronics,32,45.84,High,COD,San Francisco,989,Road,Clear,1,3,14.41
ORD-449,Grocery,86,25.66,Medium,Credit Card,Dallas,743,Air,Clear,1,1,14.34
ORD-450,Grocery,20,14.37,Low,Credit Card,Chicago,151,Sea,Snow,0,4,2.92
ORD-451,Clothing,61,120.89,Medium,COD,Dallas,561,Road,Snow,1,3,9.82
ORD-452,Grocery,68,115.31,Medium,Credit Card,Dallas,892,Road,Rain,1,1,15.23
ORD-453,Clothing,19,4.08,Low,Credit Card,San Francisco,1986,Road,Snow,0,5,28.86
ORD-454,Furniture,41,90.56,High,Credit Card,Dallas,517,Sea,Snow,0,2,7.02
ORD-455,Clothing,6,13.82,High,Credit Card,Chicago,1065,Sea,Clear,0,0,23.94
ORD-456,Clothing,15,4.0,High,Credit Card,San Francisco,1299,Air,Clear,1,4,30.14
ORD-457,Clothing,61,135.49,High,COD,Dallas,128,Air,Rain,1,5,2.0
ORD-458,Furniture,73,97.88,Medium,COD,San Francisco,25,Air,Rain,1,1,0.69
ORD-459,Clothing,45,56.01,High,COD,San Francisco,840,Sea,Rain,0,4,24.22
ORD-460,Electronics,24,40.62,Medium,Credit Card,Dallas,477,Air,Rain,1,0,5.92
ORD-461,Electronics,92,109.23,Low,Credit Card,Dallas,1306,Sea,Rain,1,4,27.75
ORD-462,Furniture,36,61.83,Medium,COD,Seattle,999,Road,Clear,1,4,16.95
ORD-463,Furniture,22,41.32,Medium,Credit Card,San Francisco,1170,Sea,Snow,1,1,22.11
ORD-464,Electronics,78,38.75,Medium,Credit Card,Seattle,1760,Sea,Clear,1,3,45.02
ORD-465,Furniture,61,92.11,High,COD,Seattle,352,Road,Clear,0,5,8.2
ORD-466,Furniture,17,7.18,Medium,Credit Card,San Francisco,777,Air,Snow,0,5,12.2
ORD-467,Electronics,9,18.4,Medium,COD,Chicago,1913,Road,Snow,1,0,36.87
ORD-468,Grocery,35,82.87,Low,Credit Card,Seattle,1634,Air,Snow,0,2,22.16
ORD-469,Grocery,57,45.96,High,Credit Card,Seattle,671,Road,Rain,0,2,13.43
ORD-470,Furniture,11,26.08,Medium,COD,Dallas,1313,Sea,Clear,0,3,29.86
ORD-471,Clothing,57,109.14,Low,COD,San Francisco,905,Road,Clear,0,2,17.26
ORD-472,Electronics,60,100.97,Low,COD,Seattle,1073,Sea,Snow,1,3,10.95
ORD-473,Clothing,11,7.28,Medium,Credit Card,Chicago,1719,Air,Rain,0,1,37.03
ORD-474,Furniture,69,89.9,Low,COD,San Francisco,672,Sea,Snow,0,1,11.79
ORD-475,Grocery,85,147.28,Medium,COD,San Francisco,1344,Sea,Clear,1,4,27.83
ORD-476,Grocery,96,126.73,High,COD,Dallas,1508,Sea,Rain,0,1,27.45
ORD-477,Clothing,41,40.24,Medium,Credit Card,Chicago,1827,Road,Snow,0,0,33.08
ORD-478,Furniture,91,138.89,High,Credit Card,Seattle,493,Road,Clear,1,5,11.37
ORD-479,Furniture,34,80.04,Medium,Credit Card,Chicago,1416,Sea,Snow,1,1,24.35
ORD-480,Clothing,78,47.56,Low,Credit Card,Chicago,761,Air,Rain,1,2,16.11
ORD-481,Electronics,72,150.22,High,COD,Dallas,1908,Road,Rain,0,3,25.12
ORD-482,Furniture,70,19.92,Low,COD,San Francisco,1203,Air,Clear,0,3,20.23
ORD-483,Electronics,8,13.0,Medium,COD,Dallas,593,Road,Clear,0,5,13.34
ORD-484,Electronics,32,65.51,Low,COD,Chicago,751,Sea,Clear,0,0,10.02
ORD-485,Grocery,43,35.18,Low,COD,Seattle,1329,Air,Snow,0,2,20.97
ORD-486,Clothing,48,99.22,High,COD,Dallas,334,Air,Rain,0,0,7.39
ORD-487,Furniture,41,31.8,Medium,COD,Dallas,311,Air,Rain,0,2,4.15
ORD-488,Electronics,6,6.12,High,Credit Card,Seattle,740,Sea,Rain,1,4,12.22
ORD-489,Electronics,59,46.04,High,Credit Card,Chicago,1933,Road,Snow,1,2,39.22
ORD-490,Grocery,97,153.21,High,COD,Chicago,1380,Air,Clear,0,2,25.52
ORD-491,Clothing,89,201.88,Low,Credit Card,Dallas,133,Road,Rain,1,1,2.51
ORD-492,Grocery,89,108.03,Medium,COD,Dallas,290,Air,Snow,0,4,7.55
ORD-493,Clothing,28,7.04,Medium,Credit Card,Seattle,621,Road,Snow,0,2,9.44
ORD-494,Electronics,3,3.5,High,COD,San Francisco,73,Air,Snow,0,1,1.01
ORD-495,Furniture,67,60.31,High,COD,Seattle,870,Sea,Rain,0,5,13.56
ORD-496,Electronics,91,82.5,Medium,Credit Card,San Francisco,1768,Air,Rain,1,4,44.48
ORD-497,Clothing,43,61.57,High,Credit Card,Dallas,1354,Road,Rain,1,2,18.4
ORD-498,Electronics,40,86.9,High,COD,Dallas,1196,Sea,Snow,0,5,17.27
ORD-499,Electronics,10,7.53,Low,COD,Seattle,1428,Sea,Rain,1,0,26.74
ORD-500,Grocery,41,29.35,Medium,Credit Card,San Francisco,1518,Road,Snow,0,2,41.99
ORD-501,Furniture,99,212.45,Medium,COD,Seattle,336,Sea,Snow,1,2,6.22
ORD-502,Electronics,53,31.32,Medium,COD,Seattle,1873,Sea,Clear,0,2,51.36
ORD-503,Clothing,4,1.49,Low,Credit Card,Chicago,1572,Sea,Snow,1,2,28.18
ORD-504,Furniture,52,74.97,Low,Credit Card,Seattle,390,Air,Snow,0,0,10.04
ORD-505,Grocery,37,87.84,High,COD,Seattle,1115,Road,Snow,0,2,30.12
ORD-506,Clothing,94,212.09,Low,Credit Card,Dallas,1035,Road,Snow,1,1,20.71
ORD-507,Furniture,65,73.66,Low,Credit Card,San Francisco,106,Air,Snow,0,4,2.29
ORD-508,Electronics,12,2.82,Low,Credit Card,Seattle,517,Road,Clear,1,3,8.46
ORD-509,Furniture,85,48.03,Medium,Credit Card,Seattle,309,Sea,Rain,1,5,6.78
ORD-510,Grocery,65,60.11,Low,COD,Dallas,1876,Sea,Clear,0,5,27.12
ORD-511,Electronics,36,41.71,Low,Credit Card,Seattle,893,Road,Rain,1,3,11.32
ORD-512,Furniture,16,12.43,Medium,COD,Dallas,1822,Air,Rain,1,1,46.3
ORD-513,Electronics,50,110.16,Medium,Credit Card,Seattle,1266,Sea,Snow,0,1,20.43
ORD-514,Clothing,45,55.7,Medium,Credit Card,Dallas,686,Air,Clear,0,4,14.4
ORD-515,Clothing,95,42.62,Medium,Credit Card,Seattle,769,Air,Clear,0,0,11.73
ORD-516,Furniture,77,19.91,High,COD,San Francisco,1128,Air,Clear,1,0,16.82
ORD-517,Grocery,62,46.68,High,Credit Card,San Francisco,1702,Road,Clear,0,0,29.93
ORD-518,Electronics,58,103.56,Low,Credit Card,Dallas,616,Road,Rain,1,3,11.28
ORD-519,Electronics,42,38.46,Low,Credit Card,Chicago,1402,Road,Clear,0,2,28.86
ORD-520,Clothing,43,22.57,Low,COD,Dallas,562,Sea,Rain,0,3,9.87
ORD-521,Furniture,77,113.6,High,Credit Card,Chicago,1857,Air,Snow,1,1,28.91
ORD-522,Grocery,25,6.69,Low,COD,Seattle,1454,Road,Clear,0,5,30.37
ORD-523,Furniture,83,193.97,High,COD,San Francisco,1266,Road,Rain,1,2,30.52
ORD-524,Furniture,14,33.88,Medium,Credit Card,San Francisco,182,Air,Clear,0,1,3.08
ORD-525,Clothing,64,156.24,Low,Credit Card,Chicago,945,Sea,Snow,1,3,15.93
ORD-526,Furniture,27,66.65,High,COD,Seattle,952,Air,Clear,1,1,15.01
ORD-527,Electronics,47,58.63,Low,Credit Card,Dallas,677,Sea,Snow,0,3,8.81
ORD-528,Clothing,22,7.64,Low,Credit Card,Dallas,690,Sea,Rain,0,5,16.01
ORD-529,Clothing,37,72.81,High,Credit Card,Chicago,555,Road,Rain,0,1,8.38
ORD-530,Electronics,89,154.64,Low,Credit Card,San Francisco,1537,Air,Snow,0,2,25.47
ORD-531,Grocery,88,190.41,Medium,Credit Card,Seattle,137,Air,Snow,0,1,1.86
ORD-532,Electronics,80,120.25,Low,Credit Card,San Francisco,1638,Air,Clear,1,4,46.82
ORD-533,Electronics,34,73.39,Medium,COD,Chicago,853,Air,Snow,1,3,10.61
ORD-534,Electronics,36,24.02,Low,COD,Seattle,471,Road,Clear,0,4,8.25
ORD-535,Grocery,57,36.01,Low,Credit Card,Dallas,1559,Road,Snow,0,1,28.35
ORD-536,Grocery,74,33.74,High,COD,Dallas,1302,Air,Clear,0,0,27.12
ORD-537,Electronics,8,6.93,Low,Credit Card,Seattle,1216,Air,Snow,0,2,20.17
ORD-538,Grocery,75,165.59,Low,COD,Chicago,1606,Sea,Snow,0,2,36.62
ORD-539,Electronics,9,11.32,Medium,COD,San Francisco,238,Road,Rain,1,1,4.34
ORD-540,Clothing,73,123.99,High,Credit Card,Seattle,1827,Air,Clear,0,5,25.2
ORD-541,Clothing,93,150.75,High,COD,Seattle,633,Sea,Snow,0,3,13.87
ORD-542,Grocery,37,74.29,Medium,COD,Chicago,1201,Air,Snow,0,5,35.44
ORD-543,Grocery,96,72.45,High,Credit Card,San Francisco,635,Air,Snow,0,2,10.16
ORD-544,Furniture,68,160.64,High,COD,Chicago,413,Sea,Clear,1,1,6.27
ORD-545,Clothing,46,29.18,High,Credit Card,Chicago,611,Air,Rain,0,0,10.34
ORD-546,Electronics,39,91.34,Medium,Credit Card,Dallas,1457,Air,Rain,1,4,29.75
ORD-547,Clothing,98,129.31,High,Credit Card,San Francisco,1393,Road,Snow,0,0,23.4
ORD-548,Furniture,10,16.01,Medium,Credit Card,Seattle,190,Road,Clear,0,0,3.52
ORD-549,Furniture,61,119.33,High,Credit Card,Chicago,1443,Road,Clear,0,4,21.01
ORD-550,Furniture,35,55.43,Medium,Credit Card,Dallas,906,Air,Rain,0,4,12.79
ORD-551,Electronics,66,86.32,Low,Credit Card,Chicago,1013,Sea,Snow,1,4,12.53
ORD-552,Furniture,28,39.71,High,Credit Card,Chicago,57,Road,Rain,1,2,0.82
ORD-553,Electronics,29,33.08,Low,Credit Card,Seattle,878,Sea,Rain,0,2,10.55
ORD-554,Clothing,13,21.48,Low,COD,Seattle,910,Sea,Rain,1,3,12.82
ORD-555,Furniture,91,147.81,High,COD,Seattle,838,Road,Clear,1,5,11.27
ORD-556,Furniture,44,83.65,High,COD,Dallas,882,Sea,Snow,1,1,15.5
ORD-557,Clothing,91,133.05,High,COD,Dallas,535,Road,Rain,0,5,8.02
ORD-558,Electronics,20,17.4,Low,COD,San Francisco,107,Sea,Rain,0,0,1.46
ORD-559,Furniture,99,140.47,Medium,Credit Card,Seattle,581,Air,Snow,0,4,8.81
ORD-560,Electronics,88,187.19,High,COD,Dallas,1952,Air,Rain,0,1,35.65
ORD-561,Electronics,61,55.99,Medium,COD,Seattle,265,Road,Snow,1,2,4.33
ORD-562,Grocery,32,13.49,High,Credit Card,Chicago,1957,Air,Snow,0,4,25.14
ORD-563,Clothing,12,3.42,Low,COD,Chicago,1331,Air,Clear,0,4,20.25
ORD-564,Furniture,89,127.43,Low,Credit Card,Seattle,1170,Road,Clear,1,3,18.13
ORD-565,Clothing,93,173.35,Medium,COD,San Francisco,130,Sea,Snow,0,0,1.57
ORD-566,Furniture,33,58.6,High,Credit Card,San Francisco,685,Air,Rain,1,5,15.3
ORD-567,Grocery,66,40.9,Low,COD,Dallas,1088,Road,Snow,0,3,17.45
ORD-568,Clothing,67,153.07,Medium,COD,San Francisco,925,Road,Rain,0,2,16.24
ORD-569,Clothing,23,44.8,Medium,COD,San Francisco,1674,Road,Clear,1,1,42.49
ORD-570,Clothing,30,45.83,Medium,Credit Card,Dallas,1732,Road,Clear,1,2,23.83
ORD-571,Furniture,48,14.08,Medium,Credit Card,Dallas,695,Air,Rain,0,0,10.97
ORD-572,Grocery,15,24.24,High,COD,Chicago,1969,Air,Rain,1,4,24.7
ORD-573,Electronics,4,9.06,Medium,Credit Card,Seattle,1933,Road,Clear,1,1,23.38
ORD-574,Clothing,77,32.38,Medium,COD,San Francisco,1264,Road,Rain,1,5,28.63
ORD-575,Clothing,62,107.47,Low,COD,Seattle,1318,Air,Rain,1,4,28.75
ORD-576,Electronics,10,10.64,Low,COD,Dallas,988,Sea,Snow,0,0,20.73
ORD-577,Clothing,80,21.37,Low,Credit Card,Chicago,1474,Sea,Clear,1,1,38.47
ORD-578,Grocery,5,9.72,High,Credit Card,Chicago,822,Air,Rain,0,4,13.6
ORD-579,Electronics,30,60.88,High,COD,Seattle,1213,Sea,Snow,1,2,17.59
ORD-580,Clothing,5,1.15,Low,COD,Chicago,1244,Air,Rain,1,4,23.8
ORD-581,Grocery,97,51.28,Low,COD,Chicago,653,Road,Clear,0,4,10.52
ORD-582,Furniture,44,104.45,High,Credit Card,Dallas,1815,Road,Snow,0,0,31.62
ORD-583,Furniture,88,45.35,Medium,COD,San Francisco,1539,Air,Snow,0,5,34.36
ORD-584,Electronics,97,112.68,High,COD,Seattle,1278,Road,Rain,1,5,17.44
ORD-585,Furniture,48,33.4,Medium,Credit Card,Chicago,232,Sea,Snow,0,4,3.14
ORD-586,Clothing,48,108.72,High,COD,Seattle,1167,Road,Snow,0,2,22.18
ORD-587,Grocery,8,7.23,Medium,COD,Seattle,986,Road,Rain,0,4,29.36
ORD-588,Furniture,24,10.52,Low,Credit Card,San Francisco,599,Road,Clear,0,3,8.68
ORD-589,Furniture,32,68.47,High,Credit Card,San Francisco,1581,Sea,Rain,1,2,29.21
ORD-590,Electronics,76,168.06,Low,Credit Card,Chicago,1080,Sea,Snow,0,0,20.88
ORD-591,Furniture,41,66.74,High,COD,Dallas,1526,Air,Snow,0,4,30.77
ORD-592,Grocery,85,96.58,High,COD,Seattle,703,Air,Snow,1,3,17.97
ORD-593,Furniture,90,170.83,High,Credit Card,Dallas,1679,Sea,Snow,0,5,29.01
ORD-594,Grocery,61,83.15,Medium,COD,Dallas,835,Air,Clear,1,4,10.85
ORD-595,Clothing,89,63.72,Medium,COD,San Francisco,1154,Road,Snow,0,0,26.79
ORD-596,Furniture,29,32.48,Low,Credit Card,Seattle,1001,Road,Rain,1,0,21.62
ORD-597,Electronics,90,157.22,High,COD,Dallas,516,Air,Snow,1,0,9.82
ORD-598,Electronics,97,103.2,Low,COD,Seattle,1689,Air,Rain,1,5,24.73
ORD-599,Furniture,83,136.45,Medium,COD,Chicago,527,Sea,Rain,0,0,8.9
ORD-600,Electronics,86,149.2,High,COD,Dallas,1513,Sea,Snow,0,3,22.82
ORD-601,Clothing,16,26.29,High,COD,Seattle,455,Road,Clear,0,4,9.91
ORD-602,Clothing,26,45.15,High,Credit Card,San Francisco,105,Road,Clear,1,2,2.39
ORD-603,Furniture,2,3.81,High,COD,Dallas,1590,Sea,Snow,1,1,44.11
ORD-604,Grocery,10,3.83,Low,Credit Card,Seattle,941,Sea,Rain,0,4,18.72
ORD-605,Grocery,83,124.94,Low,Credit Card,Chicago,1841,Air,Snow,0,1,21.34
ORD-606,Clothing,40,53.25,Medium,Credit Card,Seattle,481,Air,Rain,0,0,8.48
ORD-607,Grocery,3,2.95,Low,Credit Card,Chicago,161,Air,Rain,0,0,4.35
ORD-608,Furniture,34,35.14,Low,COD,Dallas,854,Sea,Clear,0,4,16.9
ORD-609,Electronics,25,10.63,High,Credit Card,Chicago,211,Road,Rain,0,4,4.12
ORD-610,Clothing,55,83.4,Low,COD,San Francisco,336,Road,Clear,1,5,4.78
ORD-611,Electronics,34,84.22,Low,COD,Seattle,907,Road,Clear,1,3,14.73
ORD-612,Clothing,11,5.45,High,COD,Chicago,1203,Sea,Snow,1,1,23.78
ORD-613,Grocery,100,228.18,Medium,Credit Card,Seattle,1433,Air,Rain,1,2,30.55
ORD-614,Furniture,83,137.42,Low,Credit Card,Seattle,988,Sea,Snow,1,1,13.65
ORD-615,Furniture,44,33.56,Low,Credit Card,Seattle,1744,Road,Snow,1,3,46.77
ORD-616,Clothing,19,28.66,High,Credit Card,Dallas,1547,Road,Rain,1,4,22.65
ORD-617,Furniture,21,16.85,Medium,Credit Card,Chicago,878,Road,Clear,1,1,11.19
ORD-618,Furniture,82,22.0,High,Credit Card,Chicago,1586,Road,Rain,1,0,21.0
ORD-619,Clothing,10,18.35,Low,Credit Card,Chicago,172,Air,Snow,0,4,3.6
ORD-620,Electronics,22,45.79,High,Credit Card,Chicago,1021,Road,Snow,1,0,20.38
ORD-621,Grocery,70,24.8,High,COD,Chicago,1414,Air,Clear,1,3,31.92
ORD-622,Furniture,77,161.84,Low,Credit Card,Chicago,1893,Road,Snow,0,1,29.88
ORD-623,Grocery,94,221.16,High,COD,Chicago,917,Air,Snow,1,2,15.28
ORD-624,Furniture,39,66.87,Medium,Credit Card,San Francisco,206,Sea,Snow,0,2,5.83
ORD-625,Clothing,30,23.06,Medium,Credit Card,Seattle,918,Road,Rain,1,2,22.35
ORD-626,Clothing,60,29.31,Low,COD,Seattle,1995,Air,Snow,0,4,45.78
ORD-627,Clothing,41,99.4,Low,COD,San Francisco,364,Sea,Clear,0,5,5.39
ORD-628,Grocery,64,51.43,Medium,COD,Dallas,1642,Sea,Clear,1,3,46.18
ORD-629,Electronics,44,44.44,Medium,Credit Card,Chicago,418,Sea,Snow,1,5,10.98
ORD-630,Grocery,61,99.82,Medium,COD,Chicago,497,Road,Rain,0,3,11.55
ORD-631,Electronics,36,71.42,Medium,Credit Card,San Francisco,265,Air,Clear,0,4,4.49
ORD-632,Electronics,90,167.68,High,Credit Card,San Francisco,720,Sea,Snow,0,3,9.34
ORD-633,Grocery,63,59.45,Low,COD,Chicago,935,Air,Clear,0,5,11.65
ORD-634,Clothing,22,22.89,Medium,COD,Dallas,1277,Road,Snow,0,0,18.58
ORD-635,Grocery,59,108.3,High,COD,San Francisco,809,Air,Clear,1,4,14.03
ORD-636,Furniture,62,35.38,Low,COD,Seattle,837,Air,Rain,0,0,11.74
ORD-637,Clothing,93,110.51,Medium,Credit Card,San Francisco,1264,Air,Snow,0,3,30.58
ORD-638,Grocery,91,157.26,Low,Credit Card,Dallas,121,Air,Snow,0,3,1.7
ORD-639,Electronics,67,167.36,High,COD,San Francisco,1864,Air,Snow,0,1,33.88
ORD-640,Grocery,1,1.33,Low,COD,Seattle,1975,Air,Snow,1,3,24.07
ORD-641,Grocery,90,109.87,Low,COD,Dallas,765,Air,Clear,0,1,20.49
ORD-642,Electronics,18,19.59,Medium,Credit Card,Seattle,1767,Air,Rain,0,2,33.74
ORD-643,Clothing,66,121.91,Low,Credit Card,Chicago,824,Air,Snow,0,5,19.98
ORD-644,Furniture,64,143.13,Low,COD,Dallas,1319,Air,Rain,1,1,17.84
ORD-645,Electronics,17,27.75,High,COD,San Francisco,1159,Air,Clear,0,0,19.42
ORD-646,Grocery,47,65.44,Low,COD,San Francisco,1628,Road,Clear,1,4,29.59
ORD-647,Furniture,12,11.62,High,Credit Card,Chicago,367,Road,Rain,1,0,7.4
ORD-648,Grocery,89,81.53,Low,COD,San Francisco,1014,Sea,Rain,0,2,20.37
ORD-649,Grocery,78,139.56,Medium,Credit Card,Seattle,1565,Air,Snow,0,1,24.03
ORD-650,Clothing,54,124.05,Medium,COD,San Francisco,1192,Sea,Snow,1,0,20.13
ORD-651,Electronics,85,108.68,Low,COD,Chicago,835,Air,Snow,0,3,18.24
ORD-652,Electronics,5,8.51,High,COD,Chicago,1621,Sea,Clear,0,4,29.75
ORD-653,Clothing,3,6.45,High,Credit Card,San Francisco,1216,Road,Snow,1,3,17.89
ORD-654,Grocery,8,15.15,Low,Credit Card,Chicago,781,Sea,Rain,1,3,13.98
ORD-655,Grocery,45,66.13,Low,COD,San Francisco,1087,Road,Rain,1,5,14.56
ORD-656,Furniture,82,140.55,High,COD,San Francisco,363,Air,Clear,1,4,7.11
ORD-657,Furniture,44,48.74,High,Credit Card,Chicago,377,Sea,Clear,1,2,4.05
ORD-658,Grocery,16,10.61,High,COD,San Francisco,1672,Air,Rain,0,3,27.37
ORD-659,Furniture,34,74.51,High,Credit Card,Seattle,552,Road,Snow,1,3,13.73
ORD-660,Furniture,57,39.79,Low,Credit Card,Chicago,922,Road,Rain,1,3,19.98
ORD-661,Clothing,64,130.06,Medium,Credit Card,Seattle,1851,Sea,Rain,0,3,43.72
ORD-662,Furniture,69,18.05,Medium,Credit Card,Chicago,169,Air,Clear,0,0,2.12
ORD-663,Furniture,3,1.04,Low,Credit Card,Chicago,443,Road,Snow,1,3,12.72
ORD-664,Clothing,1,1.23,Medium,Credit Card,Seattle,1409,Air,Rain,0,4,22.46
ORD-665,Electronics,95,52.88,High,COD,Dallas,798,Sea,Snow,0,2,12.21
ORD-666,Grocery,14,21.85,Medium,COD,San Francisco,457,Road,Rain,1,5,8.65
ORD-667,Furniture,65,19.02,High,COD,Seattle,968,Road,Clear,1,1,11.84
ORD-668,Electronics,11,24.22,Medium,Credit Card,Seattle,127,Air,Clear,0,0,2.01
ORD-669,Clothing,91,189.1,Medium,COD,Dallas,117,Air,Rain,0,2,2.54
ORD-670,Grocery,19,43.69,Medium,Credit Card,Seattle,1486,Air,Clear,0,0,32.04
ORD-671,Grocery,92,35.27,Medium,COD,Dallas,1563,Sea,Clear,0,0,18.41
ORD-672,Furniture,80,26.67,High,Credit Card,Chicago,1213,Road,Rain,1,2,21.88
ORD-673,Electronics,5,9.67,Medium,COD,San Francisco,1927,Road,Rain,1,1,37.41
ORD-674,Furniture,22,4.73,Medium,Credit Card,Seattle,1713,Sea,Rain,1,3,23.51
ORD-675,Electronics,81,105.0,Medium,Credit Card,San Francisco,1998,Air,Clear,1,5,30.12
ORD-676,Grocery,67,72.69,High,COD,Dallas,229,Road,Clear,1,2,3.94
ORD-677,Grocery,67,159.32,Medium,COD,San Francisco,1218,Road,Snow,0,3,21.65
ORD-678,Electronics,41,12.11,High,COD,Seattle,940,Sea,Rain,0,2,19.02
ORD-679,Clothing,84,171.33,Low,COD,Chicago,1100,Road,Clear,0,2,17.96
ORD-680,Electronics,59,38.84,High,Credit Card,Dallas,1988,Sea,Snow,0,5,42.3
ORD-681,Grocery,87,27.82,High,COD,Chicago,1440,Road,Clear,1,0,42.46
ORD-682,Clothing,4,8.12,Medium,Credit Card,Seattle,1941,Road,Clear,1,3,31.91
ORD-683,Furniture,100,206.13,High,COD,Seattle,1340,Air,Rain,1,2,25.01
ORD-684,Electronics,94,214.11,Medium,COD,Chicago,916,Sea,Clear,0,3,15.04
ORD-685,Electronics,88,125.83,Medium,COD,San Francisco,1062,Sea,Snow,1,4,15.47
ORD-686,Electronics,42,59.23,High,COD,Dallas,59,Road,Rain,0,1,1.26
ORD-687,Furniture,49,86.3,Low,COD,San Francisco,1589,Sea,Snow,1,0,26.48
ORD-688,Electronics,47,81.33,Medium,Credit Card,Chicago,1754,Road,Snow,1,5,30.88
ORD-689,Grocery,25,54.69,Low,Credit Card,Chicago,947,Road,Rain,1,1,17.57
ORD-690,Furniture,62,82.43,Low,COD,Seattle,862,Air,Clear,1,1,18.88
ORD-691,Furniture,63,59.05,Low,COD,San Francisco,1062,Sea,Snow,0,4,15.76
ORD-692,Clothing,89,204.61,Medium,Credit Card,Seattle,1503,Road,Rain,1,4,32.79
ORD-693,Furniture,8,13.81,High,COD,Chicago,1154,Air,Snow,1,0,18.0
ORD-694,Electronics,23,6.94,Medium,COD,Dallas,1928,Road,Snow,1,2,29.56
ORD-695,Furniture,48,115.61,Medium,Credit Card,Dallas,98,Air,Clear,1,0,1.81
ORD-696,Furniture,84,125.76,High,Credit Card,Dallas,958,Sea,Snow,0,1,12.39
ORD-697,Grocery,73,170.35,Medium,Credit Card,Seattle,1663,Air,Snow,1,2,29.35
ORD-698,Electronics,85,166.15,Medium,COD,Chicago,666,Air,Clear,0,3,9.69
ORD-699,Electronics,35,53.47,High,Credit Card,San Francisco,929,Sea,Rain,0,3,20.64
ORD-700,Electronics,32,52.77,Medium,COD,Dallas,205,Sea,Clear,0,1,3.36
ORD-701,Clothing,70,66.35,High,Credit Card,Dallas,1419,Air,Snow,0,0,34.18
ORD-702,Grocery,59,23.67,Medium,Credit Card,San Francisco,474,Air,Snow,1,1,5.84
ORD-703,Clothing,77,35.2,Medium,COD,Dallas,370,Sea,Rain,0,1,5.93
ORD-704,Grocery,32,61.31,Low,COD,Dallas,155,Road,Clear,0,0,2.64
ORD-705,Furniture,24,10.58,High,COD,Dallas,68,Air,Rain,0,0,1.77
ORD-706,Electronics,3,4.62,Low,Credit Card,Dallas,868,Air,Clear,1,5,14.4
ORD-707,Grocery,3,5.01,Low,Credit Card,Dallas,291,Sea,Clear,0,1,5.95
ORD-708,Furniture,27,19.08,High,Credit Card,Seattle,152,Road,Snow,1,0,2.13
ORD-709,Clothing,7,10.03,Low,COD,San Francisco,1319,Air,Snow,1,0,36.39
ORD-710,Furniture,36,84.43,Medium,Credit Card,San Francisco,754,Road,Rain,1,1,8.11
ORD-711,Electronics,9,4.42,High,Credit Card,Dallas,257,Sea,Snow,1,5,4.16
ORD-712,Clothing,88,193.5,Medium,Credit Card,San Francisco,1507,Road,Snow,0,4,22.7
ORD-713,Furniture,74,111.73,High,COD,Seattle,1025,Air,Clear,0,5,23.31
ORD-714,Grocery,25,34.24,High,COD,Dallas,1939,Air,Snow,1,5,25.37
ORD-715,Furniture,68,50.97,Low,COD,San Francisco,782,Road,Snow,1,3,12.91
ORD-716,Furniture,44,99.51,High,COD,Dallas,1285,Air,Clear,0,3,22.22
ORD-717,Clothing,55,55.22,Low,COD,San Francisco,307,Sea,Rain,0,5,7.25
ORD-718,Furniture,80,137.43,Medium,Credit Card,Chicago,102,Air,Clear,1,5,2.38
ORD-719,Grocery,30,15.85,High,Credit Card,Dallas,416,Road,Snow,0,1,7.82
ORD-720,Furniture,80,196.46,High,COD,Chicago,1853,Air,Clear,1,0,43.72
ORD-721,Grocery,29,61.69,High,COD,San Francisco,610,Air,Rain,0,2,9.9
ORD-722,Clothing,95,203.6,Low,Credit Card,Dallas,1166,Sea,Snow,0,4,14.65
ORD-723,Furniture,24,8.77,Low,COD,Dallas,921,Road,Rain,1,5,18.56
ORD-724,Furniture,53,14.59,High,Credit Card,Seattle,1433,Sea,Rain,1,1,21.13
ORD-725,Furniture,37,52.41,Medium,Credit Card,Seattle,1908,Sea,Rain,0,1,52.15
ORD-726,Clothing,28,40.36,Medium,Credit Card,San Francisco,485,Sea,Clear,1,2,9.16
ORD-727,Clothing,46,48.15,Low,Credit Card,Dallas,778,Air,Snow,0,3,12.67
ORD-728,Electronics,38,61.15,Low,Credit Card,Seattle,1627,Road,Clear,0,5,34.6
ORD-729,Grocery,29,18.67,Low,Credit Card,Chicago,1361,Air,Rain,0,2,25.04
ORD-730,Furniture,70,168.15,Low,COD,Chicago,635,Sea,Clear,1,0,10.74
ORD-731,Grocery,73,139.54,Low,COD,Seattle,606,Sea,Rain,1,3,8.53
ORD-732,Electronics,38,46.76,Medium,Credit Card,Chicago,234,Sea,Snow,1,0,4.48
ORD-733,Grocery,77,72.0,Medium,Credit Card,San Francisco,391,Sea,Snow,1,0,9.16
ORD-734,Grocery,98,159.33,High,Credit Card,San Francisco,724,Sea,Clear,1,5,11.25
ORD-735,Grocery,22,38.79,Low,Credit Card,Chicago,1033,Sea,Rain,0,4,20.79
ORD-736,Grocery,25,13.42,High,COD,Chicago,1000,Sea,Snow,1,1,17.87
ORD-737,Electronics,87,35.89,Medium,Credit Card,San Francisco,1619,Air,Clear,1,3,21.68
ORD-738,Electronics,90,49.52,High,COD,Seattle,1490,Air,Clear,1,5,27.91
ORD-739,Electronics,22,20.12,High,COD,Seattle,219,Road,Snow,0,2,5.77
ORD-740,Clothing,82,129.21,High,Credit Card,Dallas,1588,Sea,Rain,0,1,37.65
ORD-741,Clothing,65,93.29,Low,COD,Seattle,587,Air,Rain,0,1,9.49
ORD-742,Electronics,61,114.3,Low,Credit Card,Seattle,854,Air,Snow,1,5,23.86
ORD-743,Electronics,39,32.5,Low,Credit Card,Dallas,1207,Sea,Snow,1,4,20.59
ORD-744,Clothing,20,22.88,Medium,COD,Dallas,486,Sea,Clear,1,0,10.3
ORD-745,Clothing,39,15.96,Medium,Credit Card,Seattle,1163,Road,Snow,0,2,14.58
ORD-746,Furniture,48,23.27,High,Credit Card,San Francisco,738,Sea,Snow,0,1,12.94
ORD-747,Electronics,85,48.78,High,COD,Chicago,1309,Air,Snow,1,5,18.98
ORD-748,Grocery,95,177.06,Low,Credit Card,San Francisco,351,Sea,Clear,1,1,6.8
ORD-749,Furniture,89,154.12,Medium,Credit Card,Chicago,1652,Road,Snow,1,1,27.46
ORD-750,Grocery,3,4.64,Medium,Credit Card,Dallas,1738,Road,Clear,1,5,26.85
ORD-751,Grocery,34,83.06,Low,COD,Dallas,478,Road,Snow,1,2,9.18
ORD-752,Clothing,90,127.69,Medium,COD,San Francisco,1265,Sea,Rain,0,2,24.57
ORD-753,Clothing,62,18.67,Medium,COD,Seattle,876,Air,Clear,1,4,12.72
ORD-754,Grocery,30,15.81,High,COD,Seattle,1509,Air,Clear,0,3,18.91
ORD-755,Clothing,9,2.79,High,Credit Card,Chicago,849,Air,Clear,1,4,12.74
ORD-756,Clothing,32,78.17,Low,Credit Card,Seattle,652,Sea,Snow,0,5,10.24
ORD-757,Electronics,16,7.52,Low,Credit Card,San Francisco,591,Air,Snow,1,5,10.13
ORD-758,Grocery,38,50.1,High,Credit Card,San Francisco,1215,Road,Snow,1,4,22.14
ORD-759,Electronics,87,167.19,High,COD,Seattle,123,Air,Snow,1,2,2.07
ORD-760,Furniture,80,41.93,High,Credit Card,Seattle,225,Sea,Clear,0,4,5.47
ORD-761,Clothing,10,14.82,Low,COD,San Francisco,904,Air,Snow,0,2,22.38
ORD-762,Clothing,32,46.43,High,Credit Card,San Francisco,1976,Sea,Snow,1,2,37.91
ORD-763,Grocery,95,173.44,High,COD,Dallas,476,Sea,Clear,1,3,8.93
ORD-764,Clothing,30,12.57,Medium,Credit Card,Chicago,1830,Road,Snow,1,2,42.79
ORD-765,Electronics,37,43.91,High,Credit Card,Seattle,15,Sea,Clear,0,0,0.24
ORD-766,Clothing,44,81.35,Low,Credit Card,Chicago,1392,Road,Rain,0,1,35.97
ORD-767,Electronics,30,73.27,High,COD,San Francisco,448,Road,Rain,1,4,7.81
ORD-768,Clothing,57,127.23,High,Credit Card,Chicago,570,Road,Clear,1,1,10.67
ORD-769,Electronics,57,49.92,High,COD,Dallas,522,Road,Snow,1,3,8.67
ORD-770,Clothing,67,37.52,High,COD,Chicago,1568,Road,Snow,0,5,32.34
ORD-771,Electronics,47,12.78,High,Credit Card,San Francisco,1279,Road,Rain,1,4,22.51
ORD-772,Electronics,47,84.64,Low,Credit Card,Seattle,1516,Sea,Clear,0,1,26.59
ORD-773,Clothing,9,6.03,Medium,Credit Card,Dallas,233,Air,Snow,0,4,5.36
ORD-774,Electronics,23,51.71,Medium,COD,Chicago,374,Sea,Clear,1,4,6.24
ORD-775,Grocery,84,202.02,Medium,COD,Dallas,87,Air,Rain,1,4,1.33
ORD-776,Clothing,40,99.08,Low,Credit Card,Seattle,619,Air,Snow,1,0,11.25
ORD-777,Clothing,20,31.81,Medium,Credit Card,Dallas,965,Sea,Rain,1,2,15.6
ORD-778,Clothing,9,11.32,Medium,COD,Seattle,1842,Road,Clear,0,2,27.7
ORD-779,Grocery,42,19.38,Low,COD,Dallas,1990,Road,Rain,0,2,22.16
ORD-780,Furniture,58,50.81,Medium,Credit Card,San Francisco,431,Air,Snow,1,1,8.03
ORD-781,Grocery,1,0.22,Medium,COD,San Francisco,1223,Air,Snow,0,1,17.75
ORD-782,Electronics,69,22.67,High,Credit Card,San Francisco,1729,Air,Snow,0,0,24.26
ORD-783,Grocery,35,61.91,High,COD,Seattle,1178,Road,Snow,1,5,19.65
ORD-784,Clothing,32,72.56,Low,COD,Chicago,1818,Air,Clear,0,0,27.52
ORD-785,Clothing,50,119.09,Medium,Credit Card,San Francisco,1586,Air,Clear,0,3,28.14
ORD-786,Clothing,13,31.6,Medium,COD,Seattle,1932,Air,Clear,0,2,23.53
ORD-787,Clothing,9,16.52,Medium,COD,Chicago,180,Air,Clear,0,0,3.13
ORD-788,Furniture,23,17.37,High,Credit Card,Dallas,790,Sea,Snow,1,2,15.79
ORD-789,Clothing,95,193.45,Low,COD,Dallas,143,Sea,Clear,1,3,2.2
ORD-790,Grocery,70,77.16,Medium,Credit Card,Seattle,1043,Sea,Snow,1,3,20.7
ORD-791,Grocery,77,39.1,Medium,Credit Card,Chicago,219,Sea,Clear,0,2,3.42
ORD-792,Electronics,99,174.0,High,COD,Chicago,1317,Air,Rain,1,4,38.59
ORD-793,Electronics,100,81.38,High,Credit Card,Seattle,67,Sea,Clear,0,4,1.76
ORD-794,Clothing,41,74.47,Low,Credit Card,Seattle,278,Sea,Clear,1,3,4.81
ORD-795,Furniture,3,4.9,High,COD,San Francisco,1167,Air,Snow,1,4,20.89
ORD-796,Furniture,57,70.51,Low,COD,Seattle,1748,Sea,Clear,1,2,27.12
ORD-797,Clothing,62,60.59,Medium,COD,Dallas,198,Sea,Clear,0,2,3.71
ORD-798,Grocery,38,71.86,High,Credit Card,Seattle,294,Air,Snow,1,1,3.7
ORD-799,Grocery,33,35.32,Low,Credit Card,San Francisco,440,Sea,Rain,1,0,8.44
ORD-800,Clothing,59,70.95,Low,Credit Card,San Francisco,920,Road,Clear,0,5,19.82
ORD-801,Grocery,79,184.27,High,COD,San Francisco,951,Road,Rain,1,5,19.19
ORD-802,Grocery,26,50.23,High,COD,Dallas,878,Sea,Clear,0,2,15.36
ORD-803,Grocery,30,27.71,High,COD,San Francisco,699,Sea,Snow,0,1,12.29
ORD-804,Furniture,78,117.53,High,COD,San Francisco,26,Road,Snow,0,0,0.43
ORD-805,Electronics,62,18.44,Medium,Credit Card,Seattle,1001,Road,Snow,1,2,25.99
ORD-806,Electronics,40,82.89,High,Credit Card,Seattle,1856,Sea,Snow,1,5,22.96
ORD-807,Clothing,37,81.03,Low,Credit Card,Dallas,1731,Air,Snow,1,5,21.82
ORD-808,Furniture,45,33.76,High,COD,Dallas,1059,Sea,Snow,0,5,16.96
ORD-809,Grocery,32,79.42,Low,Credit Card,Chicago,1788,Road,Clear,0,5,39.38
ORD-810,Grocery,61,26.83,Low,COD,San Francisco,1544,Road,Rain,0,3,20.86
ORD-811,Grocery,55,81.13,Medium,COD,Dallas,102,Air,Clear,0,4,2.35
ORD-812,Clothing,76,110.21,High,COD,Seattle,1017,Sea,Snow,1,1,19.13
ORD-813,Grocery,25,56.48,Medium,Credit Card,Chicago,43,Air,Rain,1,5,0.73
ORD-814,Clothing,46,67.53,High,COD,Dallas,167,Air,Rain,1,2,3.47
ORD-815,Clothing,22,16.44,High,Credit Card,San Francisco,1796,Road,Clear,1,1,36.3
ORD-816,Furniture,75,145.28,High,COD,Chicago,1550,Sea,Rain,1,5,37.27
ORD-817,Furniture,90,161.08,Low,COD,San Francisco,27,Sea,Snow,0,3,0.48
ORD-818,Clothing,25,32.1,Low,Credit Card,San Francisco,379,Road,Snow,1,4,6.38
ORD-819,Clothing,7,4.41,High,Credit Card,San Francisco,1519,Air,Clear,1,0,27.17
ORD-820,Clothing,44,97.24,Low,COD,Chicago,1922,Sea,Snow,1,1,42.84
ORD-821,Electronics,67,99.18,High,Credit Card,Dallas,88,Air,Snow,0,0,1.25
ORD-822,Electronics,38,74.64,High,Credit Card,Chicago,790,Road,Rain,1,5,10.24
ORD-823,Electronics,67,122.6,High,COD,San Francisco,330,Sea,Clear,0,3,7.95
ORD-824,Clothing,43,47.9,High,Credit Card,Seattle,1020,Air,Snow,0,5,13.45
ORD-825,Grocery,82,180.57,Medium,COD,Chicago,141,Sea,Rain,1,1,2.63
ORD-826,Furniture,47,105.28,Medium,Credit Card,Dallas,1311,Sea,Clear,0,1,17.35
ORD-827,Electronics,65,71.9,High,COD,Dallas,239,Air,Rain,0,1,5.25
ORD-828,Clothing,91,63.58,Low,Credit Card,Chicago,1129,Air,Snow,1,1,25.1
ORD-829,Electronics,24,29.63,High,COD,Dallas,221,Air,Clear,1,0,4.52
ORD-830,Clothing,53,60.05,High,COD,Dallas,630,Air,Snow,1,5,10.72
ORD-831,Grocery,89,190.66,Medium,Credit Card,Chicago,1433,Air,Clear,0,5,26.86
ORD-832,Clothing,92,41.73,Low,COD,San Francisco,145,Road,Snow,1,3,2.83
ORD-833,Furniture,40,29.78,Low,Credit Card,Chicago,887,Road,Rain,1,1,19.66
ORD-834,Electronics,24,40.4,Medium,Credit Card,Seattle,1826,Air,Rain,0,0,40.38
ORD-835,Clothing,68,16.9,High,COD,Seattle,1800,Sea,Snow,0,3,29.39
ORD-836,Electronics,71,91.74,Medium,COD,San Francisco,630,Road,Snow,0,0,8.13
ORD-837,Electronics,50,27.72,Medium,Credit Card,Dallas,51,Sea,Snow,0,4,0.56
ORD-838,Clothing,66,104.93,High,Credit Card,San Francisco,732,Road,Rain,0,0,13.02
ORD-839,Furniture,24,41.57,High,COD,Chicago,92,Road,Clear,0,2,1.55
ORD-840,Grocery,46,46.23,High,COD,Chicago,1282,Sea,Clear,1,5,28.04
ORD-841,Furniture,72,151.99,Low,COD,San Francisco,1018,Road,Snow,1,5,20.18
ORD-842,Electronics,29,71.84,Medium,Credit Card,Chicago,657,Air,Clear,1,0,14.01
ORD-843,Grocery,15,5.6,High,COD,Seattle,1814,Road,Clear,0,2,27.51
ORD-844,Electronics,72,82.72,High,Credit Card,Dallas,946,Air,Snow,0,3,15.06
ORD-845,Clothing,31,30.26,Medium,COD,Chicago,1940,Sea,Clear,1,1,27.55
ORD-846,Grocery,83,156.28,Medium,COD,Dallas,274,Air,Snow,0,1,3.91
ORD-847,Electronics,6,12.35,Low,COD,Chicago,357,Air,Clear,0,2,6.0
ORD-848,Clothing,85,109.22,High,COD,San Francisco,946,Sea,Rain,1,0,17.65
ORD-849,Grocery,74,50.12,High,Credit Card,Dallas,624,Road,Clear,1,1,10.75
ORD-850,Grocery,10,3.95,High,Credit Card,Chicago,375,Air,Rain,1,5,8.23
ORD-851,Furniture,83,74.02,Medium,Credit Card,San Francisco,1073,Sea,Snow,0,4,22.08
ORD-852,Clothing,10,16.52,Low,COD,Dallas,240,Air,Rain,0,5,2.7
ORD-853,Clothing,5,3.55,Medium,COD,Chicago,107,Sea,Rain,1,1,1.6
ORD-854,Clothing,82,149.61,Medium,Credit Card,Dallas,1939,Sea,Rain,1,0,44.9
ORD-855,Clothing,54,100.69,Low,Credit Card,Seattle,1345,Air,Clear,1,5,31.97
ORD-856,Electronics,99,142.39,Low,COD,Seattle,839,Sea,Clear,0,5,18.92
ORD-857,Grocery,29,69.12,Medium,Credit Card,Seattle,574,Air,Rain,1,4,9.61
ORD-858,Furniture,91,114.71,High,Credit Card,Seattle,979,Road,Clear,0,3,17.42
ORD-859,Clothing,92,70.42,High,COD,Chicago,1571,Air,Snow,1,4,25.16
ORD-860,Grocery,81,189.97,Low,COD,Dallas,637,Air,Clear,1,3,9.06
ORD-861,Electronics,2,1.79,Medium,COD,Seattle,1220,Road,Rain,1,5,17.42
ORD-862,Clothing,70,96.93,High,COD,Dallas,1558,Road,Snow,0,3,26.22
ORD-863,Furniture,21,50.34,Medium,Credit Card,Dallas,367,Air,Snow,1,0,4.42
ORD-864,Furniture,77,165.13,Medium,Credit Card,Chicago,141,Road,Clear,0,1,1.77
ORD-865,Furniture,25,35.07,Low,Credit Card,Chicago,1667,Air,Snow,0,3,29.3
ORD-866,Electronics,69,84.06,Medium,Credit Card,Seattle,358,Sea,Rain,1,0,6.25
ORD-867,Clothing,87,60.58,High,Credit Card,Seattle,840,Sea,Snow,1,2,21.45
ORD-868,Grocery,19,5.62,High,Credit Card,San Francisco,958,Sea,Snow,1,3,17.49
ORD-869,Electronics,10,11.38,Medium,Credit Card,Dallas,687,Sea,Snow,0,3,12.89
ORD-870,Furniture,81,79.38,Low,Credit Card,San Francisco,975,Road,Snow,0,2,21.0
ORD-871,Electronics,96,118.25,Low,Credit Card,Chicago,90,Road,Clear,1,2,1.49
ORD-872,Grocery,40,81.87,High,COD,Seattle,701,Sea,Rain,0,4,16.54
ORD-873,Clothing,48,45.64,Low,COD,San Francisco,1927,Air,Rain,1,3,30.19
ORD-874,Furniture,14,9.88,Medium,Credit Card,Dallas,1445,Road,Clear,1,0,20.44
ORD-875,Furniture,26,17.52,Medium,Credit Card,Chicago,497,Air,Snow,0,1,9.53
ORD-876,Grocery,95,41.46,Medium,Credit Card,Dallas,791,Air,Rain,1,4,10.97
ORD-877,Electronics,83,181.39,Medium,Credit Card,Chicago,1188,Road,Rain,1,0,20.69
ORD-878,Furniture,50,32.09,Low,Credit Card,Seattle,325,Road,Snow,1,2,4.82
ORD-879,Clothing,66,102.04,Low,Credit Card,San Francisco,1449,Air,Rain,1,4,15.76
ORD-880,Clothing,65,127.52,Medium,COD,Chicago,704,Air,Clear,1,1,13.77
ORD-881,Grocery,60,92.86,Medium,Credit Card,Chicago,1384,Air,Snow,1,0,18.9
ORD-882,Clothing,65,39.7,Medium,COD,Chicago,939,Air,Snow,1,2,16.27
ORD-883,Electronics,95,136.14,High,Credit Card,San Francisco,789,Sea,Snow,0,5,9.9
ORD-884,Furniture,41,54.41,Medium,Credit Card,Dallas,238,Sea,Rain,1,1,4.7
ORD-885,Electronics,73,80.42,Low,COD,Chicago,230,Air,Rain,0,4,3.61
ORD-886,Furniture,87,50.77,Low,Credit Card,Chicago,277,Sea,Snow,1,0,3.87
ORD-887,Furniture,67,23.09,Low,COD,Chicago,1672,Air,Snow,0,4,27.91
ORD-888,Furniture,1,2.31,High,COD,Seattle,1787,Road,Rain,1,4,39.63
ORD-889,Furniture,87,100.23,Medium,COD,San Francisco,195,Air,Clear,0,3,3.19
ORD-890,Electronics,66,82.37,Medium,Credit Card,Seattle,1635,Sea,Clear,0,2,23.07
ORD-891,Grocery,25,23.85,Medium,COD,Dallas,36,Sea,Clear,1,4,0.7
ORD-892,Clothing,69,42.06,High,COD,Chicago,1748,Sea,Clear,0,0,35.08
ORD-893,Furniture,51,49.02,Low,Credit Card,Seattle,741,Sea,Rain,1,5,11.61
ORD-894,Furniture,63,19.47,Low,Credit Card,San Francisco,1220,Road,Snow,1,2,25.74
ORD-895,Grocery,93,60.72,Low,COD,San Francisco,811,Road,Snow,1,2,11.72
ORD-896,Grocery,89,53.76,Low,COD,Seattle,1385,Air,Clear,0,5,33.88
ORD-897,Electronics,77,34.43,High,COD,Seattle,1363,Sea,Clear,0,2,23.53
ORD-898,Clothing,76,54.7,Low,COD,Dallas,949,Road,Rain,1,0,19.14
ORD-899,Grocery,74,69.51,High,COD,Chicago,725,Air,Clear,1,3,15.31
ORD-900,Clothing,45,23.51,High,Credit Card,San Francisco,864,Sea,Snow,0,4,16.67
ORD-901,Clothing,12,19.07,Low,COD,Seattle,1769,Road,Clear,0,0,29.92
ORD-902,Electronics,53,43.51,Medium,COD,Chicago,1087,Air,Snow,0,4,18.56
ORD-903,Furniture,60,29.14,Low,Credit Card,Chicago,1533,Road,Rain,1,2,40.4
ORD-904,Electronics,65,44.35,Low,COD,San Francisco,1787,Road,Rain,1,5,42.28
ORD-905,Clothing,25,36.25,Low,COD,Dallas,963,Road,Rain,1,1,20.57
ORD-906,Electronics,74,166.11,Medium,Credit Card,San Francisco,963,Road,Rain,1,4,11.88
ORD-907,Furniture,94,81.32,Low,COD,San Francisco,1761,Road,Snow,0,2,42.65
ORD-908,Electronics,59,113.63,Medium,Credit Card,Chicago,1523,Air,Rain,0,3,24.11
ORD-909,Electronics,69,118.78,High,Credit Card,Dallas,186,Air,Clear,1,2,5.42
ORD-910,Electronics,58,12.45,High,Credit Card,Seattle,1242,Road,Snow,0,3,32.75
ORD-911,Clothing,23,34.81,High,COD,San Francisco,1011,Sea,Clear,1,3,19.79
ORD-912,Clothing,6,5.66,Medium,Credit Card,Dallas,1770,Sea,Clear,1,0,31.75
ORD-913,Electronics,79,148.93,Low,Credit Card,Seattle,1000,Road,Clear,0,4,12.64
ORD-914,Electronics,15,15.04,Low,COD,Seattle,130,Road,Clear,0,1,3.71
ORD-915,Electronics,18,17.91,High,Credit Card,Seattle,829,Road,Rain,1,0,14.8
ORD-916,Furniture,67,94.88,Medium,Credit Card,Chicago,205,Air,Snow,1,2,4.0
ORD-917,Grocery,81,23.27,Low,Credit Card,Chicago,306,Air,Snow,1,0,5.96
ORD-918,Electronics,90,175.25,Medium,Credit Card,San Francisco,1334,Sea,Rain,0,1,21.66
ORD-919,Clothing,60,132.64,Low,Credit Card,Chicago,1829,Sea,Snow,0,2,35.16
ORD-920,Furniture,48,79.83,High,Credit Card,Dallas,838,Air,Rain,1,4,11.01
ORD-921,Grocery,38,56.82,High,COD,Chicago,1064,Road,Snow,0,0,19.81
ORD-922,Clothing,73,120.55,Low,COD,Seattle,249,Road,Rain,0,5,3.64
ORD-923,Clothing,90,202.61,Low,COD,San Francisco,1667,Sea,Clear,1,5,32.56
ORD-924,Furniture,58,104.81,Low,Credit Card,Seattle,1544,Sea,Snow,0,1,23.83
ORD-925,Clothing,63,66.99,Medium,COD,Chicago,453,Road,Snow,0,1,6.11
ORD-926,Electronics,44,59.89,Medium,Credit Card,Dallas,846,Air,Clear,1,4,8.88
ORD-927,Clothing,76,25.27,Medium,COD,Dallas,1514,Air,Snow,0,5,26.0
ORD-928,Grocery,49,111.57,Low,Credit Card,Chicago,1881,Road,Snow,1,2,38.63
ORD-929,Electronics,6,8.46,High,Credit Card,San Francisco,1302,Sea,Rain,0,1,26.7
ORD-930,Electronics,20,45.64,Low,COD,Dallas,507,Air,Snow,0,5,9.0
ORD-931,Electronics,12,28.68,Medium,Credit Card,Dallas,1600,Sea,Rain,0,1,22.39
ORD-932,Furniture,21,21.23,High,Credit Card,Chicago,320,Air,Snow,0,5,5.22
ORD-933,Furniture,28,13.24,Low,COD,Chicago,1784,Road,Clear,0,5,46.39
ORD-934,Furniture,21,42.28,Low,COD,Seattle,1408,Sea,Rain,0,3,33.62
ORD-935,Grocery,67,105.33,High,COD,Seattle,922,Air,Clear,0,4,16.75
ORD-936,Furniture,70,44.53,High,COD,Chicago,1391,Sea,Snow,1,5,18.88
ORD-937,Furniture,95,58.08,High,Credit Card,San Francisco,1935,Sea,Clear,1,0,23.55
ORD-938,Clothing,64,139.71,Low,COD,Chicago,632,Air,Snow,1,0,14.45
ORD-939,Grocery,10,22.01,Medium,Credit Card,San Francisco,181,Air,Rain,1,3,4.71
ORD-940,Clothing,74,55.43,High,COD,Chicago,1159,Road,Rain,1,0,19.5
ORD-941,Electronics,41,40.59,Medium,COD,San Francisco,1411,Sea,Clear,0,3,31.47
ORD-942,Clothing,5,8.02,Medium,Credit Card,Chicago,788,Air,Clear,1,5,12.06
ORD-943,Electronics,73,55.97,Medium,COD,Dallas,1126,Air,Clear,1,5,15.87
ORD-944,Clothing,80,17.53,Medium,Credit Card,Dallas,224,Air,Snow,0,4,4.85
ORD-945,Grocery,40,69.25,High,COD,Chicago,1440,Road,Rain,1,1,40.84
ORD-946,Furniture,68,96.71,Low,Credit Card,Dallas,1892,Road,Clear,0,0,32.22
ORD-947,Clothing,23,36.89,High,Credit Card,Chicago,277,Sea,Rain,1,5,4.08
ORD-948,Clothing,73,172.26,Low,Credit Card,San Francisco,922,Air,Rain,1,5,25.81
ORD-949,Electronics,1,2.32,High,Credit Card,San Francisco,1204,Road,Rain,0,1,26.81
ORD-950,Clothing,35,18.09,High,Credit Card,Chicago,624,Air,Snow,0,1,14.57
ORD-951,Clothing,30,24.53,Low,Credit Card,San Francisco,553,Air,Snow,0,2,7.6
ORD-952,Electronics,81,123.43,High,Credit Card,Chicago,21,Air,Snow,0,5,0.33
ORD-953,Electronics,59,98.68,Low,COD,Seattle,599,Road,Rain,0,3,13.62
ORD-954,Grocery,84,180.9,High,Credit Card,Seattle,515,Air,Rain,1,0,11.25
ORD-955,Grocery,90,23.09,Medium,Credit Card,Dallas,1753,Sea,Snow,1,5,27.37
ORD-956,Furniture,9,11.86,Low,COD,Chicago,1762,Sea,Rain,0,2,23.33
ORD-957,Clothing,88,25.37,Low,Credit Card,Seattle,1273,Air,Snow,0,5,27.74
ORD-958,Furniture,81,162.72,High,Credit Card,San Francisco,1214,Sea,Snow,0,5,22.39
ORD-959,Grocery,32,40.44,High,Credit Card,Dallas,1076,Road,Clear,0,3,16.52
ORD-960,Grocery,98,210.34,Low,COD,San Francisco,402,Air,Rain,1,5,5.73
ORD-961,Furniture,84,140.22,Medium,COD,Seattle,1857,Air,Rain,0,5,32.74
ORD-962,Electronics,75,143.82,Low,Credit Card,Dallas,110,Sea,Rain,1,1,2.0
ORD-963,Clothing,40,88.23,Medium,Credit Card,Chicago,1205,Air,Rain,1,3,17.5
ORD-964,Grocery,36,63.16,High,COD,San Francisco,626,Road,Rain,1,4,14.68
ORD-965,Grocery,40,80.77,Low,Credit Card,Seattle,649,Sea,Rain,1,2,14.31
ORD-966,Clothing,68,100.16,High,Credit Card,Seattle,211,Road,Clear,0,0,2.74
ORD-967,Clothing,10,10.6,Low,COD,Seattle,328,Road,Snow,1,1,6.49
ORD-968,Electronics,86,138.85,Low,COD,San Francisco,925,Sea,Rain,1,4,16.42
ORD-969,Electronics,14,4.13,Low,COD,Chicago,1455,Air,Rain,0,0,23.16
ORD-970,Grocery,94,187.51,Medium,COD,Seattle,462,Road,Rain,1,4,7.67
ORD-971,Electronics,64,59.86,Low,COD,San Francisco,1455,Air,Clear,0,0,22.42
ORD-972,Electronics,21,15.0,Low,COD,Seattle,985,Sea,Snow,0,1,24.49
ORD-973,Furniture,70,92.12,Low,COD,Chicago,380,Road,Snow,1,3,5.07
ORD-974,Clothing,34,29.25,High,COD,San Francisco,373,Air,Snow,0,1,4.5
ORD-975,Clothing,42,36.71,Low,Credit Card,Chicago,137,Sea,Clear,1,4,3.29
ORD-976,Grocery,26,27.23,Low,COD,Dallas,1929,Road,Clear,1,5,40.72
ORD-977,Electronics,73,58.76,High,COD,Chicago,1629,Sea,Clear,1,5,28.46
ORD-978,Clothing,49,34.95,High,COD,Dallas,1618,Road,Clear,0,2,36.05
ORD-979,Clothing,50,57.17,Medium,Credit Card,Seattle,1229,Sea,Clear,0,3,18.77
ORD-980,Grocery,53,62.67,Low,COD,Seattle,1038,Air,Clear,1,0,22.68
ORD-981,Electronics,3,1.36,Low,COD,San Francisco,1592,Sea,Snow,1,3,18.82
ORD-982,Clothing,70,90.9,Low,COD,Seattle,1231,Road,Clear,0,1,28.14
ORD-983,Furniture,42,95.11,Low,COD,Dallas,1378,Sea,Rain,1,3,20.61
ORD-984,Grocery,61,140.37,High,Credit Card,Seattle,901,Road,Snow,1,3,20.41
ORD-985,Clothing,34,24.56,Low,Credit Card,Chicago,1026,Sea,Rain,1,3,11.04
ORD-986,Electronics,69,20.41,Medium,COD,Seattle,724,Air,Clear,1,3,9.92
ORD-987,Clothing,86,154.2,Medium,COD,Seattle,1596,Sea,Rain,1,3,20.35
ORD-988,Electronics,97,28.12,Low,COD,Dallas,1216,Road,Rain,1,1,23.5
ORD-989,Electronics,93,139.74,Low,COD,Chicago,755,Air,Clear,1,1,11.01
ORD-990,Clothing,59,96.82,Low,Credit Card,Dallas,1014,Sea,Snow,1,1,13.13
ORD-991,Clothing,75,19.49,High,Credit Card,San Francisco,239,Sea,Snow,0,4,4.48
ORD-992,Clothing,2,1.65,High,COD,Seattle,1023,Air,Clear,0,3,15.24
ORD-993,Electronics,13,17.34,Medium,Credit Card,Chicago,24,Sea,Snow,0,4,0.71
ORD-994,Grocery,75,81.08,Medium,COD,San Francisco,166,Air,Snow,0,1,3.52
ORD-995,Furniture,20,46.97,High,Credit Card,Seattle,1286,Sea,Snow,1,1,22.37
ORD-996,Clothing,54,82.06,Low,COD,San Francisco,1265,Sea,Rain,1,2,29.16
ORD-997,Clothing,72,139.73,Low,COD,Dallas,1652,Sea,Clear,0,0,46.57
ORD-998,Clothing,12,17.13,Medium,Credit Card,San Francisco,363,Sea,Rain,0,5,7.92
ORD-999,Electronics,49,39.63,Medium,COD,Seattle,131,Road,Snow,0,0,1.85
ORD-1000,Furniture,92,115.86,High,COD,San Francisco,723,Air,Rain,0,1,17.74
ORD-1001,Clothing,84,113.51,Medium,Credit Card,San Francisco,1326,Road,Snow,0,1,33.8
ORD-1002,Electronics,89,65.06,Low,COD,Chicago,1361,Sea,Snow,0,1,40.6
ORD-1003,Clothing,38,40.1,Medium,COD,Chicago,950,Sea,Snow,1,3,14.51
ORD-1004,Furniture,61,125.81,Low,COD,Chicago,1424,Air,Rain,1,1,26.05
ORD-1005,Furniture,30,35.24,Medium,Credit Card,San Francisco,1766,Sea,Clear,0,5,45.76
ORD-1006,Electronics,42,52.82,Medium,Credit Card,Chicago,808,Sea,Snow,1,2,14.01
ORD-1007,Furniture,54,18.98,Medium,COD,Dallas,802,Air,Snow,1,0,13.32
ORD-1008,Electronics,69,31.22,Low,Credit Card,San Francisco,1175,Road,Rain,0,3,21.71
ORD-1009,Electronics,67,68.43,High,Credit Card,Chicago,1461,Sea,Snow,1,3,19.69
ORD-1010,Electronics,54,110.54,Medium,COD,Dallas,90,Road,Snow,0,1,2.21
ORD-1011,Clothing,69,74.39,Low,Credit Card,Dallas,1209,Air,Clear,0,5,15.14
ORD-1012,Electronics,69,118.94,Low,COD,Dallas,504,Air,Clear,1,0,7.34
ORD-1013,Furniture,68,77.42,Low,COD,San Francisco,748,Air,Clear,0,5,12.42
ORD-1014,Grocery,42,12.53,Low,COD,San Francisco,1587,Sea,Rain,1,3,21.42
ORD-1015,Grocery,5,10.64,Low,COD,Dallas,77,Air,Rain,0,4,0.93
ORD-1016,Grocery,2,2.02,Low,Credit Card,Seattle,614,Sea,Rain,1,2,8.34
ORD-1017,Electronics,21,16.07,Medium,Credit Card,Chicago,1429,Road,Clear,1,3,27.02
ORD-1018,Furniture,99,119.96,Medium,Credit Card,Dallas,882,Road,Snow,1,0,16.97
ORD-1019,Electronics,60,81.43,High,Credit Card,Chicago,576,Sea,Snow,0,4,15.62
ORD-1020,Clothing,49,73.01,High,COD,Dallas,1649,Air,Snow,0,1,29.09
ORD-1021,Grocery,65,134.19,Medium,COD,Dallas,441,Road,Snow,1,2,7.65
ORD-1022,Furniture,70,164.91,Medium,Credit Card,Chicago,1485,Sea,Snow,1,4,24.84
ORD-1023,Clothing,23,46.21,Low,Credit Card,Dallas,1178,Road,Snow,1,3,14.74
ORD-1024,Grocery,11,9.43,Low,Credit Card,Chicago,499,Air,Clear,0,4,6.43
ORD-1025,Furniture,30,22.89,Low,COD,Seattle,1006,Road,Rain,1,2,21.36
ORD-1026,Electronics,80,189.22,Medium,COD,San Francisco,319,Sea,Rain,1,1,5.17
ORD-1027,Furniture,90,198.59,Medium,Credit Card,San Francisco,550,Sea,Clear,0,3,9.92
ORD-1028,Grocery,80,176.31,High,COD,San Francisco,231,Road,Rain,0,1,4.42
ORD-1029,Grocery,74,24.56,Medium,Credit Card,Chicago,1270,Road,Clear,1,3,20.71
ORD-1030,Grocery,59,90.92,Low,COD,Dallas,1576,Sea,Rain,0,3,28.71
ORD-1031,Furniture,25,41.26,Low,COD,Seattle,807,Air,Clear,0,1,18.18
ORD-1032,Furniture,54,47.07,High,COD,Chicago,25,Road,Clear,1,0,0.63
ORD-1033,Clothing,86,122.44,Medium,COD,San Francisco,606,Sea,Snow,1,4,9.24
ORD-1034,Grocery,43,41.9,High,COD,Chicago,980,Sea,Snow,1,2,19.53
ORD-1035,Grocery,65,118.83,Medium,COD,Dallas,845,Air,Clear,1,5,13.16
ORD-1036,Grocery,34,11.47,Low,COD,San Francisco,508,Sea,Rain,0,1,8.8
ORD-1037,Furniture,39,50.45,Low,COD,Dallas,1799,Road,Clear,1,0,30.63
ORD-1038,Furniture,92,112.97,Medium,Credit Card,San Francisco,1593,Air,Snow,0,2,19.64
ORD-1039,Grocery,22,5.53,Medium,Credit Card,Chicago,1721,Sea,Snow,1,3,39.9
ORD-1040,Furniture,45,42.7,High,COD,Seattle,1240,Sea,Clear,0,4,19.09
ORD-1041,Grocery,14,18.01,High,COD,Seattle,667,Sea,Snow,1,3,11.94
ORD-1042,Clothing,17,4.09,High,Credit Card,Dallas,1967,Sea,Clear,0,5,21.2
ORD-1043,Electronics,75,51.03,Medium,Credit Card,Seattle,1314,Air,Clear,1,2,33.67
ORD-1044,Furniture,39,8.48,Low,COD,Seattle,1022,Air,Snow,1,0,19.54
ORD-1045,Electronics,93,220.2,High,COD,San Francisco,352,Air,Rain,0,2,7.36
ORD-1046,Furniture,40,32.07,Low,COD,Dallas,1789,Air,Rain,1,0,29.72
ORD-1047,Clothing,19,27.48,Medium,COD,Chicago,1231,Air,Clear,1,5,20.02
ORD-1048,Electronics,98,94.83,Medium,COD,San Francisco,1553,Air,Rain,1,3,31.07
ORD-1049,Grocery,71,160.86,High,Credit Card,Chicago,774,Road,Snow,1,5,13.99
ORD-1050,Furniture,84,205.8,Low,COD,Chicago,211,Sea,Rain,0,3,2.85
ORD-1051,Clothing,88,22.48,Low,COD,San Francisco,41,Road,Rain,0,5,0.63
ORD-1052,Grocery,8,5.43,High,COD,Seattle,1946,Air,Snow,0,2,36.76
ORD-1053,Grocery,35,18.87,Low,COD,Seattle,304,Sea,Snow,1,4,5.38
ORD-1054,Electronics,28,32.04,Medium,COD,Dallas,1652,Road,Snow,0,2,22.41
ORD-1055,Furniture,63,27.0,High,Credit Card,Seattle,1234,Sea,Clear,1,0,14.95
ORD-1056,Furniture,84,139.97,Low,Credit Card,Dallas,1246,Sea,Snow,1,5,30.0
ORD-1057,Clothing,61,125.38,Medium,Credit Card,Chicago,690,Sea,Snow,0,4,16.45
ORD-1058,Furniture,15,8.95,Medium,Credit Card,Dallas,958,Road,Rain,1,2,18.77
ORD-1059,Clothing,76,116.85,Low,Credit Card,San Francisco,1510,Air,Snow,1,4,19.28
ORD-1060,Electronics,3,3.25,High,Credit Card,Seattle,975,Air,Snow,1,0,17.25
ORD-1061,Electronics,6,4.92,Low,COD,San Francisco,1035,Sea,Snow,0,1,13.47
ORD-1062,Grocery,72,166.3,High,Credit Card,Dallas,15,Sea,Snow,1,0,0.33
ORD-1063,Clothing,56,34.9,High,Credit Card,San Francisco,618,Air,Rain,1,2,7.85
ORD-1064,Clothing,32,40.19,High,Credit Card,San Francisco,1303,Air,Rain,0,4,17.28
ORD-1065,Clothing,58,105.09,Medium,Credit Card,Seattle,420,Sea,Clear,0,4,8.94
ORD-1066,Furniture,37,27.45,High,Credit Card,San Francisco,1498,Air,Rain,1,5,25.46
ORD-1067,Grocery,97,71.74,High,COD,Chicago,126,Air,Snow,0,1,3.42
ORD-1068,Electronics,22,5.31,Low,COD,Chicago,1782,Sea,Snow,0,4,33.71
ORD-1069,Grocery,75,152.07,High,Credit Card,San Francisco,414,Road,Snow,1,0,8.96
ORD-1070,Grocery,99,23.87,Low,Credit Card,Dallas,582,Air,Clear,1,5,11.35
ORD-1071,Furniture,11,11.95,Medium,COD,Chicago,1970,Sea,Clear,1,2,27.98
ORD-1072,Furniture,73,107.55,Medium,COD,Dallas,111,Sea,Snow,1,1,1.95
ORD-1073,Furniture,85,142.85,High,COD,Seattle,1700,Air,Rain,1,2,21.52
ORD-1074,Furniture,78,103.49,Low,Credit Card,San Francisco,336,Sea,Rain,0,0,5.32
ORD-1075,Electronics,64,125.75,Low,COD,Seattle,271,Road,Snow,0,2,5.51
ORD-1076,Electronics,18,26.55,High,COD,San Francisco,61,Sea,Clear,0,0,1.0
ORD-1077,Furniture,22,8.62,Low,Credit Card,San Francisco,785,Air,Clear,1,3,17.49
ORD-1078,Electronics,99,117.57,High,Credit Card,Seattle,1831,Sea,Clear,1,4,25.34
ORD-1079,Clothing,28,25.36,Low,COD,Chicago,798,Sea,Snow,1,2,13.87
ORD-1080,Electronics,4,4.52,Medium,COD,San Francisco,966,Air,Clear,0,2,26.6
ORD-1081,Furniture,25,30.92,Medium,Credit Card,Dallas,265,Air,Clear,1,5,7.55
ORD-1082,Grocery,44,41.28,High,COD,San Francisco,353,Sea,Snow,1,4,5.71
ORD-1083,Clothing,51,85.45,Medium,COD,Seattle,1474,Sea,Snow,1,1,28.09
ORD-1084,Electronics,46,96.04,Low,Credit Card,Dallas,1077,Sea,Clear,1,0,13.33
ORD-1085,Grocery,87,47.24,High,COD,Dallas,1266,Sea,Snow,0,3,31.18
ORD-1086,Electronics,78,171.11,Low,COD,Chicago,757,Air,Clear,1,3,11.41
ORD-1087,Grocery,100,60.26,Low,Credit Card,Chicago,1824,Sea,Clear,1,1,23.18
ORD-1088,Clothing,25,17.96,Low,Credit Card,Seattle,612,Air,Rain,1,5,10.21
ORD-1089,Furniture,69,103.92,High,COD,Seattle,1014,Road,Rain,1,4,16.82
ORD-1090,Furniture,7,12.78,High,Credit Card,Seattle,535,Sea,Rain,1,1,10.74
ORD-1091,Electronics,50,83.35,Medium,COD,Dallas,914,Road,Clear,1,0,17.35
ORD-1092,Clothing,69,116.49,High,COD,Chicago,851,Road,Snow,0,5,15.27
ORD-1093,Grocery,81,135.6,Low,COD,Chicago,1972,Sea,Snow,1,5,32.35
ORD-1094,Electronics,61,70.23,Low,COD,Dallas,1435,Air,Rain,0,3,25.88
ORD-1095,Electronics,11,3.28,High,COD,Dallas,792,Air,Clear,1,3,10.79
ORD-1096,Furniture,1,0.65,High,Credit Card,Dallas,1647,Air,Rain,1,5,33.52
ORD-1097,Clothing,47,24.99,High,COD,Chicago,1234,Sea,Clear,1,0,23.59
ORD-1098,Grocery,74,47.5,High,Credit Card,San Francisco,622,Road,Clear,1,4,17.47
ORD-1099,Electronics,76,139.72,Medium,COD,San Francisco,1134,Sea,Snow,1,5,22.17
ORD-1100,Furniture,38,30.88,High,COD,Dallas,273,Air,Snow,1,5,5.14
ORD-1101,Clothing,77,179.89,Medium,Credit Card,San Francisco,450,Air,Rain,0,5,8.17
ORD-1102,Clothing,58,46.72,Low,COD,Chicago,614,Road,Rain,1,3,13.86
ORD-1103,Electronics,12,12.32,Low,COD,Chicago,1547,Road,Clear,1,5,24.91
ORD-1104,Furniture,75,113.53,Low,Credit Card,San Francisco,568,Sea,Rain,0,5,8.73
ORD-1105,Clothing,19,28.69,Low,COD,Chicago,1334,Road,Clear,1,5,22.77
ORD-1106,Clothing,78,118.81,Low,COD,Chicago,1986,Sea,Snow,0,3,49.31
ORD-1107,Clothing,58,111.37,Medium,COD,Dallas,1030,Air,Snow,0,3,14.58
ORD-1108,Electronics,89,58.12,High,COD,Seattle,1249,Road,Snow,0,3,21.12
ORD-1109,Clothing,45,54.48,High,COD,Seattle,1437,Sea,Rain,1,4,15.14
ORD-1110,Grocery,11,25.84,Low,Credit Card,Chicago,1364,Sea,Snow,1,2,23.4
ORD-1111,Furniture,8,14.67,Medium,COD,Chicago,234,Air,Rain,0,2,3.31
ORD-1112,Furniture,63,132.34,Medium,COD,Seattle,1858,Road,Clear,0,3,23.75
ORD-1113,Furniture,82,164.44,High,Credit Card,Seattle,662,Sea,Rain,1,5,15.44
ORD-1114,Electronics,35,73.44,Medium,COD,Chicago,797,Road,Clear,1,5,14.43
ORD-1115,Grocery,17,29.14,Medium,Credit Card,Seattle,1106,Air,Clear,1,3,12.7
ORD-1116,Clothing,58,134.65,Low,Credit Card,Chicago,750,Sea,Rain,0,3,9.63
ORD-1117,Furniture,69,112.45,High,Credit Card,Dallas,1960,Road,Clear,1,2,29.9
ORD-1118,Furniture,54,57.26,High,Credit Card,San Francisco,1291,Sea,Snow,0,2,16.11
ORD-1119,Grocery,51,80.25,Low,COD,Seattle,1480,Air,Rain,0,1,21.09
ORD-1120,Electronics,89,106.06,Medium,Credit Card,Dallas,243,Road,Snow,1,3,3.34
ORD-1121,Electronics,46,68.39,Medium,Credit Card,Dallas,1347,Road,Snow,0,5,20.84
ORD-1122,Furniture,44,60.51,High,COD,San Francisco,384,Road,Clear,0,0,7.64
ORD-1123,Electronics,15,6.73,Low,Credit Card,San Francisco,1644,Air,Snow,1,1,26.81
ORD-1124,Furniture,73,164.86,Low,Credit Card,San Francisco,1970,Sea,Rain,1,2,30.84
ORD-1125,Electronics,53,13.28,High,Credit Card,San Francisco,362,Air,Snow,0,2,5.78
ORD-1126,Electronics,19,27.5,High,COD,San Francisco,266,Sea,Rain,0,3,3.44
ORD-1127,Electronics,47,33.6,High,Credit Card,Seattle,1140,Road,Clear,1,2,13.89
ORD-1128,Furniture,37,12.52,Low,Credit Card,San Francisco,1576,Air,Clear,1,0,23.23
ORD-1129,Grocery,49,21.23,High,COD,Seattle,857,Sea,Clear,0,4,14.31
ORD-1130,Clothing,73,60.22,Medium,COD,Dallas,1302,Road,Snow,1,3,28.06
ORD-1131,Electronics,46,82.56,High,COD,Dallas,1798,Road,Clear,0,3,43.64
ORD-1132,Furniture,8,18.59,Medium,Credit Card,Dallas,1190,Sea,Snow,1,1,34.08
ORD-1133,Furniture,14,26.39,Low,COD,Dallas,442,Air,Clear,0,5,7.27
ORD-1134,Grocery,14,7.47,High,COD,Chicago,1531,Sea,Clear,0,2,28.88
ORD-1135,Furniture,4,0.99,Medium,COD,San Francisco,298,Air,Clear,1,2,5.78
ORD-1136,Furniture,88,140.57,Medium,COD,Chicago,1577,Air,Rain,0,5,23.32
ORD-1137,Grocery,25,42.49,High,COD,San Francisco,1742,Sea,Clear,0,2,39.49
ORD-1138,Electronics,26,57.12,Medium,COD,Chicago,1641,Sea,Clear,0,0,49.22
ORD-1139,Furniture,82,46.09,Medium,COD,Chicago,1156,Road,Snow,0,2,27.93
ORD-1140,Clothing,10,3.82,Low,COD,Dallas,117,Air,Rain,0,3,2.19
ORD-1141,Clothing,95,36.76,Low,COD,Seattle,533,Air,Snow,0,4,6.87
ORD-1142,Clothing,77,92.02,Low,COD,Dallas,1190,Air,Clear,0,5,28.8
ORD-1143,Electronics,60,17.89,Low,COD,San Francisco,108,Sea,Clear,1,1,1.97
ORD-1144,Electronics,8,15.15,Medium,COD,Chicago,952,Road,Snow,1,1,13.41
ORD-1145,Clothing,79,52.4,Medium,Credit Card,San Francisco,682,Sea,Snow,1,1,11.35
ORD-1146,Electronics,19,23.46,High,Credit Card,Chicago,1409,Sea,Snow,1,3,25.76
ORD-1147,Grocery,23,52.24,Low,COD,Chicago,273,Sea,Rain,0,2,4.95
ORD-1148,Clothing,54,52.83,Low,COD,San Francisco,1960,Sea,Rain,0,1,36.0
ORD-1149,Clothing,4,8.33,Medium,Credit Card,San Francisco,314,Air,Snow,0,4,6.83
ORD-1150,Clothing,44,20.47,Low,COD,Dallas,462,Road,Snow,0,1,7.44
ORD-1151,Grocery,57,141.14,High,Credit Card,Dallas,512,Sea,Snow,0,2,8.8
ORD-1152,Electronics,63,104.15,Medium,Credit Card,Chicago,952,Sea,Clear,1,2,14.26
ORD-1153,Clothing,71,121.53,Low,COD,Chicago,70,Air,Rain,1,0,0.74
ORD-1154,Electronics,44,98.7,Low,Credit Card,Chicago,641,Sea,Clear,0,5,12.92
ORD-1155,Electronics,16,21.12,High,Credit Card,Dallas,1118,Sea,Rain,0,3,25.71
ORD-1156,Grocery,72,160.15,Low,COD,San Francisco,914,Air,Snow,1,3,14.79
ORD-1157,Clothing,44,80.9,Low,COD,Dallas,691,Air,Snow,0,3,8.42
ORD-1158,Clothing,49,28.81,Medium,COD,Seattle,1424,Road,Snow,1,4,18.53
ORD-1159,Grocery,30,63.91,Low,COD,Dallas,1843,Road,Clear,1,5,39.78
ORD-1160,Electronics,31,11.14,Medium,COD,Dallas,298,Air,Clear,0,2,4.81
ORD-1161,Electronics,95,167.37,Medium,COD,Seattle,394,Sea,Clear,0,5,5.28
ORD-1162,Grocery,15,28.13,Medium,COD,San Francisco,1774,Air,Clear,0,1,41.22
ORD-1163,Electronics,86,164.6,Medium,COD,Seattle,10,Air,Clear,1,3,0.17
ORD-1164,Electronics,68,69.78,Medium,COD,Dallas,225,Air,Snow,0,1,2.72
ORD-1165,Furniture,31,67.5,Medium,Credit Card,Dallas,681,Air,Clear,1,5,10.34
ORD-1166,Electronics,78,66.39,High,COD,Seattle,653,Air,Clear,1,2,12.99
ORD-1167,Furniture,69,96.28,Low,Credit Card,Chicago,1273,Road,Rain,1,3,31.77
ORD-1168,Clothing,33,23.78,Medium,Credit Card,Seattle,313,Sea,Rain,0,5,5.76
ORD-1169,Grocery,85,172.36,Low,Credit Card,Seattle,1452,Air,Snow,0,2,35.1
ORD-1170,Grocery,84,199.94,Low,Credit Card,San Francisco,711,Air,Rain,0,5,21.16
ORD-1171,Electronics,14,13.31,Low,COD,Dallas,1850,Air,Clear,0,5,40.9
ORD-1172,Clothing,100,223.48,Low,COD,Chicago,1883,Air,Snow,1,5,27.22
ORD-1173,Grocery,2,4.95,High,Credit Card,Dallas,1383,Air,Rain,1,3,32.74
ORD-1174,Furniture,60,62.1,Low,Credit Card,Chicago,1773,Sea,Rain,1,0,39.64
ORD-1175,Clothing,63,72.51,High,Credit Card,Dallas,1232,Road,Clear,1,1,29.24
ORD-1176,Clothing,68,38.24,Medium,Credit Card,Chicago,1331,Air,Rain,0,4,21.57
ORD-1177,Electronics,51,64.85,Low,Credit Card,Dallas,507,Air,Clear,0,4,9.98
ORD-1178,Grocery,18,11.37,Medium,Credit Card,Seattle,967,Road,Snow,0,4,18.55
ORD-1179,Clothing,29,13.8,Low,COD,Seattle,526,Road,Clear,1,2,8.63
ORD-1180,Furniture,56,90.55,Medium,COD,San Francisco,1109,Road,Clear,0,5,30.54
ORD-1181,Furniture,45,36.58,Low,Credit Card,Seattle,90,Air,Clear,1,4,1.55
ORD-1182,Furniture,93,218.17,Medium,Credit Card,Chicago,1860,Road,Rain,1,0,26.97
ORD-1183,Electronics,84,197.43,High,COD,San Francisco,1227,Sea,Clear,1,3,16.03
ORD-1184,Electronics,15,33.13,High,COD,Chicago,276,Air,Snow,0,0,8.28
ORD-1185,Furniture,36,30.05,Low,Credit Card,San Francisco,1543,Road,Snow,1,0,30.03
ORD-1186,Electronics,88,80.2,High,COD,Chicago,1288,Sea,Snow,1,2,21.54
ORD-1187,Furniture,21,5.22,Medium,Credit Card,Chicago,814,Road,Clear,0,5,18.58
ORD-1188,Clothing,27,50.12,Low,Credit Card,Chicago,744,Sea,Rain,1,2,12.35
ORD-1189,Furniture,2,2.13,Low,Credit Card,Chicago,584,Road,Clear,1,3,11.96
ORD-1190,Clothing,25,16.21,Medium,Credit Card,Dallas,887,Air,Rain,1,1,11.41
ORD-1191,Electronics,11,23.52,High,COD,San Francisco,1766,Road,Snow,0,3,22.96
ORD-1192,Grocery,3,1.78,High,Credit Card,Seattle,842,Road,Rain,1,4,12.17
ORD-1193,Clothing,15,21.23,Medium,COD,Dallas,1375,Air,Snow,1,2,32.36
ORD-1194,Furniture,3,7.33,Medium,COD,Seattle,1573,Road,Rain,1,2,46.19
ORD-1195,Clothing,54,65.68,Low,Credit Card,Dallas,1839,Road,Rain,1,2,49.48
ORD-1196,Furniture,66,163.95,High,COD,Dallas,1685,Sea,Rain,0,3,37.11
ORD-1197,Clothing,3,2.64,Medium,COD,San Francisco,1815,Sea,Rain,0,5,19.36
ORD-1198,Electronics,82,125.46,Low,Credit Card,Seattle,1975,Air,Rain,1,4,29.64
ORD-1199,Grocery,59,31.02,High,Credit Card,San Francisco,1962,Air,Rain,1,3,47.91
ORD-1200,Furniture,17,26.78,Low,Credit Card,San Francisco,1144,Air,Snow,1,2,16.93
ORD-1201,Clothing,78,48.93,High,COD,Dallas,1769,Road,Snow,0,1,27.09
ORD-1202,Clothing,41,39.04,High,Credit Card,Chicago,818,Road,Rain,1,2,12.59
ORD-1203,Clothing,17,37.44,Medium,COD,Chicago,1975,Sea,Snow,0,0,46.73
ORD-1204,Furniture,35,9.11,High,Credit Card,Seattle,1806,Road,Snow,1,0,30.57
ORD-1205,Electronics,8,7.83,Medium,COD,Chicago,992,Road,Clear,0,5,15.78
ORD-1206,Clothing,81,158.77,Low,COD,Dallas,1435,Air,Snow,1,2,24.81
ORD-1207,Electronics,9,18.02,High,Credit Card,Seattle,905,Sea,Snow,0,5,16.22
ORD-1208,Grocery,35,73.94,Medium,Credit Card,Chicago,160,Air,Clear,1,1,3.87
ORD-1209,Clothing,71,37.17,High,Credit Card,Chicago,42,Air,Clear,0,0,0.75
ORD-1210,Grocery,58,134.65,Medium,COD,Dallas,1809,Air,Rain,1,2,23.87
ORD-1211,Electronics,43,20.06,Low,Credit Card,Seattle,1986,Road,Snow,1,0,54.16
ORD-1212,Furniture,79,116.36,Medium,Credit Card,Chicago,172,Road,Clear,0,1,2.38
ORD-1213,Clothing,53,103.83,High,COD,Seattle,685,Air,Clear,1,2,12.82
ORD-1214,Clothing,89,91.58,Low,Credit Card,Dallas,1309,Air,Clear,0,0,21.83
ORD-1215,Furniture,86,45.7,High,Credit Card,San Francisco,781,Sea,Rain,0,1,11.53
ORD-1216,Electronics,95,136.97,High,COD,Dallas,1136,Sea,Rain,1,0,14.71
ORD-1217,Electronics,53,124.16,Medium,COD,San Francisco,789,Road,Clear,1,1,16.18
ORD-1218,Electronics,58,134.09,Medium,Credit Card,San Francisco,740,Sea,Rain,1,2,9.27
ORD-1219,Clothing,72,29.89,High,Credit Card,San Francisco,777,Sea,Clear,0,2,14.86
ORD-1220,Furniture,86,167.83,High,COD,Seattle,726,Sea,Rain,0,1,13.06
ORD-1221,Electronics,23,17.85,Medium,Credit Card,Seattle,448,Sea,Rain,1,0,8.59
ORD-1222,Grocery,15,22.49,Medium,Credit Card,Chicago,1112,Road,Rain,1,5,31.82
ORD-1223,Clothing,98,103.74,Low,COD,Dallas,217,Sea,Rain,1,2,4.68
ORD-1224,Electronics,94,150.24,Low,COD,Dallas,1025,Sea,Snow,0,0,24.66
ORD-1225,Electronics,11,6.16,High,Credit Card,Dallas,1892,Road,Snow,0,4,42.47
ORD-1226,Electronics,23,36.51,Medium,COD,Seattle,763,Air,Clear,0,5,8.67
ORD-1227,Grocery,87,210.24,Low,Credit Card,Dallas,732,Road,Snow,0,0,13.2
ORD-1228,Grocery,34,52.78,Low,COD,Seattle,381,Sea,Snow,0,4,4.74
ORD-1229,Electronics,15,36.35,Low,COD,Dallas,1022,Road,Snow,0,0,16.88
ORD-1230,Electronics,84,148.94,High,Credit Card,Dallas,609,Road,Rain,1,2,10.2
ORD-1231,Grocery,77,141.7,High,COD,Dallas,1981,Air,Clear,0,4,39.15
ORD-1232,Clothing,19,26.55,Medium,Credit Card,San Francisco,1606,Sea,Rain,0,5,40.56
ORD-1233,Grocery,88,136.09,High,COD,Dallas,1904,Road,Snow,1,2,49.5
ORD-1234,Electronics,94,115.21,Medium,Credit Card,Seattle,242,Road,Rain,0,5,3.15
ORD-1235,Clothing,37,66.33,Medium,Credit Card,Chicago,1035,Sea,Rain,0,2,17.1
ORD-1236,Electronics,90,191.58,High,Credit Card,Seattle,942,Road,Rain,1,5,21.44
ORD-1237,Furniture,76,128.49,Low,COD,Chicago,890,Air,Clear,0,3,12.3
ORD-1238,Clothing,94,138.93,High,COD,Chicago,1716,Road,Snow,1,1,28.87
ORD-1239,Electronics,49,40.14,Medium,Credit Card,Chicago,1867,Air,Rain,1,4,38.27
ORD-1240,Furniture,49,82.1,Medium,COD,Dallas,673,Road,Snow,1,4,8.83
ORD-1241,Electronics,44,55.03,High,Credit Card,Dallas,1247,Road,Clear,0,3,36.25
ORD-1242,Clothing,40,19.49,High,Credit Card,Seattle,1400,Road,Rain,0,3,20.26
ORD-1243,Grocery,3,3.02,High,Credit Card,Chicago,378,Air,Rain,1,2,6.53
ORD-1244,Furniture,97,19.61,Low,COD,Dallas,1982,Sea,Rain,0,1,37.81
ORD-1245,Electronics,67,135.53,High,COD,Dallas,644,Road,Snow,1,4,11.3
ORD-1246,Electronics,33,9.57,Low,Credit Card,Seattle,654,Air,Rain,1,4,14.33
ORD-1247,Furniture,33,53.29,High,Credit Card,Dallas,1585,Sea,Clear,0,3,22.76
ORD-1248,Furniture,25,49.12,Medium,COD,Chicago,1142,Road,Rain,1,1,29.36
ORD-1249,Electronics,28,65.21,Low,Credit Card,Chicago,129,Air,Clear,1,5,1.93
ORD-1250,Grocery,54,122.02,High,COD,Dallas,1789,Road,Clear,1,5,39.7
ORD-1251,Furniture,93,46.56,High,COD,Dallas,1079,Road,Snow,0,5,23.24
ORD-1252,Grocery,58,52.64,Low,Credit Card,Dallas,1098,Air,Snow,1,1,26.19
ORD-1253,Grocery,54,105.45,High,Credit Card,San Francisco,1283,Sea,Rain,1,3,31.48
ORD-1254,Grocery,47,20.4,High,COD,Seattle,1600,Sea,Rain,0,4,46.99
ORD-1255,Clothing,56,56.88,High,Credit Card,Seattle,325,Air,Snow,0,1,5.01
ORD-1256,Clothing,98,215.7,High,Credit Card,Seattle,1802,Sea,Snow,0,5,31.61
ORD-1257,Electronics,73,75.01,High,COD,San Francisco,1849,Road,Rain,0,5,54.02
ORD-1258,Clothing,69,80.93,Low,Credit Card,San Francisco,1003,Road,Clear,1,0,17.27
ORD-1259,Electronics,55,113.95,Medium,Credit Card,Dallas,1018,Sea,Rain,0,3,18.82
ORD-1260,Furniture,58,96.62,Medium,COD,Seattle,1392,Air,Clear,1,3,24.6
ORD-1261,Furniture,6,7.65,High,COD,Chicago,468,Sea,Clear,1,0,7.91
ORD-1262,Electronics,18,24.46,High,COD,Seattle,439,Air,Rain,0,4,11.97
ORD-1263,Electronics,69,159.58,Low,Credit Card,Seattle,930,Air,Snow,0,0,21.71
ORD-1264,Grocery,66,32.27,Low,COD,Chicago,730,Road,Snow,0,1,13.57
ORD-1265,Grocery,88,88.38,Low,COD,Dallas,1347,Air,Clear,1,5,16.25
ORD-1266,Grocery,26,60.88,High,Credit Card,San Francisco,812,Road,Rain,0,1,22.91
ORD-1267,Grocery,23,47.45,Medium,Credit Card,Seattle,100,Road,Snow,0,3,1.64
ORD-1268,Electronics,35,73.94,Medium,Credit Card,Chicago,1739,Sea,Clear,0,4,34.21
ORD-1269,Grocery,49,13.17,High,Credit Card,San Francisco,754,Road,Snow,0,2,12.09
ORD-1270,Furniture,92,56.25,Low,COD,Dallas,620,Sea,Rain,1,1,15.6
ORD-1271,Electronics,85,20.29,Low,COD,Seattle,1917,Air,Clear,0,0,44.39
ORD-1272,Electronics,64,157.54,Low,COD,Dallas,1131,Road,Rain,1,3,20.71
ORD-1273,Electronics,12,22.98,Medium,Credit Card,Seattle,636,Air,Clear,0,1,11.65
ORD-1274,Electronics,47,55.73,Medium,Credit Card,Seattle,43,Road,Rain,1,3,0.62
ORD-1275,Furniture,66,21.71,Medium,Credit Card,Dallas,1312,Sea,Rain,1,5,20.5
ORD-1276,Electronics,66,30.75,High,Credit Card,Seattle,1844,Air,Rain,1,1,24.21
ORD-1277,Grocery,27,30.91,Low,Credit Card,San Francisco,1049,Air,Rain,1,0,24.93
ORD-1278,Clothing,96,80.63,Low,Credit Card,San Francisco,1231,Sea,Rain,1,4,21.49
ORD-1279,Electronics,65,50.31,Medium,Credit Card,Dallas,1255,Sea,Rain,0,3,21.45
ORD-1280,Electronics,28,49.89,Medium,COD,Dallas,636,Sea,Clear,1,1,12.21
ORD-1281,Clothing,91,220.97,Low,Credit Card,San Francisco,1679,Sea,Snow,0,1,32.13
ORD-1282,Grocery,29,62.64,High,Credit Card,Seattle,64,Road,Rain,0,1,1.3
ORD-1283,Clothing,53,16.19,Medium,COD,Chicago,855,Road,Clear,0,0,10.71
ORD-1284,Grocery,4,6.04,High,COD,San Francisco,1022,Air,Clear,0,1,14.19
ORD-1285,Grocery,11,23.96,Low,Credit Card,Chicago,1380,Air,Rain,0,5,27.05
ORD-1286,Furniture,54,99.41,Low,Credit Card,Dallas,1450,Road,Rain,0,5,19.5
ORD-1287,Clothing,96,55.81,Medium,Credit Card,Seattle,713,Road,Rain,0,0,19.61
ORD-1288,Electronics,70,165.55,High,Credit Card,San Francisco,308,Road,Clear,1,2,4.84
ORD-1289,Grocery,50,33.74,High,Credit Card,Seattle,414,Air,Rain,0,1,7.14
ORD-1290,Grocery,88,49.75,Medium,Credit Card,Dallas,260,Sea,Snow,1,4,5.11
ORD-1291,Grocery,32,33.14,Medium,Credit Card,Dallas,654,Sea,Rain,0,2,10.97
ORD-1292,Furniture,61,37.66,Low,Credit Card,Seattle,1495,Air,Snow,0,1,19.04
ORD-1293,Furniture,32,57.94,High,COD,Seattle,614,Sea,Clear,0,4,11.76
ORD-1294,Furniture,64,27.81,Low,COD,San Francisco,1912,Air,Clear,1,3,29.22
ORD-1295,Electronics,93,83.5,Low,Credit Card,Dallas,1782,Road,Rain,0,5,33.56
ORD-1296,Grocery,59,140.69,Low,COD,San Francisco,1898,Road,Snow,1,5,48.44
ORD-1297,Grocery,38,16.27,Low,COD,San Francisco,562,Road,Clear,0,5,9.32
ORD-1298,Electronics,7,3.29,Low,COD,Dallas,1085,Air,Rain,0,0,18.61
ORD-1299,Grocery,39,92.06,Low,COD,Dallas,1760,Sea,Rain,0,0,36.9
ORD-1300,Furniture,61,36.24,Low,Credit Card,Dallas,1153,Sea,Clear,0,1,19.61
ORD-1301,Electronics,45,27.84,Medium,Credit Card,Seattle,1800,Sea,Rain,0,0,31.37
ORD-1302,Furniture,99,141.01,High,COD,San Francisco,622,Air,Rain,0,1,12.05
ORD-1303,Grocery,24,23.16,Medium,Credit Card,Chicago,134,Road,Snow,1,0,2.9
ORD-1304,Electronics,83,155.75,Low,COD,Dallas,1668,Road,Snow,1,4,25.09
ORD-1305,Electronics,54,12.27,Medium,COD,Chicago,1579,Road,Clear,0,3,31.47
ORD-1306,Furniture,41,99.1,High,COD,Seattle,21,Air,Rain,1,4,0.26
ORD-1307,Clothing,91,129.56,Medium,COD,Seattle,1644,Sea,Clear,1,3,31.29
ORD-1308,Clothing,55,72.54,Medium,Credit Card,Chicago,1587,Sea,Rain,0,0,34.69
ORD-1309,Furniture,12,17.08,Low,COD,Chicago,39,Air,Clear,0,5,0.8
ORD-1310,Furniture,45,79.3,Low,Credit Card,Chicago,814,Sea,Clear,1,3,12.84
ORD-1311,Electronics,84,76.49,Medium,COD,Seattle,966,Air,Rain,1,1,16.51
ORD-1312,Grocery,27,55.13,Medium,Credit Card,Seattle,1126,Air,Snow,0,4,13.8
ORD-1313,Electronics,24,37.63,Medium,COD,San Francisco,1289,Road,Clear,0,4,35.04
ORD-1314,Grocery,57,136.01,Low,COD,Seattle,1532,Air,Snow,0,1,24.47
ORD-1315,Electronics,45,95.99,Medium,Credit Card,San Francisco,800,Air,Clear,1,5,15.88
ORD-1316,Grocery,52,28.93,High,Credit Card,Dallas,1133,Road,Snow,1,3,14.71
ORD-1317,Electronics,92,176.4,High,Credit Card,San Francisco,44,Sea,Clear,0,3,0.9
ORD-1318,Furniture,22,41.41,Medium,COD,San Francisco,119,Sea,Clear,1,3,1.93
ORD-1319,Furniture,69,147.07,Low,COD,Seattle,396,Sea,Clear,0,1,6.91
ORD-1320,Furniture,48,52.73,Medium,COD,Chicago,607,Air,Rain,1,4,12.82
ORD-1321,Electronics,67,90.61,Low,COD,Dallas,1267,Air,Rain,1,2,17.85
ORD-1322,Electronics,80,54.74,Medium,COD,Seattle,921,Road,Rain,1,3,24.92
ORD-1323,Grocery,84,126.17,Medium,Credit Card,Chicago,502,Sea,Rain,1,4,10.66
ORD-1324,Electronics,63,155.32,Low,COD,Dallas,951,Road,Snow,0,0,20.08
ORD-1325,Grocery,35,67.48,Low,Credit Card,San Francisco,1441,Sea,Snow,0,1,32.72
ORD-1326,Furniture,54,65.41,High,COD,Dallas,1967,Air,Snow,1,4,52.69
ORD-1327,Clothing,35,52.15,High,Credit Card,San Francisco,1598,Air,Rain,0,4,25.83
ORD-1328,Electronics,19,19.08,Low,COD,Chicago,1910,Air,Clear,0,0,35.37
ORD-1329,Furniture,61,83.44,High,COD,Seattle,1774,Sea,Snow,1,0,22.57
ORD-1330,Furniture,37,68.83,Medium,COD,Dallas,616,Road,Clear,0,0,15.46
ORD-1331,Furniture,97,218.26,Low,Credit Card,Chicago,1943,Sea,Rain,0,4,26.95
ORD-1332,Furniture,84,77.97,Medium,Credit Card,Seattle,1360,Sea,Snow,1,4,23.05
ORD-1333,Furniture,25,21.74,Low,COD,San Francisco,1595,Sea,Snow,0,4,27.47
ORD-1334,Clothing,7,6.05,High,COD,Chicago,1663,Road,Rain,0,3,26.77
ORD-1335,Clothing,80,192.03,Low,Credit Card,Dallas,1348,Road,Rain,1,4,21.09
ORD-1336,Grocery,65,27.02,Low,COD,Dallas,725,Road,Rain,1,1,13.23
ORD-1337,Clothing,2,0.91,Medium,COD,San Francisco,399,Sea,Rain,1,0,7.41
ORD-1338,Electronics,78,83.97,Low,COD,San Francisco,254,Air,Rain,0,2,3.7
ORD-1339,Furniture,1,2.25,Low,COD,Seattle,207,Sea,Rain,1,3,4.89
ORD-1340,Clothing,45,36.93,Low,COD,Dallas,326,Air,Snow,1,0,4.68
ORD-1341,Furniture,97,111.21,High,Credit Card,San Francisco,260,Sea,Clear,1,3,4.54
ORD-1342,Grocery,19,27.42,Low,COD,Seattle,1597,Air,Clear,0,4,20.42
ORD-1343,Grocery,62,115.19,Low,Credit Card,Dallas,1799,Sea,Rain,1,3,25.45
ORD-1344,Grocery,76,174.76,Medium,Credit Card,Chicago,1557,Road,Rain,0,1,20.15
ORD-1345,Electronics,87,196.57,Low,COD,Seattle,1149,Air,Clear,0,3,25.19
ORD-1346,Furniture,82,40.95,High,Credit Card,Dallas,1185,Air,Rain,1,0,26.1
ORD-1347,Electronics,79,192.55,Medium,COD,Seattle,920,Sea,Rain,0,2,17.57
ORD-1348,Grocery,76,105.81,High,Credit Card,San Francisco,1275,Sea,Rain,0,1,29.11
ORD-1349,Clothing,32,73.9,Medium,COD,Dallas,1545,Road,Clear,0,3,21.35
ORD-1350,Grocery,82,158.98,Low,Credit Card,Dallas,357,Sea,Snow,0,4,7.13
ORD-1351,Grocery,70,137.74,Medium,COD,Seattle,1139,Road,Clear,0,4,11.61
ORD-1352,Furniture,7,7.25,High,Credit Card,Chicago,1007,Road,Rain,0,2,15.69
ORD-1353,Furniture,17,31.46,High,COD,San Francisco,1408,Sea,Snow,1,3,23.92
ORD-1354,Clothing,99,233.67,Low,COD,Seattle,309,Sea,Rain,1,0,6.17
ORD-1355,Electronics,86,68.32,Medium,Credit Card,San Francisco,215,Sea,Rain,0,5,3.14
ORD-1356,Grocery,5,5.57,Medium,COD,Seattle,472,Sea,Clear,0,2,7.09
ORD-1357,Electronics,84,178.77,Low,Credit Card,Seattle,545,Sea,Clear,0,5,6.41
ORD-1358,Electronics,45,84.37,Medium,Credit Card,Chicago,1324,Road,Clear,0,5,20.19
ORD-1359,Grocery,67,154.33,Medium,COD,Chicago,864,Sea,Snow,1,2,16.03
ORD-1360,Grocery,64,45.88,Medium,COD,Seattle,1054,Road,Clear,0,4,29.78
ORD-1361,Clothing,72,165.95,Medium,Credit Card,Seattle,1517,Road,Snow,1,3,30.83
ORD-1362,Electronics,89,153.82,Medium,COD,Chicago,1515,Sea,Rain,1,4,27.57
ORD-1363,Grocery,27,19.57,High,Credit Card,San Francisco,1784,Road,Snow,0,5,39.1
ORD-1364,Electronics,41,65.61,Low,Credit Card,Seattle,1798,Sea,Clear,1,4,41.8
ORD-1365,Grocery,5,6.3,Medium,Credit Card,San Francisco,1793,Road,Snow,0,2,33.06
ORD-1366,Grocery,78,65.85,Medium,Credit Card,San Francisco,573,Air,Snow,0,0,7.17
ORD-1367,Electronics,27,36.17,High,Credit Card,San Francisco,206,Air,Rain,1,2,3.17
ORD-1368,Grocery,14,19.23,Low,COD,Chicago,1070,Sea,Snow,0,4,22.24
ORD-1369,Clothing,61,56.68,High,COD,San Francisco,589,Air,Rain,1,0,9.94
ORD-1370,Furniture,99,87.7,High,Credit Card,Dallas,1809,Road,Snow,1,3,31.81
ORD-1371,Clothing,83,160.22,High,Credit Card,San Francisco,514,Road,Clear,1,3,5.56
ORD-1372,Grocery,83,38.94,Medium,Credit Card,Seattle,887,Air,Snow,1,2,11.88
ORD-1373,Furniture,92,221.08,High,COD,Chicago,1179,Air,Snow,1,0,33.78
ORD-1374,Furniture,27,34.95,Low,Credit Card,Chicago,1409,Air,Snow,1,0,22.83
ORD-1375,Clothing,92,61.31,High,COD,Dallas,509,Road,Snow,0,1,9.31
ORD-1376,Grocery,32,79.84,Low,Credit Card,Chicago,1331,Sea,Rain,1,3,21.93
ORD-1377,Furniture,69,135.74,Low,Credit Card,Chicago,1907,Air,Rain,0,1,45.57
ORD-1378,Clothing,96,51.73,Medium,Credit Card,Chicago,741,Road,Clear,1,0,20.06
ORD-1379,Furniture,17,6.75,Low,COD,Seattle,740,Sea,Snow,1,5,8.38
ORD-1380,Clothing,61,119.07,Low,COD,Seattle,167,Air,Snow,0,3,2.98
ORD-1381,Electronics,48,41.69,Low,COD,Chicago,885,Air,Rain,1,0,22.28
ORD-1382,Grocery,8,16.35,Low,Credit Card,Dallas,395,Air,Rain,1,0,4.15
ORD-1383,Furniture,1,0.24,Low,COD,Chicago,997,Sea,Clear,0,3,12.31
ORD-1384,Grocery,81,153.64,Medium,COD,Seattle,1872,Road,Snow,1,4,30.75
ORD-1385,Grocery,87,58.8,Low,Credit Card,Chicago,1699,Sea,Snow,0,5,39.7
ORD-1386,Clothing,53,33.13,Medium,Credit Card,Dallas,1166,Sea,Clear,0,3,25.65
ORD-1387,Grocery,16,18.96,High,COD,Chicago,607,Sea,Snow,1,0,9.92
ORD-1388,Electronics,58,87.22,Low,COD,Chicago,1162,Road,Rain,1,2,26.74
ORD-1389,Furniture,58,72.28,Low,Credit Card,Seattle,343,Road,Snow,0,0,6.19
ORD-1390,Furniture,62,25.3,High,Credit Card,Dallas,1529,Road,Snow,1,2,27.16
ORD-1391,Grocery,32,67.85,Medium,Credit Card,San Francisco,931,Sea,Rain,0,2,19.42
ORD-1392,Electronics,64,114.51,Medium,COD,Dallas,498,Sea,Snow,0,2,7.35
ORD-1393,Electronics,80,177.58,Medium,COD,Chicago,1741,Sea,Snow,1,0,26.67
ORD-1394,Furniture,98,113.36,Low,Credit Card,San Francisco,1546,Air,Snow,0,3,26.27
ORD-1395,Furniture,33,67.09,High,Credit Card,Dallas,213,Road,Clear,1,0,4.57
ORD-1396,Grocery,33,11.1,Medium,COD,Dallas,1720,Sea,Clear,1,4,22.4
ORD-1397,Clothing,52,37.88,Medium,COD,San Francisco,246,Road,Snow,0,0,6.24
ORD-1398,Grocery,18,43.03,Medium,Credit Card,Seattle,1945,Air,Rain,0,1,23.33
ORD-1399,Furniture,74,32.08,Medium,COD,San Francisco,639,Sea,Snow,0,3,12.38
ORD-1400,Clothing,49,31.0,High,Credit Card,Dallas,313,Air,Rain,1,2,4.34
ORD-1401,Clothing,89,55.48,High,Credit Card,San Francisco,1567,Sea,Snow,0,0,25.97
ORD-1402,Furniture,23,55.03,Medium,Credit Card,San Francisco,1320,Road,Snow,0,1,19.83
ORD-1403,Furniture,47,107.89,Low,COD,Seattle,1738,Air,Clear,1,2,27.15
ORD-1404,Furniture,96,23.18,High,Credit Card,Seattle,1528,Road,Clear,1,4,36.17
ORD-1405,Electronics,12,24.77,Low,COD,Dallas,1166,Road,Snow,0,0,21.01
ORD-1406,Electronics,57,71.44,High,Credit Card,Dallas,75,Sea,Clear,0,1,1.29
ORD-1407,Furniture,26,22.67,Medium,Credit Card,Dallas,1650,Sea,Snow,1,0,27.31
ORD-1408,Clothing,46,94.13,High,Credit Card,Chicago,891,Air,Clear,1,1,11.41
ORD-1409,Furniture,15,13.53,High,COD,San Francisco,483,Air,Rain,0,3,10.52
ORD-1410,Furniture,12,22.12,Medium,COD,San Francisco,1909,Air,Rain,1,1,26.07
ORD-1411,Furniture,36,20.65,High,Credit Card,Chicago,471,Road,Snow,0,3,7.29
ORD-1412,Furniture,56,94.48,High,COD,Dallas,1093,Sea,Snow,0,5,17.37
ORD-1413,Electronics,83,46.11,Low,Credit Card,Seattle,1265,Air,Snow,1,2,32.75
ORD-1414,Electronics,100,172.24,Low,Credit Card,Seattle,837,Road,Rain,1,3,13.59
ORD-1415,Furniture,20,5.08,Low,COD,Seattle,107,Sea,Rain,0,4,2.05
ORD-1416,Grocery,37,57.3,High,Credit Card,San Francisco,1337,Road,Snow,0,4,25.35
ORD-1417,Grocery,91,59.98,Low,COD,San Francisco,734,Road,Rain,1,1,8.99
ORD-1418,Clothing,38,12.42,Low,COD,Chicago,782,Sea,Rain,0,3,11.02
ORD-1419,Furniture,2,1.66,Low,Credit Card,San Francisco,958,Sea,Clear,1,3,11.53
ORD-1420,Clothing,20,15.59,Low,COD,San Francisco,1018,Road,Snow,1,5,19.43
ORD-1421,Grocery,15,24.39,High,Credit Card,Chicago,663,Road,Rain,1,1,16.79
ORD-1422,Electronics,15,35.35,High,Credit Card,Chicago,705,Sea,Rain,1,3,20.16
ORD-1423,Furniture,37,42.13,High,Credit Card,San Francisco,373,Road,Rain,1,4,6.45
ORD-1424,Electronics,89,117.83,Medium,COD,Chicago,614,Air,Clear,0,0,9.46
ORD-1425,Grocery,69,111.33,Medium,COD,Chicago,536,Air,Clear,1,0,11.86
ORD-1426,Furniture,77,31.43,High,COD,Seattle,108,Air,Snow,1,4,2.43
ORD-1427,Clothing,51,74.82,High,Credit Card,Chicago,184,Road,Snow,0,4,4.21
ORD-1428,Electronics,95,149.16,High,COD,Dallas,1176,Road,Snow,0,4,21.23
ORD-1429,Electronics,4,1.54,Low,COD,Dallas,1017,Air,Clear,0,1,16.55
ORD-1430,Electronics,36,47.51,Low,Credit Card,San Francisco,65,Air,Clear,1,5,1.8
ORD-1431,Clothing,44,77.77,High,COD,Dallas,386,Road,Snow,0,4,6.82
ORD-1432,Electronics,74,130.61,Medium,Credit Card,Chicago,487,Air,Rain,1,1,9.44
ORD-1433,Furniture,93,122.97,High,Credit Card,Chicago,1740,Sea,Clear,1,3,24.81
ORD-1434,Grocery,3,1.02,High,Credit Card,Seattle,1173,Air,Clear,1,1,15.4
ORD-1435,Furniture,66,50.76,Low,COD,Seattle,1233,Air,Snow,0,0,18.85
ORD-1436,Electronics,56,81.86,Low,Credit Card,Seattle,1966,Road,Rain,0,1,35.47
ORD-1437,Clothing,100,155.71,Medium,COD,Chicago,1983,Road,Rain,0,4,33.39
ORD-1438,Grocery,42,56.21,Low,COD,Chicago,1068,Road,Rain,0,5,21.81
ORD-1439,Clothing,65,103.0,Low,Credit Card,San Francisco,1392,Road,Clear,0,1,24.72
ORD-1440,Clothing,93,223.64,Low,COD,Dallas,1367,Road,Snow,0,3,29.78
ORD-1441,Grocery,20,4.81,High,Credit Card,Seattle,1299,Road,Rain,0,1,19.1
ORD-1442,Furniture,1,0.42,Medium,Credit Card,San Francisco,1520,Road,Clear,0,4,30.65
ORD-1443,Electronics,98,37.64,Low,COD,San Francisco,1721,Road,Snow,1,4,42.53
ORD-1444,Grocery,90,136.35,Low,Credit Card,Chicago,643,Sea,Clear,0,2,8.16
ORD-1445,Clothing,59,22.79,High,COD,Dallas,1695,Sea,Clear,1,2,26.22
ORD-1446,Grocery,22,51.44,Low,COD,San Francisco,536,Road,Rain,0,4,7.79
ORD-1447,Clothing,26,47.39,High,Credit Card,Seattle,1173,Air,Clear,0,4,15.93
ORD-1448,Electronics,83,165.06,Low,Credit Card,Chicago,1818,Sea,Rain,0,2,33.08
ORD-1449,Furniture,100,169.82,Low,Credit Card,Dallas,109,Road,Clear,0,0,1.41
ORD-1450,Furniture,39,25.93,Low,COD,San Francisco,1697,Road,Snow,0,3,31.07
ORD-1451,Grocery,50,120.6,Low,COD,Chicago,326,Air,Snow,0,1,4.27
ORD-1452,Electronics,58,118.36,Low,COD,Chicago,1356,Air,Clear,0,4,22.46
ORD-1453,Clothing,86,36.7,Low,Credit Card,Seattle,292,Sea,Clear,1,4,4.8
ORD-1454,Grocery,3,1.5,Low,COD,San Francisco,1575,Road,Clear,0,0,20.36
ORD-1455,Grocery,15,25.86,High,COD,Seattle,509,Road,Snow,1,5,7.79
ORD-1456,Clothing,27,45.37,Medium,Credit Card,Seattle,253,Road,Clear,0,5,4.08
ORD-1457,Electronics,62,103.37,High,Credit Card,San Francisco,1643,Road,Clear,1,1,30.66
ORD-1458,Clothing,65,92.18,Low,Credit Card,Seattle,143,Sea,Rain,1,3,3.21
ORD-1459,Clothing,65,34.35,Low,COD,Dallas,1122,Air,Rain,0,0,23.79
ORD-1460,Electronics,73,24.97,High,Credit Card,Dallas,1611,Road,Clear,1,5,17.65
ORD-1461,Grocery,60,13.35,High,Credit Card,Dallas,1139,Air,Rain,1,1,24.05
ORD-1462,Electronics,86,143.5,Low,COD,Seattle,1253,Sea,Clear,0,5,15.06
ORD-1463,Electronics,76,41.36,Medium,COD,Dallas,126,Sea,Clear,1,1,2.11
ORD-1464,Electronics,21,49.51,Low,Credit Card,Chicago,272,Road,Snow,1,3,5.16
ORD-1465,Electronics,17,36.07,High,Credit Card,Seattle,85,Road,Clear,1,2,1.48
ORD-1466,Electronics,58,127.67,High,COD,Chicago,351,Sea,Snow,0,2,6.23
ORD-1467,Grocery,39,52.05,High,COD,San Francisco,1081,Air,Rain,1,5,15.35
ORD-1468,Clothing,32,28.55,Medium,COD,Dallas,1586,Air,Snow,1,5,28.18
ORD-1469,Electronics,24,22.42,Medium,Credit Card,Chicago,701,Road,Snow,0,2,14.01
ORD-1470,Clothing,31,43.91,High,Credit Card,Seattle,962,Sea,Rain,0,2,17.53
ORD-1471,Grocery,63,42.31,High,Credit Card,Dallas,903,Air,Snow,0,0,12.57
ORD-1472,Furniture,46,73.4,Low,Credit Card,San Francisco,868,Sea,Rain,0,0,19.7
ORD-1473,Grocery,87,191.4,High,COD,San Francisco,418,Air,Rain,0,3,8.9
ORD-1474,Electronics,13,15.24,High,COD,Chicago,1775,Air,Snow,1,3,29.53
ORD-1475,Grocery,11,3.59,Low,COD,Seattle,1022,Air,Snow,1,5,16.79
ORD-1476,Furniture,22,20.26,Low,Credit Card,Dallas,65,Sea,Clear,0,3,1.41
ORD-1477,Clothing,10,10.03,High,Credit Card,San Francisco,1026,Air,Rain,0,4,24.13
ORD-1478,Grocery,40,34.28,Medium,Credit Card,Dallas,1415,Sea,Clear,0,3,22.16
ORD-1479,Electronics,8,1.77,High,COD,Chicago,561,Sea,Clear,0,2,13.73
ORD-1480,Furniture,44,105.1,High,Credit Card,Seattle,221,Road,Clear,0,4,3.06
ORD-1481,Furniture,81,120.68,High,COD,Chicago,767,Sea,Snow,0,5,21.54
ORD-1482,Electronics,89,179.07,High,Credit Card,Chicago,1670,Road,Rain,0,2,24.7
ORD-1483,Furniture,35,66.13,High,Credit Card,Seattle,1666,Road,Snow,0,1,25.1
ORD-1484,Grocery,5,7.71,High,Credit Card,Chicago,1023,Sea,Clear,1,0,14.49
ORD-1485,Clothing,37,64.29,Medium,Credit Card,Seattle,305,Air,Clear,0,1,3.95
ORD-1486,Clothing,64,90.6,Low,COD,Chicago,1544,Air,Snow,0,4,34.02
ORD-1487,Electronics,45,37.12,Low,Credit Card,Seattle,493,Air,Clear,1,1,10.83
ORD-1488,Furniture,16,12.41,Medium,Credit Card,Dallas,1757,Air,Rain,0,1,34.96
ORD-1489,Furniture,42,94.72,High,COD,San Francisco,1370,Road,Snow,0,5,21.9
ORD-1490,Electronics,58,55.85,High,COD,Chicago,590,Sea,Clear,0,1,9.01
ORD-1491,Furniture,66,143.32,Low,COD,San Francisco,1250,Road,Rain,0,4,26.0
ORD-1492,Clothing,92,50.8,High,COD,Dallas,1687,Air,Rain,0,2,23.87
ORD-1493,Furniture,55,101.88,High,Credit Card,Seattle,221,Sea,Clear,1,3,3.52
ORD-1494,Furniture,51,74.93,Low,Credit Card,Dallas,1854,Road,Rain,1,1,36.67
ORD-1495,Clothing,28,55.72,High,COD,Dallas,37,Road,Snow,0,4,1.1
ORD-1496,Clothing,79,24.86,High,Credit Card,Chicago,1878,Air,Snow,0,0,30.83
ORD-1497,Clothing,66,135.84,Low,COD,San Francisco,1574,Sea,Rain,1,3,26.91
ORD-1498,Furniture,53,22.24,Medium,COD,Seattle,1405,Road,Snow,0,3,22.37
ORD-1499,Furniture,26,11.21,Medium,Credit Card,Seattle,1774,Sea,Rain,1,5,23.83
ORD-1500,Clothing,3,4.34,Medium,COD,Dallas,96,Sea,Snow,1,0,2.6
ORD-1501,Grocery,61,18.43,Medium,Credit Card,Chicago,1358,Road,Clear,0,0,23.22
ORD-1502,Clothing,71,150.52,Low,COD,Chicago,1985,Air,Clear,1,5,24.0
ORD-1503,Clothing,38,29.8,High,COD,Seattle,961,Air,Snow,1,3,21.89
ORD-1504,Clothing,90,74.83,High,COD,Dallas,1010,Sea,Snow,1,4,22.03
ORD-1505,Furniture,71,145.55,Low,Credit Card,San Francisco,1012,Road,Clear,0,3,22.22
ORD-1506,Clothing,56,78.52,Low,Credit Card,Dallas,156,Sea,Rain,0,5,4.22
ORD-1507,Grocery,4,3.15,Low,Credit Card,Chicago,15,Sea,Rain,1,5,0.23
ORD-1508,Furniture,70,102.44,High,COD,Chicago,215,Sea,Rain,0,5,3.91
ORD-1509,Grocery,81,68.49,High,COD,Dallas,1368,Sea,Snow,0,0,21.64
ORD-1510,Electronics,73,22.97,Low,COD,Seattle,1296,Sea,Rain,0,4,16.3
ORD-1511,Clothing,91,195.33,Low,COD,Chicago,1556,Air,Snow,1,5,42.46
ORD-1512,Clothing,84,25.96,High,COD,Chicago,580,Road,Rain,1,1,7.84
ORD-1513,Furniture,11,7.48,High,COD,San Francisco,1701,Air,Rain,1,3,37.92
ORD-1514,Furniture,55,21.41,Low,Credit Card,Dallas,216,Sea,Rain,0,5,5.85
ORD-1515,Electronics,67,128.74,Low,Credit Card,Dallas,1582,Air,Rain,0,4,21.65
ORD-1516,Grocery,27,34.58,Low,COD,Dallas,1635,Air,Snow,0,3,24.67
ORD-1517,Grocery,10,5.32,High,Credit Card,San Francisco,1379,Sea,Rain,0,1,28.96
ORD-1518,Grocery,36,79.87,Low,COD,San Francisco,943,Sea,Rain,0,2,19.22
ORD-1519,Clothing,49,98.32,Low,Credit Card,San Francisco,210,Road,Clear,1,0,4.06
ORD-1520,Clothing,5,9.25,High,Credit Card,Dallas,1746,Sea,Rain,0,2,33.01
ORD-1521,Clothing,45,71.45,High,Credit Card,Chicago,1264,Air,Rain,1,4,17.56
ORD-1522,Clothing,30,25.29,Medium,Credit Card,Chicago,16,Sea,Clear,1,5,0.28
ORD-1523,Electronics,36,13.35,Medium,Credit Card,Dallas,1837,Road,Rain,1,2,29.33
ORD-1524,Clothing,77,117.51,Low,COD,San Francisco,1621,Road,Clear,0,0,39.02
ORD-1525,Electronics,38,55.96,High,Credit Card,Seattle,1143,Air,Clear,0,0,13.57
ORD-1526,Clothing,48,11.96,Medium,COD,Dallas,695,Sea,Clear,0,0,8.35
ORD-1527,Grocery,95,78.62,Low,COD,Chicago,143,Air,Rain,0,1,2.98
ORD-1528,Clothing,59,114.71,Medium,Credit Card,Dallas,1996,Sea,Clear,0,2,39.57
ORD-1529,Furniture,95,79.02,High,Credit Card,San Francisco,1704,Road,Snow,1,0,27.03
ORD-1530,Electronics,28,32.17,High,COD,Chicago,12,Sea,Snow,0,0,0.31
ORD-1531,Clothing,15,35.87,Low,COD,Chicago,54,Air,Clear,1,0,0.76
ORD-1532,Clothing,42,66.95,Low,COD,Seattle,879,Road,Rain,0,5,24.65
ORD-1533,Electronics,35,26.52,High,COD,San Francisco,491,Sea,Rain,1,0,10.19
ORD-1534,Grocery,79,165.49,Medium,Credit Card,San Francisco,1710,Air,Clear,1,1,21.32
ORD-1535,Clothing,9,5.99,High,Credit Card,Dallas,1794,Air,Snow,0,0,20.12
ORD-1536,Furniture,79,176.07,High,COD,San Francisco,902,Air,Snow,1,5,9.61
ORD-1537,Electronics,5,10.92,High,Credit Card,Dallas,193,Air,Rain,0,5,4.05
ORD-1538,Clothing,32,57.89,Low,Credit Card,Chicago,1460,Road,Snow,0,4,32.23
ORD-1539,Grocery,81,138.25,Low,Credit Card,San Francisco,1891,Road,Clear,1,0,25.01
ORD-1540,Furniture,22,47.45,Medium,Credit Card,Chicago,1415,Road,Rain,1,4,25.47
ORD-1541,Grocery,63,82.49,Medium,Credit Card,Chicago,946,Sea,Snow,1,1,16.22
ORD-1542,Furniture,27,54.14,Low,Credit Card,Seattle,1391,Road,Snow,1,0,22.68
ORD-1543,Furniture,35,81.66,Low,Credit Card,Chicago,446,Road,Clear,1,3,6.07
ORD-1544,Electronics,81,25.33,Low,Credit Card,San Francisco,988,Air,Rain,1,1,21.64
ORD-1545,Electronics,45,46.14,Medium,COD,San Francisco,420,Air,Rain,0,4,6.07
ORD-1546,Grocery,17,25.23,Low,Credit Card,Chicago,1363,Road,Snow,0,4,19.81
ORD-1547,Furniture,32,10.74,Low,Credit Card,Seattle,773,Sea,Rain,1,5,15.28
ORD-1548,Furniture,75,78.87,Low,Credit Card,Dallas,1462,Air,Clear,0,5,19.69
ORD-1549,Clothing,56,131.89,Medium,Credit Card,Seattle,1776,Air,Clear,1,4,25.89
ORD-1550,Furniture,89,64.98,Low,Credit Card,Dallas,1407,Sea,Clear,1,5,32.82
ORD-1551,Electronics,51,95.98,Low,Credit Card,Dallas,1320,Air,Rain,1,4,20.63
ORD-1552,Clothing,44,82.59,Low,Credit Card,Dallas,480,Sea,Clear,0,0,8.06
ORD-1553,Clothing,95,187.05,High,COD,Chicago,1255,Road,Clear,0,2,27.89
ORD-1554,Clothing,7,1.57,Low,COD,Chicago,1360,Road,Rain,0,2,21.51
ORD-1555,Furniture,8,17.71,High,Credit Card,Seattle,953,Air,Clear,1,1,18.82
ORD-1556,Grocery,57,64.81,Low,Credit Card,San Francisco,1693,Road,Snow,0,1,32.49
ORD-1557,Furniture,93,153.45,Low,Credit Card,Dallas,663,Sea,Snow,1,3,11.15
ORD-1558,Electronics,22,20.66,Medium,COD,Dallas,1094,Sea,Snow,1,4,22.81
ORD-1559,Electronics,68,50.53,Low,Credit Card,San Francisco,83,Air,Snow,0,3,1.19
ORD-1560,Clothing,99,89.19,Low,Credit Card,Seattle,1013,Sea,Clear,0,2,14.36
ORD-1561,Electronics,78,102.23,Medium,Credit Card,Chicago,635,Sea,Rain,1,0,8.31
ORD-1562,Grocery,93,134.07,High,Credit Card,Seattle,1669,Sea,Clear,1,3,32.25
ORD-1563,Electronics,24,53.83,High,Credit Card,Seattle,606,Sea,Rain,0,5,10.25
ORD-1564,Clothing,70,139.0,Medium,COD,Chicago,154,Road,Snow,0,0,1.93
ORD-1565,Furniture,32,73.31,Medium,COD,Chicago,393,Air,Snow,1,0,9.27
ORD-1566,Grocery,49,39.56,Low,Credit Card,Dallas,1434,Air,Clear,1,1,21.06
ORD-1567,Electronics,84,106.18,Medium,COD,Dallas,946,Sea,Snow,1,3,20.87
ORD-1568,Clothing,90,134.0,Low,COD,San Francisco,480,Road,Snow,1,5,8.35
ORD-1569,Grocery,42,79.23,Medium,COD,Seattle,39,Air,Clear,0,0,0.93
ORD-1570,Clothing,68,131.19,Medium,Credit Card,San Francisco,939,Air,Clear,0,1,21.53
ORD-1571,Clothing,27,36.94,Low,Credit Card,Seattle,1817,Road,Snow,1,5,38.68
ORD-1572,Grocery,81,133.83,Medium,COD,San Francisco,1681,Air,Clear,1,3,23.37
ORD-1573,Grocery,72,22.36,Medium,COD,Dallas,152,Air,Rain,1,3,3.6
ORD-1574,Electronics,12,9.32,High,COD,Dallas,460,Road,Rain,0,1,8.99
ORD-1575,Furniture,79,130.55,Low,Credit Card,Chicago,1978,Road,Rain,0,3,32.64
ORD-1576,Clothing,14,13.58,High,Credit Card,Chicago,1789,Air,Rain,1,1,25.41
ORD-1577,Clothing,52,15.27,Low,COD,Seattle,992,Air,Clear,1,5,23.64
ORD-1578,Clothing,29,23.07,Medium,Credit Card,Chicago,828,Road,Rain,0,0,10.93
ORD-1579,Electronics,75,136.31,Medium,COD,Seattle,1065,Air,Clear,0,2,20.14
ORD-1580,Electronics,52,113.18,Low,COD,Chicago,1921,Air,Clear,1,5,45.08
ORD-1581,Electronics,13,7.25,Medium,Credit Card,San Francisco,1478,Sea,Snow,1,1,17.68
ORD-1582,Grocery,11,26.43,Medium,Credit Card,Chicago,1567,Air,Rain,0,2,26.86
ORD-1583,Furniture,21,50.7,Medium,Credit Card,Seattle,1895,Road,Rain,1,3,33.45
ORD-1584,Clothing,88,105.79,High,Credit Card,Seattle,425,Sea,Rain,0,2,6.88
ORD-1585,Grocery,49,46.62,Medium,Credit Card,Seattle,98,Road,Snow,1,4,1.2
ORD-1586,Furniture,14,22.44,High,COD,Seattle,895,Sea,Snow,0,1,14.25
ORD-1587,Clothing,64,143.72,Medium,Credit Card,Seattle,1986,Air,Rain,0,0,46.15
ORD-1588,Furniture,29,64.28,Low,COD,Dallas,461,Road,Rain,1,3,8.83
ORD-1589,Clothing,77,116.96,Medium,COD,Chicago,1438,Road,Rain,0,5,17.81
ORD-1590,Furniture,1,1.44,Low,Credit Card,Chicago,1728,Sea,Snow,1,0,17.78
ORD-1591,Grocery,47,41.08,Low,COD,Dallas,731,Air,Clear,0,5,10.11
ORD-1592,Electronics,37,82.73,Medium,Credit Card,San Francisco,1358,Air,Rain,0,3,33.75
ORD-1593,Clothing,22,33.37,Low,Credit Card,Chicago,1446,Road,Rain,1,5,26.03
ORD-1594,Furniture,20,49.76,Low,COD,Dallas,1757,Air,Snow,1,4,47.38
ORD-1595,Electronics,67,108.77,Low,Credit Card,Seattle,1317,Road,Snow,1,3,26.83
ORD-1596,Grocery,97,124.12,High,Credit Card,Chicago,673,Sea,Snow,1,2,14.97
ORD-1597,Grocery,58,23.22,Low,Credit Card,Chicago,783,Sea,Rain,0,2,15.47
ORD-1598,Electronics,15,36.58,Medium,Credit Card,Seattle,148,Road,Snow,0,3,1.56
ORD-1599,Grocery,66,160.73,Medium,Credit Card,San Francisco,646,Sea,Clear,0,0,10.46
ORD-1600,Furniture,6,13.98,Low,COD,Dallas,220,Road,Rain,1,3,3.42
ORD-1601,Electronics,79,23.19,High,COD,Dallas,184,Air,Snow,0,0,4.33
ORD-1602,Grocery,34,26.09,High,Credit Card,Dallas,292,Air,Snow,1,5,4.72
ORD-1603,Furniture,100,148.55,Medium,Credit Card,Dallas,1300,Road,Snow,1,4,15.14
ORD-1604,Grocery,35,72.6,Low,COD,Seattle,491,Sea,Snow,1,3,10.19
ORD-1605,Furniture,11,15.16,Medium,Credit Card,Seattle,930,Road,Rain,0,3,12.38
ORD-1606,Electronics,60,46.42,Medium,COD,Chicago,558,Sea,Clear,1,3,11.12
ORD-1607,Electronics,1,1.37,Medium,Credit Card,Seattle,1487,Air,Clear,0,1,26.82
ORD-1608,Clothing,27,15.39,Medium,COD,San Francisco,722,Air,Rain,1,4,14.21
ORD-1609,Furniture,38,36.45,Low,COD,San Francisco,209,Road,Clear,1,3,2.2
ORD-1610,Furniture,61,18.68,Medium,Credit Card,Dallas,1995,Road,Rain,1,3,33.21
ORD-1611,Electronics,81,49.18,Medium,COD,Dallas,581,Road,Clear,1,5,11.78
ORD-1612,Grocery,78,96.08,High,COD,Seattle,1479,Road,Snow,0,0,42.25
ORD-1613,Furniture,31,34.41,High,Credit Card,Seattle,1637,Air,Snow,0,5,19.5
ORD-1614,Grocery,14,32.82,High,Credit Card,Seattle,1579,Road,Clear,0,4,19.46
ORD-1615,Grocery,50,75.99,High,Credit Card,Seattle,236,Road,Snow,0,0,3.97
ORD-1616,Grocery,68,153.9,Low,Credit Card,Seattle,343,Air,Snow,0,2,6.28
ORD-1617,Furniture,70,110.03,Medium,COD,San Francisco,711,Road,Snow,1,5,13.03
ORD-1618,Clothing,65,20.08,Low,COD,Dallas,227,Road,Clear,1,5,3.36
ORD-1619,Electronics,65,82.14,Low,Credit Card,Seattle,1091,Air,Clear,1,1,17.77
ORD-1620,Electronics,91,183.7,High,COD,Chicago,1039,Road,Rain,1,3,21.83
ORD-1621,Grocery,42,9.54,High,COD,Chicago,1459,Sea,Snow,0,1,25.33
ORD-1622,Electronics,57,125.2,High,COD,Dallas,368,Road,Clear,0,5,7.27
ORD-1623,Electronics,65,46.1,High,Credit Card,Seattle,1262,Sea,Snow,1,0,21.24
ORD-1624,Furniture,16,4.58,Medium,Credit Card,Chicago,403,Road,Clear,0,1,7.63
ORD-1625,Furniture,74,135.92,Medium,COD,Seattle,1754,Road,Snow,0,3,33.68
ORD-1626,Grocery,38,9.93,High,COD,Dallas,1328,Air,Clear,1,4,25.84
ORD-1627,Electronics,87,165.76,Medium,COD,Dallas,1012,Road,Rain,1,1,15.38
ORD-1628,Electronics,67,42.33,Low,Credit Card,Dallas,923,Sea,Clear,0,5,20.59
ORD-1629,Electronics,15,9.08,Medium,Credit Card,San Francisco,1183,Sea,Rain,0,2,32.19
ORD-1630,Grocery,2,0.64,Low,COD,Seattle,1026,Road,Snow,0,2,17.46
ORD-1631,Electronics,76,166.37,High,COD,Chicago,1228,Sea,Clear,0,1,22.33
ORD-1632,Clothing,59,126.42,High,COD,Seattle,1872,Sea,Rain,0,1,30.0
ORD-1633,Electronics,26,12.04,Low,COD,Seattle,1906,Sea,Snow,1,2,29.05
ORD-1634,Furniture,67,22.32,Low,COD,San Francisco,569,Air,Clear,1,0,11.47
ORD-1635,Furniture,85,72.0,Medium,COD,Chicago,1971,Road,Clear,1,4,34.54
ORD-1636,Grocery,42,12.91,Medium,COD,Chicago,225,Sea,Rain,0,2,4.4
ORD-1637,Grocery,79,83.07,Low,Credit Card,San Francisco,1175,Sea,Rain,0,1,15.18
ORD-1638,Clothing,14,24.78,High,COD,Chicago,1353,Sea,Snow,0,0,17.34
ORD-1639,Grocery,46,60.47,Low,Credit Card,Chicago,1519,Road,Snow,0,3,39.18
ORD-1640,Clothing,48,44.03,Medium,Credit Card,San Francisco,1620,Sea,Clear,0,2,21.87
ORD-1641,Furniture,18,10.74,Medium,Credit Card,Chicago,1111,Air,Clear,0,3,28.15
ORD-1642,Grocery,100,107.73,Low,Credit Card,Chicago,1597,Sea,Snow,0,1,28.37
ORD-1643,Furniture,78,71.73,High,Credit Card,Dallas,925,Sea,Rain,1,5,14.52
ORD-1644,Electronics,6,9.21,Medium,COD,San Francisco,1508,Air,Rain,1,4,20.19
ORD-1645,Furniture,4,4.59,Low,Credit Card,Dallas,1654,Air,Snow,0,4,25.69
ORD-1646,Electronics,53,29.25,Medium,Credit Card,Chicago,845,Sea,Rain,0,3,20.33
ORD-1647,Grocery,72,98.23,Low,Credit Card,Chicago,1079,Road,Rain,1,3,18.21
ORD-1648,Furniture,79,44.97,High,COD,Seattle,500,Sea,Clear,0,5,7.8
ORD-1649,Electronics,64,99.76,Medium,COD,Chicago,581,Sea,Rain,0,4,8.83
ORD-1650,Grocery,42,35.45,High,COD,San Francisco,1768,Sea,Rain,0,2,32.61
ORD-1651,Grocery,87,150.18,Low,Credit Card,Seattle,1809,Air,Rain,0,4,47.88
ORD-1652,Grocery,83,195.27,High,COD,Chicago,1252,Sea,Snow,1,0,21.03
ORD-1653,Electronics,61,133.08,High,Credit Card,Seattle,313,Road,Clear,0,3,5.75
ORD-1654,Electronics,70,150.05,High,COD,Seattle,1201,Sea,Snow,1,1,14.24
ORD-1655,Clothing,59,77.49,Low,Credit Card,Seattle,198,Road,Clear,0,4,3.25
ORD-1656,Clothing,73,41.35,High,COD,San Francisco,1479,Sea,Snow,0,2,26.16
ORD-1657,Grocery,88,77.97,Low,Credit Card,Seattle,568,Road,Snow,0,1,12.07
ORD-1658,Electronics,49,101.77,High,COD,Seattle,1086,Sea,Snow,1,3,26.21
ORD-1659,Clothing,82,187.88,Medium,Credit Card,Seattle,1214,Sea,Rain,1,2,28.92
ORD-1660,Clothing,24,48.18,Medium,COD,Dallas,1861,Sea,Snow,1,3,46.21
ORD-1661,Furniture,22,47.86,Medium,COD,Seattle,1508,Road,Clear,0,3,30.77
ORD-1662,Electronics,15,22.36,High,Credit Card,San Francisco,1249,Sea,Clear,0,5,33.39
ORD-1663,Electronics,18,11.62,Low,COD,San Francisco,1888,Road,Snow,0,2,50.38
ORD-1664,Grocery,6,10.04,Low,Credit Card,Dallas,1749,Road,Snow,1,5,32.95
ORD-1665,Electronics,72,127.9,High,Credit Card,Chicago,1664,Air,Rain,0,1,34.01
ORD-1666,Furniture,26,45.46,High,Credit Card,Chicago,908,Road,Clear,1,3,26.6
ORD-1667,Furniture,63,31.05,Medium,COD,San Francisco,302,Sea,Snow,0,0,4.6
ORD-1668,Grocery,95,231.09,Low,COD,San Francisco,1322,Air,Clear,1,3,18.25
ORD-1669,Grocery,70,85.27,Low,COD,San Francisco,1937,Air,Snow,1,3,41.19
ORD-1670,Grocery,75,123.68,High,COD,Seattle,788,Air,Rain,1,5,12.72
ORD-1671,Clothing,2,4.37,Medium,COD,Dallas,827,Sea,Snow,0,3,15.06
ORD-1672,Furniture,54,77.89,Low,Credit Card,San Francisco,660,Air,Snow,0,2,15.53
ORD-1673,Grocery,82,174.84,Medium,COD,Seattle,627,Road,Rain,1,3,10.45
ORD-1674,Electronics,69,53.23,Low,Credit Card,Dallas,15,Sea,Clear,1,5,0.24
ORD-1675,Clothing,29,26.36,Medium,COD,San Francisco,676,Air,Snow,0,4,13.6
ORD-1676,Furniture,87,211.45,Low,Credit Card,Dallas,1795,Road,Rain,1,0,42.22
ORD-1677,Furniture,83,27.3,High,COD,San Francisco,1285,Road,Clear,1,3,32.77
ORD-1678,Grocery,76,102.41,High,COD,Seattle,854,Sea,Rain,0,4,17.7
ORD-1679,Furniture,71,146.93,High,COD,Chicago,1722,Road,Clear,0,1,26.66
ORD-1680,Grocery,66,89.78,High,Credit Card,Seattle,1825,Road,Clear,0,1,20.37
ORD-1681,Furniture,29,45.02,Low,Credit Card,Dallas,789,Air,Rain,0,5,13.64
ORD-1682,Clothing,100,60.51,Medium,COD,Dallas,1810,Air,Rain,0,5,22.55
ORD-1683,Clothing,96,23.71,High,COD,Dallas,1701,Road,Rain,1,1,32.97
ORD-1684,Clothing,7,14.38,Medium,COD,Seattle,1474,Road,Rain,1,3,35.57
ORD-1685,Furniture,91,192.98,Low,Credit Card,San Francisco,1772,Sea,Clear,0,3,30.81
ORD-1686,Grocery,93,189.87,Medium,Credit Card,Seattle,372,Sea,Snow,0,3,5.61
ORD-1687,Electronics,98,50.65,High,COD,Seattle,892,Road,Rain,0,5,13.01
ORD-1688,Clothing,92,177.61,Low,COD,Dallas,985,Air,Rain,1,5,17.79
ORD-1689,Grocery,65,128.74,High,COD,Seattle,581,Air,Rain,0,5,9.46
ORD-1690,Furniture,6,10.67,High,Credit Card,San Francisco,1338,Sea,Rain,1,0,21.88
ORD-1691,Furniture,93,204.68,Low,COD,Dallas,283,Road,Clear,1,0,3.23
ORD-1692,Furniture,44,9.54,Low,COD,Seattle,331,Sea,Clear,1,1,5.65
ORD-1693,Clothing,62,63.45,Low,Credit Card,Seattle,1266,Sea,Snow,1,2,22.83
ORD-1694,Grocery,6,1.96,High,COD,Dallas,1268,Air,Rain,0,2,23.65
ORD-1695,Furniture,98,104.96,High,Credit Card,Dallas,551,Air,Rain,0,3,9.19
ORD-1696,Grocery,91,100.4,Medium,COD,Chicago,667,Road,Clear,0,3,8.86
ORD-1697,Electronics,35,33.79,Low,Credit Card,San Francisco,1404,Sea,Rain,0,5,22.12
ORD-1698,Clothing,28,35.95,High,Credit Card,San Francisco,1487,Air,Rain,0,5,18.64
ORD-1699,Clothing,23,6.64,Low,Credit Card,Seattle,681,Sea,Rain,0,4,8.97
ORD-1700,Electronics,32,7.55,Medium,Credit Card,Chicago,1988,Air,Snow,0,3,27.6
ORD-1701,Grocery,45,67.04,High,COD,San Francisco,1464,Air,Snow,0,5,21.68
ORD-1702,Electronics,82,52.53,Medium,COD,Chicago,1407,Air,Clear,1,1,17.59
ORD-1703,Clothing,54,113.01,Medium,Credit Card,San Francisco,1134,Sea,Snow,0,4,24.37
ORD-1704,Clothing,63,13.62,High,COD,San Francisco,1156,Road,Clear,0,0,21.19
ORD-1705,Electronics,81,163.47,Low,COD,Dallas,800,Sea,Clear,1,5,21.3
ORD-1706,Clothing,51,13.84,Low,Credit Card,Dallas,1104,Air,Snow,0,2,13.08
ORD-1707,Clothing,5,2.19,Low,COD,Dallas,843,Sea,Snow,0,4,13.73
ORD-1708,Electronics,100,207.63,Medium,Credit Card,Seattle,488,Sea,Snow,0,2,6.18
ORD-1709,Electronics,80,85.2,Medium,Credit Card,Seattle,62,Air,Clear,0,4,0.85
ORD-1710,Clothing,44,84.89,Medium,Credit Card,Dallas,1204,Road,Clear,1,4,33.84
ORD-1711,Clothing,93,113.78,High,COD,Seattle,1315,Air,Rain,1,5,28.59
ORD-1712,Furniture,75,33.49,Low,Credit Card,Seattle,965,Air,Snow,0,3,18.64
ORD-1713,Grocery,41,95.13,Low,Credit Card,San Francisco,1042,Sea,Rain,0,3,14.89
ORD-1714,Clothing,95,194.44,High,COD,Chicago,487,Road,Snow,1,5,9.0
ORD-1715,Clothing,83,108.03,Low,COD,Chicago,357,Air,Rain,1,4,7.78
ORD-1716,Clothing,62,16.32,Medium,Credit Card,Dallas,30,Air,Rain,1,2,0.5
ORD-1717,Electronics,55,55.93,Low,COD,San Francisco,1017,Sea,Snow,0,1,14.0
ORD-1718,Clothing,55,133.75,High,COD,Dallas,828,Sea,Clear,0,4,13.64
ORD-1719,Grocery,72,26.73,Medium,COD,Dallas,74,Air,Snow,0,5,1.08
ORD-1720,Grocery,21,31.18,Medium,Credit Card,Dallas,1331,Sea,Rain,0,3,20.88
ORD-1721,Clothing,90,127.99,High,Credit Card,Seattle,1019,Road,Rain,1,4,16.01
ORD-1722,Electronics,59,59.82,Low,COD,San Francisco,1382,Air,Clear,0,5,28.5
ORD-1723,Grocery,52,111.51,High,COD,Seattle,235,Sea,Rain,1,3,5.4
ORD-1724,Electronics,8,7.19,Low,Credit Card,San Francisco,539,Road,Clear,0,3,7.04
ORD-1725,Clothing,97,88.61,Low,Credit Card,Chicago,1295,Road,Clear,0,1,36.83
ORD-1726,Grocery,90,104.58,Medium,Credit Card,San Francisco,1402,Sea,Snow,1,1,31.65
ORD-1727,Clothing,12,29.44,Low,Credit Card,San Francisco,891,Air,Snow,0,5,19.08
ORD-1728,Clothing,42,102.52,Medium,Credit Card,Seattle,692,Road,Clear,1,4,9.66
ORD-1729,Grocery,52,120.27,High,COD,Chicago,534,Sea,Snow,1,1,9.44
ORD-1730,Furniture,49,99.34,High,COD,Seattle,1615,Sea,Rain,1,2,28.93
ORD-1731,Grocery,4,9.46,Medium,COD,San Francisco,443,Sea,Clear,1,1,7.35
ORD-1732,Grocery,81,110.95,High,COD,San Francisco,1904,Air,Clear,1,5,31.94
ORD-1733,Furniture,33,77.92,High,Credit Card,San Francisco,1824,Air,Rain,0,4,23.91
ORD-1734,Electronics,77,145.76,Low,COD,San Francisco,757,Road,Clear,1,5,16.07
ORD-1735,Furniture,97,217.98,Low,COD,Chicago,1043,Sea,Snow,0,3,24.44
ORD-1736,Clothing,61,69.45,Medium,Credit Card,San Francisco,487,Road,Rain,0,5,9.65
ORD-1737,Electronics,87,193.72,High,COD,San Francisco,479,Road,Clear,1,2,6.89
ORD-1738,Grocery,87,194.5,Low,COD,Chicago,838,Air,Snow,0,4,20.77
ORD-1739,Electronics,70,80.1,Low,Credit Card,San Francisco,1271,Air,Snow,1,3,26.55
ORD-1740,Clothing,9,13.7,Medium,Credit Card,Chicago,1992,Air,Rain,0,1,44.31
ORD-1741,Grocery,62,84.14,High,COD,Dallas,1742,Sea,Snow,1,2,26.62
ORD-1742,Furniture,81,162.57,Low,Credit Card,Seattle,1598,Air,Rain,1,2,45.97
ORD-1743,Furniture,92,174.04,Medium,Credit Card,Dallas,1417,Road,Rain,1,0,20.4
ORD-1744,Grocery,69,38.24,High,COD,Seattle,32,Road,Clear,1,4,0.41
ORD-1745,Grocery,22,46.09,High,COD,Seattle,587,Road,Snow,1,3,12.01
ORD-1746,Electronics,27,16.44,Low,Credit Card,San Francisco,190,Air,Clear,1,0,3.78
ORD-1747,Electronics,95,35.58,High,Credit Card,San Francisco,1112,Road,Rain,1,5,15.47
ORD-1748,Clothing,100,170.17,High,COD,Chicago,677,Road,Snow,1,2,8.78
ORD-1749,Furniture,8,18.1,High,COD,Seattle,1607,Road,Clear,1,3,22.64
ORD-1750,Furniture,84,32.26,High,COD,San Francisco,1812,Sea,Rain,1,0,30.67
ORD-1751,Furniture,35,74.81,Medium,Credit Card,Chicago,943,Road,Rain,1,4,12.49
ORD-1752,Furniture,27,51.28,Medium,COD,Seattle,907,Sea,Clear,0,3,12.56
ORD-1753,Furniture,93,27.25,Medium,Credit Card,Dallas,88,Road,Rain,1,0,1.29
ORD-1754,Grocery,56,61.7,Low,COD,San Francisco,1854,Sea,Snow,1,2,35.22
ORD-1755,Electronics,56,49.65,High,Credit Card,Seattle,1734,Sea,Snow,0,2,34.72
ORD-1756,Electronics,94,37.0,High,COD,San Francisco,936,Road,Snow,0,1,14.34
ORD-1757,Grocery,32,69.83,Medium,Credit Card,San Francisco,1439,Road,Snow,0,1,27.72
ORD-1758,Electronics,10,8.62,Low,Credit Card,Seattle,1708,Road,Clear,0,3,31.92
ORD-1759,Clothing,81,146.26,Medium,COD,San Francisco,1391,Sea,Rain,0,1,24.95
ORD-1760,Furniture,91,127.43,Medium,Credit Card,Seattle,800,Air,Snow,0,0,11.67
ORD-1761,Furniture,98,184.81,Medium,Credit Card,San Francisco,1976,Sea,Rain,1,4,59.26
ORD-1762,Furniture,46,27.03,High,Credit Card,San Francisco,653,Air,Snow,0,3,14.35
ORD-1763,Electronics,67,50.79,High,Credit Card,Seattle,139,Air,Rain,0,0,2.0
ORD-1764,Furniture,13,24.73,High,COD,Chicago,1123,Air,Snow,0,0,14.42
ORD-1765,Grocery,36,12.3,High,COD,San Francisco,871,Road,Clear,0,4,15.87
ORD-1766,Furniture,83,124.23,Medium,COD,Dallas,139,Air,Snow,0,4,2.65
ORD-1767,Grocery,92,56.52,Low,COD,San Francisco,1756,Road,Snow,0,2,34.25
ORD-1768,Grocery,100,46.83,High,COD,Dallas,1255,Sea,Rain,1,5,28.41
ORD-1769,Electronics,55,48.9,High,COD,San Francisco,1490,Air,Clear,1,2,33.29
ORD-1770,Clothing,93,111.15,High,Credit Card,Chicago,202,Air,Snow,1,3,3.26
ORD-1771,Grocery,14,20.18,High,COD,Seattle,1926,Sea,Snow,0,1,32.28
ORD-1772,Electronics,22,4.75,Medium,Credit Card,Chicago,197,Air,Rain,1,5,5.16
ORD-1773,Electronics,20,42.83,Medium,Credit Card,Seattle,675,Road,Snow,1,4,13.22
ORD-1774,Electronics,49,40.19,Medium,Credit Card,San Francisco,1917,Sea,Clear,1,3,29.37
ORD-1775,Clothing,68,152.41,High,COD,Chicago,1712,Road,Snow,0,0,17.54
ORD-1776,Electronics,18,16.91,High,COD,Dallas,1489,Sea,Clear,0,5,26.69
ORD-1777,Clothing,36,85.19,High,Credit Card,Dallas,657,Road,Clear,1,1,10.31
ORD-1778,Furniture,13,20.27,Medium,Credit Card,Dallas,911,Road,Rain,0,4,15.6
ORD-1779,Grocery,95,162.53,High,COD,Seattle,1580,Road,Rain,0,3,26.43
ORD-1780,Clothing,16,22.81,Low,COD,Chicago,460,Sea,Rain,0,1,8.44
ORD-1781,Electronics,70,32.61,Low,COD,Dallas,248,Road,Rain,1,4,3.57
ORD-1782,Furniture,98,206.03,Low,COD,San Francisco,1662,Air,Clear,0,0,25.03
ORD-1783,Electronics,100,110.17,Low,Credit Card,Chicago,479,Air,Clear,1,3,9.55
ORD-1784,Electronics,94,36.48,Low,Credit Card,Chicago,1521,Air,Clear,1,3,19.89
ORD-1785,Clothing,87,172.19,High,COD,San Francisco,413,Air,Clear,0,2,5.18
ORD-1786,Electronics,7,11.92,High,COD,San Francisco,1624,Air,Snow,0,0,20.63
ORD-1787,Clothing,74,16.57,Low,COD,Dallas,392,Sea,Snow,0,0,7.2
ORD-1788,Electronics,95,34.34,Low,COD,Dallas,1465,Sea,Snow,0,5,27.13
ORD-1789,Furniture,99,174.84,High,COD,San Francisco,1816,Air,Snow,1,2,24.25
ORD-1790,Clothing,95,197.11,Medium,COD,San Francisco,489,Sea,Rain,1,2,10.54
ORD-1791,Grocery,10,22.99,Low,Credit Card,Seattle,1527,Road,Clear,1,0,24.24
ORD-1792,Clothing,38,34.7,Medium,COD,San Francisco,62,Road,Rain,1,5,0.85
ORD-1793,Electronics,53,39.83,Medium,Credit Card,Dallas,1961,Air,Clear,1,0,48.24
ORD-1794,Electronics,63,57.7,High,Credit Card,Dallas,778,Road,Clear,1,5,20.72
ORD-1795,Electronics,49,60.81,Medium,COD,Chicago,36,Road,Snow,0,3,0.48
ORD-1796,Furniture,68,131.59,Medium,COD,San Francisco,751,Air,Rain,0,4,13.82
ORD-1797,Electronics,22,17.58,Medium,Credit Card,Chicago,1501,Sea,Rain,0,1,28.39
ORD-1798,Grocery,89,148.6,Medium,COD,San Francisco,1508,Road,Rain,1,4,22.96
ORD-1799,Furniture,3,6.35,Low,COD,Seattle,350,Road,Snow,1,1,7.24
ORD-1800,Clothing,60,17.74,Low,COD,Chicago,914,Sea,Rain,1,0,16.53
ORD-1801,Clothing,30,56.49,Medium,Credit Card,Seattle,605,Road,Snow,0,4,10.25
ORD-1802,Furniture,62,107.41,Medium,Credit Card,Dallas,1268,Road,Snow,1,1,21.83
ORD-1803,Electronics,73,70.17,High,COD,Dallas,1932,Sea,Clear,0,5,26.13
ORD-1804,Grocery,14,27.6,High,Credit Card,Seattle,1633,Road,Snow,0,0,23.39
ORD-1805,Furniture,86,75.87,Low,Credit Card,Seattle,776,Sea,Clear,0,3,12.22
ORD-1806,Grocery,88,191.58,Low,Credit Card,Seattle,1411,Sea,Clear,0,1,23.69
ORD-1807,Grocery,86,86.93,High,Credit Card,San Francisco,1699,Air,Snow,1,1,39.07
ORD-1808,Clothing,53,72.28,Medium,Credit Card,Chicago,516,Sea,Rain,0,1,10.96
ORD-1809,Furniture,37,26.55,Medium,COD,Seattle,77,Sea,Snow,1,0,1.42
ORD-1810,Clothing,15,14.61,Low,Credit Card,San Francisco,1078,Air,Rain,1,1,24.84
ORD-1811,Clothing,77,83.28,High,COD,San Francisco,805,Air,Snow,0,2,18.44
ORD-1812,Electronics,13,27.55,Medium,COD,Seattle,1935,Road,Clear,1,1,26.14
ORD-1813,Grocery,78,24.2,Medium,Credit Card,San Francisco,849,Air,Rain,1,4,22.04
ORD-1814,Clothing,8,2.95,High,COD,Seattle,1529,Sea,Clear,1,5,36.24
ORD-1815,Furniture,74,159.56,Low,Credit Card,Seattle,1474,Sea,Rain,1,3,19.2
ORD-1816,Grocery,86,62.97,Low,COD,Chicago,1832,Road,Snow,0,0,29.24
ORD-1817,Clothing,40,9.61,Low,Credit Card,Dallas,1155,Road,Rain,1,5,14.29
ORD-1818,Grocery,59,125.54,High,COD,San Francisco,1980,Air,Clear,1,5,43.74
ORD-1819,Grocery,45,16.83,Low,COD,Dallas,124,Sea,Rain,0,1,2.42
ORD-1820,Clothing,27,8.53,Medium,COD,Dallas,1376,Road,Snow,0,0,31.14
ORD-1821,Electronics,55,14.34,High,COD,Dallas,381,Road,Rain,1,0,8.67
ORD-1822,Furniture,45,64.06,High,Credit Card,San Francisco,1473,Sea,Snow,0,3,32.74
ORD-1823,Clothing,62,105.78,High,Credit Card,Seattle,1738,Sea,Rain,0,2,40.78
ORD-1824,Clothing,81,125.18,Medium,Credit Card,Chicago,1885,Air,Rain,0,5,40.64
ORD-1825,Electronics,68,85.46,High,Credit Card,Dallas,1651,Sea,Snow,0,5,33.75
ORD-1826,Clothing,32,20.69,Low,COD,Chicago,1125,Road,Clear,1,2,14.58
ORD-1827,Grocery,3,3.84,Low,Credit Card,Dallas,372,Road,Clear,1,5,5.73
ORD-1828,Clothing,52,19.03,Low,Credit Card,Dallas,458,Air,Snow,1,1,10.14
ORD-1829,Furniture,62,71.08,High,COD,Chicago,504,Sea,Rain,0,5,11.88
ORD-1830,Electronics,42,46.01,Low,Credit Card,Chicago,1737,Road,Rain,0,1,26.7
ORD-1831,Electronics,38,19.33,High,COD,Seattle,558,Sea,Snow,1,0,15.44
ORD-1832,Electronics,33,14.68,Low,Credit Card,Dallas,1778,Road,Snow,0,0,34.23
ORD-1833,Clothing,27,65.18,Low,Credit Card,Seattle,1985,Sea,Clear,0,2,20.78
ORD-1834,Grocery,18,31.55,High,COD,Chicago,1209,Air,Rain,0,3,24.23
ORD-1835,Grocery,95,80.43,Low,Credit Card,San Francisco,1621,Sea,Rain,0,2,25.52
ORD-1836,Furniture,67,30.54,High,COD,Chicago,189,Air,Rain,1,3,2.9
ORD-1837,Grocery,75,147.27,High,Credit Card,San Francisco,369,Air,Snow,1,4,5.71
ORD-1838,Electronics,28,29.97,High,Credit Card,Seattle,774,Sea,Snow,1,2,13.76
ORD-1839,Grocery,88,86.08,Medium,COD,Seattle,1383,Sea,Rain,0,3,24.82
ORD-1840,Grocery,21,47.58,High,Credit Card,Seattle,1630,Sea,Rain,1,1,30.94
ORD-1841,Electronics,96,92.26,High,Credit Card,San Francisco,1849,Air,Rain,0,1,46.76
ORD-1842,Electronics,36,36.26,Low,Credit Card,Seattle,1246,Air,Rain,1,5,23.09
ORD-1843,Clothing,47,45.73,Medium,Credit Card,Seattle,668,Sea,Snow,1,2,9.53
ORD-1844,Furniture,29,61.98,Low,Credit Card,Chicago,1614,Air,Clear,0,5,46.99
ORD-1845,Grocery,10,19.34,Medium,Credit Card,Seattle,1732,Road,Snow,0,1,47.82
ORD-1846,Clothing,84,30.83,Low,COD,Chicago,1722,Air,Rain,1,5,24.46
ORD-1847,Clothing,96,40.3,High,COD,Seattle,2000,Road,Snow,0,5,28.61
ORD-1848,Electronics,16,6.88,Low,COD,Chicago,1037,Road,Snow,1,2,17.61
ORD-1849,Clothing,60,125.25,Medium,COD,Seattle,1007,Road,Rain,0,2,22.12
ORD-1850,Clothing,42,39.6,Low,Credit Card,Chicago,646,Sea,Snow,0,3,7.02
ORD-1851,Grocery,11,20.56,High,COD,Chicago,141,Sea,Clear,0,2,2.91
ORD-1852,Electronics,47,71.54,Medium,Credit Card,Dallas,666,Sea,Clear,1,0,12.67
ORD-1853,Clothing,91,52.3,High,Credit Card,Dallas,573,Air,Snow,1,0,8.54
ORD-1854,Grocery,52,83.64,High,COD,Seattle,910,Sea,Rain,0,4,12.09
ORD-1855,Clothing,12,17.14,High,COD,San Francisco,1634,Road,Clear,1,0,28.78
ORD-1856,Furniture,10,4.31,Medium,COD,Seattle,1640,Sea,Snow,1,0,28.07
ORD-1857,Furniture,36,61.91,Low,COD,Seattle,1590,Road,Rain,0,0,31.8
ORD-1858,Furniture,28,15.87,Medium,COD,Seattle,1178,Air,Clear,0,4,27.19
ORD-1859,Grocery,64,108.33,Medium,Credit Card,Chicago,898,Road,Rain,0,0,16.65
ORD-1860,Furniture,93,225.13,Low,COD,Chicago,1424,Air,Snow,0,1,27.78
ORD-1861,Grocery,2,3.53,Low,COD,Seattle,1535,Sea,Rain,1,0,30.02
ORD-1862,Grocery,13,5.18,Low,Credit Card,Dallas,345,Sea,Clear,0,3,6.03
ORD-1863,Grocery,88,18.62,High,Credit Card,Chicago,929,Road,Clear,0,0,15.13
ORD-1864,Furniture,95,71.22,Medium,COD,Chicago,1459,Air,Snow,0,3,41.08
ORD-1865,Grocery,34,42.53,High,Credit Card,San Francisco,1793,Road,Snow,1,3,27.69
ORD-1866,Furniture,57,66.88,High,Credit Card,Chicago,1309,Air,Clear,1,4,33.74
ORD-1867,Furniture,61,61.98,Medium,Credit Card,Seattle,1693,Road,Clear,0,2,42.84
ORD-1868,Grocery,59,107.59,Medium,Credit Card,San Francisco,1374,Air,Clear,1,3,26.7
ORD-1869,Grocery,10,5.34,Medium,COD,San Francisco,1082,Air,Clear,1,4,19.07
ORD-1870,Grocery,59,108.08,Medium,Credit Card,San Francisco,48,Sea,Rain,1,5,0.6
ORD-1871,Grocery,85,114.41,High,Credit Card,Seattle,206,Road,Snow,0,2,4.88
ORD-1872,Grocery,30,27.31,Low,Credit Card,Dallas,1985,Road,Clear,1,2,48.84
ORD-1873,Grocery,95,134.18,High,Credit Card,Dallas,263,Sea,Rain,1,0,5.16
ORD-1874,Electronics,68,54.32,Low,COD,San Francisco,871,Sea,Clear,0,4,13.94
ORD-1875,Furniture,53,46.65,High,COD,Chicago,1767,Air,Rain,1,5,50.13
ORD-1876,Clothing,55,50.05,Low,Credit Card,Chicago,1927,Sea,Snow,1,3,47.67
ORD-1877,Clothing,52,118.53,Low,Credit Card,Seattle,122,Road,Clear,0,5,2.14
ORD-1878,Furniture,66,103.94,Low,Credit Card,Dallas,1358,Road,Rain,1,0,25.37
ORD-1879,Clothing,46,19.85,High,COD,San Francisco,1134,Road,Rain,0,3,29.49
ORD-1880,Clothing,18,37.28,Low,COD,Dallas,437,Road,Clear,0,2,10.68
ORD-1881,Furniture,60,126.42,Medium,Credit Card,Seattle,286,Road,Snow,1,5,4.27
ORD-1882,Grocery,72,137.01,Medium,Credit Card,Seattle,1080,Road,Clear,1,4,13.06
ORD-1883,Grocery,37,64.4,Low,COD,Dallas,1255,Sea,Rain,0,2,16.39
ORD-1884,Furniture,10,19.37,Medium,Credit Card,Chicago,755,Air,Rain,1,3,19.08
ORD-1885,Furniture,2,1.6,High,Credit Card,Seattle,435,Road,Snow,0,2,8.31
ORD-1886,Furniture,90,179.35,Low,Credit Card,San Francisco,1157,Air,Snow,0,2,17.27
ORD-1887,Clothing,3,5.39,Low,Credit Card,Seattle,813,Air,Snow,0,1,12.95
ORD-1888,Clothing,84,70.88,Medium,Credit Card,Seattle,1368,Sea,Clear,1,0,21.18
ORD-1889,Furniture,99,172.96,Low,COD,San Francisco,742,Sea,Snow,0,4,12.08
ORD-1890,Furniture,69,169.53,Low,COD,Dallas,473,Road,Clear,1,3,7.94
ORD-1891,Electronics,73,46.16,High,Credit Card,Dallas,1935,Sea,Snow,0,2,38.33
ORD-1892,Furniture,84,90.88,High,COD,Seattle,63,Road,Clear,0,5,1.67
ORD-1893,Furniture,52,75.16,Medium,COD,Seattle,926,Air,Rain,1,5,15.74
ORD-1894,Electronics,81,83.85,Low,COD,Seattle,97,Road,Rain,0,0,2.15
ORD-1895,Clothing,71,140.64,Medium,COD,Seattle,1906,Sea,Clear,1,4,47.11
ORD-1896,Grocery,92,199.92,Low,COD,Dallas,897,Road,Snow,0,3,15.94
ORD-1897,Clothing,83,146.84,Medium,Credit Card,San Francisco,1571,Air,Snow,0,2,26.41
ORD-1898,Furniture,71,104.34,Low,Credit Card,Seattle,1065,Sea,Clear,0,4,20.89
ORD-1899,Grocery,49,41.37,High,COD,San Francisco,1222,Road,Snow,1,4,13.77
ORD-1900,Furniture,21,34.81,Medium,Credit Card,San Francisco,1994,Air,Rain,0,1,31.28
ORD-1901,Electronics,96,67.73,Medium,COD,Chicago,377,Road,Clear,1,1,4.9
ORD-1902,Grocery,43,85.9,Low,COD,Chicago,992,Road,Rain,0,4,21.09
ORD-1903,Clothing,31,60.01,High,Credit Card,Dallas,1969,Road,Snow,1,3,27.35
ORD-1904,Clothing,25,52.38,Low,COD,Chicago,1257,Air,Rain,1,4,13.02
ORD-1905,Grocery,33,40.23,Medium,Credit Card,Chicago,1497,Air,Rain,1,2,18.97
ORD-1906,Electronics,10,10.37,Medium,Credit Card,San Francisco,1333,Road,Snow,0,3,27.65
ORD-1907,Electronics,19,6.27,Low,COD,Chicago,1108,Road,Clear,0,1,18.73
ORD-1908,Grocery,17,23.72,Medium,Credit Card,San Francisco,515,Air,Clear,0,2,6.59
ORD-1909,Grocery,40,60.26,Medium,COD,Dallas,358,Sea,Clear,0,5,4.61
ORD-1910,Furniture,63,106.43,Low,Credit Card,Chicago,1767,Sea,Rain,0,5,43.5
ORD-1911,Clothing,67,97.05,Low,Credit Card,San Francisco,1816,Air,Clear,0,1,38.16
ORD-1912,Electronics,38,48.86,Low,COD,Dallas,129,Sea,Clear,1,0,2.87
ORD-1913,Grocery,39,66.85,High,COD,Dallas,1604,Air,Snow,1,0,35.99
ORD-1914,Furniture,97,139.73,High,COD,Dallas,1496,Sea,Snow,0,2,22.57
ORD-1915,Clothing,72,32.61,High,Credit Card,Seattle,1121,Sea,Snow,1,1,13.73
ORD-1916,Clothing,29,48.72,Low,Credit Card,Seattle,790,Air,Snow,1,3,22.15
ORD-1917,Clothing,14,9.93,Low,COD,Seattle,1856,Sea,Rain,0,1,36.6
ORD-1918,Electronics,4,5.87,High,COD,Chicago,1481,Sea,Clear,0,1,19.27
ORD-1919,Furniture,90,156.25,Medium,Credit Card,San Francisco,1839,Road,Clear,0,0,30.47
ORD-1920,Electronics,22,27.15,High,Credit Card,Seattle,1230,Road,Clear,1,5,33.59
ORD-1921,Grocery,79,176.26,Low,Credit Card,San Francisco,1340,Air,Snow,1,1,25.34
ORD-1922,Grocery,86,111.3,Low,COD,Chicago,63,Air,Snow,0,4,0.87
ORD-1923,Grocery,49,51.06,High,Credit Card,Seattle,1989,Sea,Rain,1,4,26.69
ORD-1924,Furniture,21,16.78,Medium,Credit Card,San Francisco,785,Sea,Snow,1,4,18.26
ORD-1925,Grocery,5,1.84,High,Credit Card,San Francisco,1361,Air,Snow,0,4,18.95
ORD-1926,Clothing,56,25.59,Medium,COD,San Francisco,1802,Sea,Rain,0,5,54.06
ORD-1927,Furniture,46,49.01,High,COD,Seattle,872,Sea,Clear,0,2,17.34
ORD-1928,Furniture,4,7.81,Medium,Credit Card,Dallas,648,Air,Snow,1,0,13.44
ORD-1929,Grocery,15,15.39,High,COD,Chicago,1497,Air,Snow,1,5,36.56
ORD-1930,Electronics,8,11.36,Low,Credit Card,San Francisco,539,Air,Snow,0,3,7.82
ORD-1931,Grocery,81,93.27,High,Credit Card,Dallas,1489,Sea,Snow,1,1,32.34
ORD-1932,Electronics,48,39.19,Low,Credit Card,Chicago,473,Sea,Snow,0,1,6.81
ORD-1933,Furniture,97,144.45,Medium,COD,Dallas,630,Sea,Snow,1,4,9.75
ORD-1934,Furniture,59,77.57,Low,COD,Dallas,865,Sea,Clear,0,1,12.84
ORD-1935,Furniture,87,82.82,Low,Credit Card,Chicago,1961,Air,Clear,0,2,33.17
ORD-1936,Electronics,79,152.18,Low,COD,Dallas,56,Air,Rain,0,4,1.16
ORD-1937,Grocery,33,57.48,Low,Credit Card,Dallas,1160,Road,Clear,0,4,20.38
ORD-1938,Furniture,52,48.36,High,COD,Dallas,1869,Sea,Clear,0,1,32.21
ORD-1939,Grocery,12,29.93,Medium,Credit Card,Chicago,1806,Air,Clear,1,1,44.47
ORD-1940,Electronics,34,8.3,Medium,COD,Seattle,270,Road,Rain,1,3,4.68
ORD-1941,Grocery,39,49.85,Low,Credit Card,Dallas,752,Road,Clear,1,0,10.97
ORD-1942,Clothing,74,60.3,Low,Credit Card,San Francisco,911,Sea,Rain,0,2,13.29
ORD-1943,Grocery,48,71.9,High,Credit Card,Dallas,296,Road,Snow,0,0,4.46
ORD-1944,Electronics,45,72.78,Low,COD,Chicago,1527,Road,Clear,1,5,39.51
ORD-1945,Electronics,77,130.5,Medium,COD,Chicago,806,Sea,Rain,0,1,13.75
ORD-1946,Grocery,27,34.09,Medium,Credit Card,Seattle,1343,Road,Snow,0,2,28.24
ORD-1947,Electronics,68,55.2,Medium,COD,Chicago,998,Air,Rain,1,1,17.17
ORD-1948,Furniture,32,75.23,Medium,Credit Card,Chicago,1226,Sea,Snow,0,0,20.47
ORD-1949,Grocery,47,57.53,Low,COD,Dallas,324,Road,Clear,1,5,7.38
ORD-1950,Grocery,53,131.93,High,COD,Seattle,141,Road,Snow,1,4,2.14
ORD-1951,Electronics,41,17.73,High,Credit Card,Dallas,743,Road,Clear,1,4,19.08
ORD-1952,Clothing,31,12.54,High,COD,San Francisco,304,Air,Snow,0,5,6.83
ORD-1953,Electronics,24,58.5,Low,COD,Seattle,1535,Road,Clear,0,0,40.45
ORD-1954,Clothing,43,38.76,Low,COD,Dallas,228,Sea,Rain,0,3,5.56
ORD-1955,Electronics,32,55.7,Medium,Credit Card,Dallas,412,Air,Clear,1,4,5.28
ORD-1956,Clothing,83,201.91,Medium,Credit Card,San Francisco,735,Air,Clear,0,0,10.38
ORD-1957,Electronics,26,48.71,Low,COD,San Francisco,522,Air,Rain,1,0,9.75
ORD-1958,Furniture,44,10.35,Medium,Credit Card,San Francisco,1285,Air,Rain,0,1,15.58
ORD-1959,Clothing,18,22.71,Low,COD,Dallas,1188,Sea,Clear,0,1,17.91
ORD-1960,Grocery,36,72.47,High,COD,Dallas,778,Air,Snow,1,3,18.98
ORD-1961,Furniture,76,175.99,Low,Credit Card,Dallas,741,Road,Rain,1,2,21.63
ORD-1962,Electronics,21,38.75,Low,Credit Card,Seattle,1679,Road,Clear,1,0,31.3
ORD-1963,Electronics,38,11.09,Low,Credit Card,Seattle,338,Air,Snow,1,2,5.61
ORD-1964,Clothing,81,120.6,High,COD,Dallas,1316,Sea,Clear,1,5,29.26
ORD-1965,Furniture,55,119.7,Medium,Credit Card,Chicago,683,Road,Snow,0,5,12.41
ORD-1966,Furniture,95,182.2,Medium,COD,Dallas,1064,Road,Clear,1,4,20.91
ORD-1967,Electronics,100,31.55,Medium,Credit Card,Dallas,1316,Sea,Rain,1,3,21.26
ORD-1968,Furniture,45,13.73,Low,Credit Card,San Francisco,1787,Sea,Rain,1,2,41.2
ORD-1969,Furniture,32,53.1,High,Credit Card,Chicago,1103,Sea,Snow,0,5,13.84
ORD-1970,Clothing,29,10.6,High,COD,Dallas,736,Road,Snow,0,1,9.55
ORD-1971,Clothing,64,38.85,Low,Credit Card,Seattle,1472,Road,Clear,0,2,21.96
ORD-1972,Furniture,77,77.28,High,COD,San Francisco,346,Air,Snow,0,5,5.28
ORD-1973,Electronics,5,5.08,Medium,Credit Card,Dallas,1436,Sea,Clear,0,2,34.2
ORD-1974,Grocery,66,104.54,Low,Credit Card,Dallas,1554,Road,Clear,1,1,45.15
ORD-1975,Furniture,75,149.74,Low,COD,Chicago,1871,Sea,Rain,0,3,28.1
ORD-1976,Clothing,100,35.69,Low,COD,Chicago,415,Road,Snow,0,4,7.7
ORD-1977,Electronics,81,81.56,High,COD,Dallas,1857,Air,Rain,0,0,32.38
ORD-1978,Furniture,61,136.36,High,COD,Seattle,306,Sea,Rain,0,3,4.83
ORD-1979,Electronics,61,108.36,Low,COD,Chicago,20,Air,Clear,1,5,0.4
ORD-1980,Clothing,50,120.62,Medium,COD,Seattle,1859,Sea,Clear,1,1,49.58
ORD-1981,Furniture,7,6.92,Medium,Credit Card,Chicago,784,Road,Snow,1,3,10.22
ORD-1982,Furniture,2,4.13,High,Credit Card,Dallas,53,Air,Snow,1,1,1.21
ORD-1983,Electronics,69,114.63,High,Credit Card,San Francisco,294,Road,Snow,1,1,4.63
ORD-1984,Electronics,36,78.36,Medium,COD,Dallas,1101,Air,Snow,0,1,24.81
ORD-1985,Electronics,59,12.49,High,COD,San Francisco,1974,Sea,Snow,1,2,19.78
ORD-1986,Furniture,38,90.5,Medium,COD,Chicago,853,Sea,Rain,0,1,13.15
ORD-1987,Clothing,43,59.3,Low,Credit Card,Dallas,947,Sea,Rain,1,4,23.0
ORD-1988,Grocery,3,5.18,High,Credit Card,Seattle,122,Road,Rain,1,4,2.53
ORD-1989,Clothing,43,70.56,High,COD,Chicago,1526,Sea,Snow,0,4,26.31
ORD-1990,Electronics,34,37.4,High,Credit Card,Seattle,627,Sea,Rain,1,4,8.71
ORD-1991,Grocery,58,20.05,Low,COD,Chicago,704,Road,Snow,0,5,9.79
ORD-1992,Grocery,33,29.25,High,COD,San Francisco,903,Sea,Snow,0,5,15.99
ORD-1993,Grocery,98,122.11,Low,COD,San Francisco,92,Air,Snow,0,5,1.35
ORD-1994,Grocery,7,2.93,Low,Credit Card,Seattle,1768,Road,Clear,1,5,52.51
ORD-1995,Clothing,39,16.99,High,COD,Dallas,914,Sea,Rain,0,3,10.98
ORD-1996,Furniture,12,4.73,High,COD,San Francisco,318,Air,Snow,0,4,8.15
ORD-1997,Electronics,56,16.33,High,Credit Card,Seattle,1127,Road,Snow,1,2,15.66
ORD-1998,Furniture,54,46.78,Medium,Credit Card,Seattle,1728,Sea,Snow,1,0,48.05
ORD-1999,Grocery,34,28.4,Low,COD,San Francisco,787,Air,Snow,1,5,11.98
ORD-2000,Furniture,22,4.81,High,COD,San Francisco,1701,Sea,Snow,1,0,30.15
ORD-2001,Electronics,18,22.84,Low,Credit Card,Chicago,973,Sea,Clear,0,5,17.05
ORD-2002,Clothing,94,61.59,High,COD,Seattle,1730,Air,Snow,1,4,32.72
ORD-2003,Clothing,50,27.96,Medium,COD,San Francisco,1911,Sea,Rain,0,4,42.48
ORD-2004,Grocery,30,47.54,Low,COD,San Francisco,1219,Sea,Snow,1,0,20.38
ORD-2005,Electronics,21,37.02,Low,COD,Chicago,1667,Sea,Clear,1,2,39.55
ORD-2006,Clothing,63,132.07,High,COD,San Francisco,1244,Air,Clear,0,2,18.79
ORD-2007,Furniture,22,21.61,Medium,COD,Seattle,55,Air,Snow,1,2,1.39
ORD-2008,Electronics,9,19.64,High,COD,San Francisco,1184,Air,Snow,0,1,27.21
ORD-2009,Furniture,66,46.59,Low,Credit Card,Chicago,21,Road,Rain,1,0,0.49
ORD-2010,Furniture,61,138.7,Low,Credit Card,Chicago,1815,Sea,Rain,1,5,30.76
ORD-2011,Clothing,37,67.23,High,COD,San Francisco,1254,Air,Rain,0,0,19.4
ORD-2012,Clothing,88,30.16,Medium,Credit Card,Chicago,1825,Road,Rain,1,2,41.91
ORD-2013,Furniture,55,126.98,Low,COD,Dallas,1242,Road,Rain,1,2,18.82
ORD-2014,Electronics,51,119.83,High,Credit Card,Chicago,106,Road,Clear,1,3,1.75
ORD-2015,Grocery,10,20.82,High,Credit Card,Chicago,1860,Air,Clear,1,3,25.33
ORD-2016,Furniture,42,67.23,High,COD,Seattle,1787,Road,Rain,0,0,36.85
ORD-2017,Electronics,33,81.5,High,COD,San Francisco,833,Air,Snow,1,4,14.94
ORD-2018,Furniture,80,66.99,Low,COD,San Francisco,754,Sea,Clear,0,0,14.12
ORD-2019,Electronics,68,105.11,High,Credit Card,Dallas,1204,Sea,Clear,1,0,20.96
ORD-2020,Clothing,10,14.21,Low,COD,Dallas,1037,Road,Snow,1,0,17.39
ORD-2021,Clothing,88,208.24,Medium,Credit Card,San Francisco,676,Road,Clear,1,0,8.49
ORD-2022,Furniture,85,107.01,Low,Credit Card,Seattle,628,Sea,Rain,0,1,10.78
ORD-2023,Electronics,82,169.85,Low,COD,Dallas,1101,Road,Snow,1,1,17.09
ORD-2024,Clothing,91,165.85,Medium,Credit Card,Seattle,496,Road,Rain,0,3,9.56
ORD-2025,Furniture,77,82.3,High,COD,Dallas,163,Sea,Clear,1,3,3.02
ORD-2026,Grocery,80,184.67,Low,Credit Card,Chicago,914,Air,Rain,1,0,23.38
ORD-2027,Clothing,100,210.89,High,Credit Card,Dallas,1230,Road,Clear,1,4,15.83
ORD-2028,Electronics,96,41.54,High,COD,Seattle,205,Road,Snow,0,4,5.26
ORD-2029,Furniture,79,188.03,Medium,COD,San Francisco,1069,Sea,Rain,1,5,18.5
ORD-2030,Electronics,77,51.67,High,Credit Card,San Francisco,830,Road,Clear,0,4,17.06
ORD-2031,Clothing,23,43.82,Medium,COD,San Francisco,1161,Road,Snow,1,3,20.8
ORD-2032,Grocery,1,2.44,Low,COD,Seattle,501,Road,Clear,1,3,9.5
ORD-2033,Clothing,90,105.49,Low,COD,Chicago,1518,Road,Clear,1,2,28.2
ORD-2034,Grocery,11,21.35,Medium,Credit Card,Chicago,1777,Sea,Snow,1,3,39.55
ORD-2035,Furniture,73,35.85,High,Credit Card,Chicago,1533,Air,Clear,0,3,29.9
ORD-2036,Grocery,20,38.33,Low,COD,San Francisco,190,Sea,Snow,0,4,4.44
ORD-2037,Furniture,13,28.9,Medium,Credit Card,Chicago,911,Air,Rain,1,1,13.61
ORD-2038,Clothing,37,37.87,Medium,Credit Card,Seattle,651,Air,Clear,0,0,10.4
ORD-2039,Furniture,27,35.51,Low,Credit Card,Chicago,834,Sea,Rain,1,1,19.12
ORD-2040,Clothing,29,40.95,Medium,COD,Seattle,425,Road,Snow,0,0,5.52
ORD-2041,Furniture,75,139.99,Medium,Credit Card,San Francisco,1480,Road,Clear,0,1,23.35
ORD-2042,Furniture,29,71.2,Medium,COD,Seattle,972,Road,Clear,0,2,20.75
ORD-2043,Electronics,80,176.66,Low,COD,Dallas,807,Road,Snow,0,4,15.09
ORD-2044,Clothing,16,33.9,High,COD,San Francisco,56,Sea,Snow,1,2,1.34
ORD-2045,Electronics,40,95.36,High,Credit Card,Seattle,1386,Road,Snow,1,4,37.61
ORD-2046,Electronics,13,15.68,Low,COD,San Francisco,1543,Air,Clear,1,4,40.6
ORD-2047,Clothing,95,157.13,High,Credit Card,Dallas,541,Road,Snow,1,2,8.22
ORD-2048,Clothing,44,66.18,High,COD,San Francisco,216,Road,Rain,0,5,4.23
ORD-2049,Grocery,24,14.5,Medium,COD,Seattle,979,Air,Rain,0,2,20.61
ORD-2050,Electronics,38,8.4,Low,Credit Card,Chicago,426,Sea,Clear,1,0,6.03
ORD-2051,Clothing,99,23.33,Low,COD,San Francisco,1600,Road,Clear,0,1,35.18
ORD-2052,Electronics,79,186.84,Medium,COD,Chicago,27,Road,Rain,1,3,0.78
ORD-2053,Clothing,32,65.48,Medium,COD,Chicago,665,Road,Snow,1,4,11.96
ORD-2054,Furniture,8,6.8,High,COD,Chicago,1787,Air,Rain,0,5,30.74
ORD-2055,Clothing,74,129.74,Low,COD,Chicago,460,Air,Rain,0,0,7.12
ORD-2056,Furniture,79,22.85,High,COD,Chicago,145,Road,Clear,1,1,1.83
ORD-2057,Grocery,53,72.24,Low,Credit Card,Dallas,943,Air,Snow,0,2,13.84
ORD-2058,Electronics,74,177.4,Medium,Credit Card,Dallas,307,Sea,Snow,1,3,4.52
ORD-2059,Grocery,21,42.65,Medium,COD,Dallas,1053,Sea,Rain,0,3,20.32
ORD-2060,Electronics,34,7.34,Medium,COD,San Francisco,822,Air,Rain,0,3,13.74
ORD-2061,Furniture,66,139.13,Low,COD,Dallas,1424,Air,Rain,1,2,40.85
ORD-2062,Furniture,76,95.48,Low,COD,Seattle,190,Sea,Snow,0,4,2.87
ORD-2063,Electronics,61,13.73,Low,COD,San Francisco,1207,Sea,Clear,0,3,24.4
ORD-2064,Clothing,40,93.37,Low,COD,Dallas,744,Road,Clear,0,3,16.13
ORD-2065,Clothing,91,225.99,High,COD,San Francisco,1653,Road,Clear,1,5,26.11
ORD-2066,Clothing,15,33.74,High,Credit Card,San Francisco,516,Air,Clear,0,1,8.15
ORD-2067,Grocery,15,25.46,Medium,Credit Card,San Francisco,590,Air,Rain,1,1,12.48
ORD-2068,Electronics,86,210.26,Medium,Credit Card,Dallas,1676,Road,Clear,0,2,27.3
ORD-2069,Electronics,58,21.94,High,Credit Card,Seattle,444,Sea,Clear,1,2,7.3
ORD-2070,Grocery,53,129.77,Low,Credit Card,San Francisco,1823,Road,Snow,0,2,26.74
ORD-2071,Grocery,76,66.33,Low,COD,Dallas,132,Air,Clear,0,1,2.23
ORD-2072,Grocery,7,4.99,High,COD,Dallas,685,Road,Snow,1,1,11.48
ORD-2073,Electronics,82,169.82,Medium,COD,Dallas,1838,Sea,Clear,1,3,28.79
ORD-2074,Electronics,75,46.65,Medium,Credit Card,San Francisco,1289,Road,Rain,0,4,18.88
ORD-2075,Grocery,36,17.85,Medium,Credit Card,Seattle,1801,Road,Rain,0,1,30.52
ORD-2076,Grocery,66,58.92,High,Credit Card,Dallas,1159,Air,Snow,1,4,24.38
ORD-2077,Clothing,28,57.71,Medium,COD,Chicago,1554,Sea,Clear,1,0,28.68
ORD-2078,Clothing,11,11.39,Medium,COD,Seattle,910,Air,Rain,0,0,9.86
ORD-2079,Clothing,70,158.52,Low,COD,Chicago,1289,Road,Rain,0,5,20.61
ORD-2080,Clothing,99,175.8,Medium,COD,Chicago,902,Air,Rain,1,4,13.64
ORD-2081,Electronics,20,31.92,Low,COD,Chicago,1027,Air,Snow,1,3,15.56
ORD-2082,Furniture,39,62.81,Low,COD,Seattle,943,Sea,Rain,0,4,26.3
ORD-2083,Furniture,88,96.4,High,COD,Seattle,1509,Air,Snow,1,4,18.43
ORD-2084,Clothing,2,3.33,Medium,Credit Card,Seattle,1856,Sea,Clear,1,5,29.76
ORD-2085,Furniture,41,14.61,Medium,COD,San Francisco,538,Air,Snow,1,3,8.19
ORD-2086,Clothing,14,33.07,High,Credit Card,Dallas,1528,Sea,Clear,0,0,42.07
ORD-2087,Furniture,2,0.61,High,COD,San Francisco,1084,Road,Rain,1,3,21.37
ORD-2088,Furniture,71,17.94,Low,Credit Card,San Francisco,1044,Air,Rain,1,5,17.36
ORD-2089,Electronics,90,111.5,Low,COD,Chicago,1673,Sea,Rain,0,5,26.73
ORD-2090,Furniture,29,72.26,Low,Credit Card,Dallas,370,Sea,Clear,0,0,6.0
ORD-2091,Grocery,88,169.44,Low,Credit Card,Seattle,1202,Road,Snow,0,1,29.94
ORD-2092,Clothing,39,34.08,Medium,COD,San Francisco,1564,Air,Snow,1,3,23.08
ORD-2093,Furniture,65,34.59,Low,COD,Dallas,1598,Sea,Rain,0,5,28.05
ORD-2094,Clothing,58,75.6,High,Credit Card,San Francisco,1640,Sea,Rain,1,2,31.29
ORD-2095,Electronics,69,61.56,Medium,Credit Card,Seattle,1332,Sea,Clear,1,2,14.58
ORD-2096,Electronics,17,38.15,Low,COD,Chicago,527,Air,Clear,1,0,9.17
ORD-2097,Clothing,21,17.17,High,Credit Card,Seattle,1087,Air,Snow,1,3,14.35
ORD-2098,Clothing,86,136.05,Low,COD,Chicago,1715,Air,Snow,1,3,37.86
ORD-2099,Clothing,93,107.08,Medium,Credit Card,Chicago,811,Road,Clear,1,0,19.95
ORD-2100,Furniture,4,1.27,Low,COD,Chicago,763,Road,Rain,0,5,14.31
ORD-2101,Grocery,48,68.98,High,Credit Card,Chicago,146,Road,Rain,0,1,4.28
ORD-2102,Grocery,68,65.07,Medium,Credit Card,San Francisco,541,Air,Snow,0,0,9.87
ORD-2103,Grocery,29,36.52,Medium,Credit Card,Dallas,81,Sea,Rain,0,0,1.23
ORD-2104,Electronics,88,21.21,Low,Credit Card,Dallas,1061,Sea,Snow,1,5,22.15
ORD-2105,Clothing,47,17.39,Low,COD,Seattle,554,Road,Rain,1,0,8.74
ORD-2106,Grocery,30,14.28,Medium,COD,Chicago,1861,Road,Rain,0,1,30.84
ORD-2107,Grocery,50,31.91,Medium,Credit Card,Chicago,1982,Sea,Clear,1,0,53.67
ORD-2108,Clothing,77,185.33,Medium,COD,Seattle,1078,Air,Clear,1,1,16.45
ORD-2109,Clothing,34,9.21,Medium,COD,Dallas,182,Road,Clear,0,2,3.28
ORD-2110,Electronics,1,1.04,Low,Credit Card,Chicago,43,Road,Clear,1,5,0.59
ORD-2111,Furniture,45,43.22,Medium,Credit Card,San Francisco,202,Sea,Clear,0,2,5.72
ORD-2112,Grocery,48,118.13,Medium,Credit Card,Chicago,125,Air,Snow,1,0,2.71
ORD-2113,Furniture,69,71.55,Medium,Credit Card,Dallas,1695,Air,Clear,1,0,47.2
ORD-2114,Clothing,56,79.82,Medium,COD,San Francisco,960,Road,Rain,1,1,21.97
ORD-2115,Furniture,45,47.16,High,COD,Dallas,371,Sea,Clear,0,1,5.31
ORD-2116,Grocery,20,10.79,Medium,Credit Card,Chicago,1290,Air,Rain,1,1,18.23
ORD-2117,Furniture,88,197.37,Low,COD,Seattle,850,Air,Clear,1,0,19.23
ORD-2118,Clothing,29,51.05,High,Credit Card,Dallas,24,Sea,Rain,0,0,0.54
ORD-2119,Furniture,79,44.21,Medium,Credit Card,Seattle,1288,Sea,Snow,0,3,31.92
ORD-2120,Electronics,43,56.22,Medium,COD,Seattle,170,Air,Rain,0,1,2.12
ORD-2121,Grocery,28,21.41,Low,Credit Card,San Francisco,90,Sea,Snow,0,2,1.91
ORD-2122,Furniture,86,193.16,Low,COD,Seattle,296,Air,Snow,1,2,4.51
ORD-2123,Furniture,39,64.05,Medium,COD,Dallas,1267,Air,Snow,0,1,22.64
ORD-2124,Electronics,89,26.74,Low,Credit Card,Seattle,1042,Sea,Snow,1,0,18.45
ORD-2125,Clothing,14,19.8,Low,COD,Seattle,760,Air,Rain,1,3,10.91
ORD-2126,Furniture,49,110.17,High,COD,San Francisco,895,Sea,Clear,1,5,14.52
ORD-2127,Grocery,19,20.73,Low,COD,Seattle,1870,Road,Clear,1,2,26.66
ORD-2128,Grocery,1,0.91,Medium,COD,San Francisco,1021,Road,Snow,1,1,16.9
ORD-2129,Grocery,39,38.26,Medium,Credit Card,San Francisco,1943,Road,Rain,0,5,36.03
ORD-2130,Electronics,96,92.68,Low,Credit Card,Dallas,1535,Road,Snow,0,5,33.49
ORD-2131,Electronics,59,64.02,Medium,COD,Chicago,850,Road,Snow,1,5,16.61
ORD-2132,Electronics,14,32.93,Low,Credit Card,Seattle,325,Sea,Clear,0,5,5.83
ORD-2133,Clothing,66,18.53,Medium,Credit Card,Seattle,1992,Road,Snow,1,1,38.82
ORD-2134,Electronics,81,163.11,High,Credit Card,San Francisco,910,Road,Rain,1,0,20.02
ORD-2135,Furniture,16,22.19,Medium,COD,Dallas,331,Road,Snow,1,2,5.61
ORD-2136,Grocery,71,37.23,High,COD,Chicago,1252,Sea,Clear,1,3,15.2
ORD-2137,Furniture,60,119.38,Low,Credit Card,Dallas,1940,Air,Rain,0,4,49.59
ORD-2138,Electronics,51,76.52,Low,COD,Seattle,746,Sea,Clear,1,0,9.12
ORD-2139,Furniture,83,81.82,Low,COD,San Francisco,200,Air,Snow,0,5,3.88
ORD-2140,Clothing,24,17.68,Low,COD,Dallas,1938,Road,Snow,0,5,25.48
ORD-2141,Furniture,3,7.16,Low,Credit Card,Chicago,322,Road,Snow,0,4,7.02
ORD-2142,Clothing,33,81.5,High,Credit Card,Dallas,1346,Air,Rain,1,0,38.02
ORD-2143,Furniture,57,30.3,High,COD,San Francisco,789,Sea,Clear,0,0,15.25
ORD-2144,Clothing,37,85.93,High,Credit Card,Chicago,359,Air,Snow,1,1,5.09
ORD-2145,Electronics,41,60.87,Low,Credit Card,San Francisco,1420,Road,Clear,0,2,20.24
ORD-2146,Electronics,79,121.88,Low,COD,Chicago,420,Sea,Clear,1,2,5.59
ORD-2147,Furniture,28,47.99,High,COD,San Francisco,218,Air,Rain,1,2,3.3
ORD-2148,Clothing,84,102.22,High,COD,Chicago,296,Air,Rain,1,3,5.39
ORD-2149,Electronics,5,4.12,Medium,COD,Dallas,119,Air,Clear,0,4,2.15
ORD-2150,Grocery,91,197.18,Medium,Credit Card,Dallas,1338,Sea,Rain,1,1,27.95
ORD-2151,Grocery,50,47.22,Medium,COD,Seattle,209,Road,Rain,0,3,2.83
ORD-2152,Electronics,63,57.96,Low,Credit Card,Dallas,1824,Sea,Snow,1,4,31.98
ORD-2153,Furniture,17,31.34,High,Credit Card,Dallas,802,Air,Snow,0,4,12.47
ORD-2154,Electronics,9,7.14,High,COD,Dallas,736,Road,Rain,1,3,12.15
ORD-2155,Clothing,98,181.97,Low,COD,San Francisco,1755,Air,Clear,0,4,33.71
ORD-2156,Furniture,36,65.89,Low,COD,Chicago,1107,Air,Snow,0,3,17.86
ORD-2157,Electronics,37,53.85,Low,COD,San Francisco,278,Air,Clear,0,4,3.55
ORD-2158,Clothing,82,109.26,High,COD,San Francisco,281,Air,Clear,1,2,3.88
ORD-2159,Furniture,48,87.92,Medium,Credit Card,Seattle,1989,Sea,Snow,1,3,31.27
ORD-2160,Clothing,35,44.28,High,COD,Seattle,1749,Sea,Clear,0,3,27.39
ORD-2161,Electronics,9,18.01,Low,Credit Card,San Francisco,1906,Air,Rain,0,0,31.69
ORD-2162,Electronics,78,140.72,Medium,COD,San Francisco,1565,Sea,Rain,0,5,24.06
ORD-2163,Grocery,11,18.65,High,Credit Card,Seattle,1961,Road,Clear,0,3,28.73
ORD-2164,Clothing,64,50.92,Low,COD,Seattle,1442,Air,Clear,0,1,35.03
ORD-2165,Electronics,62,142.45,Low,Credit Card,Dallas,1398,Air,Clear,1,4,22.86
ORD-2166,Electronics,80,168.83,High,Credit Card,Dallas,657,Air,Snow,1,2,14.89
ORD-2167,Furniture,22,17.34,High,COD,Chicago,1163,Air,Snow,0,5,23.46
ORD-2168,Electronics,32,44.74,High,COD,Dallas,1543,Sea,Rain,1,5,30.55
ORD-2169,Furniture,51,19.47,High,Credit Card,Chicago,681,Air,Rain,0,3,16.05
ORD-2170,Furniture,55,27.13,Medium,COD,Seattle,886,Sea,Clear,0,3,13.71
ORD-2171,Grocery,100,228.61,Low,COD,Chicago,85,Air,Snow,0,1,1.98
ORD-2172,Electronics,98,50.7,Low,Credit Card,San Francisco,254,Air,Snow,0,1,4.72
ORD-2173,Electronics,81,116.93,Low,Credit Card,San Francisco,736,Sea,Clear,1,5,16.4
ORD-2174,Grocery,94,46.18,High,Credit Card,San Francisco,1331,Sea,Clear,0,0,26.59
ORD-2175,Electronics,68,73.05,Low,Credit Card,Seattle,344,Air,Snow,0,0,5.21
ORD-2176,Furniture,18,27.44,Low,Credit Card,San Francisco,1323,Road,Rain,0,0,37.04
ORD-2177,Clothing,98,157.34,High,Credit Card,Dallas,1228,Road,Rain,0,3,21.92
ORD-2178,Electronics,45,89.11,Low,COD,Dallas,78,Sea,Rain,0,4,0.93
ORD-2179,Clothing,63,100.42,Low,COD,Chicago,984,Air,Rain,1,2,13.72
ORD-2180,Furniture,15,10.26,Low,COD,Chicago,799,Air,Clear,1,5,23.24
ORD-2181,Grocery,83,168.46,Low,Credit Card,Chicago,1555,Sea,Rain,0,3,21.57
ORD-2182,Clothing,87,136.92,Medium,Credit Card,Chicago,364,Air,Snow,1,3,3.72
ORD-2183,Furniture,76,132.91,High,COD,San Francisco,25,Sea,Snow,0,0,0.5
ORD-2184,Grocery,77,106.6,High,Credit Card,Dallas,857,Road,Rain,1,4,12.41
ORD-2185,Clothing,10,16.04,Low,Credit Card,Chicago,1122,Sea,Rain,0,0,14.76
ORD-2186,Grocery,84,83.36,Medium,COD,Dallas,836,Road,Clear,0,0,21.86
ORD-2187,Clothing,70,84.96,Medium,COD,Seattle,365,Sea,Clear,0,3,8.95
ORD-2188,Furniture,13,29.89,Medium,COD,San Francisco,22,Air,Snow,1,0,0.35
ORD-2189,Electronics,97,54.73,Medium,Credit Card,Seattle,1776,Air,Rain,1,3,42.12
ORD-2190,Clothing,73,144.89,Low,Credit Card,Dallas,1052,Air,Rain,0,5,13.33
ORD-2191,Electronics,9,2.85,Low,COD,San Francisco,68,Air,Clear,0,3,1.0
ORD-2192,Clothing,26,46.27,Low,Credit Card,Chicago,1240,Road,Clear,0,3,32.01
ORD-2193,Furniture,74,46.15,Low,Credit Card,San Francisco,1643,Air,Snow,1,5,26.99
ORD-2194,Grocery,67,124.38,Low,Credit Card,Seattle,1855,Sea,Clear,0,4,46.62
ORD-2195,Clothing,81,106.81,Medium,COD,Chicago,531,Sea,Clear,1,4,11.4
ORD-2196,Furniture,64,135.37,Medium,COD,Seattle,571,Road,Rain,1,1,12.47
ORD-2197,Clothing,39,63.97,High,Credit Card,Dallas,534,Sea,Clear,1,3,13.6
ORD-2198,Furniture,51,37.56,Low,COD,Seattle,1546,Sea,Rain,0,2,37.52
ORD-2199,Grocery,5,7.31,High,COD,Chicago,1838,Air,Rain,0,4,25.15
ORD-2200,Clothing,78,26.24,Low,COD,Seattle,1079,Air,Snow,0,1,23.08
ORD-2201,Furniture,52,38.28,Low,Credit Card,Seattle,683,Air,Clear,1,5,16.34
ORD-2202,Furniture,64,55.1,High,COD,Seattle,196,Road,Rain,0,3,4.07
ORD-2203,Grocery,97,130.63,High,COD,Chicago,847,Air,Clear,1,3,10.46
ORD-2204,Grocery,72,75.57,Medium,COD,Chicago,267,Air,Rain,0,2,4.49
ORD-2205,Electronics,16,25.94,Low,Credit Card,Chicago,1123,Air,Snow,1,0,22.11
ORD-2206,Electronics,44,106.91,Low,COD,Seattle,409,Air,Clear,1,0,5.04
ORD-2207,Clothing,15,3.42,Medium,Credit Card,San Francisco,1044,Sea,Rain,0,2,15.53
ORD-2208,Electronics,78,83.54,High,COD,Dallas,1449,Road,Rain,0,5,40.08
ORD-2209,Furniture,28,28.63,Low,COD,Chicago,630,Air,Clear,0,0,7.62
ORD-2210,Electronics,39,22.71,Low,Credit Card,Chicago,1179,Air,Rain,0,5,24.52
ORD-2211,Clothing,1,1.51,Low,Credit Card,Chicago,935,Air,Snow,1,4,13.98
ORD-2212,Electronics,31,66.67,Low,COD,Seattle,433,Air,Snow,1,0,7.39
ORD-2213,Clothing,43,28.97,High,Credit Card,Seattle,1255,Sea,Snow,1,0,36.17
ORD-2214,Furniture,46,88.67,Medium,Credit Card,San Francisco,1072,Sea,Rain,0,2,19.44
ORD-2215,Furniture,88,195.42,High,Credit Card,San Francisco,1469,Sea,Clear,1,3,21.7
ORD-2216,Grocery,88,75.1,Medium,Credit Card,Dallas,1201,Air,Snow,1,2,21.0
ORD-2217,Electronics,44,104.73,High,COD,Dallas,736,Air,Snow,0,2,13.92
ORD-2218,Electronics,60,72.13,High,COD,Dallas,699,Sea,Clear,0,0,15.69
ORD-2219,Clothing,30,16.87,Medium,COD,Seattle,321,Sea,Snow,0,4,5.15
ORD-2220,Furniture,11,15.25,High,Credit Card,Dallas,754,Sea,Snow,1,5,15.91
ORD-2221,Furniture,72,177.01,Medium,Credit Card,Chicago,50,Road,Snow,1,5,1.15
ORD-2222,Clothing,35,19.36,Low,COD,Chicago,1671,Air,Clear,1,3,39.74
ORD-2223,Furniture,3,6.9,Medium,COD,Dallas,335,Air,Snow,0,5,9.85
ORD-2224,Furniture,60,72.41,Medium,COD,Dallas,97,Road,Snow,0,4,1.28
ORD-2225,Electronics,26,46.4,Medium,Credit Card,San Francisco,16,Road,Clear,1,3,0.45
ORD-2226,Electronics,94,35.96,High,COD,Seattle,360,Air,Snow,1,1,3.88
ORD-2227,Furniture,64,66.23,High,Credit Card,Dallas,873,Road,Rain,0,5,12.21
ORD-2228,Electronics,40,97.63,High,Credit Card,Chicago,1745,Sea,Snow,0,5,25.49
ORD-2229,Grocery,21,44.83,Medium,COD,Chicago,597,Air,Rain,0,0,9.66
ORD-2230,Electronics,60,13.32,High,Credit Card,Chicago,1519,Road,Clear,0,1,37.88
ORD-2231,Clothing,24,30.6,Low,Credit Card,San Francisco,1755,Air,Rain,0,5,27.03
ORD-2232,Grocery,85,178.98,Low,Credit Card,San Francisco,783,Air,Rain,0,4,13.45
ORD-2233,Clothing,56,48.77,Medium,COD,Dallas,372,Air,Clear,0,2,5.15
ORD-2234,Electronics,82,197.87,Medium,COD,Dallas,126,Road,Snow,0,3,1.95
ORD-2235,Grocery,25,13.64,High,Credit Card,Dallas,1167,Sea,Rain,0,0,27.92
ORD-2236,Clothing,10,14.71,Low,Credit Card,San Francisco,695,Road,Clear,0,3,9.19
ORD-2237,Grocery,79,23.86,High,COD,Chicago,1047,Sea,Clear,0,1,31.3
ORD-2238,Clothing,79,148.08,Low,Credit Card,San Francisco,1603,Road,Snow,0,5,27.66
ORD-2239,Grocery,12,8.37,High,Credit Card,San Francisco,635,Road,Rain,1,0,13.39
ORD-2240,Electronics,51,104.58,High,Credit Card,Chicago,1596,Sea,Rain,0,1,26.39
ORD-2241,Electronics,94,78.87,Low,Credit Card,Dallas,68,Sea,Rain,0,2,1.27
ORD-2242,Furniture,44,79.61,Low,COD,San Francisco,445,Road,Snow,1,3,9.77
ORD-2243,Furniture,68,143.34,High,COD,San Francisco,60,Air,Clear,0,5,0.89
ORD-2244,Grocery,78,154.7,High,COD,Chicago,1673,Road,Snow,0,2,26.39
ORD-2245,Clothing,9,4.72,High,COD,Chicago,121,Air,Snow,0,0,1.66
ORD-2246,Furniture,95,46.37,Low,COD,Dallas,1102,Sea,Snow,1,4,21.29
ORD-2247,Grocery,96,189.74,Low,COD,Chicago,444,Road,Rain,1,3,6.55
ORD-2248,Furniture,50,50.06,Medium,Credit Card,San Francisco,158,Sea,Clear,0,2,2.1
ORD-2249,Clothing,99,155.59,High,COD,San Francisco,1249,Road,Snow,1,2,20.08
ORD-2250,Clothing,52,90.38,Low,COD,Dallas,923,Sea,Snow,1,3,11.68
ORD-2251,Clothing,32,24.33,Low,COD,Dallas,1595,Road,Clear,1,1,28.39
ORD-2252,Clothing,28,11.54,Low,Credit Card,San Francisco,1099,Air,Rain,0,4,20.19
ORD-2253,Furniture,72,76.06,Medium,Credit Card,Dallas,1793,Sea,Snow,0,0,39.71
ORD-2254,Clothing,76,29.84,High,COD,San Francisco,1951,Air,Clear,0,5,33.74
ORD-2255,Clothing,43,40.06,Medium,COD,Seattle,920,Sea,Clear,1,1,13.22
ORD-2256,Furniture,7,7.12,Low,Credit Card,Dallas,1804,Road,Clear,1,2,31.1
ORD-2257,Furniture,95,195.33,High,COD,San Francisco,181,Sea,Clear,0,5,3.23
ORD-2258,Grocery,3,1.57,High,Credit Card,San Francisco,427,Air,Snow,0,4,7.59
ORD-2259,Clothing,8,4.61,Low,COD,Chicago,1578,Sea,Clear,1,2,26.39
ORD-2260,Furniture,5,9.52,Medium,Credit Card,Dallas,357,Road,Rain,1,5,9.61
ORD-2261,Grocery,98,65.68,High,COD,Seattle,1980,Air,Clear,0,3,46.84
ORD-2262,Grocery,93,159.33,High,COD,Seattle,507,Road,Snow,1,2,8.95
ORD-2263,Furniture,74,74.38,Low,Credit Card,San Francisco,378,Road,Clear,0,2,7.26
ORD-2264,Furniture,4,7.79,High,COD,San Francisco,35,Sea,Snow,1,0,0.51
ORD-2265,Grocery,38,87.6,Medium,COD,Dallas,243,Road,Clear,0,4,4.67
ORD-2266,Furniture,2,4.44,Medium,COD,Dallas,1861,Sea,Clear,0,5,30.71
ORD-2267,Electronics,95,230.71,Medium,Credit Card,Seattle,1929,Sea,Clear,1,0,29.31
ORD-2268,Furniture,21,13.09,High,COD,Chicago,160,Sea,Rain,0,3,2.01
ORD-2269,Grocery,73,116.02,Medium,Credit Card,Seattle,1747,Road,Snow,1,1,29.05
ORD-2270,Clothing,19,13.24,Low,COD,San Francisco,1157,Air,Clear,1,4,26.62
ORD-2271,Electronics,64,25.76,Low,COD,Seattle,1971,Air,Rain,1,5,29.74
ORD-2272,Furniture,44,103.24,Low,Credit Card,Seattle,1866,Sea,Clear,0,1,31.6
ORD-2273,Furniture,27,11.16,Low,Credit Card,Chicago,156,Air,Rain,0,4,2.29
ORD-2274,Clothing,73,145.07,Low,Credit Card,Seattle,487,Road,Snow,0,2,7.53
ORD-2275,Electronics,41,46.69,Low,COD,Seattle,347,Sea,Clear,1,2,6.35
ORD-2276,Grocery,46,48.17,Low,COD,San Francisco,673,Air,Rain,0,3,10.08
ORD-2277,Electronics,90,108.24,Low,COD,Dallas,843,Sea,Rain,0,4,10.54
ORD-2278,Furniture,47,27.39,Low,Credit Card,Dallas,31,Road,Snow,0,5,0.34
ORD-2279,Grocery,22,41.88,Low,Credit Card,Seattle,1673,Sea,Snow,1,4,43.17
ORD-2280,Electronics,20,5.79,Low,Credit Card,Chicago,1912,Air,Clear,1,3,31.68
ORD-2281,Electronics,96,176.53,Medium,COD,Seattle,1886,Sea,Rain,0,4,28.52
ORD-2282,Grocery,73,107.21,High,COD,Chicago,149,Sea,Clear,0,1,2.36
ORD-2283,Furniture,78,100.19,Low,Credit Card,San Francisco,1557,Sea,Clear,1,2,16.96
ORD-2284,Grocery,86,68.48,Medium,Credit Card,Seattle,828,Sea,Clear,1,3,8.91
ORD-2285,Clothing,36,20.0,Medium,COD,Seattle,1723,Road,Clear,1,5,30.72
ORD-2286,Grocery,57,129.58,High,Credit Card,Seattle,220,Sea,Clear,1,2,2.45
ORD-2287,Grocery,64,61.13,Medium,COD,Seattle,1548,Sea,Rain,1,1,26.76
ORD-2288,Grocery,96,116.7,Medium,COD,Dallas,1561,Road,Snow,1,4,33.82
ORD-2289,Clothing,35,12.13,High,Credit Card,San Francisco,1108,Road,Rain,1,1,24.7
ORD-2290,Clothing,70,24.21,High,Credit Card,Dallas,129,Sea,Clear,0,5,2.07
ORD-2291,Furniture,60,88.92,Low,Credit Card,San Francisco,1106,Sea,Snow,0,4,15.45
ORD-2292,Grocery,66,48.42,Medium,COD,Dallas,973,Sea,Clear,1,1,19.54
ORD-2293,Electronics,13,14.72,High,Credit Card,Chicago,1775,Sea,Rain,0,2,24.7
ORD-2294,Clothing,45,99.45,Medium,COD,Chicago,1018,Sea,Snow,0,3,13.33
ORD-2295,Clothing,35,66.44,Medium,COD,Dallas,1147,Road,Clear,0,1,26.34
ORD-2296,Furniture,7,12.22,Medium,COD,Seattle,989,Air,Snow,0,0,27.75
ORD-2297,Electronics,96,52.95,Low,Credit Card,Seattle,30,Sea,Rain,0,5,0.7
ORD-2298,Grocery,7,8.54,High,COD,San Francisco,1494,Road,Snow,1,2,23.12
ORD-2299,Grocery,17,38.25,High,COD,San Francisco,1574,Air,Clear,0,0,30.49
ORD-2300,Grocery,7,12.94,Medium,COD,San Francisco,370,Sea,Clear,0,5,5.31
ORD-2301,Grocery,77,76.61,Medium,COD,Dallas,1208,Sea,Clear,0,4,23.3
ORD-2302,Furniture,76,84.49,Medium,COD,San Francisco,1547,Air,Clear,0,4,20.54
ORD-2303,Furniture,83,65.03,High,COD,San Francisco,653,Air,Clear,1,1,15.92
ORD-2304,Electronics,1,2.45,Medium,COD,San Francisco,107,Air,Rain,1,2,2.1
ORD-2305,Electronics,18,21.08,Low,COD,Seattle,1252,Air,Clear,1,5,18.78
ORD-2306,Grocery,43,95.22,Low,Credit Card,Chicago,228,Air,Clear,1,4,3.51
ORD-2307,Grocery,78,148.94,Low,Credit Card,Dallas,1837,Air,Clear,0,1,36.18
ORD-2308,Clothing,23,50.05,High,Credit Card,San Francisco,1175,Road,Snow,0,2,15.35
ORD-2309,Electronics,53,35.64,Low,Credit Card,Seattle,1142,Road,Clear,0,5,31.29
ORD-2310,Grocery,66,18.15,High,COD,Seattle,422,Air,Snow,1,1,7.72
ORD-2311,Furniture,49,55.38,Medium,COD,Dallas,1324,Air,Clear,0,3,31.26
ORD-2312,Electronics,98,31.63,Low,Credit Card,Seattle,446,Air,Rain,0,3,11.04
ORD-2313,Grocery,63,109.47,Low,Credit Card,Chicago,1434,Sea,Snow,0,1,28.42
ORD-2314,Clothing,61,117.67,Medium,COD,San Francisco,1718,Sea,Rain,1,5,28.09
ORD-2315,Electronics,15,8.36,Low,COD,Dallas,1900,Air,Clear,1,2,32.15
ORD-2316,Furniture,98,62.4,Medium,Credit Card,San Francisco,1373,Road,Snow,0,0,23.29
ORD-2317,Clothing,82,161.13,Low,COD,Seattle,1782,Sea,Snow,0,4,30.88
ORD-2318,Electronics,82,45.87,Medium,Credit Card,Seattle,331,Road,Rain,0,0,5.77
ORD-2319,Electronics,19,3.8,Medium,COD,Seattle,1855,Sea,Snow,0,4,23.88
ORD-2320,Grocery,19,16.48,Low,Credit Card,Chicago,645,Sea,Rain,0,1,13.82
ORD-2321,Electronics,93,192.45,High,COD,Chicago,889,Sea,Snow,1,4,15.83
ORD-2322,Furniture,40,17.97,Low,COD,Dallas,1828,Road,Clear,0,0,29.22
ORD-2323,Electronics,64,139.1,Low,Credit Card,San Francisco,18,Road,Snow,1,0,0.32
ORD-2324,Grocery,61,20.27,High,COD,San Francisco,761,Road,Rain,1,1,16.56
ORD-2325,Grocery,35,31.39,Medium,COD,Chicago,1267,Road,Snow,0,0,19.86
ORD-2326,Grocery,100,174.6,High,COD,Chicago,1830,Sea,Snow,0,5,43.74
ORD-2327,Electronics,2,3.44,Low,COD,Seattle,1152,Air,Rain,1,3,17.32
ORD-2328,Electronics,44,63.87,Low,Credit Card,Chicago,1534,Air,Clear,1,1,27.31
ORD-2329,Grocery,32,15.71,Low,Credit Card,Chicago,491,Road,Clear,0,2,6.02
ORD-2330,Furniture,67,55.15,Medium,COD,Dallas,1940,Road,Clear,0,1,36.49
ORD-2331,Furniture,78,131.34,Medium,Credit Card,Chicago,116,Sea,Snow,0,4,1.17
ORD-2332,Grocery,67,40.99,Low,Credit Card,Chicago,492,Sea,Rain,0,1,9.96
ORD-2333,Furniture,79,78.16,Medium,COD,Chicago,1478,Road,Rain,1,5,23.53
ORD-2334,Electronics,95,217.35,Medium,COD,Dallas,1142,Road,Snow,1,0,23.49
ORD-2335,Electronics,82,152.02,Low,COD,Seattle,1680,Road,Clear,0,2,29.66
ORD-2336,Electronics,18,29.14,Low,COD,Seattle,1184,Road,Clear,1,2,14.29
ORD-2337,Electronics,93,114.01,Low,Credit Card,Seattle,151,Road,Rain,0,0,1.74
ORD-2338,Electronics,41,63.17,Low,COD,Dallas,1578,Road,Snow,0,2,41.22
ORD-2339,Electronics,46,36.42,Low,COD,Seattle,754,Road,Clear,1,0,11.75
ORD-2340,Furniture,19,7.48,Low,COD,San Francisco,1076,Road,Clear,0,3,20.13
ORD-2341,Clothing,18,38.98,Medium,COD,Dallas,1587,Sea,Rain,1,3,20.0
ORD-2342,Clothing,17,38.22,High,Credit Card,Chicago,1520,Air,Clear,0,1,31.85
ORD-2343,Furniture,61,103.08,Low,COD,Seattle,1610,Sea,Snow,0,2,25.53
ORD-2344,Grocery,16,38.04,Low,COD,Chicago,1018,Sea,Clear,1,4,18.83
ORD-2345,Electronics,79,131.22,High,COD,Chicago,1815,Air,Clear,1,0,33.45
ORD-2346,Electronics,56,117.98,High,Credit Card,San Francisco,1819,Air,Snow,0,0,31.76
ORD-2347,Clothing,51,59.2,Medium,COD,San Francisco,257,Road,Snow,1,4,3.91
ORD-2348,Clothing,96,105.59,Low,COD,Chicago,388,Sea,Snow,0,3,4.54
ORD-2349,Grocery,11,7.51,Low,COD,Dallas,1491,Air,Clear,0,3,22.2
ORD-2350,Grocery,79,33.7,High,Credit Card,Dallas,1710,Road,Snow,1,5,30.23
ORD-2351,Clothing,45,100.51,High,COD,Seattle,358,Road,Rain,0,3,6.4
ORD-2352,Furniture,93,180.04,Low,Credit Card,Dallas,1072,Sea,Clear,1,5,22.99
ORD-2353,Furniture,68,140.14,Low,Credit Card,Dallas,848,Sea,Rain,0,0,20.18
ORD-2354,Clothing,48,86.73,High,Credit Card,Chicago,507,Air,Snow,0,3,10.39
ORD-2355,Grocery,83,89.66,Medium,COD,Seattle,1753,Road,Rain,1,3,39.37
ORD-2356,Grocery,46,27.35,Medium,Credit Card,Dallas,700,Road,Clear,1,3,12.64
ORD-2357,Electronics,37,31.69,Medium,COD,Dallas,466,Road,Clear,0,4,10.81
ORD-2358,Grocery,94,109.38,Medium,Credit Card,Chicago,1396,Sea,Snow,1,1,28.32
ORD-2359,Furniture,61,111.81,Medium,COD,Dallas,1121,Road,Clear,0,2,18.48
ORD-2360,Clothing,33,79.15,Low,Credit Card,Chicago,1219,Air,Rain,0,3,30.09
ORD-2361,Clothing,24,26.26,Medium,COD,Seattle,1562,Air,Clear,1,2,30.72
ORD-2362,Electronics,31,13.44,Medium,COD,Dallas,1957,Sea,Rain,0,0,39.22
ORD-2363,Grocery,44,80.33,High,COD,San Francisco,375,Road,Snow,0,3,7.16
ORD-2364,Furniture,76,129.95,Low,COD,Dallas,883,Road,Rain,1,1,9.8
ORD-2365,Furniture,12,10.42,High,Credit Card,Seattle,1610,Sea,Clear,1,2,17.29
ORD-2366,Electronics,26,27.2,Medium,Credit Card,Seattle,613,Sea,Snow,1,1,7.21
ORD-2367,Electronics,59,12.83,Medium,Credit Card,Chicago,1100,Road,Snow,0,5,25.99
ORD-2368,Clothing,25,59.58,Medium,COD,San Francisco,1695,Road,Snow,1,2,26.01
ORD-2369,Clothing,47,64.38,Medium,COD,Seattle,996,Sea,Snow,0,3,15.47
ORD-2370,Clothing,30,66.78,Medium,Credit Card,Dallas,1468,Sea,Clear,0,5,35.05
ORD-2371,Electronics,41,24.57,Low,Credit Card,Chicago,1581,Road,Snow,0,5,33.87
ORD-2372,Clothing,46,35.8,High,COD,Seattle,1440,Air,Clear,0,5,29.78
ORD-2373,Electronics,24,25.2,High,Credit Card,Seattle,1878,Sea,Snow,0,0,32.21
ORD-2374,Clothing,11,12.82,Low,COD,Seattle,1055,Road,Rain,0,4,18.12
ORD-2375,Clothing,20,37.75,High,COD,Seattle,1748,Air,Clear,0,5,38.49
ORD-2376,Furniture,21,18.66,High,COD,Seattle,1055,Air,Snow,0,3,23.98
ORD-2377,Electronics,97,220.41,High,COD,San Francisco,1005,Road,Rain,1,0,12.93
ORD-2378,Clothing,46,90.82,Medium,Credit Card,Dallas,191,Air,Clear,1,4,4.54
ORD-2379,Furniture,94,122.36,Low,Credit Card,Seattle,678,Sea,Clear,1,5,14.14
ORD-2380,Furniture,87,174.79,Low,Credit Card,Chicago,1629,Air,Snow,0,5,30.99
ORD-2381,Grocery,22,18.22,Low,Credit Card,Seattle,494,Road,Snow,0,4,7.59
ORD-2382,Clothing,5,5.55,Medium,Credit Card,Chicago,269,Sea,Clear,0,0,3.56
ORD-2383,Electronics,41,86.45,High,COD,Chicago,760,Sea,Rain,1,5,14.67
ORD-2384,Grocery,4,8.84,Medium,Credit Card,San Francisco,790,Air,Clear,1,5,9.6
ORD-2385,Grocery,14,29.81,Medium,COD,Chicago,1117,Air,Clear,1,2,26.9
ORD-2386,Electronics,39,44.41,Low,Credit Card,Chicago,104,Sea,Clear,1,4,2.4
ORD-2387,Furniture,36,47.54,Low,COD,Chicago,1536,Sea,Clear,1,1,19.86
ORD-2388,Electronics,55,73.45,Medium,COD,Seattle,1104,Road,Snow,0,4,23.73
ORD-2389,Furniture,6,3.3,Medium,Credit Card,Chicago,1911,Road,Rain,1,3,35.82
ORD-2390,Furniture,50,32.49,Medium,Credit Card,Dallas,198,Road,Snow,1,1,3.36
ORD-2391,Clothing,25,7.45,Low,COD,San Francisco,274,Air,Clear,1,4,6.25
ORD-2392,Electronics,42,14.03,Low,Credit Card,Dallas,1881,Sea,Snow,1,0,44.29
ORD-2393,Electronics,21,27.91,High,COD,Seattle,1553,Air,Snow,1,2,31.3
ORD-2394,Furniture,25,5.15,Medium,COD,Chicago,1413,Sea,Snow,1,5,20.99
ORD-2395,Clothing,86,159.78,High,COD,Dallas,1742,Road,Snow,0,5,31.7
ORD-2396,Clothing,82,187.17,Medium,Credit Card,Seattle,235,Road,Clear,1,1,2.85
ORD-2397,Clothing,20,30.01,Low,COD,Seattle,1565,Air,Clear,1,4,22.27
ORD-2398,Clothing,37,70.6,Medium,Credit Card,Chicago,1585,Road,Rain,0,5,34.37
ORD-2399,Clothing,32,52.14,Medium,Credit Card,Dallas,1511,Air,Snow,0,2,24.3
ORD-2400,Furniture,11,25.77,Medium,Credit Card,Dallas,205,Sea,Snow,0,4,3.31
ORD-2401,Clothing,74,178.0,Medium,COD,Seattle,1928,Air,Clear,0,5,38.06
ORD-2402,Electronics,2,4.29,Low,Credit Card,Dallas,1251,Air,Rain,1,0,23.3
ORD-2403,Clothing,68,136.46,Low,COD,Chicago,1869,Road,Clear,0,2,32.02
ORD-2404,Grocery,47,20.68,Low,Credit Card,San Francisco,1642,Air,Clear,1,5,23.53
ORD-2405,Grocery,27,66.04,Low,Credit Card,San Francisco,1143,Road,Snow,0,2,17.77
ORD-2406,Grocery,26,17.93,Medium,COD,San Francisco,1404,Air,Snow,1,4,30.88
ORD-2407,Grocery,31,52.79,High,COD,Chicago,530,Air,Snow,0,2,10.49
ORD-2408,Furniture,95,62.95,High,COD,Dallas,1235,Sea,Rain,0,5,17.69
ORD-2409,Clothing,97,123.18,Medium,COD,Seattle,513,Air,Clear,0,0,12.28
ORD-2410,Furniture,6,6.51,High,Credit Card,San Francisco,805,Sea,Clear,0,2,9.82
ORD-2411,Clothing,76,108.01,Medium,Credit Card,Seattle,1869,Road,Rain,0,0,44.54
ORD-2412,Grocery,8,2.46,Low,COD,Chicago,1954,Air,Rain,1,1,26.9
ORD-2413,Grocery,36,27.62,Low,Credit Card,San Francisco,1499,Sea,Rain,0,5,23.36
ORD-2414,Clothing,69,142.88,High,COD,Seattle,1229,Sea,Clear,1,1,33.74
ORD-2415,Furniture,53,110.2,Medium,COD,Dallas,267,Sea,Rain,0,0,4.5
ORD-2416,Clothing,82,36.78,Medium,Credit Card,Seattle,708,Air,Rain,1,5,14.58
ORD-2417,Electronics,47,85.9,Medium,COD,San Francisco,613,Air,Rain,1,1,9.56
ORD-2418,Clothing,21,23.63,Medium,COD,Seattle,1526,Sea,Rain,0,1,19.59
ORD-2419,Electronics,37,62.88,High,Credit Card,San Francisco,777,Sea,Snow,1,4,13.06
ORD-2420,Furniture,60,94.88,Medium,Credit Card,Dallas,295,Sea,Snow,1,3,7.58
ORD-2421,Electronics,29,35.58,Low,COD,Seattle,1536,Road,Rain,1,1,33.81
ORD-2422,Electronics,60,54.75,Medium,COD,Chicago,11,Sea,Snow,1,4,0.26
ORD-2423,Clothing,56,78.19,High,Credit Card,Chicago,1740,Road,Rain,1,0,32.06
ORD-2424,Clothing,22,28.68,Medium,Credit Card,San Francisco,996,Sea,Rain,0,3,18.08
ORD-2425,Grocery,79,18.48,Medium,COD,Chicago,433,Road,Clear,0,5,12.57
ORD-2426,Clothing,73,81.21,Medium,COD,Dallas,137,Sea,Rain,0,4,3.65
ORD-2427,Furniture,66,55.47,High,COD,Seattle,1393,Sea,Clear,1,4,26.82
ORD-2428,Grocery,27,31.51,High,Credit Card,Dallas,1696,Air,Clear,1,4,31.85
ORD-2429,Electronics,92,116.81,High,COD,San Francisco,1120,Sea,Rain,0,0,19.68
ORD-2430,Electronics,36,72.32,Low,COD,Seattle,1081,Road,Clear,0,3,26.93
ORD-2431,Grocery,46,79.34,High,COD,Chicago,335,Road,Snow,0,2,6.58
ORD-2432,Clothing,22,35.25,Low,COD,Chicago,963,Road,Rain,1,3,16.25
ORD-2433,Clothing,18,42.78,Low,COD,Dallas,791,Air,Snow,1,2,12.38
ORD-2434,Electronics,51,53.19,High,COD,Chicago,532,Road,Rain,1,1,6.7
ORD-2435,Electronics,70,153.79,High,Credit Card,Seattle,1161,Air,Clear,1,2,20.14
ORD-2436,Electronics,81,179.99,High,COD,Chicago,67,Road,Clear,1,1,1.79
ORD-2437,Clothing,85,134.35,High,COD,San Francisco,1631,Road,Clear,0,5,29.98
ORD-2438,Grocery,2,2.32,Medium,COD,Dallas,336,Air,Rain,1,3,5.74
ORD-2439,Electronics,32,52.14,Low,Credit Card,Dallas,1012,Air,Clear,0,3,19.13
ORD-2440,Clothing,6,10.14,High,COD,Dallas,1474,Air,Snow,0,0,18.35
ORD-2441,Furniture,54,95.64,Medium,Credit Card,San Francisco,1541,Road,Clear,1,2,28.27
ORD-2442,Clothing,18,34.42,Low,Credit Card,Dallas,1751,Road,Rain,0,3,43.53
ORD-2443,Grocery,82,100.86,Medium,Credit Card,Seattle,878,Sea,Snow,0,4,15.15
ORD-2444,Clothing,12,16.58,High,COD,Chicago,1012,Sea,Clear,1,1,18.02
ORD-2445,Grocery,12,14.95,Low,Credit Card,Chicago,1202,Road,Rain,1,1,27.89
ORD-2446,Grocery,71,176.85,High,Credit Card,Chicago,25,Air,Clear,1,0,0.51
ORD-2447,Grocery,67,82.75,Low,COD,Chicago,1128,Air,Clear,0,2,19.11
ORD-2448,Clothing,40,79.33,Medium,COD,Seattle,679,Road,Snow,0,1,11.29
ORD-2449,Clothing,75,131.02,High,COD,Chicago,976,Sea,Clear,0,4,18.83
ORD-2450,Furniture,86,162.78,Low,Credit Card,San Francisco,958,Air,Clear,0,2,14.1
ORD-2451,Furniture,75,137.3,High,Credit Card,Dallas,1512,Sea,Snow,1,0,28.65
ORD-2452,Clothing,94,140.68,High,Credit Card,Seattle,1592,Sea,Rain,1,5,33.26
ORD-2453,Furniture,44,105.05,Low,COD,Chicago,821,Road,Rain,1,3,16.93
ORD-2454,Grocery,56,11.98,Low,Credit Card,San Francisco,1078,Air,Snow,1,4,26.02
ORD-2455,Electronics,46,106.02,High,Credit Card,Seattle,684,Sea,Rain,1,2,11.86
ORD-2456,Electronics,58,120.47,High,Credit Card,Dallas,1968,Sea,Snow,0,1,46.63
ORD-2457,Clothing,13,24.85,High,Credit Card,Dallas,767,Sea,Snow,0,1,11.96
ORD-2458,Electronics,41,102.48,High,Credit Card,Seattle,1879,Air,Rain,1,0,41.25
ORD-2459,Clothing,18,31.01,High,COD,Seattle,1820,Air,Snow,1,4,24.83
ORD-2460,Electronics,58,104.32,Low,COD,Dallas,1313,Road,Rain,0,1,18.81
ORD-2461,Furniture,2,4.1,High,Credit Card,Chicago,516,Air,Rain,1,5,8.12
ORD-2462,Grocery,12,5.18,Low,Credit Card,Dallas,1758,Air,Rain,1,2,19.53
ORD-2463,Furniture,22,22.81,High,COD,San Francisco,1303,Road,Rain,0,3,25.06
ORD-2464,Clothing,43,31.35,Medium,Credit Card,Dallas,1907,Road,Snow,1,3,39.65
ORD-2465,Grocery,27,59.93,High,COD,Seattle,1185,Air,Snow,0,5,15.62
ORD-2466,Grocery,69,85.54,Medium,Credit Card,Dallas,163,Air,Rain,1,5,3.1
ORD-2467,Electronics,13,27.3,High,Credit Card,Dallas,620,Sea,Clear,1,4,10.28
ORD-2468,Furniture,62,73.17,High,COD,Dallas,1295,Road,Clear,0,2,14.71
ORD-2469,Furniture,26,23.68,Medium,Credit Card,Dallas,987,Sea,Clear,0,2,29.35
ORD-2470,Furniture,40,88.25,Medium,Credit Card,San Francisco,194,Air,Snow,1,5,3.65
ORD-2471,Electronics,92,145.93,Medium,COD,Dallas,1850,Road,Snow,1,4,51.14
ORD-2472,Furniture,80,68.23,Medium,COD,Dallas,1825,Air,Rain,1,2,31.69
ORD-2473,Clothing,46,38.65,High,Credit Card,Seattle,1482,Road,Snow,1,4,42.59
ORD-2474,Electronics,81,110.48,High,COD,San Francisco,376,Road,Snow,0,4,5.89
ORD-2475,Clothing,79,67.44,Medium,Credit Card,San Francisco,802,Road,Rain,0,3,20.78
ORD-2476,Clothing,40,90.79,Medium,COD,Seattle,902,Road,Clear,1,3,20.79
ORD-2477,Grocery,39,70.41,Medium,COD,San Francisco,1009,Air,Clear,0,0,22.21
ORD-2478,Grocery,7,6.5,Low,COD,Chicago,264,Sea,Clear,0,5,2.88
ORD-2479,Electronics,73,104.09,High,COD,Chicago,1461,Road,Rain,0,5,19.03
ORD-2480,Electronics,60,60.11,Low,COD,San Francisco,695,Road,Snow,1,0,10.94
ORD-2481,Furniture,32,63.35,Low,COD,Seattle,1651,Air,Rain,0,2,25.75
ORD-2482,Electronics,14,29.83,Medium,Credit Card,Chicago,1419,Road,Snow,0,2,21.43
ORD-2483,Electronics,88,69.86,Medium,COD,San Francisco,1046,Air,Clear,1,1,16.85
ORD-2484,Electronics,90,177.49,High,COD,Chicago,1694,Sea,Snow,0,0,34.11
ORD-2485,Electronics,58,26.07,Low,Credit Card,Dallas,286,Road,Snow,0,2,5.4
ORD-2486,Grocery,19,18.32,High,Credit Card,Seattle,679,Sea,Rain,0,2,11.6
ORD-2487,Furniture,78,189.79,Medium,Credit Card,Seattle,1222,Air,Clear,1,5,21.72
ORD-2488,Electronics,30,47.52,Medium,Credit Card,San Francisco,1824,Road,Snow,0,4,34.28
ORD-2489,Clothing,63,75.64,Low,Credit Card,Dallas,1324,Road,Rain,1,1,14.28
ORD-2490,Electronics,89,32.98,High,COD,Dallas,18,Sea,Rain,0,0,0.31
ORD-2491,Clothing,95,82.58,Low,Credit Card,Chicago,613,Sea,Clear,1,2,7.96
ORD-2492,Clothing,56,127.79,Medium,COD,Seattle,1653,Road,Clear,0,2,29.72
ORD-2493,Electronics,49,79.34,Low,Credit Card,San Francisco,13,Air,Rain,1,4,0.22
ORD-2494,Electronics,27,61.96,Medium,Credit Card,Chicago,904,Air,Rain,1,0,12.08
ORD-2495,Furniture,52,101.8,Medium,Credit Card,Chicago,760,Road,Snow,1,5,15.34
ORD-2496,Grocery,26,7.26,High,Credit Card,Dallas,23,Air,Snow,1,0,0.55
ORD-2497,Clothing,2,4.35,Low,Credit Card,Chicago,1634,Sea,Rain,1,4,31.54
ORD-2498,Grocery,64,151.16,Medium,COD,Dallas,1004,Air,Snow,0,4,23.57
ORD-2499,Grocery,18,20.0,Low,Credit Card,Chicago,291,Sea,Rain,1,1,3.01
ORD-2500,Grocery,90,194.15,High,Credit Card,Seattle,1127,Air,Rain,0,1,17.19
ORD-2501,Electronics,11,25.96,High,Credit Card,San Francisco,888,Air,Snow,1,5,20.46
ORD-2502,Electronics,76,18.72,Low,COD,Seattle,188,Air,Rain,1,3,5.32
ORD-2503,Grocery,59,57.77,High,Credit Card,Seattle,1359,Air,Rain,1,1,29.53
ORD-2504,Furniture,38,92.25,Low,COD,San Francisco,1984,Road,Rain,1,3,39.13
ORD-2505,Electronics,29,32.67,Medium,COD,Dallas,227,Road,Snow,0,4,2.98
ORD-2506,Clothing,90,47.82,Low,COD,Dallas,380,Sea,Snow,1,5,4.1
ORD-2507,Electronics,43,104.61,High,Credit Card,Seattle,1388,Air,Clear,0,2,19.47
ORD-2508,Grocery,3,2.03,Medium,Credit Card,Chicago,275,Sea,Rain,0,4,4.85
ORD-2509,Clothing,26,48.36,High,COD,San Francisco,663,Air,Snow,0,1,10.99
ORD-2510,Grocery,29,68.3,Medium,Credit Card,Dallas,788,Sea,Rain,0,5,8.31
ORD-2511,Clothing,21,25.01,Low,Credit Card,Chicago,1074,Sea,Snow,1,2,20.44
ORD-2512,Electronics,92,82.8,High,Credit Card,San Francisco,562,Air,Rain,1,5,7.03
ORD-2513,Furniture,86,47.53,Medium,Credit Card,Chicago,1127,Air,Clear,1,0,18.32
ORD-2514,Electronics,64,112.16,Low,Credit Card,Seattle,1987,Air,Rain,1,3,57.82
ORD-2515,Furniture,12,6.88,High,COD,Seattle,466,Sea,Snow,1,4,8.13
ORD-2516,Grocery,29,21.64,Medium,COD,San Francisco,1070,Air,Snow,1,5,16.67
ORD-2517,Furniture,93,87.22,High,COD,San Francisco,1642,Sea,Snow,1,0,25.68
ORD-2518,Clothing,33,49.38,Low,COD,Dallas,1156,Sea,Snow,1,2,23.87
ORD-2519,Clothing,39,31.98,High,Credit Card,San Francisco,1835,Air,Rain,0,3,26.46
ORD-2520,Clothing,16,32.72,High,COD,San Francisco,36,Sea,Snow,1,4,0.82
ORD-2521,Electronics,35,43.29,High,Credit Card,Seattle,1669,Air,Clear,0,2,32.9
ORD-2522,Grocery,39,87.67,Low,Credit Card,Seattle,1431,Road,Snow,1,3,29.68
ORD-2523,Furniture,34,32.04,Medium,COD,Seattle,863,Road,Clear,1,3,13.85
ORD-2524,Clothing,21,9.79,High,Credit Card,Seattle,1671,Sea,Rain,1,0,26.03
ORD-2525,Electronics,16,15.29,Low,COD,Chicago,755,Sea,Clear,1,5,19.47
ORD-2526,Clothing,44,72.17,High,Credit Card,Seattle,1046,Road,Rain,0,0,19.4
ORD-2527,Grocery,93,199.65,Low,Credit Card,Chicago,600,Sea,Rain,1,0,9.61
ORD-2528,Clothing,3,3.32,Low,COD,Seattle,587,Road,Snow,1,1,8.8
ORD-2529,Grocery,69,78.02,High,Credit Card,Chicago,168,Sea,Rain,0,4,4.12
ORD-2530,Furniture,16,39.43,High,Credit Card,Dallas,1923,Sea,Clear,0,3,23.91
ORD-2531,Electronics,90,201.85,High,Credit Card,San Francisco,1771,Air,Clear,1,3,36.27
ORD-2532,Clothing,12,4.82,Medium,Credit Card,Dallas,1881,Sea,Rain,0,5,48.85
ORD-2533,Electronics,60,126.12,High,COD,Dallas,1403,Sea,Snow,0,1,21.99
ORD-2534,Clothing,79,104.64,Medium,COD,Dallas,1724,Air,Rain,0,5,30.81
ORD-2535,Electronics,18,6.65,Medium,COD,Dallas,835,Air,Snow,1,3,15.26
ORD-2536,Furniture,62,18.88,Medium,COD,Dallas,1920,Air,Snow,1,1,30.12
ORD-2537,Electronics,96,190.63,Medium,COD,Chicago,1213,Sea,Clear,1,5,15.92
ORD-2538,Grocery,29,43.33,Medium,COD,Chicago,1696,Air,Clear,1,1,22.1
ORD-2539,Furniture,35,32.73,High,Credit Card,San Francisco,1686,Air,Rain,1,1,31.15
ORD-2540,Clothing,3,5.04,High,COD,Seattle,1560,Sea,Snow,0,4,28.0
ORD-2541,Grocery,19,42.93,Low,COD,Dallas,146,Road,Snow,0,2,3.49
ORD-2542,Furniture,45,71.68,High,COD,Chicago,1829,Road,Snow,0,4,53.71
ORD-2543,Clothing,83,170.04,Medium,COD,San Francisco,1133,Road,Rain,1,0,25.54
ORD-2544,Grocery,59,68.76,High,COD,Seattle,1491,Air,Clear,1,5,25.06
ORD-2545,Clothing,33,18.03,High,COD,San Francisco,1216,Air,Rain,1,4,19.4
ORD-2546,Electronics,86,46.06,Low,COD,Chicago,724,Road,Rain,0,3,11.63
ORD-2547,Electronics,9,10.7,Low,Credit Card,Seattle,1200,Sea,Rain,0,0,18.33
ORD-2548,Grocery,56,19.76,High,Credit Card,Chicago,1590,Road,Clear,1,3,26.07
ORD-2549,Electronics,48,95.63,Medium,Credit Card,Dallas,1084,Sea,Rain,1,5,20.31
ORD-2550,Grocery,94,177.64,High,Credit Card,San Francisco,1361,Air,Clear,0,5,26.6
ORD-2551,Clothing,35,31.98,Medium,Credit Card,Dallas,1135,Air,Rain,0,4,19.89
ORD-2552,Grocery,13,10.61,Low,COD,Dallas,515,Air,Snow,1,0,8.62
ORD-2553,Clothing,68,103.11,Low,Credit Card,Seattle,1419,Sea,Clear,0,1,34.83
ORD-2554,Electronics,56,106.03,Medium,Credit Card,Dallas,108,Road,Rain,0,3,2.0
ORD-2555,Clothing,69,45.8,Medium,Credit Card,Dallas,494,Sea,Rain,1,4,6.41
ORD-2556,Grocery,33,41.78,High,COD,San Francisco,139,Road,Rain,0,4,1.76
ORD-2557,Furniture,61,100.52,Medium,Credit Card,Chicago,1886,Road,Snow,0,1,34.08
ORD-2558,Furniture,8,18.79,Low,Credit Card,San Francisco,1646,Air,Clear,0,0,29.17
ORD-2559,Furniture,88,59.6,High,Credit Card,San Francisco,1462,Road,Rain,0,0,18.48
ORD-2560,Furniture,57,118.63,Low,Credit Card,Seattle,1437,Road,Rain,1,4,26.36
ORD-2561,Grocery,16,31.31,Medium,Credit Card,Seattle,1799,Sea,Snow,1,0,38.84
ORD-2562,Electronics,81,35.74,Low,COD,Dallas,203,Sea,Rain,1,4,3.37
ORD-2563,Electronics,35,70.63,Low,Credit Card,Seattle,476,Air,Clear,1,4,9.37
ORD-2564,Furniture,21,39.78,High,COD,Dallas,1358,Air,Snow,1,2,23.89
ORD-2565,Grocery,43,31.22,High,Credit Card,Dallas,1974,Sea,Rain,0,1,43.48
ORD-2566,Clothing,33,38.25,High,COD,Seattle,1993,Sea,Clear,1,2,21.07
ORD-2567,Grocery,62,119.04,Medium,COD,San Francisco,985,Air,Clear,0,4,18.38
ORD-2568,Furniture,20,6.0,High,Credit Card,San Francisco,1756,Sea,Snow,0,3,23.22
ORD-2569,Furniture,53,66.55,Medium,COD,Dallas,664,Sea,Clear,1,4,15.65
ORD-2570,Furniture,36,52.74,High,COD,Seattle,443,Sea,Rain,0,4,5.73
ORD-2571,Furniture,92,115.08,Medium,COD,Dallas,213,Sea,Clear,0,4,4.16
ORD-2572,Electronics,74,68.16,Low,COD,Seattle,762,Sea,Rain,0,1,13.43
ORD-2573,Furniture,3,5.02,Medium,COD,Seattle,896,Sea,Clear,0,4,15.47
ORD-2574,Grocery,32,44.85,Medium,COD,Seattle,356,Road,Clear,0,1,8.14
ORD-2575,Furniture,91,52.74,Medium,Credit Card,Chicago,694,Road,Rain,0,2,10.88
ORD-2576,Clothing,70,78.37,Low,Credit Card,Dallas,1333,Sea,Snow,0,2,38.51
ORD-2577,Clothing,2,2.81,Low,COD,Dallas,1290,Road,Snow,1,0,20.58
ORD-2578,Electronics,39,36.97,High,Credit Card,Dallas,92,Air,Clear,0,2,1.76
ORD-2579,Clothing,13,11.62,Low,COD,Seattle,429,Sea,Rain,0,3,8.08
ORD-2580,Furniture,24,52.65,Medium,Credit Card,Chicago,1904,Road,Rain,1,3,37.26
ORD-2581,Furniture,22,33.9,Low,Credit Card,Seattle,829,Sea,Clear,1,0,14.82
ORD-2582,Furniture,71,157.4,Medium,Credit Card,Chicago,1016,Sea,Clear,1,4,30.26
ORD-2583,Electronics,48,60.37,Low,Credit Card,Chicago,1366,Air,Snow,0,0,17.8
ORD-2584,Electronics,89,87.44,High,COD,Seattle,1014,Air,Snow,1,3,20.29
ORD-2585,Furniture,49,89.8,Medium,Credit Card,Chicago,1011,Air,Rain,0,5,22.4
ORD-2586,Clothing,31,20.51,Low,COD,San Francisco,1334,Sea,Clear,1,5,25.65
ORD-2587,Electronics,94,152.44,Medium,COD,San Francisco,1164,Road,Clear,0,1,14.88
ORD-2588,Grocery,68,49.22,High,COD,San Francisco,1445,Air,Clear,0,2,31.96
ORD-2589,Furniture,91,89.66,High,COD,Chicago,1886,Sea,Rain,1,1,33.79
ORD-2590,Grocery,71,100.79,Medium,COD,Chicago,573,Sea,Snow,1,5,12.67
ORD-2591,Furniture,20,27.64,High,Credit Card,Seattle,867,Air,Snow,0,2,16.67
ORD-2592,Grocery,44,64.41,Medium,COD,Dallas,944,Air,Snow,1,0,12.88
ORD-2593,Electronics,82,199.17,High,Credit Card,Dallas,792,Sea,Snow,1,1,9.56
ORD-2594,Clothing,38,29.23,High,Credit Card,Chicago,1446,Air,Snow,0,0,28.36
ORD-2595,Clothing,89,122.53,Low,COD,San Francisco,605,Road,Snow,0,5,9.91
ORD-2596,Grocery,94,145.79,Medium,Credit Card,Seattle,1644,Road,Clear,0,1,40.62
ORD-2597,Clothing,85,112.03,Low,Credit Card,San Francisco,1637,Sea,Rain,1,4,26.72
ORD-2598,Clothing,89,63.75,Low,COD,Dallas,444,Sea,Rain,1,0,8.72
ORD-2599,Grocery,25,30.64,Low,COD,Dallas,229,Air,Clear,0,0,4.75
ORD-2600,Furniture,89,98.0,Low,Credit Card,Chicago,841,Road,Clear,0,2,14.51
ORD-2601,Clothing,2,0.63,Low,Credit Card,Dallas,526,Air,Snow,0,1,10.11
ORD-2602,Clothing,9,12.53,Low,Credit Card,San Francisco,122,Air,Rain,1,1,2.47
ORD-2603,Grocery,5,2.78,High,COD,Dallas,1893,Air,Rain,0,4,34.96
ORD-2604,Clothing,77,64.61,Medium,COD,Chicago,1557,Road,Clear,1,4,28.48
ORD-2605,Furniture,17,18.86,Low,Credit Card,San Francisco,1008,Sea,Rain,0,5,17.74
ORD-2606,Electronics,17,28.79,High,Credit Card,Dallas,1884,Sea,Rain,0,2,19.7
ORD-2607,Electronics,99,49.15,High,COD,Seattle,636,Road,Clear,0,5,11.15
ORD-2608,Clothing,46,24.81,High,COD,San Francisco,20,Air,Snow,0,1,0.33
ORD-2609,Furniture,90,188.1,Low,COD,Chicago,1548,Road,Rain,1,3,24.78
ORD-2610,Electronics,61,69.15,Low,Credit Card,Chicago,49,Road,Rain,1,1,1.01
ORD-2611,Electronics,26,17.53,High,Credit Card,Seattle,1821,Sea,Clear,0,3,53.13
ORD-2612,Furniture,36,28.22,Medium,Credit Card,Chicago,507,Air,Snow,1,0,12.83
ORD-2613,Furniture,20,17.05,Low,COD,San Francisco,1151,Air,Rain,1,3,20.49
ORD-2614,Furniture,2,3.56,Medium,Credit Card,Seattle,1728,Road,Rain,0,3,28.68
ORD-2615,Grocery,97,53.54,Medium,COD,Seattle,1353,Air,Rain,1,4,25.65
ORD-2616,Clothing,13,30.14,High,COD,Dallas,1933,Road,Clear,0,0,26.89
ORD-2617,Electronics,62,131.34,Medium,COD,Dallas,538,Air,Rain,1,4,11.46
ORD-2618,Furniture,42,10.16,Low,COD,Dallas,683,Sea,Rain,0,4,14.34
ORD-2619,Clothing,35,56.87,Medium,Credit Card,Dallas,467,Road,Snow,1,5,7.99
ORD-2620,Grocery,3,2.98,Low,COD,Dallas,856,Sea,Rain,0,4,17.57
ORD-2621,Electronics,76,25.27,Medium,Credit Card,Seattle,1350,Road,Snow,1,0,19.86
ORD-2622,Clothing,97,126.76,Low,COD,Dallas,1774,Air,Rain,1,0,22.51
ORD-2623,Furniture,93,174.12,Medium,Credit Card,Chicago,189,Sea,Rain,1,4,2.99
ORD-2624,Grocery,54,104.36,Low,COD,San Francisco,931,Air,Rain,0,5,19.56
ORD-2625,Electronics,43,60.38,Medium,COD,Chicago,957,Road,Rain,0,3,15.97
ORD-2626,Electronics,41,98.41,High,COD,Seattle,1607,Air,Snow,0,1,24.67
ORD-2627,Grocery,87,53.15,Medium,Credit Card,Seattle,1032,Air,Clear,0,0,23.37
ORD-2628,Furniture,69,61.46,Medium,COD,Dallas,128,Air,Clear,0,2,1.58
ORD-2629,Electronics,29,55.58,Low,Credit Card,Seattle,1650,Sea,Clear,0,5,25.29
ORD-2630,Grocery,22,10.85,High,COD,San Francisco,955,Road,Clear,1,0,16.21
ORD-2631,Furniture,3,5.29,Medium,COD,Seattle,212,Road,Snow,1,1,4.98
ORD-2632,Grocery,18,43.55,Low,Credit Card,Chicago,1503,Sea,Clear,0,5,37.22
ORD-2633,Electronics,79,81.82,High,COD,Chicago,210,Sea,Clear,0,4,3.45
ORD-2634,Furniture,52,107.35,Low,COD,Seattle,1606,Road,Rain,0,3,41.25
ORD-2635,Furniture,30,58.65,Low,Credit Card,Seattle,1321,Road,Rain,0,5,29.63
ORD-2636,Grocery,99,211.58,Medium,COD,Dallas,1194,Air,Snow,1,1,16.56
ORD-2637,Grocery,3,4.25,Low,COD,Seattle,975,Road,Rain,1,2,16.43
ORD-2638,Furniture,86,195.02,Low,COD,Chicago,1022,Air,Rain,1,0,16.86
ORD-2639,Grocery,87,164.96,Low,COD,Chicago,1957,Sea,Snow,1,1,35.78
ORD-2640,Clothing,1,0.35,Medium,COD,Chicago,1750,Road,Rain,1,4,30.25
ORD-2641,Clothing,80,56.54,Medium,Credit Card,Dallas,306,Sea,Snow,1,0,6.59
ORD-2642,Grocery,10,18.41,Low,Credit Card,Seattle,1900,Sea,Rain,1,0,43.55
ORD-2643,Electronics,10,18.28,High,COD,Dallas,1286,Road,Clear,1,3,18.6
ORD-2644,Electronics,53,97.06,High,COD,Chicago,914,Air,Clear,0,4,26.04
ORD-2645,Furniture,28,44.24,High,COD,Seattle,487,Air,Clear,0,3,7.56
ORD-2646,Furniture,7,4.83,Low,COD,Chicago,919,Road,Clear,0,2,21.0
ORD-2647,Grocery,17,32.49,Low,Credit Card,Seattle,366,Road,Clear,1,0,7.86
ORD-2648,Furniture,78,175.97,Medium,Credit Card,Chicago,1184,Air,Rain,0,1,19.58
ORD-2649,Furniture,1,0.58,Medium,Credit Card,Seattle,204,Air,Snow,1,0,3.33
ORD-2650,Electronics,90,109.04,Medium,COD,San Francisco,1702,Air,Rain,0,5,24.53
ORD-2651,Clothing,55,47.56,High,COD,Dallas,106,Sea,Rain,1,0,1.62
ORD-2652,Grocery,25,41.89,High,Credit Card,Dallas,1514,Road,Clear,0,4,30.21
ORD-2653,Furniture,63,18.32,High,COD,Chicago,1253,Sea,Clear,0,4,32.43
ORD-2654,Clothing,54,107.59,High,Credit Card,Seattle,180,Road,Clear,1,5,4.4
ORD-2655,Electronics,14,28.06,High,Credit Card,Dallas,766,Air,Snow,1,0,13.08
ORD-2656,Clothing,40,72.35,High,COD,San Francisco,798,Sea,Rain,0,2,18.06
ORD-2657,Furniture,1,0.56,High,COD,Chicago,20,Sea,Snow,1,0,0.41
ORD-2658,Grocery,86,102.71,Medium,COD,San Francisco,795,Road,Snow,1,3,16.05
ORD-2659,Grocery,22,27.83,Medium,COD,San Francisco,294,Road,Snow,1,2,5.1
ORD-2660,Clothing,86,86.17,Medium,COD,Seattle,468,Road,Rain,1,0,8.13
ORD-2661,Furniture,4,8.11,Medium,COD,Dallas,331,Air,Snow,1,1,5.65
ORD-2662,Clothing,7,5.94,Low,Credit Card,San Francisco,1861,Air,Rain,1,4,29.0
ORD-2663,Furniture,82,23.52,Low,Credit Card,Chicago,873,Road,Rain,0,5,13.03
ORD-2664,Grocery,45,13.43,High,Credit Card,Dallas,1889,Road,Clear,0,5,45.13
ORD-2665,Grocery,19,20.57,Medium,COD,Dallas,1954,Air,Rain,0,0,38.38
ORD-2666,Grocery,83,179.49,Low,Credit Card,Chicago,694,Road,Rain,1,5,14.44
ORD-2667,Electronics,32,17.24,Low,COD,Dallas,1215,Air,Rain,0,3,35.97
ORD-2668,Electronics,7,4.97,High,COD,San Francisco,1206,Air,Rain,1,3,25.16
ORD-2669,Clothing,47,86.75,Medium,COD,Dallas,834,Sea,Clear,0,3,18.39
ORD-2670,Furniture,38,76.16,Low,Credit Card,Chicago,1292,Air,Clear,1,5,20.52
ORD-2671,Furniture,81,98.88,Medium,Credit Card,Seattle,1495,Road,Snow,1,3,24.89
ORD-2672,Clothing,86,73.77,Medium,Credit Card,San Francisco,641,Air,Rain,0,5,12.38
ORD-2673,Clothing,22,17.76,High,Credit Card,San Francisco,557,Air,Snow,0,2,9.46
ORD-2674,Furniture,88,101.78,High,COD,Chicago,1057,Air,Clear,0,5,19.52
ORD-2675,Grocery,12,26.94,Low,Credit Card,Chicago,592,Road,Clear,0,4,14.24
ORD-2676,Grocery,39,17.79,Low,COD,San Francisco,1693,Road,Snow,1,5,41.29
ORD-2677,Clothing,17,7.77,Low,Credit Card,Chicago,1193,Air,Rain,1,4,16.34
ORD-2678,Clothing,22,13.25,Low,COD,Chicago,1633,Sea,Rain,0,4,22.59
ORD-2679,Electronics,29,11.69,High,Credit Card,San Francisco,1820,Road,Clear,0,2,37.5
ORD-2680,Grocery,26,32.85,Low,COD,San Francisco,410,Sea,Rain,0,0,8.23
ORD-2681,Furniture,18,6.79,Medium,COD,Dallas,1460,Air,Snow,1,2,24.83
ORD-2682,Clothing,39,86.73,Medium,Credit Card,Chicago,1699,Road,Rain,1,0,26.48
ORD-2683,Furniture,96,196.03,High,Credit Card,San Francisco,1887,Sea,Clear,0,0,38.07
ORD-2684,Furniture,45,77.25,Low,COD,San Francisco,1767,Sea,Rain,0,4,25.66
ORD-2685,Electronics,44,9.23,Low,Credit Card,San Francisco,711,Air,Snow,0,0,11.95
ORD-2686,Clothing,22,46.29,Medium,Credit Card,San Francisco,1146,Air,Rain,1,2,28.71
ORD-2687,Electronics,41,31.4,Medium,Credit Card,Chicago,83,Sea,Clear,0,5,1.88
ORD-2688,Grocery,37,28.4,Low,COD,Chicago,1237,Air,Snow,1,1,17.33
ORD-2689,Clothing,4,1.62,Low,Credit Card,Seattle,1638,Air,Clear,0,5,45.48
ORD-2690,Grocery,80,84.69,Medium,Credit Card,Seattle,1359,Road,Clear,0,4,17.71
ORD-2691,Grocery,93,164.44,Medium,Credit Card,San Francisco,801,Sea,Rain,1,5,16.7
ORD-2692,Clothing,49,41.47,Low,COD,Chicago,1046,Air,Snow,0,5,21.4
ORD-2693,Furniture,37,32.92,High,COD,Dallas,452,Air,Rain,0,2,7.04
ORD-2694,Grocery,71,115.67,High,Credit Card,Dallas,964,Sea,Snow,0,0,12.29
ORD-2695,Grocery,52,94.19,Medium,COD,Chicago,202,Road,Rain,1,5,3.45
ORD-2696,Furniture,44,62.56,Low,Credit Card,Dallas,255,Road,Rain,0,1,6.54
ORD-2697,Furniture,85,19.39,Low,COD,Seattle,286,Air,Snow,0,5,6.7
ORD-2698,Electronics,55,36.21,High,COD,Seattle,1323,Road,Snow,1,1,20.08
ORD-2699,Furniture,83,134.55,High,COD,San Francisco,1354,Air,Clear,1,0,25.81
ORD-2700,Electronics,56,91.96,High,Credit Card,San Francisco,1690,Road,Clear,0,1,22.2
ORD-2701,Clothing,97,86.38,High,Credit Card,Dallas,981,Air,Rain,1,3,28.59
ORD-2702,Clothing,4,6.7,High,Credit Card,Seattle,244,Air,Snow,0,5,5.1
ORD-2703,Furniture,64,26.72,Medium,COD,Dallas,883,Air,Rain,1,0,22.21
ORD-2704,Grocery,88,62.59,High,COD,San Francisco,1050,Sea,Snow,1,0,15.99
ORD-2705,Furniture,37,36.39,Low,Credit Card,Dallas,631,Air,Snow,1,1,12.33
ORD-2706,Electronics,75,166.51,Low,COD,Dallas,833,Road,Snow,1,1,14.67
ORD-2707,Electronics,62,106.26,Low,COD,Dallas,16,Road,Clear,0,1,0.35
ORD-2708,Furniture,29,58.74,Low,Credit Card,Chicago,1773,Road,Snow,1,5,31.12
ORD-2709,Clothing,76,91.04,High,COD,San Francisco,1368,Air,Rain,1,5,22.17
ORD-2710,Clothing,6,3.4,Medium,COD,San Francisco,676,Sea,Rain,0,0,8.33
ORD-2711,Electronics,37,21.35,High,Credit Card,San Francisco,364,Road,Clear,0,2,8.71
ORD-2712,Clothing,43,68.54,Low,Credit Card,San Francisco,354,Sea,Snow,0,1,4.95
ORD-2713,Electronics,62,90.33,High,COD,Chicago,708,Air,Rain,1,4,8.89
ORD-2714,Electronics,80,37.66,High,COD,Dallas,1848,Sea,Snow,1,2,29.77
ORD-2715,Electronics,87,58.98,Medium,Credit Card,San Francisco,428,Air,Rain,1,3,5.88
ORD-2716,Clothing,66,125.49,High,Credit Card,San Francisco,883,Road,Clear,1,5,12.15
ORD-2717,Furniture,97,54.28,Medium,COD,Dallas,667,Road,Snow,1,5,18.36
ORD-2718,Clothing,7,6.94,Low,COD,Dallas,214,Air,Rain,1,1,3.36
ORD-2719,Electronics,69,109.83,Low,COD,Dallas,1137,Sea,Clear,0,5,31.32
ORD-2720,Clothing,14,28.41,Medium,Credit Card,San Francisco,75,Road,Clear,0,2,1.8
ORD-2721,Clothing,2,2.74,Medium,COD,Chicago,1707,Road,Snow,0,3,26.88
ORD-2722,Clothing,81,180.3,Medium,Credit Card,Seattle,1865,Air,Rain,0,2,25.29
ORD-2723,Electronics,34,68.65,Low,Credit Card,Dallas,1405,Road,Clear,0,2,31.48
ORD-2724,Furniture,13,12.99,Low,COD,San Francisco,611,Air,Rain,1,3,11.87
ORD-2725,Grocery,78,19.06,Low,COD,Seattle,1990,Sea,Clear,0,0,48.81
ORD-2726,Electronics,92,226.36,Low,Credit Card,Dallas,871,Air,Clear,1,2,20.08
ORD-2727,Clothing,9,19.45,Medium,Credit Card,Seattle,1751,Sea,Clear,0,3,36.37
ORD-2728,Electronics,41,91.29,Medium,COD,Chicago,1649,Road,Clear,0,2,24.82
ORD-2729,Furniture,61,120.12,Medium,Credit Card,San Francisco,1758,Road,Rain,0,0,29.31
ORD-2730,Electronics,78,90.57,High,Credit Card,Chicago,1428,Air,Rain,0,2,19.96
ORD-2731,Electronics,63,77.17,Low,Credit Card,San Francisco,90,Sea,Clear,0,2,1.8
ORD-2732,Furniture,49,108.7,Medium,COD,San Francisco,1512,Road,Clear,1,1,20.0
ORD-2733,Furniture,58,109.2,Low,Credit Card,Seattle,1044,Air,Snow,0,0,22.84
ORD-2734,Electronics,9,2.44,High,Credit Card,Seattle,443,Road,Clear,1,1,8.11
ORD-2735,Electronics,99,180.33,High,Credit Card,Dallas,209,Sea,Rain,0,4,2.95
ORD-2736,Grocery,58,114.41,High,COD,Chicago,508,Road,Rain,1,0,13.48
ORD-2737,Grocery,39,63.45,Medium,COD,San Francisco,153,Road,Rain,0,5,4.44
ORD-2738,Electronics,47,45.33,High,Credit Card,Dallas,1030,Sea,Clear,1,1,17.1
ORD-2739,Clothing,28,26.85,Low,COD,San Francisco,161,Road,Rain,0,0,3.15
ORD-2740,Furniture,12,28.91,Low,Credit Card,Seattle,1556,Road,Snow,1,5,18.75
ORD-2741,Grocery,25,32.05,Medium,Credit Card,Chicago,1108,Sea,Rain,1,4,19.5
ORD-2742,Clothing,83,24.72,High,Credit Card,Dallas,1686,Sea,Snow,1,5,31.09
ORD-2743,Grocery,74,127.21,Medium,Credit Card,Seattle,1366,Road,Clear,0,1,27.65
ORD-2744,Clothing,72,73.75,Low,Credit Card,Seattle,679,Sea,Snow,0,2,11.1
ORD-2745,Clothing,21,8.59,Medium,COD,Seattle,1753,Road,Clear,0,4,26.37
ORD-2746,Clothing,64,22.89,Medium,COD,Seattle,1541,Air,Rain,1,5,29.5
ORD-2747,Grocery,14,22.33,High,Credit Card,Seattle,1339,Air,Clear,1,5,17.21
ORD-2748,Furniture,40,83.79,Low,COD,Chicago,1878,Air,Snow,0,1,34.94
ORD-2749,Electronics,2,4.65,Low,Credit Card,Chicago,1983,Air,Snow,0,0,44.64
ORD-2750,Grocery,87,158.87,High,COD,Dallas,1570,Sea,Clear,0,4,20.33
ORD-2751,Electronics,98,70.39,Medium,Credit Card,Chicago,724,Road,Rain,1,4,9.48
ORD-2752,Electronics,30,35.88,High,COD,Seattle,1411,Sea,Snow,1,1,26.67
ORD-2753,Furniture,27,12.69,Low,COD,Dallas,342,Air,Snow,1,5,5.39
ORD-2754,Clothing,54,22.07,Medium,Credit Card,Seattle,859,Road,Rain,0,3,11.99
ORD-2755,Grocery,6,4.47,Medium,Credit Card,Seattle,1699,Road,Snow,0,2,40.08
ORD-2756,Furniture,70,116.6,Low,COD,Dallas,571,Sea,Clear,1,5,7.91
ORD-2757,Furniture,50,18.03,Medium,Credit Card,Dallas,343,Road,Rain,0,2,6.81
ORD-2758,Furniture,7,3.18,Medium,COD,San Francisco,994,Road,Snow,1,5,19.21
ORD-2759,Electronics,72,169.24,Low,Credit Card,San Francisco,1728,Road,Snow,0,1,32.07
ORD-2760,Electronics,22,27.8,Medium,COD,Chicago,474,Road,Rain,1,4,11.24
ORD-2761,Clothing,94,82.39,High,COD,San Francisco,655,Air,Clear,0,0,9.24
ORD-2762,Electronics,92,40.3,Medium,COD,Seattle,1275,Air,Snow,1,3,20.69
ORD-2763,Furniture,22,16.43,Medium,COD,San Francisco,578,Air,Rain,1,3,13.15
ORD-2764,Grocery,49,103.56,Medium,COD,Seattle,1593,Sea,Snow,1,0,23.75
ORD-2765,Electronics,2,1.64,High,COD,Chicago,900,Air,Rain,1,0,11.34
ORD-2766,Electronics,39,77.64,Medium,Credit Card,Chicago,656,Sea,Rain,1,4,9.1
ORD-2767,Clothing,91,25.32,Low,Credit Card,Seattle,669,Sea,Snow,1,5,19.48
ORD-2768,Grocery,18,42.82,Low,Credit Card,Chicago,171,Sea,Snow,0,3,3.71
ORD-2769,Electronics,43,78.32,Low,Credit Card,Dallas,642,Sea,Rain,0,4,16.91
ORD-2770,Clothing,45,13.4,High,COD,Chicago,1086,Road,Snow,1,1,17.88
ORD-2771,Furniture,47,94.76,Low,Credit Card,Seattle,353,Air,Rain,0,1,6.45
ORD-2772,Grocery,33,47.11,Medium,Credit Card,Seattle,1659,Road,Snow,1,2,33.44
ORD-2773,Furniture,23,41.86,High,COD,Dallas,1662,Air,Clear,1,4,25.85
ORD-2774,Electronics,7,12.73,High,Credit Card,Chicago,1768,Sea,Clear,1,4,26.79
ORD-2775,Electronics,95,109.77,Medium,COD,Seattle,1204,Road,Clear,0,1,32.53
ORD-2776,Furniture,31,7.09,Low,Credit Card,Chicago,198,Road,Clear,1,1,3.17
ORD-2777,Grocery,66,82.13,High,Credit Card,Chicago,275,Road,Snow,0,2,2.82
ORD-2778,Grocery,53,113.63,High,COD,Chicago,551,Road,Snow,1,2,10.22
ORD-2779,Clothing,3,3.5,Low,Credit Card,Seattle,683,Air,Clear,0,3,13.61
ORD-2780,Furniture,8,15.32,High,Credit Card,Seattle,277,Road,Rain,1,4,6.47
ORD-2781,Electronics,52,125.94,Medium,COD,Dallas,985,Road,Clear,1,2,28.87
ORD-2782,Electronics,96,63.21,Low,Credit Card,Seattle,391,Air,Snow,1,1,5.94
ORD-2783,Furniture,82,197.59,Medium,Credit Card,San Francisco,641,Air,Snow,1,0,11.17
ORD-2784,Furniture,47,77.44,Low,Credit Card,San Francisco,46,Sea,Rain,1,4,1.04
ORD-2785,Clothing,49,51.46,High,COD,San Francisco,1248,Air,Snow,0,2,26.61
ORD-2786,Grocery,9,13.75,High,Credit Card,Dallas,69,Road,Rain,0,1,1.08
ORD-2787,Clothing,12,10.94,High,Credit Card,Dallas,312,Sea,Clear,1,3,5.52
ORD-2788,Clothing,59,117.43,Medium,Credit Card,San Francisco,126,Road,Clear,0,3,2.22
ORD-2789,Grocery,98,57.69,High,Credit Card,San Francisco,1222,Air,Snow,0,0,19.56
ORD-2790,Furniture,62,131.46,Medium,Credit Card,Seattle,1793,Air,Rain,0,2,27.55
ORD-2791,Furniture,66,67.7,Medium,COD,Dallas,753,Road,Clear,1,3,17.78
ORD-2792,Furniture,72,93.5,High,Credit Card,Dallas,1987,Road,Clear,1,2,31.06
ORD-2793,Grocery,31,9.11,Low,COD,San Francisco,588,Road,Rain,0,0,8.65
ORD-2794,Furniture,90,122.07,Low,Credit Card,Dallas,601,Air,Clear,1,3,12.23
ORD-2795,Furniture,73,27.77,Low,COD,San Francisco,1482,Air,Clear,0,2,21.38
ORD-2796,Furniture,15,20.54,Medium,Credit Card,Seattle,784,Road,Rain,1,2,17.31
ORD-2797,Grocery,65,14.68,High,Credit Card,Seattle,873,Road,Snow,1,4,12.6
ORD-2798,Grocery,59,85.3,Medium,COD,San Francisco,1284,Road,Rain,0,5,24.01
ORD-2799,Electronics,74,174.15,Medium,Credit Card,Seattle,1477,Road,Rain,0,2,35.06
ORD-2800,Grocery,97,199.48,Medium,COD,Seattle,1573,Air,Rain,1,0,25.45
ORD-2801,Clothing,90,202.53,Medium,COD,Chicago,1338,Road,Rain,1,0,22.45
ORD-2802,Furniture,23,35.02,High,Credit Card,Seattle,1064,Air,Snow,1,4,20.9
ORD-2803,Electronics,18,20.53,Medium,Credit Card,Chicago,28,Road,Snow,0,3,0.48
ORD-2804,Electronics,81,132.43,High,COD,Seattle,1281,Road,Snow,1,0,22.11
ORD-2805,Electronics,6,14.54,Medium,COD,Dallas,1585,Road,Clear,1,1,25.65
ORD-2806,Grocery,78,126.31,High,COD,Chicago,835,Sea,Clear,1,4,21.7
ORD-2807,Clothing,47,61.96,Medium,Credit Card,San Francisco,1824,Road,Clear,1,1,45.95
ORD-2808,Furniture,69,130.52,Medium,Credit Card,Dallas,414,Air,Rain,0,3,7.53
ORD-2809,Electronics,51,81.56,Medium,Credit Card,San Francisco,628,Sea,Rain,0,0,9.8
ORD-2810,Grocery,55,49.95,Medium,COD,Seattle,1394,Sea,Clear,1,1,31.31
ORD-2811,Electronics,56,81.67,Medium,Credit Card,San Francisco,2000,Sea,Clear,0,3,23.97
ORD-2812,Electronics,60,113.62,High,Credit Card,Chicago,945,Sea,Snow,1,5,16.23
ORD-2813,Grocery,89,40.33,Low,COD,Chicago,104,Road,Rain,1,3,2.36
ORD-2814,Furniture,69,18.27,High,Credit Card,San Francisco,1556,Sea,Clear,1,2,29.06
ORD-2815,Grocery,72,40.79,Low,COD,Chicago,1914,Air,Rain,1,3,47.0
ORD-2816,Furniture,7,9.21,High,Credit Card,San Francisco,1935,Road,Rain,1,5,51.76
ORD-2817,Grocery,69,69.71,Low,COD,Chicago,785,Road,Rain,1,1,7.94
ORD-2818,Clothing,55,97.51,Medium,COD,Dallas,1864,Air,Rain,0,3,52.06
ORD-2819,Furniture,94,93.3,Low,Credit Card,Chicago,1322,Sea,Clear,0,2,18.43
ORD-2820,Clothing,28,21.58,Low,COD,Chicago,1686,Air,Clear,0,3,25.7
ORD-2821,Clothing,52,25.42,High,Credit Card,Dallas,1825,Air,Clear,0,5,39.09
ORD-2822,Clothing,62,19.18,Medium,Credit Card,San Francisco,832,Air,Snow,1,0,13.47
ORD-2823,Grocery,22,19.33,Medium,COD,Seattle,1840,Sea,Rain,0,2,50.28
ORD-2824,Electronics,30,37.48,Low,COD,Chicago,1974,Air,Rain,0,2,31.45
ORD-2825,Furniture,92,175.35,Low,COD,San Francisco,732,Road,Rain,1,4,16.29
ORD-2826,Clothing,55,95.85,High,Credit Card,Chicago,68,Sea,Snow,0,5,1.13
ORD-2827,Furniture,36,26.0,High,Credit Card,Seattle,199,Road,Rain,1,2,3.35
ORD-2828,Electronics,99,177.75,High,Credit Card,San Francisco,970,Sea,Rain,0,5,13.27
ORD-2829,Clothing,42,45.09,Medium,Credit Card,San Francisco,1189,Road,Clear,1,4,17.75
ORD-2830,Grocery,19,37.73,High,COD,San Francisco,320,Road,Clear,1,4,4.08
ORD-2831,Electronics,15,12.89,High,Credit Card,Chicago,1375,Air,Clear,0,3,17.06
ORD-2832,Electronics,45,78.27,Low,COD,Dallas,632,Road,Snow,1,2,11.16
ORD-2833,Clothing,74,78.73,Medium,Credit Card,Chicago,81,Road,Rain,0,0,1.31
ORD-2834,Furniture,49,13.38,Medium,COD,Chicago,1935,Sea,Rain,1,2,38.57
ORD-2835,Grocery,59,36.09,High,Credit Card,San Francisco,714,Sea,Rain,0,0,13.52
ORD-2836,Furniture,43,82.76,High,Credit Card,Dallas,1742,Air,Clear,1,4,36.11
ORD-2837,Electronics,1,0.56,Low,COD,Dallas,130,Sea,Clear,0,5,2.53
ORD-2838,Furniture,16,23.66,Medium,COD,Seattle,1042,Sea,Clear,1,0,22.02
ORD-2839,Clothing,58,38.19,Low,Credit Card,San Francisco,1631,Air,Clear,1,1,20.9
ORD-2840,Furniture,72,151.11,Medium,Credit Card,San Francisco,906,Road,Rain,1,1,20.3
ORD-2841,Grocery,79,75.11,High,COD,Chicago,1953,Road,Snow,1,0,26.57
ORD-2842,Grocery,28,50.73,Low,Credit Card,Seattle,1195,Road,Clear,1,5,23.33
ORD-2843,Clothing,87,206.26,Medium,Credit Card,Dallas,1605,Road,Snow,1,5,25.79
ORD-2844,Furniture,81,174.86,High,Credit Card,Chicago,1206,Sea,Snow,1,2,20.16
ORD-2845,Clothing,69,83.88,Medium,Credit Card,Seattle,862,Air,Clear,0,5,16.84
ORD-2846,Clothing,36,11.41,Medium,Credit Card,Dallas,1861,Sea,Snow,1,1,30.17
ORD-2847,Electronics,80,122.27,Medium,Credit Card,Chicago,1626,Road,Clear,1,1,29.12
ORD-2848,Electronics,82,152.05,Low,COD,Seattle,1109,Road,Clear,1,5,24.94
ORD-2849,Furniture,88,124.53,Medium,Credit Card,Dallas,288,Air,Clear,0,2,5.06
ORD-2850,Electronics,32,79.18,Medium,COD,San Francisco,66,Sea,Clear,1,1,1.78
ORD-2851,Clothing,49,59.52,Low,Credit Card,Chicago,541,Air,Snow,0,4,10.32
ORD-2852,Electronics,77,93.72,High,COD,San Francisco,1571,Air,Rain,0,2,45.48
ORD-2853,Furniture,13,29.9,High,Credit Card,Chicago,1900,Air,Rain,1,1,30.42
ORD-2854,Grocery,68,111.64,High,Credit Card,San Francisco,1194,Sea,Rain,1,0,20.26
ORD-2855,Electronics,2,2.15,Low,COD,San Francisco,1301,Air,Snow,1,3,38.26
ORD-2856,Grocery,21,28.4,Low,Credit Card,Seattle,67,Air,Snow,1,1,0.97
ORD-2857,Furniture,84,71.71,High,Credit Card,Dallas,1924,Road,Snow,1,2,43.9
ORD-2858,Clothing,27,26.11,Medium,COD,San Francisco,305,Sea,Clear,0,5,4.88
ORD-2859,Electronics,67,130.28,Medium,COD,Seattle,1666,Air,Rain,1,1,34.51
ORD-2860,Furniture,79,58.88,Medium,Credit Card,Seattle,1477,Sea,Rain,0,5,26.86
ORD-2861,Furniture,80,194.14,Low,Credit Card,Seattle,58,Sea,Clear,0,1,0.72
ORD-2862,Clothing,63,75.04,High,Credit Card,Seattle,1122,Road,Clear,0,4,14.54
ORD-2863,Electronics,19,38.97,Medium,Credit Card,San Francisco,1198,Air,Rain,1,5,28.65
ORD-2864,Electronics,85,121.19,Low,Credit Card,Dallas,1449,Air,Snow,0,0,37.59
ORD-2865,Grocery,92,184.74,Medium,Credit Card,Dallas,133,Air,Rain,1,4,1.7
ORD-2866,Electronics,99,180.71,Medium,Credit Card,Dallas,1217,Air,Rain,0,5,25.48
ORD-2867,Grocery,81,157.29,Low,Credit Card,San Francisco,1504,Sea,Clear,1,5,19.49
ORD-2868,Furniture,100,113.47,Low,COD,Seattle,1373,Sea,Clear,0,5,29.41
ORD-2869,Grocery,26,55.42,Low,Credit Card,Chicago,1453,Sea,Rain,0,3,21.83
ORD-2870,Electronics,36,45.06,Low,COD,San Francisco,1153,Air,Clear,1,3,22.54
ORD-2871,Furniture,27,29.64,High,Credit Card,Chicago,1929,Sea,Rain,1,0,45.18
ORD-2872,Electronics,25,30.78,Low,Credit Card,San Francisco,66,Road,Snow,0,1,1.15
ORD-2873,Clothing,54,105.99,Medium,COD,Chicago,1051,Road,Rain,0,3,15.74
ORD-2874,Clothing,61,99.09,Medium,Credit Card,Chicago,517,Air,Snow,1,5,11.9
ORD-2875,Electronics,66,61.83,Low,COD,Seattle,187,Air,Rain,1,3,2.3
ORD-2876,Furniture,31,24.73,Low,Credit Card,Seattle,219,Air,Snow,0,4,3.47
ORD-2877,Electronics,77,16.82,High,COD,San Francisco,140,Sea,Rain,0,4,1.75
ORD-2878,Grocery,82,19.72,High,Credit Card,Seattle,419,Road,Clear,0,5,6.68
ORD-2879,Clothing,39,60.79,Low,Credit Card,Seattle,1733,Sea,Rain,1,3,35.58
ORD-2880,Clothing,38,56.99,High,Credit Card,Dallas,293,Sea,Rain,0,0,4.94
ORD-2881,Clothing,44,13.72,Low,COD,Dallas,1255,Air,Snow,1,3,19.36
ORD-2882,Furniture,6,5.15,Low,Credit Card,Chicago,49,Sea,Clear,0,5,0.73
ORD-2883,Clothing,81,175.2,High,Credit Card,Chicago,1280,Air,Clear,1,1,28.92
ORD-2884,Furniture,29,54.45,High,COD,San Francisco,575,Road,Snow,1,3,12.05
ORD-2885,Clothing,23,52.51,Medium,COD,San Francisco,1075,Road,Clear,0,2,21.85
ORD-2886,Clothing,31,11.43,High,COD,Dallas,1547,Road,Snow,0,1,27.6
ORD-2887,Electronics,57,123.2,Low,COD,Seattle,1420,Sea,Rain,1,0,24.43
ORD-2888,Electronics,61,148.52,High,COD,Seattle,594,Sea,Clear,0,0,14.02
ORD-2889,Furniture,1,1.08,Medium,COD,Dallas,849,Sea,Snow,1,4,15.01
ORD-2890,Clothing,82,81.68,Low,Credit Card,Seattle,761,Road,Snow,1,4,16.24
ORD-2891,Grocery,76,51.31,Medium,COD,Chicago,987,Road,Rain,0,2,15.69
ORD-2892,Furniture,51,106.51,Low,Credit Card,Chicago,427,Road,Snow,0,4,7.43
ORD-2893,Clothing,41,54.32,Medium,COD,Chicago,733,Air,Clear,0,1,11.09
ORD-2894,Furniture,11,19.22,High,Credit Card,Seattle,297,Air,Snow,0,2,4.08
ORD-2895,Electronics,93,183.47,Low,Credit Card,San Francisco,1049,Road,Snow,0,2,26.11
ORD-2896,Electronics,75,97.1,High,Credit Card,Chicago,1253,Road,Snow,0,0,13.11
ORD-2897,Clothing,37,68.7,Low,Credit Card,Dallas,1255,Sea,Clear,1,5,21.22
ORD-2898,Grocery,7,13.86,Medium,COD,Dallas,1681,Road,Clear,0,1,23.35
ORD-2899,Furniture,61,16.53,Low,COD,Chicago,1008,Air,Snow,1,5,16.39
ORD-2900,Grocery,59,143.22,Medium,Credit Card,Seattle,1885,Sea,Snow,1,2,40.61
ORD-2901,Furniture,87,150.64,High,Credit Card,Seattle,1703,Road,Rain,0,4,37.21
ORD-2902,Clothing,79,108.06,High,Credit Card,Dallas,1748,Air,Clear,1,0,45.69
ORD-2903,Electronics,94,89.56,High,COD,Dallas,415,Air,Rain,1,5,10.59
ORD-2904,Grocery,18,23.33,Medium,Credit Card,Dallas,1702,Road,Clear,0,0,23.55
ORD-2905,Clothing,8,15.36,High,COD,Dallas,999,Air,Snow,0,1,15.69
ORD-2906,Furniture,34,80.59,Medium,COD,Chicago,1805,Air,Snow,1,3,26.12
ORD-2907,Clothing,48,80.99,Medium,Credit Card,Seattle,450,Sea,Rain,1,2,8.23
ORD-2908,Electronics,60,51.81,Medium,COD,Dallas,1239,Sea,Rain,1,0,27.02
ORD-2909,Furniture,81,129.38,High,COD,Dallas,1163,Sea,Clear,1,0,14.92
ORD-2910,Grocery,9,20.25,Low,Credit Card,Dallas,1797,Road,Rain,1,1,30.78
ORD-2911,Furniture,84,156.48,Low,Credit Card,San Francisco,1169,Road,Clear,0,2,19.27
ORD-2912,Electronics,16,4.61,Low,COD,Dallas,1410,Sea,Clear,1,1,27.73
ORD-2913,Furniture,71,121.09,Low,Credit Card,Dallas,398,Air,Snow,0,2,8.25
ORD-2914,Grocery,74,142.52,Medium,COD,Dallas,402,Road,Snow,0,0,7.62
ORD-2915,Furniture,87,132.33,Low,Credit Card,Seattle,512,Air,Snow,0,2,8.79
ORD-2916,Grocery,61,21.29,High,Credit Card,San Francisco,1464,Road,Clear,0,5,25.36
ORD-2917,Clothing,37,84.46,High,Credit Card,San Francisco,826,Air,Clear,1,2,11.79
ORD-2918,Furniture,16,35.71,High,COD,San Francisco,1272,Air,Snow,0,2,24.11
ORD-2919,Grocery,37,67.75,Low,Credit Card,Dallas,1499,Road,Clear,0,2,19.56
ORD-2920,Grocery,6,10.35,High,COD,Dallas,138,Air,Clear,1,2,2.57
ORD-2921,Electronics,92,94.63,High,COD,San Francisco,1245,Road,Snow,1,2,25.0
ORD-2922,Furniture,27,7.64,Medium,COD,San Francisco,552,Sea,Clear,0,5,8.63
ORD-2923,Grocery,78,108.66,Low,COD,Dallas,1468,Sea,Clear,0,4,23.69
ORD-2924,Furniture,90,197.6,Low,COD,Chicago,1844,Road,Rain,0,3,31.66
ORD-2925,Clothing,84,27.39,Medium,Credit Card,Dallas,370,Air,Clear,0,3,5.47
ORD-2926,Electronics,31,37.64,High,COD,San Francisco,423,Road,Clear,1,5,10.21
ORD-2927,Electronics,69,100.76,High,Credit Card,Dallas,1233,Road,Clear,0,4,21.89
ORD-2928,Electronics,79,151.96,Medium,COD,Chicago,680,Air,Clear,0,5,8.52
ORD-2929,Clothing,25,60.56,High,COD,San Francisco,693,Air,Clear,1,2,14.71
ORD-2930,Electronics,11,12.76,Medium,COD,Chicago,169,Road,Clear,1,4,2.4
ORD-2931,Furniture,57,123.58,High,Credit Card,San Francisco,1299,Air,Clear,0,5,21.87
ORD-2932,Furniture,59,58.84,High,Credit Card,San Francisco,92,Sea,Clear,1,5,1.55
ORD-2933,Clothing,54,27.39,Low,COD,Seattle,24,Road,Snow,0,4,0.56
ORD-2934,Furniture,56,70.46,Low,Credit Card,Chicago,1262,Air,Clear,0,5,20.44
ORD-2935,Electronics,80,140.29,High,COD,Dallas,1959,Road,Rain,1,0,44.19
ORD-2936,Electronics,45,105.37,Medium,Credit Card,San Francisco,954,Air,Rain,1,3,15.56
ORD-2937,Clothing,75,184.43,Medium,COD,Dallas,1693,Air,Snow,0,4,33.04
ORD-2938,Electronics,99,189.24,Medium,COD,San Francisco,1312,Air,Snow,1,5,22.11
ORD-2939,Grocery,44,104.83,Low,Credit Card,San Francisco,808,Air,Rain,1,1,20.27
ORD-2940,Clothing,96,35.35,Medium,Credit Card,San Francisco,1399,Sea,Clear,1,3,21.42
ORD-2941,Electronics,10,4.61,High,Credit Card,Chicago,358,Road,Clear,0,1,4.35
ORD-2942,Clothing,75,136.89,Medium,Credit Card,San Francisco,21,Road,Snow,1,4,0.34
ORD-2943,Grocery,85,122.78,Low,COD,San Francisco,449,Road,Clear,0,0,6.03
ORD-2944,Furniture,53,84.7,Medium,Credit Card,Seattle,1119,Air,Rain,1,1,12.88
ORD-2945,Furniture,73,100.24,Medium,COD,Dallas,157,Road,Snow,0,1,2.62
ORD-2946,Grocery,85,178.83,High,Credit Card,San Francisco,1742,Air,Snow,0,0,42.5
ORD-2947,Grocery,99,212.71,Low,Credit Card,Seattle,473,Road,Rain,1,3,8.54
ORD-2948,Electronics,74,181.12,Medium,Credit Card,San Francisco,1382,Sea,Clear,1,2,23.87
ORD-2949,Grocery,91,182.06,High,Credit Card,Chicago,369,Road,Rain,1,1,5.21
ORD-2950,Clothing,83,117.72,High,Credit Card,San Francisco,1337,Air,Clear,1,4,30.26
ORD-2951,Grocery,73,36.12,Low,Credit Card,Dallas,96,Sea,Clear,0,4,2.0
ORD-2952,Clothing,29,20.81,High,COD,San Francisco,1533,Air,Rain,0,5,21.17
ORD-2953,Clothing,56,21.67,Medium,COD,Dallas,234,Sea,Rain,0,3,3.29
ORD-2954,Electronics,4,5.31,High,Credit Card,Dallas,1334,Sea,Clear,1,1,31.49
ORD-2955,Furniture,16,23.11,Low,COD,Dallas,1148,Air,Clear,0,2,18.88
ORD-2956,Electronics,14,18.31,High,COD,Chicago,481,Road,Rain,0,5,7.22
ORD-2957,Grocery,91,146.71,Medium,Credit Card,Chicago,1935,Air,Clear,1,2,48.06
ORD-2958,Furniture,7,3.51,Low,COD,Dallas,1920,Road,Rain,1,2,37.0
ORD-2959,Electronics,1,0.78,Medium,COD,San Francisco,1568,Air,Snow,1,1,36.28
ORD-2960,Furniture,62,36.74,Low,COD,San Francisco,747,Sea,Rain,1,0,14.21
ORD-2961,Furniture,41,67.22,Medium,COD,San Francisco,1587,Sea,Rain,1,2,28.59
ORD-2962,Grocery,60,50.94,High,Credit Card,Seattle,1688,Sea,Clear,0,1,27.35
ORD-2963,Electronics,68,79.49,High,Credit Card,Seattle,1404,Sea,Rain,1,4,40.12
ORD-2964,Clothing,94,65.32,High,Credit Card,Dallas,1119,Road,Clear,1,1,17.74
ORD-2965,Electronics,64,137.81,Medium,COD,Dallas,846,Road,Rain,0,1,13.83
ORD-2966,Electronics,60,46.24,Medium,Credit Card,Chicago,1204,Air,Rain,0,2,18.42
ORD-2967,Electronics,70,116.22,Low,Credit Card,Chicago,1173,Sea,Clear,1,2,19.59
ORD-2968,Clothing,41,9.31,Low,Credit Card,Dallas,449,Road,Snow,0,4,8.06
ORD-2969,Clothing,97,129.3,High,COD,Dallas,819,Air,Rain,1,4,13.23
ORD-2970,Electronics,91,110.47,Medium,Credit Card,San Francisco,1553,Sea,Clear,1,3,22.04
ORD-2971,Furniture,72,169.42,Medium,Credit Card,Dallas,1755,Sea,Rain,1,3,36.35
ORD-2972,Grocery,89,48.75,High,COD,Chicago,1394,Road,Rain,0,3,32.45
ORD-2973,Electronics,61,112.4,Medium,Credit Card,San Francisco,1726,Sea,Rain,0,2,35.09
ORD-2974,Grocery,54,40.62,Medium,COD,Dallas,673,Sea,Clear,0,3,12.57
ORD-2975,Grocery,87,78.54,Low,Credit Card,Dallas,1840,Air,Rain,0,5,30.73
ORD-2976,Clothing,93,44.88,Medium,COD,Dallas,1425,Sea,Snow,0,1,20.99
ORD-2977,Grocery,99,79.77,High,COD,Dallas,1176,Road,Snow,0,2,21.0
ORD-2978,Clothing,2,2.4,Medium,COD,San Francisco,852,Air,Clear,1,0,11.68
ORD-2979,Electronics,21,20.22,Medium,COD,San Francisco,1084,Road,Rain,0,2,14.84
ORD-2980,Clothing,58,138.03,Low,Credit Card,Chicago,361,Air,Rain,1,2,4.87
ORD-2981,Electronics,98,116.98,Low,Credit Card,San Francisco,654,Sea,Snow,1,4,12.94
ORD-2982,Grocery,71,129.83,Medium,COD,Dallas,1229,Road,Snow,0,0,22.82
ORD-2983,Clothing,32,10.7,High,COD,Dallas,1387,Sea,Clear,1,2,19.84
ORD-2984,Clothing,11,3.12,High,COD,Seattle,1310,Road,Snow,0,3,16.22
ORD-2985,Grocery,13,8.03,High,Credit Card,San Francisco,1773,Sea,Snow,0,1,23.48
ORD-2986,Clothing,94,26.24,High,Credit Card,Seattle,792,Sea,Rain,1,2,16.41
ORD-2987,Electronics,7,15.87,Low,COD,Seattle,1963,Air,Rain,1,2,35.64
ORD-2988,Grocery,71,143.74,High,Credit Card,Dallas,700,Air,Snow,0,5,7.31
ORD-2989,Furniture,59,81.95,Low,Credit Card,Dallas,978,Sea,Clear,1,5,23.21
ORD-2990,Electronics,31,6.81,Medium,COD,Dallas,1102,Air,Clear,0,4,13.36
ORD-2991,Clothing,51,25.09,High,COD,San Francisco,700,Sea,Rain,1,0,12.98
ORD-2992,Grocery,27,25.98,Medium,COD,Seattle,1228,Air,Rain,0,2,24.94
ORD-2993,Grocery,35,43.93,High,Credit Card,San Francisco,752,Road,Snow,1,4,13.11
ORD-2994,Furniture,8,15.5,Low,Credit Card,Chicago,1428,Air,Clear,1,4,22.03
ORD-2995,Clothing,53,23.43,High,Credit Card,Dallas,1250,Road,Clear,1,4,16.52
ORD-2996,Furniture,55,61.92,High,Credit Card,Chicago,272,Road,Clear,0,1,5.65
ORD-2997,Furniture,39,25.51,High,COD,San Francisco,1649,Sea,Snow,0,1,28.1
ORD-2998,Electronics,88,165.52,Low,COD,Seattle,1812,Road,Snow,1,4,26.09
ORD-2999,Furniture,70,21.42,Low,COD,Dallas,1034,Air,Clear,0,2,16.23
ORD-3000,Grocery,49,90.99,Medium,COD,Dallas,751,Road,Clear,1,4,14.49
